<?xml version="1.0" encoding="UTF-8"?>
<TEI xmlns="http://www.tei-c.org/ns/1.0">
   <teiHeader>
      <fileDesc>
         <titleStmt>
            <title>BNP/E3 44-47<hi rend="superscript">r</hi>
            </title>
            <author>
               <rs type="person" key="FP">Fernando Pessoa</rs>
            </author>
            <respStmt>
               <resp>Transcrição, Edição</resp>
               <name>Pedro Sepúlveda</name>
            </respStmt>
            <respStmt>
               <resp>Codificação</resp>
               <name>Ulrike Henny</name>
            </respStmt>
            <respStmt>
               <resp>Codificação</resp>
               <name>Isabel Figueiredo-Iken</name>
            </respStmt>
         </titleStmt>
         <publicationStmt>
            <publisher/>
            <idno type="filename">BNP_E3_44-47r.xml</idno>
         </publicationStmt>
         <sourceDesc>
            <msDesc>
               <msIdentifier>
                  <institution>Biblioteca Nacional de Portugal</institution>
                  <idno>BNP/E3 44-47r</idno>
               </msIdentifier>
               <msContents>
                  <msItemStruct>
                     <author>
                        <rs type="person" key="FP">Fernando Pessoa</rs>
                     </author>
                     <note type="genre">
                        <rs type="genre" key="lista_editorial">Lista editorial</rs>
                        <rs type="genre" key="plano_editorial">Plano editorial</rs>
                     </note>
                     <textLang mainLang="pt"/>
                  </msItemStruct>
               </msContents>
               <history>
                  <origin>
                     <p>
                        <origDate when="1920" cert="medium">c. 1920</origDate>
                     </p>
                  </origin>
               </history>
            </msDesc>
         </sourceDesc>
      </fileDesc>
   </teiHeader>
   <facsimile>
      <graphic
         url="bn-acpc-e-e3-44-1-54_JPG_24-C-R0150/bn-acpc-e-e3-44-1-54_0093_47_t24-C-R0150.jpg"/>
   </facsimile>
   <text xml:id="bnp-e3-44-47r">
      <body>
         <div rend="left">
            <list>
               <head><rs type="work" key="O1" style="c"><hi rend="underline">Itinerario</hi></rs></head>
               <item>
                  <label>1.</label> <rs type="text">Á Memoria do Dictador <rs type="person" key="P51">Sidonio Paes</rs></rs>.
               </item>
               <item>
                  <label>2.</label> <rs type="text">O Manipanso</rs>.
               </item>
               <item>
                  <label>3.</label> <rs type="text">Agamemnon</rs>.
               </item>
               <item>
                  <label>4.</label> <rs type="text">Ode a Athena</rs>.
               </item>
               <item>
                  <label>5.</label> <rs type="text">Juliano em Antiochia</rs>.
               </item>
               <item>
                  <label>6.</label> <rs type="text">Decadencia</rs>.
               </item>
               <item>
                  <label>7.</label> <rs type="text">Orpheu</rs>.
               </item>
               <item>
                  <label>8.</label> <rs type="text">Amun-Râ</rs>.
               </item>
               <item>
                  <label>9.</label> <rs type="text">Mar Portuguez</rs>.
               </item>
               <item>
                  <label>10.</label> <rs type="text">Além-Deus</rs>.
               </item>
            </list>
         </div>
         <metamark rend="vertical-line" function="distinct"/>
         <div rend="right">
            <p>em “poemas” — <rs type="work" key="O1" style="c"><rs type="text">Itinerario</rs></rs> = 10 </p>
            <p>em “livros” — <rs type="work" key="O1" style="b"><rs type="text">Cancioneiro</rs></rs>. = 11 </p>
            <metamark rend="line" function="distinct"/>
            <list>
               <item>
                  <rs type="work" key="O1" style="b"><rs type="text">Cancioneiro</rs></rs>. (<hi rend="underline">Livros</hi> de 100 poemas)
               </item>
               <item>
                  <rs type="work" key="O1" style="c"><rs type="text">Itinerario</rs></rs>
               </item>
               <item>
                  <rs type="text">Passagem</rs> (poemas menores que os do <rs type="work" key="O1" style="c"><rs type="text"><choice>
                     <abbr>I<am>.</am></abbr>
                     <expan>I<ex>tinerario</ex></expan>
                  </choice></rs></rs>)
               </item>
               <item>
                  <rs type="text">Auto das Bacantes</rs>.
               </item>
               <item>
                  <rs type="text">Auto de Orpheu</rs>. (<choice>
                     <abbr>diff</abbr>
                     <expan>diff<ex>erente</ex></expan>
                  </choice> de <rs type="text"><rs type="person" key="P47"><choice>
                     <abbr>I</abbr>
                     <expan>I<ex>gnez</ex></expan>
                  </choice> <supplied resp="PS">de Castro</supplied></rs></rs> — no 7)
               </item>
               <item>
                  <rs type="text"><rs type="person" key="P47">Ignez de Castro</rs></rs>.
               </item>
               <item>
                  <rs type="text">Trilogia dos Gigantes</rs>.
               </item>
               <item>
                  <rs type="text"><rs type="person" key="P21" style="b">D. Sebastião</rs></rs>.
               </item>
               <item>
                  <rs type="text">Primeiro Fausto</rs>.
               </item>
               <item>
                  <rs type="text">Ligéa – Poema Dramatico</rs>.
               </item>
               <item>
                  <rs type="work" key="O2" style="a">“<rs type="person" key="AC" role="author">Alberto Caeiro</rs>”</rs>
               </item>
               <item>
                  <rs type="work" key="O3" style="a">“<rs type="person" key="RR" role="author">Ricardo Reis</rs>”</rs>
               </item>
               <item>
                  <rs type="work" key="O4" style="a">“<rs type="person" key="AdC" role="author">Alvaro de Campos</rs>.”</rs>
               </item>
            </list>
         </div>
      </body>
   </text>
</TEI>
