<?xml version="1.0" encoding="UTF-8"?>
<TEI xmlns="http://www.tei-c.org/ns/1.0">
    <teiHeader>
        <fileDesc>
            <titleStmt>
                <title>BNP/E3 51-34<hi rend="superscript">v</hi></title>
                <author>
                    <rs type="person" key="FP">Fernando Pessoa</rs>
                </author>
                <respStmt>
                    <resp>Transcrição, Edição</resp>
                    <name>Pedro Sepúlveda</name>
                </respStmt>
                <respStmt>
                    <resp>Codificação</resp>
                    <name>Ulrike Henny</name>
                </respStmt>
                <respStmt>
                    <resp>Codificação</resp>
                    <name>Isabel Figueiredo-Iken</name>
                </respStmt>
            </titleStmt>
            <publicationStmt>
                <publisher/>
                <idno type="filename">BNP_E3_51-34v.xml</idno>
            </publicationStmt>
            <sourceDesc>
                <msDesc>
                    <msIdentifier>
                        <institution>Biblioteca Nacional de Portugal</institution>
                        <idno>BNP/E3 51-34v</idno>
                    </msIdentifier>
                    <msContents>
                        <msItemStruct>
                            <author>
                                <rs type="person" key="FP">Fernando Pessoa</rs>
                            </author>
                            <note type="genre">
                                <rs type="genre" key="lista_editorial">Lista editorial</rs>
                                <rs type="genre" key="plano_editorial">Plano editorial</rs>
                            </note>
                            <textLang mainLang="pt"/>
                        </msItemStruct>
                    </msContents>
                    <history>
                        <origin>
                            <p>
                                <origDate when="1924" cert="medium">c. 1924</origDate>
                            </p>
                        </origin>
                    </history>
                </msDesc>
            </sourceDesc>
        </fileDesc>
    </teiHeader>
    <facsimile>
        <graphic
            url="bn-acpc-e-e3-51-1-106_JPG_24-C-R0150/bn-acpc-e-e3-51-1-106_0072_34av-34v_t24-C-R0150.jpg"
        />
    </facsimile>
    <text xml:id="bnp-e3-51-34v">
        <body>
            <div>
                <delSpan rend="overstrike" spanTo="#a1"/>
                <list>
                    <item>
                        <label>1.</label> 
                        <rs type="work" key="O3-5"><rs type="text">Odes</rs> de <rs type="person" key="RR" role="author">Ricardo Reis</rs>.<lb/> Livro Primeiro</rs>. 
                    </item>
                    <metamark rend="line" function="distinct"/>
                <item>
                    <label>2.</label>
                    <rs type="work" key="O2">Obras de <rs type="person" key="AC" role="author">Alberto Caeiro</rs></rs>.<lb/>
                     (1889-1915).
                    <rs type="text">Re<pc>-</pc><lb/>censão de <rs type="person" key="RR" role="author">Ricardo
                        <lb/>Reis.</rs> I. <rs type="text">"O Guarda<pc>-</pc><lb/>dor de
                        Rebanhos"</rs></rs><lb/> (1910-1912)</item>
                <metamark rend="line" function="distinct"/>
                <item>
                    <label>3.</label>
                    <rs type="work" key="O2">Obras de <rs type="person" key="AC" role="author">Alberto Caeiro</rs></rs>.<lb/>
                    (1889-1915). <rs type="text">Re<pc>-</pc><lb/>censão de <rs type="person"
                        key="RR" role="author">Ricardo<lb/> Reis.</rs> — II. <rs type="text"><add>Os</add> Poemas<lb/>
                    inconjunctos</rs></rs>. (1908-<lb/>1915). 
                </item>
                <metamark rend="line" function="distinct"/>
                <item>
                    <label>4.</label>O Regresso dos Deuses,<lb/> por <rs type="person">Antonio Mora</rs>
                </item>
                <metamark rend="line" function="distinct"/>
                <item>
                    <label>5.</label> <rs type="work" key="O3"><rs type="text">Odes</rs> de <rs type="person" key="RR" role="author">Ricardo
                        Reis.</rs><lb/> Livro Segundo</rs>.
                </item>
                </list>
                <anchor xml:id="a1"/>
            </div>
        </body>
    </text>
</TEI>