<?xml version="1.0" encoding="UTF-8"?>
<TEI xmlns="http://www.tei-c.org/ns/1.0">
    <teiHeader>
        <fileDesc>
            <titleStmt>
                <title>BNP/E3 48G-26<hi rend="superscript">r</hi></title>
                <author>
                    <rs type="person" key="FP">Fernando Pessoa</rs>
                </author>
                <respStmt>
                    <resp>Transcrição, Edição</resp>
                    <name>Pedro Sepúlveda</name>
                </respStmt>
                <respStmt>
                    <resp>Codificação</resp>
                    <name>Ulrike Henny</name>
                </respStmt>
                <respStmt>
                    <resp>Codificação</resp>
                    <name>Isabel Figueiredo-Iken</name>
                </respStmt>
            </titleStmt>
            <publicationStmt>
                <idno type="filename">BNP_E3_48G-26r.xml</idno>
            </publicationStmt>
            <sourceDesc>
                <msDesc>
                    <msIdentifier>
                        <institution>Biblioteca Nacional de Portugal</institution>
                        <idno>BNP/E3 48G-26r</idno>
                    </msIdentifier>
                    <msContents>
                        <msItemStruct>
                            <author>
                                <rs type="person" key="FP">Fernando Pessoa</rs>
                            </author>
                            <note type="genre">
                                <rs type="genre" key="lista_editorial">Lista editorial</rs>
                            </note>
                            <textLang mainLang="pt"/>
                        </msItemStruct>
                    </msContents>
                    <history>
                        <origin>
                            <p>
                                <origDate from="1915" to="1916" cert="medium">c.
                                    1915-1916</origDate>
                            </p>
                        </origin>
                    </history>
                </msDesc>
            </sourceDesc>
        </fileDesc>
    </teiHeader>
    <facsimile>
        <graphic
            url="bn-acpc-e-e3-48g-1-37_JPG_24-C-R0150/bn-acpc-e-e3-48g-1-37_0051_26_t24-C-R0150.jpg"
        />
    </facsimile>
    <text xml:id="x-48g-26r">
        <body>
            <div>
                <gap reason="selection" unit="lines" extent="5"/>
                <list>
                    <head>
                        <hi rend="underline">ATHENA:</hi><seg rend="right">100 reis</seg><lb/>
                        Cadernos (quinzenaes) de cultura<lb/><seg rend="right">superior</seg>
                    </head>
                    <item>
                        <label>1.</label>
                        <rs type="person"><hi rend="underline">Antonio Móra</hi></rs>: <rs
                            type="text">A Attitude da <rs type="place"
                            >Alle<pc>-</pc><lb/>manha</rs></rs>. </item>
                    <item>
                        <label>2.</label>
                        <rs type="work" key="O2"><rs type="person" key="AC" role="author"><hi
                                    rend="underline">Alberto Caeiro</hi></rs>: <rs type="text">O
                                Guardador de <lb/>Rebanhos</rs></rs>. </item>
                    <item>
                        <label>3.</label>
                        <anchor xml:id="A1"/>
                        <rs type="person" key="FP" role="author"><hi rend="underline">Fernando Pessôa</hi></rs>: <rs type="text">Introducção ao<lb/> problema
                            nacional</rs>. <anchor xml:id="A2"/>
                    </item>
                    <item>
                        <label>4.</label>
                        <anchor xml:id="A3"/>
                        <rs type="person" key="RR" role="author"><hi rend="underline">Ricardo Reis</hi></rs>: <rs type="text">Odes</rs>. 
                        <anchor xml:id="A4"/>
                    </item>
                    <item>
                        <label>5.</label>
                        <rs type="person"><hi rend="underline">Antonio Móra</hi></rs>:
                        <rs type="text">Prolegomenos</rs>.
                    </item>
                </list>
                <metamark rend="line" function="distinct"/>
                <metamark rend="line" place="left" function="?"/>
                <ab rend="right">Compendio de politica<lb/> positiva<lb/> (sociologia politica)</ab>
                <spanGrp>
                    <span type="correlation" from="#A1" to="#A2"/>
                    <span type="correlation" from="#A3" to="#A4"/>
                </spanGrp>
            </div>
        </body>
    </text>
</TEI>
