<?xml version="1.0" encoding="UTF-8"?>
<TEI xmlns="http://www.tei-c.org/ns/1.0">
    <teiHeader>
        <fileDesc>
            <titleStmt>
                <title>BNP/E3 68A-3<hi rend="superscript">v</hi></title>
                <author>
                    <rs type="person" key="FP">Fernando Pessoa</rs>
                </author>
                <respStmt>
                    <resp>Transcrição, Edição</resp>
                    <name>Pedro Sepúlveda</name>
                </respStmt>
                <respStmt>
                    <resp>Modelagem de dados, Codificação</resp>
                    <name>Ulrike Henny</name>
                </respStmt>
                <respStmt>
                    <resp>Codificação</resp>
                    <name>Isabel Figueiredo-Iken</name>
                </respStmt>
                <respStmt>
                    <resp>Consultoria</resp>
                    <name>Institut für Dokumentologie und Editorik (IDE)</name>
                </respStmt>
            </titleStmt>
            <publicationStmt>
                <publisher>Universidade Nova de Lisboa, Instituto de Estudos de Literatura e Tradição (IELT)</publisher>
                <publisher>Cologne Center for eHumanities (CCeH)</publisher>
                <date>2016</date>
                <availability>
                    <licence target="http://creativecommons.org/licenses/by/3.0/"/>
                </availability>
                <idno type="filename">BNP_E3_68A-3v.xml</idno>
            </publicationStmt>
            <sourceDesc>
                <msDesc>
                    <msIdentifier>
                        <institution>Biblioteca Nacional de Portugal</institution>
                        <idno>BNP/E3 68A-3v</idno>
                    </msIdentifier>
                    <msContents>
                        <msItemStruct>
                            <author>
                                <rs type="person" key="FP">Fernando Pessoa</rs>
                            </author>
                            <note type="genre">
                                <rs type="genre" key="lista_editorial">Lista editorial</rs>
                            </note>
                            <textLang mainLang="pt"/>
                        </msItemStruct>
                    </msContents>
                    <history>
                        <origin>
                            <p>
                                <origDate when="1914-06" cert="medium">c. Junho de 1914</origDate>
                            </p>
                        </origin>
                    </history>
                </msDesc>
            </sourceDesc>
        </fileDesc>
    </teiHeader>
    <facsimile>
        <graphic url="bn-acpc-e-e3-68a-1-10_JPG_24-C-R0150/bn-acpc-e-e3-68a-1-10_0006_3v_t24-C-R0150.jpg" />
    </facsimile>
    <text>
        <body>
           <div>
            <list rend="red">
                <head>Bibliotheca da <rs type="journal" key="J35"><hi rend="underline">Europa</hi></rs>:</head>
                <metamark rend="line" function="highlight"/>
                <item> 
                    <hi rend="underline"><rs type="person" key="P30">Mario de Sá-Carneiro</rs></hi>: <rs type="text">Céu em fôgo</rs>. 
                </item> 
                <item>
                    <hi rend="underline"><rs type="person" key="P85">Antonio Ponce de Leão</rs></hi>: <rs type="text">A Venda</rs>. 
                </item> 
                <item> 
                    <hi rend="underline"><rs type="person" key="FP" role="author" style="b">Fernando Pessoa</rs></hi>: <rs type="text">Livro do Desasocego</rs>. 
                </item>   
                <item> 
                    <choice>
                        <abbr><metamark rend="quotes" function="ditto"/></abbr>
                        <expan><hi rend="underline"><rs type="person" key="FP" role="author" style="b">Fernando Pessoa</rs></hi></expan>
                    </choice> : <rs type="text">Theatro estatico</rs>. 
                </item>
            </list>
            <gap reason="selection" unit="line" extent="12"/> 
            </div>
        </body>
    </text>
</TEI>