<?xml version="1.0" encoding="UTF-8"?>
<TEI xmlns="http://www.tei-c.org/ns/1.0">
    <teiHeader>
        <fileDesc>
            <titleStmt>
                <title>BNP/E3 12<hi rend="superscript">1</hi>-79<hi rend="superscript">r</hi></title>
                <author>
                    <rs type="person" key="FP">Fernando Pessoa</rs>
                </author>
                <respStmt>
                    <resp>Transcrição, Edição</resp>
                    <name>Pedro Sepúlveda</name>
                </respStmt>
                <respStmt>
                    <resp>Codificação</resp>
                    <name>Ulrike Henny</name>
                </respStmt>
                <respStmt>
                    <resp>Codificação</resp>
                    <name>Isabel Figueiredo-Iken</name>
                </respStmt>
            </titleStmt>
            <publicationStmt>
                <publisher/>
                <idno type="filename">BNP_E3_12-1-79r.xml</idno>
            </publicationStmt>
            <sourceDesc>
                <msDesc>
                    <msIdentifier>
                        <institution>Biblioteca Nacional de Portugal</institution>
                        <idno>BNP/E3 12-1-79r</idno>
                    </msIdentifier>
                    <msContents>
                        <msItemStruct>
                            <author>
                                <rs type="person" key="FP">Fernando Pessoa</rs>
                            </author>
                            <note type="genre">
                                <rs type="genre" key="lista_editorial">Lista
                                editorial</rs></note>
                            <textLang mainLang="pt" otherLangs="en la"/>
                        </msItemStruct>
                    </msContents>
                    <history>
                 <origin>
                     <p>
                         <origDate from="1918" to="1919" cert="medium">c. 1918-1919</origDate>
                     </p>
                 </origin>
                 </history>
                </msDesc>
            </sourceDesc>
        </fileDesc>
    </teiHeader>
    <facsimile>
        <graphic
            url="bn-acpc-e-e3-12-1-1-100_JPG_24-C-R0150/bn-acpc-e-e3-12-1-1-100_0167_79_t24-C-R0150.jpg"/>
    </facsimile>
    <text xml:id="bnp-e3-12-1-79r">
        <body>
          <div>
            <list> 
                <item>
                    <hi rend="underline"><rs type="person" key="P2">Anton Tchekhov</rs></hi>: <rs type="text">Vanka</rs>.
                </item>
                <item>
                    <note>? -</note> <hi rend="underline"><rs type="person" key="P3">José Enrique Rodó</rs></hi>: <rs type="text">Ariel</rs>. 
                </item>        
                <item>
                    <note>? -</note> <hi rend="underline"><rs type="person" key="P4">J. M. Robertson</rs></hi>: <rs type="text">Short History of 
                    <choice>
                        <abbr>Ch</abbr>
                        <expan>Ch<ex>ristianity</ex></expan>
                    </choice></rs>  <note>(?)</note> 
                </item>
                <item>
                    <hi rend="underline"><rs type="person" key="P5">Novalis</rs></hi>: <rs type="text">Discipulos em Saïs, Fragmentos</rs>.
                </item>
                <item>
                    <hi rend="underline"><rs type="person" key="P6">Kant</rs>: </hi><rs type="text">Critica da razão pura</rs>. 
                </item>
                <item>
                    <hi rend="underline"><rs type="person" key="P7">Lord Dunsany</rs>: </hi><rs type="text">(Dramas)</rs> 
                </item>
                <item>
                    <note>? -</note> <hi rend="underline"><rs type="person" key="P8">G. K. Chesterton</rs></hi>: <rs type="text">Herejes</rs> 
                </item>
                <item>
                    <note>? -</note> <hi rend="underline"><rs type="person" key="P9">G. B. Shaw</rs></hi>: <rs type="text">Homem e Superhomem</rs>. 
                </item>
                <item>
                    <hi rend="underline"><rs type="person" key="P10">Francisco Sanches</rs></hi>: <rs type="text">Quod nihil scitur</rs>.
                </item>
                <item> 
                    <choice>
                        <abbr>
                            <metamark rend="line" function="ditto"/>
                        </abbr>
                        <expan>
                            <hi rend="underline"><rs type="person" key="P10">Francisco Sanches</rs></hi>
                        </expan>
                    </choice>
                     <rs type="text">Anthologia portugueza</rs>. (? vols.).
                </item>
                <item><hi rend="underline"><rs type="person" key="P11">Fernandes Lopes</rs>:</hi> <rs type="text">Historia da Philosophia</rs></item>
                <item><hi rend="underline"><rs type="person" key="P1" style="b">Antonio Mora</rs>:</hi> <rs type="text">Prolegomenos</rs>, etc...</item>
            </list>
            <gap reason="selection" unit="lines" extent="22"/>
           </div>
        </body>
    </text>
</TEI>
