<?xml-model href="http://www.tei-c.org/release/xml/tei/custom/schema/relaxng/tei_all.rng" type="application/xml" schematypens="http://relaxng.org/ns/structure/1.0"?><?xml-model href="http://www.tei-c.org/release/xml/tei/custom/schema/relaxng/tei_all.rng" type="application/xml"
	schematypens="http://purl.oclc.org/dsdl/schematron"?>
<TEI xmlns="http://www.tei-c.org/ns/1.0">
    <teiHeader>
        <fileDesc>
            <titleStmt>
                <title>BNP/E3 48I-10<hi rend="superscript">r</hi>
                </title>
                <author>
                    <rs type="person" key="FP">Fernando Pessoa</rs>
                </author>
                <respStmt>
                    <resp>Transcrição, Edição</resp>
                    <name>Pedro Sepúlveda</name>
                </respStmt>
                <respStmt>
                    <resp>Codificação</resp>
                    <name>Ulrike Henny</name>
                </respStmt>
                <respStmt>
                    <resp>Codificação</resp>
                    <name>Isabel Figueiredo-Iken</name>
                </respStmt>
            </titleStmt>
            <publicationStmt>
                <publisher/>
                <idno type="filename">BNP_E3_48I-10r.xml</idno>
            </publicationStmt>
            <sourceDesc>
                <msDesc>
                    <msIdentifier>
                        <institution>Biblioteca Nacional de Portugal</institution>
                        <idno>BNP/E3 48I-10r</idno>
                    </msIdentifier>
                    <msContents>
                        <msItemStruct>
                            <author>
                                <rs type="person" key="FP">Fernando Pessoa</rs>
                            </author>
                            <note type="genre">
                                <rs type="genre" key="lista_editorial">Lista editorial</rs>
                            </note>
                            <textLang mainLang="en" otherLangs="fr pt"/>
                        </msItemStruct>
                    </msContents>
                    <history>
                        <origin>
                            <p>
                                <origDate when="1914" cert="medium">c. 1914</origDate>
                            </p>
                        </origin>
                    </history>
                </msDesc>
            </sourceDesc>
        </fileDesc>
    </teiHeader>
    <facsimile>
        <graphic url="bn-acpc-e-e3-48i-1-30_JPG_24-C-R0150/bn-acpc-e-e3-48i-1-30_0019_10_t24-C-R0150.jpg"/>
    </facsimile>
    <text xml:id="bnp-e3-48i-10r">
        <body>
            <div>
                <list>
                    <head>
                        <hi rend="underline">Translations:</hi>
                    </head>
                    <item>
                        <rs type="text">Estudiante de <rs type="place">Salamanca</rs>
                        </rs>.</item>
                    <item>
                        <rs type="text">Sonnets of <rs type="person">Camoens</rs>
                        </rs>.</item>
                    <item>
                        <rs type="text">Songs from the old Portuguese Song Books</rs>.</item>
                    <item>
                        <rs type="text">Spanish and Portuguese Sonnets</rs>. <ab rend="offset">(Brazilian ?)</ab>
                    </item>
                    <item>
                        <rs type="text">Portuguese Proverbs</rs>.</item>
                    <item>
                        <rs type="text">Portuguese Folk Verse</rs>.</item>
                </list>
                <list>
                    <head>
                        <hi rend="underline">Articles (<rs type="person">Thomas Crosse</rs>):</hi>
                    </head>
                    <item>
                        <rs type="text">The Birthplace of <rs type="person">Columbus</rs>
                        </rs>.</item>
                    <item>
                        <rs type="text">The Origin of the Discoveries</rs>.</item>
                    <item>
                        <rs type="text">A Pre Romantic (<rs type="person">José Anastacio da Cunha</rs>)</rs>.</item>
                    <item>
                        <rs type="text">The Myth of <rs type="person">King Sebastian</rs>
                        </rs>.</item>
                </list>
            </div>
        </body>
    </text>
</TEI>