<?xml-model href="http://www.tei-c.org/release/xml/tei/custom/schema/relaxng/tei_all.rng" type="application/xml" schematypens="http://relaxng.org/ns/structure/1.0"?><?xml-model href="http://www.tei-c.org/release/xml/tei/custom/schema/relaxng/tei_all.rng" type="application/xml"
	schematypens="http://purl.oclc.org/dsdl/schematron"?>
<TEI xmlns="http://www.tei-c.org/ns/1.0">
    <teiHeader>
        <fileDesc>
            <titleStmt>
                <title>BNP/E3 143-13<hi rend="superscript">r</hi>
                </title>
                <author>
                    <rs type="person" key="FP">Fernando Pessoa</rs>
                </author>
                <respStmt>
                    <resp>Transcrição, Edição</resp>
                    <name>Pedro Sepúlveda</name>
                </respStmt>
                <respStmt>
                    <resp>Codificação</resp>
                    <name>Ulrike Henny</name>
                </respStmt>
                <respStmt>
                    <resp>Codificação</resp>
                    <name>Isabel Figueiredo-Iken</name>
                </respStmt>
            </titleStmt>
            <publicationStmt>
                <publisher/>
                <idno type="filename">BNP_E3_143-13r.xml</idno>
            </publicationStmt>
            <sourceDesc>
                <msDesc>
                    <msIdentifier>
                        <institution>Biblioteca Nacional de Portugal</institution>
                        <idno>BNP/E3 143-13r</idno>
                    </msIdentifier>
                    <msContents>
                        <msItemStruct>
                            <author>
                                <rs type="person" key="FP">Fernando Pessoa</rs>
                            </author>
                            <note type="genre">
                                <rs type="genre" key="lista_editorial">Lista editorial</rs>
                            </note>
                            <textLang mainLang="en"/>
                        </msItemStruct>
                    </msContents>
                    <history>
                        <origin>
                            <p>
                                <origDate when="1928" cert="medium">c. 1928</origDate>
                            </p>
                        </origin>
                    </history>
                </msDesc>
            </sourceDesc>
        </fileDesc>
    </teiHeader>
    <facsimile>
        <graphic url="bn-acpc-e-e3-143-1-14_JPG_24-C-R0150/bn-acpc-e-e3-143-1-14_0025_13_t24-C-R0150.jpg"/>
    </facsimile>
    <text xml:id="bnp-3e-143-13r">
        <body>
            <div>
                <list>
                    <head>
                        <rs type="person" key="P16">Thomas Crosse</rs>'s possible articles:</head>
                    <item>
                        <label>1.</label>
                        <rs type="text">The conflict of languages and the universal language</rs>.
                    </item>
                    <item>
                        <label>2.</label>
                        <rs type="text">The birthplace of <rs type="person" key="P20">Columbus</rs></rs>.
                    </item>
                    <item>
                        <label>3.</label>
                        <rs type="text">Epigrams</rs>.
                    </item>
                    <item>
                        <label>4.</label>
                        <rs type="text">Dictatorships</rs>.
                    </item>
                    <item>
                        <label>5.</label>
                        <rs type="text">
                            <rs type="person" key="P21" style="a">King Sebastian</rs>
                        </rs>.
                    </item>
                    <item>
                        <label>6.</label>
                        <rs type="text">The legend of the Returning King</rs>.
                    </item>
                    <item>
                        <label>7.</label>
                        <rs type="text">The Old Portuguese Song Books</rs>.
                    </item>
                    <item>
                        <label>8.</label>
                        <rs type="text">The Military Government in <rs type="place">Portugal</rs>
                        </rs> (based on <rs type="text">Interregno</rs>).
                    </item>
                </list>
                <gap reason="selection" unit="lines" extent="20"/>
            </div>
        </body>
    </text>
</TEI>
