<?xml version="1.0" encoding="UTF-8"?>
<TEI xmlns="http://www.tei-c.org/ns/1.0">
    <teiHeader>
        <fileDesc>
            <titleStmt>
                <title>BNP/E3 48C-29<hi rend="superscript">r</hi></title>
                <author>
                    <rs type="person" key="FP">Fernando Pessoa</rs>
                </author>
                <respStmt>
                    <resp>Transcrição, Edição</resp>
                    <name>Pedro Sepúlveda</name>
                </respStmt>
                <respStmt>
                    <resp>Modelagem de dados, Codificação</resp>
                    <name>Ulrike Henny</name>
                </respStmt>
                <respStmt>
                    <resp>Codificação</resp>
                    <name>Isabel Figueiredo-Iken</name>
                </respStmt>
                <respStmt>
                    <resp>Consultoria</resp>
                    <name>Institut für Dokumentologie und Editorik (IDE)</name>
                </respStmt>
            </titleStmt>
            <publicationStmt>
                <publisher>Universidade Nova de Lisboa, Instituto de Estudos de Literatura e Tradição (IELT)</publisher>
                <publisher>Cologne Center for eHumanities (CCeH)</publisher>
                <date>2016</date>
                <availability>
                    <licence target="http://creativecommons.org/licenses/by/3.0/"/>
                </availability>
                <idno type="filename">BNP_E3_48C-29r.xml</idno>
            </publicationStmt>
            <sourceDesc>
                <msDesc>
                    <msIdentifier>
                        <institution>Biblioteca Nacional de Portugal</institution>
                        <idno>BNP/E3 48C-29r</idno>
                    </msIdentifier>
                    <msContents>
                            <msItemStruct>
                                <author>
                                    <rs type="person" key="FP">Fernando Pessoa</rs>
                                </author>
                                <note type="genre">
                                    <rs type="genre" key="lista_editorial">Lista editorial</rs>
                                    <rs type="genre" key="nota_editorial">Nota editorial</rs>
                                </note>
                                <textLang mainLang="pt" />
                            </msItemStruct>
                        </msContents>
                    <history>
                        <origin>
                            <p>
                                <origDate from="1918" to="1920" cert="medium">c. 1918-1920</origDate>
                            </p>
                        </origin>
                    </history>
                </msDesc>
            </sourceDesc>
        </fileDesc>
    </teiHeader>
    <facsimile>
        <graphic url="bn-acpc-e-e3-48c-1-50_JPG_24-C-R0150/bn-acpc-e-e3-48c-1-50_0069_29_t24-C-R0150.jpg"/>
    </facsimile>
    <text>
        <body>
            <div>
                <head><hi rend="underline">"ASPECTOS".</hi></head>
                <p>Prefacio geral.</p>
                <list> 
                    <item>
                        <label>1.</label>
                        <rs type="work" key="O2" style="b"><rs type="person" key="AC" role="author">Alberto Caeiro</rs> (1889 — 1915) — <rs type="text">"O Guardador
                        de Reba<pc>-</pc><lb />nhos"</rs></rs> e outros poemas e fragmentos.
                    </item>
                    <item>
                        <label>2.</label>
                        <rs type="work" key="O3" style="b"><rs type="person" key="RR" role="author">Ricardo Reis</rs>: <rs type="text">"Odes"</rs></rs>.
                    </item>        
                    <item>
                        <label>3.</label>
                        <rs type="person" key="P1" style="b">Antonio Mora</rs>: 
                        <rs type="text">"<rs type="person" key="AC" role="topic">Alberto Caeiro</rs> e a renovação do<lb/> paganismo"</rs>.
                    </item>
                    <item>
                        <label>4.</label>
                        <rs type="work" key="O4" style="b"><rs type="person" key="AdC" role="author">Alvaro de Campos</rs>: <rs type="text">"Arco do Triumpho", Poemas</rs></rs>.
                    </item>
                    <item>
                        <label>5.</label>
                        <rs type="person" key="P62">Vicente Guedes</rs>: <rs type="text">"Livro do Desasocego"</rs>.
                    </item>
                   </list>
                <metamark rend="line" function="distinct"/>
                <gap reason="selection" unit="line" extent="35"/>
            </div>
        </body>
    </text>
</TEI>
