<?xml version="1.0" encoding="UTF-8"?>
<TEI xmlns="http://www.tei-c.org/ns/1.0">
   <teiHeader>
      <fileDesc>
         <titleStmt>
            <title>48-24<hi rend="superscript">r</hi>
            </title>
            <author>
               <rs type="person" key="FP">Fernando Pessoa</rs>
            </author>
            <respStmt>
               <resp>Transcrição, Edição</resp>
               <name>Pedro Sepúlveda</name>
            </respStmt>
            <respStmt>
               <resp>Codificação</resp>
               <name>Ulrike Henny</name>
            </respStmt>
            <respStmt>
               <resp>Codificação</resp>
               <name>Isabel Figueiredo-Iken</name>
            </respStmt>
         </titleStmt>
         <publicationStmt>
            <p>Publication Information</p>
         </publicationStmt>
         <sourceDesc>
            <msDesc>
               <msIdentifier>
                  <institution>Biblioteca Nacional de Portugal</institution>
                  <idno>BNP/E3 48-24r</idno>
               </msIdentifier>
               <msContents>
                  <msItemStruct>
                     <author>
                        <rs type="person" key="FP">Fernando Pessoa</rs>
                     </author>
                     <note type="genre">
                        <rs type="genre" key="lista_editorial">Lista editorial</rs>
                     </note>
                     <textLang mainLang="pt" otherLangs="en"/>
                  </msItemStruct>
               </msContents>
               <history>
                  <origin>
                     <p>
                        <origDate when="1909">1909</origDate>
                     </p>
                  </origin>
               </history>
            </msDesc>
         </sourceDesc>
      </fileDesc>
   </teiHeader>
   <facsimile>
      <graphic url="bn-acpc-e-e3-48-1-56_JPG_24-C-R0150/bn-acpc-e-e3-48-1-56_0047_24_t24-C-R0150.jpg"/>
   </facsimile>
   <text xml:id="bnp-e3-48-24r">
      <body>
         <div>
            <gap reason="selection" unit="words" extent="4"/>
            <head><hi rend="underline">Work to be done: —</hi></head>  
            <head><hi rend="underline">June 1909: — </hi></head>
            <list> 
               <item>
                  <label>1°.</label>
                  <list>
                     <item>
                        <label>a)</label>
                        <choice>
                           <abbr>Transl<am>.</am></abbr>
                           <expan>Transl<ex>ation</ex></expan>
                        </choice>
                        <choice>
                           <abbr>E<am>.</am></abbr>
                           <expan>E<ex>nglish</ex></expan>
                        </choice>
                        <rs type="text"><choice>
                           <abbr>“Nap<am>.</am></abbr>
                           <expan>“Nap<ex>oleon</ex></expan>
                        </choice> never existed”</rs>
                     </item>
                     <item>
                        <label>b)</label>
                        Tale: <rs type="text">“A Misjudged Man.”</rs>
                     </item>
                  </list>
               </item>
               <item>
                  <label>2º</label>
                     <choice>
                        <abbr>Transl<am>.</am></abbr>
                        <expan>Transl<ex>ation</ex></expan>
                     </choice> 
                     <choice>
                        <abbr>Port<am>.</am></abbr>
                        <expan>Port<ex>uguese</ex></expan>
                     </choice> <rs type="text">“<choice>
                                 <abbr>Nap<am>.</am></abbr>
                                 <expan>Nap<ex>oleão</ex></expan>
                              </choice> nunca existiu”</rs> <choice>
                                                          <abbr>+</abbr>
                                                          <expan>and</expan>
                                                         </choice> essay<lb/> 
                              in “Explanations.”
               </item>        
               <item>
                  <label>3º</label> <rs type="text">History of a Dictatorship</rs>.
               </item>
               <item>
                  <label>4º</label> (criticism): 
                  <list>
                     <item>
                        <label>a)</label> <rs type="text">Psychose Adeantativa</rs>.
                     </item>
                     <item> 
                        <label>b)</label> <rs type="text">A Nossa <choice>
                                                     <abbr>Adm</abbr>
                                                     <expan>Adm<ex>inistração</ex></expan>
                                                   </choice> Colonial</rs>.
                     </item>
                     <item> 
                        <label>c)</label> <rs type="text">Diario d’um rotativo</rs>.
                     </item>
                     <item> 
                        <label>d)</label> <rs type="text">Vantagens d’uma reacção</rs>.
                     </item>
                  </list>
               </item>
            </list>
         </div>
      </body>
   </text>
</TEI>
