<?xml version="1.0" encoding="UTF-8"?>
<TEI xmlns="http://www.tei-c.org/ns/1.0">
    <teiHeader>
        <fileDesc>
            <titleStmt>
                <title>BNP/E3 144Y-51<hi rend="superscript">V</hi></title>
                <author>
                    <rs type="person" key="FP">Fernando Pessoa</rs>
                </author>
                <respStmt>
                    <resp>Transcrição, Edição</resp>
                    <name>Pedro Sepúlveda</name>
                </respStmt>
                <respStmt>
                    <resp>Codificação</resp>
                    <name>Ulrike Henny</name>
                </respStmt>
                <respStmt>
                    <resp>Codificação</resp>
                    <name>Isabel Figueiredo-Iken</name>
                </respStmt>
            </titleStmt>
            <publicationStmt>
                <publisher />
                <idno type="filename">BNP_E3_144Y-51V.xml</idno>
            </publicationStmt>
            <sourceDesc>
                <msDesc>
                    <msIdentifier>
                        <institution>Biblioteca Nacional de Portugal</institution>
                        <idno>BNP/E3 144Y-51V</idno>
                    </msIdentifier>
                    <msContents>
                        <msItemStruct>
                            <author>
                                <rs type="person" key="FP">Fernando Pessoa</rs>
                            </author>
                            <note type="genre">
                                <rs type="genre" key="lista_editorial">Lista editorial</rs>
                            </note>
                            <textLang mainLang="pt" otherLangs="en"/>
                        </msItemStruct>
                    </msContents>
                    <history>
                        <origin>
                            <p>
                                <origDate when="1917" cert="medium">c. 1917</origDate>
                            </p>
                        </origin>
                    </history>
                </msDesc>
            </sourceDesc>
        </fileDesc>
    </teiHeader>
    <facsimile>
        <graphic url="bn-acpc-e-e3_144y_JPG_24-C-R0150/bn-acpc-e-e3_144y_0102_51v_t24-C-R0150.jpg"/>
    </facsimile>
    <text xml:id="bnp-e3-144y-51v">
        <body>
            <div>
                <list>
                    <head>Books to figure in a “Library” or “Collection”.</head>
                    <metamark rend="line" function="distinct"/>
                    <item>
                        <rs type="person">Mario de Sá-Carneiro</rs>: <rs type="text">Obras</rs>. 4 <choice><abbr>vols<am>.</am></abbr><expan>vol<ex>ume</ex>s</expan></choice>
                    </item>
                    <item>
                        <rs type="person">José de Almada-Negreiros</rs>: (see what).
                    </item>
                    <item>
                        <rs type="person" key="FP" role="author">Fernando Pessoa</rs>: <rs type="text">Theatro Statico</rs>. (1.a serie)
                    </item>
                    <item>
                        <rs type="work" key="O1"><choice>
                            <abbr>
                                <metamark rend="line" function="ditto"/>
                            </abbr>
                            <expan><rs type="person" key="FP" role="author">Fernando Pessoa</rs></expan>
                        </choice>: <rs type="text">Itinerario</rs>.</rs>
                    </item>
                    <item>
                        <rs type="work" key="O4"><rs type="person" key="AdC" role="author">Alvaro de Campos</rs>: <rs type="text">Arco de Triumpho</rs></rs>.
                    </item>
                </list>
            </div>
        </body>
    </text>
</TEI>