<?xml version="1.0" encoding="UTF-8"?>
<TEI xmlns="http://www.tei-c.org/ns/1.0">
   <teiHeader>
      <fileDesc>
         <titleStmt>
            <title>BNP/E3 14<hi rend="superscript">2</hi>-21<hi rend="superscript">v</hi>
            </title>
            <author>
               <rs type="person" key="FP">Fernando Pessoa</rs>
            </author>
            <respStmt>
               <resp>Transcrição, Edição</resp>
               <name>Pedro Sepúlveda</name>
            </respStmt>
            <respStmt>
               <resp>Codificação</resp>
               <name>Ulrike Henny</name>
            </respStmt>
            <respStmt>
               <resp>Codificação</resp>
               <name>Isabel Figueiredo-Iken</name>
            </respStmt>
         </titleStmt>
         <publicationStmt>
            <publisher/>
            <idno type="filename">BNP_E3_14-2-21v.xml</idno>
         </publicationStmt>
         <sourceDesc>
            <msDesc>
               <msIdentifier>
                  <institution>Biblioteca Nacional de Portugal</institution>
                  <idno>BNP/E3 14-2-21v</idno>
               </msIdentifier>
               <msContents>
                  <msItemStruct>
                     <author>
                        <rs type="person" key="FP">Fernando Pessoa</rs>
                     </author>
                     <note type="genre">
                        <rs type="genre" key="lista_editorial">Lista editorial</rs>
                     </note>
                     <textLang mainLang="pt"/>
                  </msItemStruct>
               </msContents>
               <history>
                  <origin>
                     <p>
                        <origDate from="1902" to="1912">1902-1912</origDate>
                     </p>
                  </origin>
               </history>
            </msDesc>
         </sourceDesc>
      </fileDesc>
   </teiHeader>
   <facsimile>
      <graphic
         url="bn-acpc-e-e3-14-2-1-101_JPG_24-C-R0150/bn-acpc-e-e3-14-2-1-101_0044_21v_t24-C-R0150.jpg"
      />
   </facsimile>
   <text xml:id="bnp-e3-14-2-21v">
      <body>
         <div>
            <list>
               <item>
                  <hi rend="underline"><rs type="person">Anthero de Quental</rs></hi>: <rs type="text">(Philosophia)</rs>	<note place="right">(Lello)</note>
               </item>
               <item>
                  <rs type="person">
                     <choice>
                        <abbr>Alb<am>.</am></abbr>
                        <expan>Alb<ex>erto</ex></expan>
                     </choice> Sampaio</rs> (dita) <note place="right"><choice>
                        <abbr><metamark rend="quotes" function="ditto"/></abbr>
                        <expan>(Lello)</expan>
                     </choice></note>
               </item>        
            </list>  
            <metamark rend="line" function="distinct"/>
            <p>Uma collecção de folhetos com 64 paginas.</p>
            <metamark rend="line" function="distinct"/>
            <div>
               <head>
                  <hi rend="underline"><rs type="title"> Theoria da <choice>
                     <abbr>Rep<am>.</am></abbr>
                     <expan>Rep<ex>ublica</ex></expan>
                  </choice> Aristocratica</rs></hi>.
               </head>
               <ab><rs type="text">Resumo de physiologia</rs>.</ab>
               <gap reason="illegible" unit="words" extent="3"/>
               <gap reason="selection" unit="lines" extent="6"/>
            </div>
         </div>       
      </body>
   </text>
</TEI>
