<?xml version="1.0" encoding="UTF-8"?>
<TEI xmlns="http://www.tei-c.org/ns/1.0">
    <teiHeader>
        <fileDesc>
            <titleStmt>
                <title>BNP/E3 48B-64<hi rend="superscript">r</hi></title>
                <author>
                    <rs type="person" key="FP">Fernando Pessoa</rs>
                </author>
                <respStmt>
                    <resp>Transcrição, Edição</resp>
                    <name>Pedro Sepúlveda</name>
                </respStmt>
                <respStmt>
                    <resp>Codificação</resp>
                    <name>Ulrike Henny</name>
                </respStmt>
                <respStmt>
                    <resp>Codificação</resp>
                    <name>Isabel Figueiredo-Iken</name>
                </respStmt>
            </titleStmt>
            <publicationStmt>
                <publisher/>
                <idno type="filename">BNP_E3_48B-64r.xml</idno>
            </publicationStmt>
            <sourceDesc>
                <msDesc>
                    <msIdentifier>
                        <institution>Biblioteca Nacional de Portugal</institution>
                        <idno>BNP/E3 48B-64r</idno>
                    </msIdentifier>
                    <msContents>
                        <msItemStruct>
                            <author>
                                <rs type="person" key="FP">Fernando Pessoa</rs>
                            </author>
                            <note type="genre">
                                <rs type="genre" key="lista_editorial">Lista editorial</rs>
                            </note>
                            <textLang mainLang="pt" otherLangs="en"/>
                        </msItemStruct>
                    </msContents>
                    <history>
                        <origin>
                            <p>
                                <origDate when="1917" cert="medium">c. 1917</origDate>
                            </p>
                        </origin>
                    </history>
                </msDesc>
            </sourceDesc>
        </fileDesc>
    </teiHeader>
    <facsimile>
        <graphic
            url="bn-acpc-e-e3-48b-1-158_JPG_24-C-R0150/bn-acpc-e-e3-48b-1-158_0132_64_t24-C-R0150.jpg"
        />
    </facsimile>
    <text xml:id="bnp-e3-48b-64r">
        <body>
            <div>
                <head><hi rend="red">Obras autonymas:</hi></head>
                <list>
                    <head><hi rend="underline">Em Inglez:</hi></head>
                    <item><rs type="text">The Mad Fiddler – Poems</rs>.</item>
                    <item><rs type="text">Five Poems – <hi rend="red">or</hi> Threes Unprintable Poems</rs>.</item>
                    <item><rs type="text">Prometheus Revinctus</rs>.</item>
                    <item><rs type="text">Fifty Sonnets <hi rend="red">or</hi> Seventy-One Sonnets</rs>.<lb/>(perhaps also another book)</item>
                </list>
                <metamark rend="line" function="distinct"/>
                <list>
                    <head><hi rend="underline">Em Portuguez:</hi></head>
                    <item><rs type="work" key="O1" style="c"><rs type="text">Itinerario</rs></rs>.</item>
                    <item><rs type="text">Livro do Desasocego</rs>.</item>
                    <item><rs type="text">Theatro Statico</rs>.</item>
                </list>
            </div>
            <metamark rend="line" function="distinct"/>
            <div>
                <head><hi rend="red">Meio-autonymamente:</hi></head>
                <list>
                    <item><rs type="work" key="O4" style="b"><rs type="person" key="AdC" role="author">Alvaro de Campos</rs>: <rs type="text">Arco de Triumpho</rs></rs>.</item>
                </list>
                <metamark rend="line" function="end"/>
            </div>
        </body>
    </text>
</TEI>