<?xml version="1.0" encoding="UTF-8"?>
<TEI xmlns="http://www.tei-c.org/ns/1.0">
    <teiHeader>
        <fileDesc>
            <titleStmt>
                <title>BNP/E3 26-6<hi rend="superscript">r</hi></title>
                <author>
                    <rs type="person" key="FP">Fernando Pessoa</rs>
                </author>
                <respStmt>
                    <resp>Transcrição, Edição</resp>
                    <name>Pedro Sepúlveda</name>
                </respStmt>
                <respStmt>
                    <resp>Codificação</resp>
                    <name>Ulrike Henny</name>
                </respStmt>
                <respStmt>
                    <resp>Codificação</resp>
                    <name>Isabel Figueiredo-Iken</name>
                </respStmt>
            </titleStmt>
            <publicationStmt>
                <publisher/>
                <idno type="filename">BNP_E3_26-6r.xml</idno>
            </publicationStmt>
            <sourceDesc>
                <msDesc>
                    <msIdentifier>
                        <institution>Biblioteca Nacional de Portugal</institution>
                        <idno>BNP/E3 26-6r</idno>
                    </msIdentifier>
                    <msContents>
                        <msItemStruct>
                            <author>
                                <rs type="person" key="FP">Fernando Pessoa</rs>
                            </author>
                            <note type="genre">
                                <rs type="genre" key="lista_editorial">Lista
                                editorial</rs>
                                <rs type="genre" key="nota_editorial">Nota
                                    editorial</rs>
                            </note>
                            <textLang mainLang="pt" />
                        </msItemStruct>
                    </msContents>
                    <history>
                        <origin>
                            <p>
                                <origDate when="1918" cert="medium">c. 1918</origDate>
                            </p>
                        </origin>
                    </history>
                </msDesc>
            </sourceDesc>
        </fileDesc>
    </teiHeader>
    <facsimile>
        <graphic
            url="bn-acpc-e-e3-26-1-101_JPG_24-C-R0150/bn-acpc-e-e3-26-1-101_0011_6_t24-C-R0150.jpg"
        />
    </facsimile>
    <text xml:id="bnp-e3-26-6r">
        <body>
            <div>
                <head><hi rend="underline">O Movimento Pagão Portuguez:</hi></head>  
                <list>
                    <item>
                        <label>1.</label>
                        <rs type="work" key="O2"><hi rend="underline"><rs type="person" key="AC" role="author">Alberto Caeiro</rs></hi>: <rs type="text">Poemas Completos</rs></rs>.
                    </item>
                    <item>
                        <label>2.</label>
                        <rs type="work" key="O3"><hi rend="underline"><rs type="person" key="RR" role="author">Ricardo Reis</rs></hi>: <rs type="text">Odes (I a L)</rs></rs>
                    </item>        
                    <item>
                        <label>3.</label>
                        <hi rend="underline"><rs type="person">Antonio Móra</rs></hi>: <rs type="text">O Regresso dos Deuses</rs>.
                    </item>
                    <item>
                        <label>4.</label>
                        <rs type="work" key="O3"><hi rend="underline"><rs type="person" key="RR" role="author">Ricardo Reis</rs></hi>: <rs type="text">Novas Odes</rs></rs> (em quantidade).
                    </item>
                    <item>
                        <label>5.</label>
                        <hi rend="underline"><rs type="person">Antonio Móra</rs></hi>: <rs type="text">Fundamentos do <lb/> 
                        Paganismo</rs>. (Theoria do monismo<lb/> objectivista). 
                        <del rend="overstrike" n="2">(Theoria do Dualismo<lb/> Absoluto).</del>
                    </item>
                </list>
                <metamark rend="line" function="end"/>
            </div>
        </body>
    </text>
</TEI>
