<?xml version="1.0" encoding="UTF-8"?>
<TEI xmlns="http://www.tei-c.org/ns/1.0">
   <teiHeader>
      <fileDesc>
         <titleStmt>
            <title>BNP/E3 87-40<hi rend="superscript">r</hi>
            </title>
            <author>
               <rs type="person" key="FP">Fernando Pessoa</rs>
            </author>
            <respStmt>
               <resp>Transcrição, Edição</resp>
               <name>Pedro Sepúlveda</name>
            </respStmt>
            <respStmt>
               <resp>Codificação</resp>
               <name>Ulrike Henny</name>
            </respStmt>
            <respStmt>
               <resp>Codificação</resp>
               <name>Isabel Figueiredo-Iken</name>
            </respStmt>
         </titleStmt>
         <publicationStmt>
            <publisher/>
            <idno type="filename">BNP_E3_87-40r.xml</idno>
         </publicationStmt>
         <sourceDesc>
            <msDesc>
               <msIdentifier>
                  <institution>Biblioteca Nacional de Portugal</institution>
                  <idno>BNP/E3 87-40r</idno>
               </msIdentifier>
               <msContents>
                  <msItemStruct>
                     <author>
                        <rs type="person" key="FP">Fernando Pessoa</rs>
                     </author>
                     <note type="genre">
                        <rs type="genre" key="lista_editorial">Lista editorial</rs>
                     </note>
                     <textLang mainLang="pt" otherLangs="en fr"/>
                  </msItemStruct>
               </msContents>
               <history>
                  <origin>
                     <p>
                        <origDate from="1920" to="1927">1920-1927</origDate>
                     </p>
                  </origin>
               </history>
            </msDesc>
         </sourceDesc>
      </fileDesc>
   </teiHeader>
   <facsimile>
      <graphic url="bn-acpc-e-e3-87-1-103_JPG_24-C-R0150/bn-acpc-e-e3-87-1-103_0093_40_t24-C-R0150.jpg"/>
   </facsimile>
   <text xml:id="bnp-e3-87-40r">
      <body>
         <div>
            <list> 
               <head><hi rend="underline">Orpheu do Vigesimo Anno.</hi></head>
               <item>
                  <label>1.</label> <supplied resp="PS" reason="omitted-in-original"/>
               </item>
               <item>
                  <label>2.</label> <supplied resp="PS" reason="omitted-in-original"/>
               </item>        
               <item>
                  <label>3.</label> <supplied resp="PS" reason="omitted-in-original"/>
               </item>
               <item>
                  <label>4.</label> <supplied resp="PS" reason="omitted-in-original"/> — <rs type="person">Angelo de Lima</rs>,<lb/> <note>(in fine)</note>
               </item>
               <item>
                  <label>5.</label> <rs type="text">L’Homme aux Favoris Noirs</rs> —<lb/><rs type="person">Raul Leal</rs>.
               </item>
            </list>
         </div>
      </body>
   </text>
</TEI>
