<?xml-model href="http://www.tei-c.org/release/xml/tei/custom/schema/relaxng/tei_all.rng" type="application/xml" schematypens="http://relaxng.org/ns/structure/1.0"?><?xml-model href="http://www.tei-c.org/release/xml/tei/custom/schema/relaxng/tei_all.rng" type="application/xml"
	schematypens="http://purl.oclc.org/dsdl/schematron"?>
<TEI xmlns="http://www.tei-c.org/ns/1.0">
    <teiHeader>
        <fileDesc>
            <titleStmt>
                <title>BNP/E3 48B-8<hi rend="superscript">r</hi>
                </title>
                <author>
                    <rs type="person" key="FP">Fernando Pessoa</rs>
                </author>
                <respStmt>
                    <resp>Transcrição, Edição</resp>
                    <name>Pedro Sepúlveda</name>
                </respStmt>
                <respStmt>
                    <resp>Codificação</resp>
                    <name>Ulrike Henny</name>
                </respStmt>
                <respStmt>
                    <resp>Codificação</resp>
                    <name>Isabel Figueiredo-Iken</name>
                </respStmt>
            </titleStmt>
            <publicationStmt>
                <publisher/>
                <idno type="filename">BNP_E3_48B-8r.xml</idno>
            </publicationStmt>
            <sourceDesc>
                <msDesc>
                    <msIdentifier>
                        <institution>Biblioteca Nacional de Portugal</institution>
                        <idno>BNP/E3 48B-8r</idno>
                    </msIdentifier>
                    <msContents>
                        <msItemStruct>
                            <author>
                                <rs type="person" key="FP">Fernando Pessoa</rs>
                            </author>
                            <note type="genre">
                                <rs type="genre" key="lista_editorial">Lista
                                    editorial</rs>
                            </note>
                            <textLang mainLang="pt"/>
                        </msItemStruct>
                    </msContents>
                    <history>
                        <origin>
                            <p>
                                <origDate notBefore="1925"><hi rend="italic">post</hi> 1925</origDate>
                            </p>
                        </origin>
                    </history>
                </msDesc>
            </sourceDesc>
        </fileDesc>
    </teiHeader>
    <facsimile>
        <graphic url="bn-acpc-e-e3-48b-1-158_JPG_24-C-R0150/bn-acpc-e-e3-48b-1-158_0015_8_t24-C-R0150.jpg"/>
    </facsimile>
    <text xml:id="bnp-e3-48b-8r">
        <body>
            <div>
                <list>
                    <item>
                        <anchor xml:id="A1"/>
                        <rs type="person" key="FP" role="editor">Fernando Pessoa</rs> – <lb/>
                        <ab rend="indent">
                            <rs type="work" key="O4"><rs type="text" xml:id="T1">Os Poemas Completos de <rs type="person" key="AC" role="author">Alberto <lb/>Caeiro</rs>
                            </rs></rs>
                            <lb/> Com um <rs type="text" xml:id="T2">prefacio do <rs type="person" key="RR" role="author">Dr. Ricardo<lb/> Reis</rs>
                            </rs>, <seg>e <add place="above" n="2">alguns</add> outros</seg>
                            apontamentos
                        </ab>
                        <anchor xml:id="A2"/>
                    </item>
                </list>
                <metamark rend="line" function="distinct"/>
                <list>
                    <item>
                        <anchor xml:id="A3"/>
                        <rs type="person" key="FP" role="editor">Fernando Pessoa</rs> – <lb/>
                        <ab rend="indent">
                            <rs type="title">Accessorios</rs>
                            <lb/>
                            <rs type="title">Versos de <rs type="person" key="AC" role="author">Alvaro de Campos</rs>
                            </rs>
                        </ab>
                        <anchor xml:id="A4"/>
                    </item>
                </list>
                <metamark rend="line" function="distinct"/>
                <list>
                    <item>
                        <label>1.</label>
                        <rs type="text">Theoria do Suffragio Politico</rs>.</item>
                    <item>
                        <label>2.</label>
                        <rs type="text">A Opinião Publica</rs>.</item>
                </list>
                <spanGrp>
                    <span type="partOf" target="#T2 #T1" />
                    <span type="correlation" from="#A1" to="#A2"/>
                    <span type="correlation" from="#A3" to="#A4"/>
                </spanGrp>
            </div>
        </body>
    </text>
</TEI>