<?xml version="1.0" encoding="UTF-8"?>
<TEI xmlns="http://www.tei-c.org/ns/1.0">
    <teiHeader>
        <fileDesc>
            <titleStmt>
                <title>BNP/E3 48C-30<hi rend="superscript">r</hi></title>
                <author>
                    <rs type="person" key="FP">Fernando Pessoa</rs>
                </author>
                <respStmt>
                    <resp>Transcrição, Edição</resp>
                    <name>Pedro Sepúlveda</name>
                </respStmt>
                <respStmt>
                    <resp>Modelagem de dados, Codificação</resp>
                    <name>Ulrike Henny</name>
                </respStmt>
                <respStmt>
                    <resp>Codificação</resp>
                    <name>Isabel Figueiredo-Iken</name>
                </respStmt>
                <respStmt>
                    <resp>Consultoria</resp>
                    <name>Institut für Dokumentologie und Editorik (IDE)</name>
                </respStmt>
            </titleStmt>
            <publicationStmt>
                <publisher>Universidade Nova de Lisboa, Instituto de Estudos de Literatura e Tradição (IELT)</publisher>
                <publisher>Cologne Center for eHumanities (CCeH)</publisher>
                <date>2016</date>
                <availability>
                    <licence target="http://creativecommons.org/licenses/by/3.0/"/>
                </availability>
                <idno type="filename">BNP_E3_48C-30r.xml</idno>
            </publicationStmt>
            <sourceDesc>
                <msDesc>
                    <msIdentifier>
                        <institution>Biblioteca Nacional de Portugal</institution>
                        <idno>BNP/E3 48C-30r</idno>
                    </msIdentifier>
                    <msContents>
                        <msItemStruct>
                            <author>
                                <rs type="person" key="FP">Fernando Pessoa</rs>
                            </author>
                            <note type="genre">
                                <rs type="genre" key="lista_editorial">Lista editorial</rs>
                            </note>
                            <textLang mainLang="pt" otherLangs="en"/>
                        </msItemStruct>
                    </msContents>
                    <history>
                        <origin>
                            <p>
                                <origDate when="1916" cert="medium">c. 1916</origDate>
                            </p>
                        </origin>
                    </history>
                </msDesc>
            </sourceDesc>
        </fileDesc>
    </teiHeader>
    <facsimile>
        <graphic url="bn-acpc-e-e3-48c-1-50_JPG_24-C-R0150/bn-acpc-e-e3-48c-1-50_0071_30_t24-C-R0150.jpg"/>
    </facsimile>
    <text>
        <body>
            <div>
                <list>
                    <item>
                        <label><hi rend="red">1.</hi></label>
                        <rs type="person" key="P1" style="a"><hi rend="underline">Antonio Móra</hi></rs> — <rs type="text">O Regresso dos Deuses</rs> — Introducção<lb/>
                        Geral ao Neo-Paganismo Portuguez. 
                    </item>
                    <item>
                        <label><hi rend="red">2.</hi></label>
                        <rs type="person" key="AC" role="author"><hi rend="underline">Alberto Caeiro</hi></rs> — 1889-1915 — <rs type="work" key="O2" style="b"><rs type="text">O Guardador de
                        Reba<pc>-</pc><lb/><seg rend="indent">nhos, e outros poemas e fragmentos</seg></rs></rs>.
                    </item>
                    <item>
                        <label><hi rend="red">3.</hi></label>
                        <rs type="work" key="O3" style="b"><rs type="person" key="RR" role="author"><hi rend="underline">Ricardo Reis</hi></rs> — <rs type="text">Odes</rs></rs>.
                    </item>
                </list>
                <metamark rend="line" function="distinct"/>
                <p>English Translation (in one volume):</p>
                <p><rs type="text"><hi rend="underline">The Portuguese Neo-Pagans</hi></rs>.</p>
                <p><del rend="overtyped">The three works</del></p>
            </div>
        </body>
    </text>
</TEI>
