<?xml version="1.0" encoding="UTF-8"?>
<TEI xmlns="http://www.tei-c.org/ns/1.0">
   <teiHeader>
      <fileDesc>
         <titleStmt>
            <title>44-25</title>
            <author>
               <rs type="person" key="FP">Fernando Pessoa</rs>
            </author>
            <respStmt>
               <resp>Transcrição, Edição</resp>
               <name>Pedro Sepúlveda</name>
            </respStmt>
            <respStmt>
               <resp>Codificação</resp>
               <name>Ulrike Henny</name>
            </respStmt>
            <respStmt>
               <resp>Codificação</resp>
               <name>Isabel Figueiredo-Iken</name>
            </respStmt>
         </titleStmt>
         <publicationStmt>
            <publisher/>
            <idno type="filename">BNP_E3_44-25.xml</idno>
         </publicationStmt>
         <sourceDesc>
            <msDesc>
               <msIdentifier>
                  <institution>Biblioteca Nacional de Portugal</institution>
                  <idno>BNP/E3 44-25</idno>
               </msIdentifier>
               <msContents>
                  <msItemStruct>
                     <author>
                        <rs type="person" key="FP">Fernando Pessoa</rs>
                     </author>
                     <note type="genre">
                        <rs type="genre" key="lista_editorial">Lista
                        editorial</rs>
                     </note>
                     <textLang mainLang="en" />
                  </msItemStruct>
               </msContents>
               <history>
                  <origin>
                     <p>
                        <origDate when="1919" cert="medium">c. 1919</origDate>
                     </p>
                  </origin>
               </history>
            </msDesc>
         </sourceDesc>
      </fileDesc>
   </teiHeader>
   <facsimile>
      <graphic url="bn-acpc-e-e3-44-1-54_JPG_24-C-R0150/bn-acpc-e-e3-44-1-54_0049_25_t24-C-R0150.jpg"/>
   </facsimile>
   <text xml:id="bnp-e3-44-25">
      <body>
         <div>  
            <list> 
               <item>
                  <label>1.</label> 
                  Newspaper.
               </item>
               <item>
                  <label>2.</label>
                  Film producing Company.
               </item>        
               <item>
                  <label>3.</label>
                  Chemical products Co. — <gap reason="illegible" unit="word" extent="1"/>
               </item>
               <item>
                  <label>4.</label>
                  Personal business questions,
               </item>
               <item>
                  <label>5.</label>
                  Shorthand System.
               </item>
               <item>
                  <label>6.</label>
                  Shakespeare Translations.
               </item>
               <item>
                  <label>7.</label>
                  Code.
               </item>
               <item>
                  <label>8.</label>
                  “Cosmopolis” — the <gap reason="illegible" unit="word" extent="1"/> plan
               </item>
            </list>
            <metamark rend="line" function="distinct"/>
            <gap reason="selection" unit="lines" extent="33"/>
         </div>
      </body>
   </text>
</TEI>
