<?xml version="1.0" encoding="UTF-8"?>
<TEI xmlns="http://www.tei-c.org/ns/1.0">
    <teiHeader>
        <fileDesc>
            <titleStmt>
                <title>BNP/E3 21-1<hi rend="superscript">r</hi></title>
                <author>
                    <rs type="person" key="FP">Fernando Pessoa</rs>
                </author>
                <respStmt>
                    <resp>Transcrição, Edição</resp>
                    <name>Pedro Sepúlveda</name>
                </respStmt>
                <respStmt>
                    <resp>Modelagem de dados, Codificação</resp>
                    <name>Ulrike Henny</name>
                </respStmt>
                <respStmt>
                    <resp>Codificação</resp>
                    <name>Isabel Figueiredo-Iken</name>
                </respStmt>
                <respStmt>
                    <resp>Consultoria</resp>
                    <name>Institut für Dokumentologie und Editorik (IDE)</name>
                </respStmt>
            </titleStmt>
            <publicationStmt>
                <publisher>Universidade Nova de Lisboa, Instituto de Estudos de Literatura e Tradição (IELT)</publisher>
                <publisher>Cologne Center for eHumanities (CCeH)</publisher>
                <date>2016</date>
                <availability>
                    <licence target="http://creativecommons.org/licenses/by/3.0/"/>
                </availability>
                <idno type="filename">BNP_E3_21-1r.xml</idno>
            </publicationStmt>
            <sourceDesc>
                <msDesc>
                    <msIdentifier>
                        <institution>Biblioteca Nacional de Portugal</institution>
                        <idno>BNP/E3 21-1r</idno>
                    </msIdentifier>
                    <msContents>
                        <msItemStruct>
                            <author>
                                <rs type="person" key="FP">Fernando Pessoa</rs>
                            </author>
                            <note type="genre">
                                <rs type="genre" key="lista_editorial">Lista editorial</rs>
                            </note>
                            <textLang mainLang="pt"/>
                        </msItemStruct>
                    </msContents>
                    <history>
                        <origin>
                            <p>
                                <origDate when="1917" cert="medium"><hi rend="italic">c</hi>. 1917</origDate>
                            </p>
                        </origin>
                    </history>
                </msDesc>
            </sourceDesc>
        </fileDesc>
    </teiHeader>
    <facsimile>
        <graphic url="bn-acpc-e-e3-21-1-145_JPG_24-C-R0150/bn-acpc-e-e3-21-1-145_0001_1_t24-C-R0150.jpg"/>
    </facsimile>
    <text>
        <body>
            <div>
                <head><hi rend="underline red">Neo-Paganismo Portuguez.</hi></head>
                <list>
                    <item>
                        <label>1.</label>
                        <rs type="work" key="O2" style="a"><rs type="person" key="AC" role="author">Alberto Caeiro</rs> (1889-1915): 
                        <rs type="text">O Guardador de Rebanhos,<lb/> seguido de outros poemas e fragmentos</rs>.</rs>
                        (Abre o livro uma nota succinta dos parentes<lb/> do poeta, que publicam
                        o livro.)
                    </item>
                    <item>
                        <label>2.</label>
                        <rs type="work" key="O3" style="a"><rs type="person" key="RR" role="author">Ricardo Reis</rs>: <rs type="text">Odes</rs></rs>.
                        <lb/>(São cincoenta. Abre o livro um curto prefa<pc>-</pc><lb/>cio do
                        auctor.)
                    </item>
                    <item>
                        <label>3.</label>
                        <rs type="person" key="P1" style="a">Antonio Móra</rs>: <rs type="text">O Regresso dos
                        Deuses — Introducção<lb/>Geral ao Neo-Paganismo Portuguez</rs>.
                    </item>
                    <metamark rend="line" function="distinct"><label place="right" rend="red">ao mesmo tempo.</label></metamark>
                    <item>
                        <label>4.</label>
                        <rs type="work" key="O3" style="a"><rs type="person" key="RR" role="author">Ricardo Reis</rs>: <rs type="text">Novas Odes</rs></rs>.
                    </item>
                    <item>
                        <label>5.</label>
                        <rs type="person" key="P1" style="a">Antonio Móra</rs>: <rs type="text">Os Fundamentos do
                        Paganismo — Theoria<lb/>do Dualismo Objectivista</rs>.
                    </item>
                    <metamark rend="line" function="distinct"><label place="right" rend="red">ao mesmo tempo.</label></metamark>
                </list>
                <p rend="position-center"><rs type="text">O Movimento Neo-Pagão<lb/>
                    Portuguez</rs> compõe-se<lb/> 
                    d’estas cinco obras. 
                </p>
                <p rend="text-center">As trez primeiras deverão ser publicadas em fins de<lb/> 
                    1917, e as outras duas no anno se<pc>-</pc><lb/>guinte. Sendo possivel, as<lb/> 
                    primeiras em Outubro 1917<lb/> 
                    e as outras, quando<lb/> 
                    não possa ser em<lb/> 
                    Maio 1918, em<lb/>
                    Outubro.</p>
            </div>
        </body>
    </text>
</TEI>
