<?xml version="1.0" encoding="UTF-8"?>
<TEI xmlns="http://www.tei-c.org/ns/1.0">
    <teiHeader>
        <fileDesc>
            <titleStmt>
                <title>BNP/E3 48-27<hi rend="superscript">r</hi></title>
                <author>
                    <rs type="person" key="FP">Fernando Pessoa</rs>
                </author>
                <respStmt>
                    <resp>Transcrição, Edição</resp>
                    <name>Pedro Sepúlveda</name>
                </respStmt>
                <respStmt>
                    <resp>Codificação</resp>
                    <name>Ulrike Henny</name>
                </respStmt>
                <respStmt>
                    <resp>Codificação</resp>
                    <name>Isabel Figueiredo-Iken</name>
                </respStmt>
            </titleStmt>
            <publicationStmt>
                <publisher/>
                <idno type="filename">BNP_E3_48-27r.xml</idno>
            </publicationStmt>
            <sourceDesc>
                <msDesc>
                    <msIdentifier>
                        <institution>Biblioteca Nacional de Portugal</institution>
                        <idno>BNP/E3 48-27r</idno>
                    </msIdentifier>
                    <msContents>
                        <msItemStruct>
                            <author>
                                <rs type="person" key="FP">Fernando Pessoa</rs>
                            </author>
                            <note type="genre">
                                <rs type="genre" key="lista_editorial">Lista editorial</rs>
                                <rs type="genre" key="plano_editorial">Plano editorial</rs></note>
                            <textLang mainLang="pt" otherLangs="en"/>
                        </msItemStruct>
                    </msContents>
                    <history>
                        <origin>
                            <p>
                                <origDate when="1914-03" cert="medium">c. Março de 1914</origDate>
                            </p>
                        </origin>
                    </history>
                </msDesc>
            </sourceDesc>
        </fileDesc>
    </teiHeader>
    <facsimile>
        <graphic
            url="bn-acpc-e-e3-48-1-56_JPG_24-C-R0150/bn-acpc-e-e3-48-1-56_0053_27_t24-C-R0150.jpg"/>
    </facsimile>
    <text xml:id="bnp-e3-48-27r">
        <body>
            <div>
                <list>
                    <head>
                        <hi rend="underline">
                            <rs type="work" key="O2"><rs type="person" key="AC" role="author">Alberto Caeiro:</rs></rs>
                        </hi>
                    </head>
                    <item>
                        <label>1.</label> <rs type="text">Eu nunca guardei rebanhos...</rs>
                    </item>
                    <item>
                        <label>2.</label> <rs type="text">O meu olhar é nitido como um girassol...</rs>
                    </item>
                    <item>
                        <label>3.</label> <rs type="text">Ao entardecer, debruçado pela janella...</rs>
                    </item>
                    <item>
                        <label>4.</label> <rs type="text">Esta tarde a trovoada cahiu...</rs>
                    </item>
                    <item>
                        <label>5.</label> <rs type="text">Ha metaphysica bastante em não pensar em nada...</rs> 
                    </item>
                    <item>
                        <label>6.</label> <rs type="text">Pensar em Deus é desobedecer a Deus...</rs> 
                    </item>
                    <item>
                        <label>7 a 33</label> (several).
                    </item>
                    <item>
                        <label>34.</label> <rs type="text">Se ás vezes digo que as flores sorriem...</rs>
                    </item>
                    <item>
                        <label>35.</label> <rs type="text">Se quizerem que eu tenha um mysticismo, tenho-o...</rs>
                    </item>
                    <item>
                        <label>36.</label> <rs type="text">Li hoje duas paginas...</rs>
                    </item>
                    <item>
                        <label>37.</label> <rs type="text">Num dia excessivamente nitido...</rs>
                    </item>
                    <item>
                        <label>38.</label> <rs type="text">As 4 canções que seguem...</rs> 
                    </item>
                    <item>
                        <label>39.</label>
                        <subst>
                            <del n="1" rend="overstrike">Estas 4 canções escrevi-as estando doente.</del>
                            <add n="2">On his poetry.</add>
                        </subst>
                    </item>
                    <item>
                        <label>40.</label> <rs type="text">Ás vezes, em dias de luz perfeita e exacta...</rs> 
                    </item>
                    <item>
                        <label>41.</label> <rs type="text">Só a natureza é divina, e ela não é divina...</rs> 
                    </item>
                    <item>
                        <label>42.</label> <rs type="text">As bolas de sabão que esta creança...</rs> 
                    </item>
                    <item>
                        <label>43.</label> <rs type="text">O que nós vemos das cousas são as cousas...</rs> 
                    </item>
                    <item>
                        <label>44.</label> <supplied resp="PS" reason="omitted-in-original"/>
                    </item>
                    <item>
                        <label>45.</label> <supplied resp="PS" reason="omitted-in-original"/>
                    </item>
                </list>
                <ab rend="centered">(perhaps there are more than these).</ab>
                <ab rend="centered">(Try to reach 50, or, at the <lb/> very least, 45)<lb/> or 49
                    (44, 45, 46, 47, 48,49) </ab>
                <metamark rend="line" function="distinct"/>
                <list>
                    <head>
                        <hi rend="underline">
                            <rs type="person" key="AC" role="author">
                                <choice>
                                    <abbr>Alb<am>.</am></abbr>
                                    <expan>Alb<ex>erto</ex></expan>
                                </choice>
                                <choice>
                                    <abbr>C<am>.</am></abbr>
                                    <expan>C<ex>aeiro</ex></expan>
                                </choice>
                            </rs>
                        </hi>
                    </head>
                    <item>
                        <label>1.</label>
                        <rs type="text">O Guardador de Rebanhos</rs>. <note>1911-1912</note>
                    </item>
                    <item>
                        <label>2.</label> <rs type="text">Cinco Odes Futuristas</rs>. <note>(1913)-1914</note>
                    </item>
                    <item>
                        <label>3.</label> <rs type="text">Chuva Obliqua</rs> <note>1914</note>.<lb/>
                        (Poemas <choice>
                            <abbr>Inters</abbr>
                            <expan>Inters<ex>eccionistas</ex></expan>
                        </choice>)
                    </item>
                </list>
            </div>
        </body>
    </text>
</TEI>
