<?xml version="1.0" encoding="UTF-8"?>
<TEI xmlns="http://www.tei-c.org/ns/1.0">
    <teiHeader>
        <fileDesc>
            <titleStmt>
                <title>BNP/E3 48-27<hi rend="superscript">r</hi></title>
                <author>
                    <rs type="person" key="FP">Fernando Pessoa</rs>
                </author>
                <respStmt>
                    <resp>Transcrição, Edição</resp>
                    <name>Pedro Sepúlveda</name>
                </respStmt>
                <respStmt>
                    <resp>Modelagem de dados, Codificação</resp>
                    <name>Ulrike Henny</name>
                </respStmt>
                <respStmt>
                    <resp>Codificação</resp>
                    <name>Isabel Figueiredo-Iken</name>
                </respStmt>
                <respStmt>
                    <resp>Consultoria</resp>
                    <name>Institut für Dokumentologie und Editorik (IDE)</name>
                </respStmt>
            </titleStmt>
            <publicationStmt>
                <publisher>Universidade Nova de Lisboa, Instituto de Estudos de Literatura e Tradição (IELT)</publisher>
                <publisher>Cologne Center for eHumanities (CCeH)</publisher>
                <date>2016</date>
                <availability>
                    <licence target="http://creativecommons.org/licenses/by/3.0/"/>
                </availability>
                <idno type="filename">BNP_E3_48-27r.xml</idno>
            </publicationStmt>
            <sourceDesc>
                <msDesc>
                    <msIdentifier>
                        <institution>Biblioteca Nacional de Portugal</institution>
                        <idno>BNP/E3 48-27r</idno>
                    </msIdentifier>
                    <msContents>
                        <msItemStruct>
                            <author>
                                <rs type="person" key="FP">Fernando Pessoa</rs>
                            </author>
                            <note type="genre">
                                <rs type="genre" key="lista_editorial">Lista editorial</rs>
                                <rs type="genre" key="plano_editorial">Plano editorial</rs></note>
                            <textLang mainLang="pt" otherLangs="en"/>
                        </msItemStruct>
                    </msContents>
                    <history>
                        <origin>
                            <p>
                                <origDate when="1914-03" cert="medium">c. Março de 1914</origDate>
                            </p>
                        </origin>
                    </history>
                </msDesc>
            </sourceDesc>
        </fileDesc>
    </teiHeader>
    <facsimile>
        <graphic
            url="bn-acpc-e-e3-48-1-56_JPG_24-C-R0150/bn-acpc-e-e3-48-1-56_0053_27_t24-C-R0150.jpg"/>
    </facsimile>
    <text>
        <body>
            <div>
                <list>
                    <head>
                        <hi rend="underline">
                            <rs type="work" key="O2" style="a"><rs type="person" key="AC" role="author">Alberto Caeiro:</rs></rs>
                        </hi>
                    </head>
                    <item>
                        <label>1.</label> <rs type="work" key="O2-1"><rs type="text">Eu nunca guardei rebanhos...</rs></rs>
                    </item>
                    <item>
                        <label>2.</label> <rs type="work" key="O2-2"><rs type="text">O meu olhar é nitido como um girassol...</rs></rs>
                    </item>
                    <item>
                        <label>3.</label> <rs type="work" key="O2-3"><rs type="text">Ao entardecer, debruçado pela janella...</rs></rs>
                    </item>
                    <item>
                        <label>4.</label> <rs type="work" key="O2-4"><rs type="text">Esta tarde a trovoada cahiu...</rs></rs>
                    </item>
                    <item>
                        <label>5.</label> <rs type="work" key="O2-5"><rs type="text">Ha metaphysica bastante em não pensar em nada...</rs></rs> 
                    </item>
                    <item>
                        <label>6.</label> <rs type="work" key="O2-6"><rs type="text">Pensar em Deus é desobedecer a Deus...</rs></rs> 
                    </item>
                    <item>
                        <label>7 a 33</label> (several).
                    </item>
                    <item>
                        <label>34.</label> <rs type="work" key="O2-34"><rs type="text">Se ás vezes digo que as flores sorriem...</rs></rs>
                    </item>
                    <item>
                        <label>35.</label> <rs type="work" key="O2-35"><rs type="text">Se quizerem que eu tenha um mysticismo, tenho-o...</rs></rs>
                    </item>
                    <item>
                        <label>36.</label> <rs type="work" key="O2-36"><rs type="text">Li hoje duas paginas...</rs></rs>
                    </item>
                    <item>
                        <label>37.</label> <rs type="work" key="O2-37"><rs type="text">Num dia excessivamente nitido...</rs></rs>
                    </item>
                    <item>
                        <label>38.</label> <rs type="work" key="O2-38"><rs type="text">As 4 canções que seguem...</rs></rs> 
                    </item>
                    <item>
                        <label>39.</label>
                        <rs type="work" key="O2-39"><subst>
                            <del n="1" rend="overstrike"><rs type="text">Estas 4 canções escrevi-as estando doente</rs>.</del>
                            <add n="2"><rs type="text">On his poetry</rs>.</add>
                        </subst></rs>
                    </item>
                    <item>
                        <label>40.</label> <rs type="work" key="O2-40"><rs type="text">Ás vezes, em dias de luz perfeita e exacta...</rs></rs> 
                    </item>
                    <item>
                        <label>41.</label> <rs type="work" key="O2-41"><rs type="text">Só a natureza é divina, e ela não é divina...</rs></rs> 
                    </item>
                    <item>
                        <label>42.</label> <rs type="work" key="O2-42"><rs type="text">As bolas de sabão que esta creança...</rs></rs> 
                    </item>
                    <item>
                        <label>43.</label> <rs type="work" key="O2-43"><rs type="text">O que nós vemos das cousas são as cousas...</rs></rs> 
                    </item>
                    <item>
                        <label>44.</label> <supplied resp="PS" reason="omitted-in-original"/>
                    </item>
                    <item>
                        <label>45.</label> <supplied resp="PS" reason="omitted-in-original"/>
                    </item>
                </list>
                <ab rend="centered">(perhaps there are more than these).</ab>
                <ab rend="centered">(Try to reach 50, or, at the <lb/> very least, 45)<lb/> or 49
                    (44, 45, 46, 47, 48,49) </ab>
                <metamark rend="line" function="distinct"/>
                <list>
                    <head>
                        <hi rend="underline">
                            <rs type="person" key="AC" role="author">
                                <choice>
                                    <abbr>Alb<am>.</am></abbr>
                                    <expan>Alb<ex>erto</ex></expan>
                                </choice>
                                <choice>
                                    <abbr>C<am>.</am></abbr>
                                    <expan>C<ex>aeiro</ex></expan>
                                </choice>
                            </rs>
                        </hi>
                    </head>
                    <item>
                        <label>1.</label>
                        <rs type="work" key="O2" style="b"><rs type="text">O Guardador de Rebanhos</rs></rs>. <note>1911-1912</note>
                    </item>
                    <item>
                        <label>2.</label> <rs type="text">Cinco Odes Futuristas</rs>. <note>(1913)-1914</note>
                    </item>
                    <item>
                        <label>3.</label> <rs type="work" key="O1-9"><rs type="text">Chuva Obliqua</rs></rs> <note>1914</note>.<lb/>
                        (<rs type="text">Poemas <choice>
                            <abbr>Inters</abbr>
                            <expan>Inters<ex>eccionistas</ex></expan>
                        </choice></rs>)
                    </item>
                </list>
            </div>
        </body>
    </text>
</TEI>
