<?xml version="1.0" encoding="UTF-8"?>
<TEI xmlns="http://www.tei-c.org/ns/1.0">
   <teiHeader>
      <fileDesc>
         <titleStmt>
            <title>BNP/E3 48-9<hi rend="superscript">r</hi>
            </title>
            <author>
               <rs type="person" key="FP">Fernando Pessoa</rs>
            </author>
            <respStmt>
               <resp>Transcrição, Edição</resp>
               <name>Pedro Sepúlveda</name>
            </respStmt>
            <respStmt>
               <resp>Codificação</resp>
               <name>Ulrike Henny</name>
            </respStmt>
            <respStmt>
               <resp>Codificação</resp>
               <name>Isabel Figueiredo-Iken</name>
            </respStmt>
         </titleStmt>
         <publicationStmt>
            <publisher/>
            <idno type="filename">BNP_E3_48-9r.xml</idno>
         </publicationStmt>
         <sourceDesc>
            <msDesc>
               <msIdentifier>
                  <institution>Biblioteca Nacional de Portugal</institution>
                  <idno>BNP/E3 48-9r</idno>
               </msIdentifier>
               <msContents>
                  <msItemStruct>
                     <author>
                        <rs type="person" key="FP">Fernando Pessoa</rs>
                     </author>
                     <note type="genre">
                        <rs type="genre" key="lista_editorial">Lista editorial</rs>
                        <rs type="genre" key="plano_editorial">Plano editorial</rs>
                     </note>
                     <textLang mainLang="pt" otherLangs="en"/>
                  </msItemStruct>
               </msContents>
               <history>
                  <origin>
                     <p>
                        <origDate when="1916" cert="medium">c. 1916</origDate>
                     </p>
                  </origin>
               </history>
            </msDesc>
         </sourceDesc>
      </fileDesc>
   </teiHeader>
   <facsimile>
      <graphic url="bn-acpc-e-e3-48-1-56_JPG_24-C-R0150/bn-acpc-e-e3-48-1-56_0017_9_t24-C-R0150.jpg"
      />
   </facsimile>
   <text xml:id="bnp-e3-48-9r">
      <body>
         <div>
            <head><hi rend="red">Sensationist Anthology.</hi></head>
            <head><hi rend="red">compiled and prefaced by <rs type="person" key="P55">SHER HENAY</rs>.</hi></head>
            <list>
               <item>
                  <label>1.</label> <hi rend="underline"><rs type="person" key="P56">José de Almada-Negreiros</rs>:</hi>
                  <list>
                     <item><rs type="text">Frisos</rs>.</item>
                     <item><rs type="text">Coastline</rs>. <rs type="text">The Blue Square</rs>.</item>
                     <item><rs type="text">Scene of Hatred</rs>.</item>
                     <item><rs type="text">Portuguese Poems</rs>.</item>
                  </list>
               </item>
               <item>
                  <label>2.</label> <hi rend="underline"><rs type="person" key="FP" role="Author" style="b">Fernando Pessoa</rs>:</hi>
                  <list>
                     <item><rs type="text">The Sailor</rs>.</item>
                     <item><rs type="text">Slanting Rain</rs>.</item>
                     <item><rs type="text">Beyond God</rs>.</item>
                  </list>
               </item>
               <item>
                  <label>3.</label> <hi rend="underline"><rs type="person" key="P30">Mario de Sá-Carneiro</rs>:</hi>
                  <list>
                     <item><rs type="text">Alem</rs>.</item>
                     <item><rs type="text">Bailado</rs>.</item>
                     <item><rs type="text">Selections from the tales</rs>.</item>
                     <item><rs type="text">Selections from the Poems</rs>.</item>
                  </list>
               </item>
               <item>
                  <label>4.</label> <hi rend="underline"><rs type="person" key="P57">Pedro de Menezes</rs>:</hi>
                  <list>
                     <item>several poems.</item>
                  </list>
               </item>
               <item>
                  <label>5.</label> <hi rend="underline"><rs type="person" key="P37">Côrtes-Rodrigues</rs>:</hi>
                  <list>
                     <item>several poems.</item>
                  </list>
               </item>
               <item>
                  <label>6.</label> <hi rend="underline"><rs type="person" key="P58">Violante de Cysneiros</rs>:</hi>
                  <note>(certainly a pseudonym, but I have not been able to find<lb/> whose) (?)</note>
                  <list>
                     <item>some poems.</item>
                  </list>
               </item>
               <item>
                  <label>7.</label> <rs type="person" key="P59">Albino de Menezes</rs> <note>(?)</note>
               </item>
            </list>
         </div>
      </body>
   </text>
</TEI>
