<?xml version="1.0" encoding="UTF-8"?>
<TEI xmlns="http://www.tei-c.org/ns/1.0">
   <teiHeader>
      <fileDesc>
         <titleStmt>
            <title>BNP/E3 16A-50<hi rend="superscript">v</hi>
            </title>
            <author>
               <rs type="person" key="FP">Fernando Pessoa</rs>
            </author>
            <respStmt>
               <resp>Transcrição, Edição</resp>
               <name>Pedro Sepúlveda</name>
            </respStmt>
            <respStmt>
               <resp>Codificação</resp>
               <name>Ulrike Henny</name>
            </respStmt>
            <respStmt>
               <resp>Codificação</resp>
               <name>Isabel Figueiredo-Iken</name>
            </respStmt>
         </titleStmt>
         <publicationStmt>
            <publisher/>
            <idno type="filename">BNP_E3_16A-50v.xml</idno>
         </publicationStmt>
         <sourceDesc>
            <msDesc>
               <msIdentifier>
                  <institution>Biblioteca Nacional de Portugal</institution>
                  <idno>BNP/E3 16A-50v</idno>
               </msIdentifier>
               <msContents>
                  <msItemStruct>
                     <author>
                        <rs type="person" key="FP">Fernando Pessoa</rs>
                     </author>
                     <note type="genre">
                        <rs type="genre" key="lista_editorial">Lista editorial</rs>
                     </note>
                     <textLang mainLang="pt" otherLangs="en"/>
                  </msItemStruct>
               </msContents>
               <history>
                  <origin>
                     <p>
                        <origDate from="1913" to="1915">1913-1915</origDate>
                     </p>
                  </origin>
               </history>
            </msDesc>
         </sourceDesc>
      </fileDesc>
   </teiHeader>
   <facsimile>
      <graphic
         url="bn-acpc-e-e3-16a-1-71_JPG_24-C-R0150/bn-acpc-e-e3-16a-1-71_0100_50v_t24-C-R0150.jpg"/>
   </facsimile>
   <text xml:id="bnp-e3-16a-50v">
      <body>
         <div>
            <gap reason="selection" unit="lines" extent="9"/>
            <metamark rend="line" function="distinct"/>
            <list>
               <head><hi rend="underline">Cartas a escrever.</hi></head>
               <item>
                  <del rend="overstrike" n="2"><rs type="text">Pretoria. — Duas lembranças</rs>. </del>
               </item>
               <item>
                  <rs type="text"><rs type="person">Raul</rs> — Lausanne</rs>.
               </item>        
               <item>
                  <del rend="overstrike" n="2"><rs type="text"><rs type="person">Cunha Dias</rs> — and about his mother</rs>.</del>
               </item>
               <item>
                  <rs type="text"><rs type="person">Alvaro Pinto</rs> —<rs type="title"> <choice>
                     <abbr>re<am>.</am></abbr>
                     <expan>re<ex></ex>sposta</expan>
                  </choice> Marinheiro</rs>.</rs>
               </item>
               <item>
                  <del rend="overstrike" n="2"><rs type="text"><rs type="person">Garcia Pulido</rs> — <choice>
                     <abbr>re<am>.</am></abbr>
                     <expan>re<ex></ex>sposta</expan>
                  </choice> his book</rs>.</del>
               </item>
               <item>(<rs type="person">Frank</rs> &amp; <rs type="person">Cecil Palmer</rs>).</item>
            </list> 
            <gap reason="selection" unit="lines" extent="8"/>    
         </div>  
      </body>
   </text>
</TEI>
