<?xml version="1.0" encoding="UTF-8"?>
<TEI xmlns="http://www.tei-c.org/ns/1.0">
    <teiHeader>
        <fileDesc>
            <titleStmt>
                <title>BNP/E3 48G-26<hi rend="superscript">v</hi></title>
                <author>
                    <rs type="person" key="FP">Fernando Pessoa</rs>
                </author>
                <respStmt>
                    <resp>Transcrição, Edição</resp>
                    <name>Pedro Sepúlveda</name>
                </respStmt>
                <respStmt>
                    <resp>Codificação</resp>
                    <name>Ulrike Henny</name>
                </respStmt>
                <respStmt>
                    <resp>Codificação</resp>
                    <name>Isabel Figueiredo-Iken</name>
                </respStmt>
            </titleStmt>
            <publicationStmt>
                <publisher/>
                <idno type="filename">BNP_E3_48G-26v.xml</idno>
            </publicationStmt>
            <sourceDesc>
                <msDesc>
                    <msIdentifier>
                        <institution>Biblioteca Nacional de Portugal</institution>
                        <idno>BNP/E3 48G-26v</idno>
                    </msIdentifier>
                    <msContents>
                        <msItemStruct>
                            <author>
                                <rs type="person" key="FP">Fernando Pessoa</rs>
                            </author>
                            <note type="genre">
                                <rs type="genre" key="lista_editorial">Lista editorial</rs>
                                <rs type="genre" key="nota_editorial">Nota editorial</rs>
                            </note>
                            <textLang mainLang="pt"/>
                        </msItemStruct>
                    </msContents>
                    <history>
                        <origin>
                            <p>
                                <origDate from="1915" to="1916" cert="medium">c.
                                    1915-1916</origDate>
                            </p>
                        </origin>
                    </history>
                </msDesc>
            </sourceDesc>
        </fileDesc>
    </teiHeader>
    <facsimile>
        <graphic
            url="bn-acpc-e-e3-48g-1-37_JPG_24-C-R0150/bn-acpc-e-e3-48g-1-37_0052_26v_t24-C-R0150.jpg"
        />
    </facsimile>
    <text xml:id="x-48g-26v">
        <body>
            <div>
                <gap reason="selection" unit="lines" extent="2"/>
                <list>
                    <head><hi rend="underline">ATHENA</hi> (suppondo que é revista, como o <hi
                            rend="underline">Mercure</hi>): (500 <choice>
                            <abbr>rs</abbr>
                            <expan>r<ex>ei</ex>s</expan>
                        </choice>)</head>
                    <item>
                        <label>1.</label>
                        <rs type="person"><hi rend="underline">Antonio Móra</hi></rs> — <rs
                            type="text"><rs type="place">Allemanha</rs></rs>
                    </item>
                    <item>
                        <label>2.</label>
                        <rs type="work" key="O2"><rs type="person" key="AC" role="author"><hi
                                    rend="underline">Alberto Caeiro</hi></rs> — <rs type="text">O <choice>
                                    <abbr>G<am>.</am></abbr>
                                    <expan>G<ex>uardador</ex></expan>
                                </choice> de <choice>
                                    <abbr>R<am>.</am></abbr>
                                    <expan>R<ex>ebanhos</ex></expan>
                                </choice></rs></rs>
                    </item>
                    <item>
                        <label>3.</label> (<rs type="person">Leonardo Coimbra</rs> — <rs type="text"
                            >O Pensamento Criacionista</rs>). </item>
                    <item>
                        <label>4.</label> (<rs type="text">Literatura da guerra</rs>) </item>
                    <metamark rend="line" function="end"/>
                </list>
                <p>Estas paginas são destinadas a reunir todos os elementos<lb/> dispersos da cultura
                    nacional superior. São abertas a<lb/> todas as theorias, logo que estas sejam
                    originaes e original<pc>-</pc><lb/>mente postas.</p>
            </div>
        </body>
    </text>
</TEI>
