<?xml version="1.0" encoding="UTF-8"?>
<TEI xmlns="http://www.tei-c.org/ns/1.0">
    <teiHeader>
        <fileDesc>
            <titleStmt>
                <title>BNP/E3 48B 23<hi rend="superscript">r</hi>
                </title>
                <author>
                    <rs type="person" key="FP">Fernando Pessoa</rs>
                </author>
                <respStmt>
                    <resp>Transcrição, Edição</resp>
                    <name>Pedro Sepúlveda</name>
                </respStmt>
                <respStmt>
                    <resp>Modelagem de dados, Codificação</resp>
                    <name>Ulrike Henny</name>
                </respStmt>
                <respStmt>
                    <resp>Codificação</resp>
                    <name>Isabel Figueiredo-Iken</name>
                </respStmt>
                <respStmt>
                    <resp>Consultoria</resp>
                    <name>Institut für Dokumentologie und Editorik (IDE)</name>
                </respStmt>
            </titleStmt>
            <publicationStmt>
                <publisher>Universidade Nova de Lisboa, Instituto de Estudos de Literatura e Tradição (IELT)</publisher>
                <publisher>Cologne Center for eHumanities (CCeH)</publisher>
                <date>2016</date>
                <availability>
                    <licence target="http://creativecommons.org/licenses/by/3.0/"/>
                </availability>
                <idno type="filename">BNP_E3_48B-23r.xml</idno>
            </publicationStmt>
            <sourceDesc>
                <msDesc>
                    <msIdentifier>
                        <institution>Biblioteca Nacional de Portugal</institution>
                        <idno>BNP/E3 48B 23r</idno>
                    </msIdentifier>
                    <msContents>
                        <msItemStruct>
                            <author>
                                <rs type="person" key="FP">Fernando Pessoa</rs>
                            </author>
                            <note type="genre"><rs type="genre" key="lista_editorial">Lista
                                editorial</rs></note>
                            <textLang mainLang="en" otherLangs="pt la"/>
                        </msItemStruct>
                    </msContents>
                    <history>
                        <origin>
                            <p>
                                <origDate when="1921" cert="medium">c. 1921</origDate>
                            </p>
                        </origin>
                    </history>
                </msDesc>
            </sourceDesc>
        </fileDesc>
    </teiHeader>
    <facsimile>
        <graphic url="bn-acpc-e-e3-48b-1-158_JPG_24-C-R0150/bn-acpc-e-e3-48b-1-158_0046_23_t24-C-R0150.jpg"/>
    </facsimile>
    <text>
        <body>
            <div>
            <list>
                <head>
                    <hi rend="underline">Editions:</hi></head>
                <item>
                    <label>1.</label>
                    <rs type="person" key="P65">Shakespeare</rs>: <rs type="text">“A Tormenta”</rs>. – <choice>
                        <abbr>Trad<am>.</am>
                        </abbr>
                        <expan>Trad<ex>ucção</ex>
                        </expan>
                    </choice>
                    <rs type="person" key="FP" role="translator" style="b">Fernando Pessoa</rs>.
                </item>
                <item>
                    <label>2.</label>
                    <rs type="person" key="P17">Antonio Botto</rs>: <rs type="text">“Canções”</rs>. – 2ª edição.</item>
                <item>
                    <label>3.</label>
                    <rs type="text">“English Poems – I <choice>
                            <abbr>+</abbr>
                            <expan>and</expan>
                        </choice> II (Antinous, Inscriptions)”</rs> – <rs type="person" key="FP" role="author" style="b">
                        <choice>
                            <abbr>F<am>.</am>
                            </abbr>
                            <expan>F<ex>ernando</ex>
                            </expan>
                        </choice> Pessoa</rs>.
                </item>
                <item>
                    <label>4.</label>
                    <rs type="text">“How <rs type="person" key="P12">Napoleon</rs> never Existed”</rs> – <choice>
                        <abbr>transl<am>.</am>
                        </abbr>
                        <expan>transl<ex>ation</ex>
                        </expan>
                    </choice>
                    <rs type="person" key="P16">
                        <choice>
                            <abbr>T<am>.</am>
                            </abbr>
                            <expan>T<ex>homas</ex>
                            </expan>
                        </choice> Crosse</rs>.
                </item>
                <item>
                    <label>5.</label>
                    <rs type="text">“Essay on Political Suffrage”</rs> – <rs type="person" key="FP" role="author" style="b">Fernando Pessoa</rs>.
                </item>
                <item>
                    <label>6.</label>Williams <choice>
                            <abbr>x</abbr>
                            <expan>and</expan>
                        </choice> Norgate – Home University Library.</item>
                <item>
                    <label>7.</label>
                    <rs type="text">“Protocols of the Learned Elders of Zion”</rs> – with commentaries.
                    <metamark rend="line" function="addition" target="#A7">
                        <label>x</label>
                    </metamark>
                </item>
                <item>
                    <label>8.</label>
                    <rs type="text">Epigrammas Portugueses</rs>.</item>
                <item>
                    <label>9.</label>
                    <rs type="text">“Introdução ao Problema Portuguez”</rs>.</item>
                <item>
                    <label>10.</label>
                    <rs type="text">“Epithalamium, Five Songs”</rs>.</item>
            </list>
            <p xml:id="A7">
                <metamark function="addition-anchor">x</metamark> Reclames por annuncios, placards, circulares<lb/>
                (a padres e entidades analogas) — <metamark rend="line" function="addition" target="#A8"/>
            </p>
            <p>
                <rs type="person" key="P50">
                    <hi rend="underline">Homem Christo</hi>
                </rs> (his printing office).</p>
            <p xml:id="A8">Israel infandum <choice>
                    <abbr>n<am>.</am>
                    </abbr>
                    <expan>n<ex>efas</ex>
                    </expan>
                </choice>.<lb/>
           Prophecia de <rs type="person" key="P66">Lehnin</rs>
            </p>
            <p>
                <rs type="text">“Protocolos dos Sabios de Sião”</rs>, traduzidos e commentados<lb/>
                por <rs type="person" key="P67">A.L.R.</rs>
            </p>
            </div>
        </body>
    </text>
</TEI>