<TEI xmlns="http://www.tei-c.org/ns/1.0">
    <teiHeader>
        <fileDesc>
            <titleStmt>
                <title>BNP/E3 51-89<hi rend="superscript">r</hi></title>
                <author>
                    <rs type="person" key="FP">Fernando Pessoa</rs>
                </author>
                <respStmt>
                    <resp>Transcrição, Edição</resp>
                    <name>Pedro Sepúlveda</name>
                </respStmt>
                <respStmt>
                    <resp>Modelagem de dados, Codificação</resp>
                    <name>Ulrike Henny</name>
                </respStmt>
                <respStmt>
                    <resp>Codificação</resp>
                    <name>Isabel Figueiredo-Iken</name>
                </respStmt>
            </titleStmt>
            <publicationStmt>
                <publisher/>
                <idno type="filename">BNP_E3_51-89r.xml</idno>
            </publicationStmt>
            <sourceDesc>
                <msDesc>
                    <msIdentifier>
                        <institution>Biblioteca Nacional de Portugal</institution>
                        <idno>BNP/E3 51-89r</idno>
                    </msIdentifier>
                    <msContents>
                        <msItemStruct>
                            <author>
                                <rs type="person" key="FP">Fernando Pessoa</rs>
                            </author>
                            <note type="genre">
                                <rs type="genre" key="lista_editorial">Lista editorial</rs>
                                <rs type="genre" key="nota_editorial">Nota editorial</rs>
                            </note>
                            <textLang mainLang="pt"/>
                        </msItemStruct>
                    </msContents>
                    <history>
                        <origin>
                            <p>
                                <origDate when="1933-02-14" cert="medium">c. 14-2-1933</origDate>
                            </p>
                        </origin>
                    </history>
                </msDesc>
            </sourceDesc>
        </fileDesc>
    </teiHeader>
    <facsimile>
        <graphic
            url="bn-acpc-e-e3-51-1-106_JPG_24-C-R0150/bn-acpc-e-e3-51-1-106_0183_89_t24-C-R0150.jpg"
        />
    </facsimile>
    <text>
        <body>
            <div>
                <gap unit="words" extent="2" reason="selection"/>
                <delSpan spanTo="#A1" rend="overstrike"/>
                <list>
                    <item>
                        <label>1.</label>
                        <rs type="text"><rs type="place">Portugal</rs></rs>
                    </item>
                    <item>
                        <label>2.</label>
                        <rs type="work" key="O1" style="b"><rs type="text">Cancioneiro</rs></rs>, <choice>
                            <abbr>Liv<am>.</am>
                            </abbr>
                            <expan resp="UH">Liv<ex>ro</ex>
                            </expan>
                        </choice> I (100 poemas).
                    </item>
                    <item xml:id="I3">
                        <label>3.</label>
                        <rs type="text"><rs type="person" key="AC" role="author">Caeiro</rs></rs>
                        (só?).
                    </item>
                </list>
                <ab rend="right">(para 1933).</ab>
                <metamark rend="line" function="distinct"/>
                <p>
                    <metamark rend="arrow" function="note" target="#I3"/>a não ser que a revisão de
                        <rs type="text"><rs type="person" key="AC" role="author">Caeiro</rs></rs>
                    dê<lb/>muito que fazer.</p>
                <metamark rend="line" function="distinct"/>
                <anchor xml:id="A1" type="delSpanAnchor"/>
                <gap reason="selection" unit="lines" extent="16"/>
            </div>
        </body>
    </text>
</TEI>