<?xml-model href="http://www.tei-c.org/release/xml/tei/custom/schema/relaxng/tei_all.rng" type="application/xml" schematypens="http://relaxng.org/ns/structure/1.0"?><?xml-model href="http://www.tei-c.org/release/xml/tei/custom/schema/relaxng/tei_all.rng" type="application/xml"
	schematypens="http://purl.oclc.org/dsdl/schematron"?>
<TEI xmlns="http://www.tei-c.org/ns/1.0">
    <teiHeader>
        <fileDesc>
            <titleStmt>
                <title>BNP/E3 48C-28<hi rend="superscript">r</hi>
                </title>
                <author>
                    <rs type="person" key="FP">Fernando Pessoa</rs>
                </author>
                <respStmt>
                    <resp>Transcrição, Edição</resp>
                    <name>Pedro Sepúlveda</name>
                </respStmt>
                <respStmt>
                    <resp>Codificação</resp>
                    <name>Ulrike Henny</name>
                </respStmt>
                <respStmt>
                    <resp>Codificação</resp>
                    <name>Isabel Figueiredo-Iken</name>
                </respStmt>
            </titleStmt>
            <publicationStmt>
                <publisher/>
                <idno type="filename">BNP_E3_48C-28r.xml</idno>
            </publicationStmt>
            <sourceDesc>
                <msDesc>
                    <msIdentifier>
                        <institution>Biblioteca Nacional de Portugal</institution>
                        <idno>BNP/E3 48C-28r</idno>
                    </msIdentifier>
                    <msContents>
                        <msItemStruct>
                            <author>
                                <rs type="person" key="FP">Fernando Pessoa</rs>
                            </author>
                            <note type="genre">
                                <rs type="genre" key="lista_editorial">Lista editorial</rs>
                                <rs type="genre" key="plano_editorial">Plano editorial</rs>
                            </note>
                            <textLang mainLang="pt"/>
                        </msItemStruct>
                    </msContents>
                    <history>
                        <origin>
                            <p>
                                <origDate notAfter="1933-02">ant. Fev. 1933</origDate>
                            </p>
                        </origin>
                    </history>
                </msDesc>
            </sourceDesc>
        </fileDesc>
    </teiHeader>
    <facsimile>
        <graphic url="bn-acpc-e-e3-48c-1-50_JPG_24-C-R0150/bn-acpc-e-e3-48c-1-50_0067_28_t24-C-R0150.jpg"/>
    </facsimile>
    <text xml:id="bnp-e3-48c-28r">
        <body>
            <div>
                <list>
                    <item>
                        <list>
                            <head>
                                <rs type="text" xml:id="T1">O REGRESSO DOS DEUSES</rs> — I. <rs type="text" xml:id="T2">POEMAS COMPLETOS DE <rs type="person" key="AC" role="author">ALBERTO<lb/> CAEIRO</rs> (1889-1915)</rs>.</head>
                            <metamark rend="line" function="distinct"/>
                            <item>
                                <label>1.</label>
                                <rs type="text" xml:id="T3">Nota dos Editores</rs>.</item>
                            <item>
                                <label>2.</label>
                                <rs type="text" xml:id="T4">Prefacio do <rs type="person" key="RR" role="author">Dr. Ricardo Reis</rs>
                                </rs>.</item>
                            <item>
                                <label>3.</label>
                                <rs type="text" xml:id="T5">Poemas Completos de <rs type="person" key="AC" role="author">Alberto Caeiro</rs>
                                </rs>:
                                <list>
                                    <item>
                                        <label>I.</label>
                                        <rs type="work" key="O2"><rs type="text" xml:id="T6">O Guardador de Rebanhos</rs></rs>
                                    </item>
                                    <item>
                                        <label>II.</label>
                                        <rs type="title" xml:id="T7">O Pastor Amoroso</rs>
                                    </item>
                                    <item>
                                        <label>III.</label>
                                        <rs type="work" key="O3"><rs type="title" xml:id="T8">Poemas Inconjunctos</rs></rs>
                                    </item>
                                </list>
                            </item>
                            <item>
                                <label>4.</label>
                                <anchor xml:id="A1"/>
                                <rs type="text" xml:id="T9">Natividade de <rs type="person" key="AC" role="topic">Alberto Caeiro</rs>
                                </rs>, por <rs type="person" key="FP" role="author">Fernando Pessoa</rs>.
                                <anchor xml:id="A2"/>
                            </item>
                            <item>
                                <label>5.</label>
                                <anchor xml:id="A3"/>
                                <rs type="title" xml:id="T10">Notas para a recordação do meu mestre <rs type="person" key="AC" role="topic">Caeiro</rs>
                                </rs>,<lb/> por <rs type="person" key="AdC" role="author">Alvaro de Campos</rs>.
                                <anchor xml:id="A4"/>
                            </item>
                        </list>
                    </item>
                    <metamark rend="line" function="distinct"/>
                    <item>
                        <list>
                            <head>
                                <rs type="text" corresp="#T1">O REGRESSO DOS DEUSES</rs> - II. <rs type="text" xml:id="T11">
                                    <rs type="person" key="RR" role="author">RICARDO REIS</rs>, ODES, LIV. <lb/>I-III</rs>.</head>
                            <item/>
                        </list>
                    </item>
                    <metamark rend="line" function="distinct"/>
                    <item>
                        <list>
                            <head>
                                <rs type="text" corresp="#T1">O REGRESSO DOS DEUSES</rs> - III. <rs type="text" xml:id="T12">ACCESSORIOS</rs>, <rs type="text" xml:id="T13">POEMAS DE<lb/>
                                    <rs type="person" key="AdC" role="author">ALVARO DE CAMPOS</rs>
                                </rs>
                            </head>
                            <item/>
                        </list>
                    </item>
                    <metamark rend="line" function="distinct"/>
                </list>
                <spanGrp>
                    <span type="partOf" target="#T2 #T1" />
                    <span type="partOf" target="#T3 #T2" />
                    <span type="partOf" target="#T4 #T2" />
                    <span type="partOf" target="#T5 #T2" />
                    <span type="partOf" target="#T6 #T5" />
                    <span type="partOf" target="#T7 #T5" />
                    <span type="partOf" target="#T8 #T5" />
                    <span type="partOf" target="#T9 #T2" />
                    <span type="partOf" target="#T10 #T2" />
                    <span type="partOf" target="#T11 #T1" />
                    <span type="partOf" target="#T12 #T1" />
                    <span type="partOf" target="#T13 #T1" />
                    <span type="correlation" from="#A1" to="#A2"/>
                    <span type="correlation" from="#A3" to="#A4"/>
                </spanGrp>
            </div>
        </body>
    </text>
</TEI>