<?xml-model href="http://www.tei-c.org/release/xml/tei/custom/schema/relaxng/tei_all.rng" type="application/xml" schematypens="http://relaxng.org/ns/structure/1.0"?><?xml-model href="http://www.tei-c.org/release/xml/tei/custom/schema/relaxng/tei_all.rng" type="application/xml"
	schematypens="http://purl.oclc.org/dsdl/schematron"?>
<TEI xmlns="http://www.tei-c.org/ns/1.0">
    <teiHeader>
        <fileDesc>
            <titleStmt>
                <title>BNP/E3 8-3<hi rend="superscript">v</hi>
                </title>
                <author>
                    <rs type="person" key="FP">Fernando Pessoa</rs>
                </author>
                <respStmt>
                    <resp>Transcrição, Edição</resp>
                    <name>Pedro Sepúlveda</name>
                </respStmt>
                <respStmt>
                    <resp>Codificação</resp>
                    <name>Ulrike Henny</name>
                </respStmt>
                <respStmt>
                    <resp>Codificação</resp>
                    <name>Isabel Figueiredo-Iken</name>
                </respStmt>
            </titleStmt>
            <publicationStmt>
                <idno type="filename">BNP_E3_8-3v.xml</idno>
            </publicationStmt>
            <sourceDesc>
                <msDesc>
                    <msIdentifier>
                        <institution>Biblioteca Nacional de Portugal</institution>
                        <idno>BNP/E3 8-3v</idno>
                    </msIdentifier>
                    <msContents>
                        <msItemStruct>
                            <author>
                                <rs type="person" key="FP">Fernando Pessoa</rs>
                            </author>
                            <note type="genre">
                                <rs type="genre" key="lista_editorial">Lista editorial</rs>
                            </note>
                            <textLang mainLang="pt" otherLangs="en fr"/>
                        </msItemStruct>
                    </msContents>
                    <history>
                        <origin>
                            <p>
                                <origDate when="1914" cert="medium">c. 1914</origDate>
                            </p>
                        </origin>
                    </history>
                </msDesc>
            </sourceDesc>
        </fileDesc>
    </teiHeader>
    <facsimile>
        <graphic url="bn-acpc-e-e3-8-1-13_JPG_24-C-R0150/bn-acpc-e-e3-8-1-13_0006_3v_t24-C-R0150.jpg"/>
    </facsimile>
    <text xml:id="bnp-e3-8-3v">
        <body>
            <div>
                <list>
                    <item>
                        <label>1.</label>
                        <rs type="work" key="O2">
                        <rs type="person" key="AC" role="author">
                            <hi rend="underline">Alberto Caeiro</hi>
                        </rs> – “<rs type="text">O Guardador de Rebanhos</rs>.”
                        </rs>
                    </item>
                    <item>
                        <label>2.</label>
                        <anchor xml:id="A1"/>
                        <rs type="text">Entrevista com <rs type="person" key="AC" role="topic">
                                <choice>
                                    <abbr>A<am>.</am>
                                    </abbr>
                                    <expan resp="UH">A<ex>lberto</ex>
                                    </expan>
                                </choice> Caeiro</rs>
                        </rs>, talvez no <rs type="journal" key="J7">
                            <hi rend="underline">Theatro</hi>
                        </rs>.
                        <anchor xml:id="A2"/>
                    </item>
                    <item>
                        <label>3.</label>
                        <anchor xml:id="A3"/>
                        <rs type="text">Artigo sobre <rs type="person" key="AC" role="topic">
                                <choice>
                                    <abbr>A<am>.</am>
                                    </abbr>
                                    <expan resp="UH">A<ex>lberto</ex>
                                    </expan>
                                </choice> Caeiro</rs>
                        </rs>, n’ <rs type="journal" key="J5">
                            <hi rend="underline">A Aguia</hi>
                        </rs>
                        <anchor xml:id="A4"/>
                    </item>
                    <item>
                        <label>4.</label>
                        <anchor xml:id="A5"/>
                        <rs type="text">Artigo sobre <rs type="person" key="AC" role="topic">Caeiro</rs>
                        </rs> no “<rs type="journal" key="J8">
                            <choice>
                                <abbr>T<am>.</am>
                                </abbr>
                                <expan resp="UH">T<ex>homas</ex>
                                </expan>
                            </choice>
                            <choice>
                                <abbr>P<am>.</am>
                                </abbr>
                                <expan resp="UH">P<ex>ower</ex>
                                </expan>
                            </choice>’s Weekly.</rs>” – ?.
                        <anchor xml:id="A6"/>
                    </item>
                    <item>
                        <label>5.</label>
                        <rs type="work" key="O2">
                        <choice>
                            <abbr>Trad<am>.</am>
                            </abbr>
                            <expan resp="UH">Trad<ex>ucção</ex>
                            </expan>
                        </choice> de <rs type="person" key="AC" role="author">
                            <choice>
                                <abbr>A<am>.</am>
                                </abbr>
                                <expan resp="UH">A<ex>lberto</ex>
                                </expan>
                            </choice>
                            <choice>
                                <abbr>C<am>.</am>
                                </abbr>
                                <expan resp="UH">C<ex>aeiro</ex>
                                </expan>
                            </choice>
                        </rs> – <rs type="text">
                            <hi rend="underline">The Keeper of Sheep</hi>
                        </rs>
                        </rs>
                    </item>
                    <item>
                        <label>6.</label>
                        <rs type="work" key="O2">
                        <choice>
                            <abbr>
                                <metamark rend="line" function="ditto"/>
                            </abbr>
                            <expan>Traducção de <rs type="person" key="AC" role="author">Alberto Caeiro</rs>
                            </expan>
                        </choice> – 
                        <rs type="text">
                            <hi rend="underline">Le Gardien d<choice>
                                    <seg n="1">es</seg>
                                    <seg n="2">
                                        <add place="above">e</add>
                                    </seg>
                                </choice> Troupeaux</hi>
                        </rs>
                        </rs>
                    </item>
                    <item>
                        <label>7.</label> Tentar 
                        <anchor xml:id="A7"/>
                        <rs type="text" xml:id="T1">artigo no <rs type="journal" key="J6">
                            <hi rend="underline">Mercure de France</hi></rs>, 
                            sobre<lb/>
                            <rs type="person" key="AC" role="topic">Alberto Caeiro</rs>
                        </rs>.
                        <anchor xml:id="A8"/>
                    </item>
                </list>
                <gap reason="selection" unit="lines" extent="3"/>
                <spanGrp>
                    <span type="correlation" from="#A1" to="#A2"/>
                    <span type="correlation" from="#A3" to="#A4"/>
                    <span type="correlation" from="#A5" to="#A6" cert="medium"/>
                    <span type="correlation" from="#A7" to="#A8"/>
                </spanGrp>
            </div>
        </body>
    </text>
</TEI>