<?xml version="1.0" encoding="UTF-8"?>
<TEI xmlns="http://www.tei-c.org/ns/1.0">
   <teiHeader>
      <fileDesc>
         <titleStmt>
            <title>BNP/E3 48-3<hi rend="superscript">r</hi></title>
            <author>
               <rs type="person" key="FP">Fernando Pessoa</rs>
            </author>
            <respStmt>
               <resp>Transcrição, Edição</resp>
               <name>Pedro Sepúlveda</name>
            </respStmt>
            <respStmt>
               <resp>Codificação</resp>
               <name>Ulrike Henny</name>
            </respStmt>
            <respStmt>
               <resp>Codificação</resp>
               <name>Isabel Figueiredo-Iken</name>
            </respStmt>
         </titleStmt>
         <publicationStmt>
            <publisher/>
            <idno type="filename">BNP_E3_48-3r.xml</idno>
         </publicationStmt>
         <sourceDesc>
            <msDesc>
               <msIdentifier>
                  <institution>Biblioteca Nacional de Portugal</institution>
                  <idno>BNP/E3 48-3r</idno>
               </msIdentifier>
               <msContents>
                  <msItemStruct>
                     <author>
                        <rs type="person" key="FP">Fernando Pessoa</rs>
                     </author>
                     <note type="genre">
                        <rs type="genre" key="lista_editorial">Lista editorial</rs>
                        <rs type="genre" key="plano_editorial">Plano editorial</rs>
                     </note>
                     <textLang mainLang="pt" otherLangs="en"/>
                  </msItemStruct>
               </msContents>
               <history>
                  <origin>
                     <p>
                        <origDate from="1915" to="1916" cert="medium">c. 1915-1916</origDate>
                     </p>
                  </origin>
               </history>
            </msDesc>
         </sourceDesc>
      </fileDesc>
   </teiHeader>
   <facsimile>
      <graphic url="bn-acpc-e-e3-48-1-56_JPG_24-C-R0150/bn-acpc-e-e3-48-1-56_0005_3_t24-C-R0150.jpg"
      />
   </facsimile>
   <text xml:id="bnp-e3-48-3r">
      <body>
         <div>
            <head><hi rend="underline">Portuguese Anthology.</hi></head>
            <list>
               <item>
                  <rs type="person" key="P25">Guerra Junqueiro</rs>: <rs type="text">Oração á Luz</rs>.<lb/>
                  <rs type="text">Canção Perdida</rs>.
               </item>
               <item>
                  <hi rend="underline"><rs type="person" key="P52">Teixeira de Pascoaes</rs></hi>: 
                  <rs type="text">Elegia</rs>.
               </item>
               <item>
                  <hi rend="underline"><rs type="person" key="P53">Antonio Nobre</rs></hi>: 
                  <supplied resp="PS" reason="omitted-in-original"/>
               </item>
               <item>
                  <hi rend="underline"><rs type="person" key="P26">Cesario Verde</rs></hi>: 
                  <supplied resp="PS" reason="omitted-in-original"/>
               </item>
               <item>
                  <rs type="work" key="O4-13"><hi rend="underline">
                     <rs type="person" key="AdC" role="author">Alvaro de Campos</rs>
                  </hi>: <rs type="text">Opiario</rs></rs>.<lb/>
                  <rs type="work" key="O4-12"><rs type="text">Ode Triumphal</rs></rs>.
               </item>
               <item>
                  <hi rend="underline">Two Sensationists</hi>: 
                  <rs type="work" key="O1-9"><rs type="person" key="FP" role="author" style="a">
                     <choice>
                           <abbr>F</abbr>
                           <expan>F<ex>ernando</ex></expan>
                        </choice>
                     <choice>
                           <abbr>P</abbr>
                           <expan>P<ex>essôa</ex></expan>
                        </choice></rs>:
                  – <rs type="text">Chuva Obliqua</rs></rs>.<lb/>
                  <rs type="person" key="P30"><choice>
                     <abbr>S</abbr>
                     <expan>S<ex>á</ex>-</expan>
                  </choice><choice>
                     <abbr>C</abbr>
                     <expan>C<ex>arneiro</ex></expan>
                  </choice></rs> – <supplied resp="PS" reason="omitted-in-original"/>
               </item>
               <item>
                  <hi rend="underline"><rs type="person" key="P54">Eugenio de Castro</rs></hi>: (He was
                  ever a false “decadent”, being but<lb/> a morbid pagan.)<lb/>
                  <rs type="text">Epigraphe (<choice>
                     <abbr>S<am>.</am></abbr>
                     <expan>S<ex>ombra</ex></expan>
                  </choice> do Quadrante)</rs>
               </item>
            </list>
         </div>
      </body>
   </text>
</TEI>