<?xml version="1.0" encoding="UTF-8"?>
<TEI xmlns="http://www.tei-c.org/ns/1.0">
    <teiHeader>
        <fileDesc>
            <titleStmt>
                <title>BNP/E3 48D-13</title>
                <author>
                    <rs type="person" key="FP">Fernando Pessoa</rs>
                </author>
                <respStmt>
                    <resp>Transcrição, Edição</resp>
                    <name>Pedro Sepúlveda</name>
                </respStmt>
                <respStmt>
                    <resp>Codificação</resp>
                    <name>Ulrike Henny</name>
                </respStmt>
                <respStmt>
                    <resp>Codificação</resp>
                    <name>Isabel Figueiredo-Iken</name>
                </respStmt>
            </titleStmt>
            <publicationStmt>
                <idno type="filename">BNP_E3_48D-13.xml</idno>
            </publicationStmt>
            <sourceDesc>
                <msDesc>
                    <msIdentifier>
                        <institution>Biblioteca Nacional de Portugal</institution>
                        <idno>BNP/E3 48D-13</idno>
                    </msIdentifier>
                    <msContents>
                        <msItemStruct>
                            <author>
                                <rs type="person" key="FP">Fernando Pessoa</rs>
                            </author>
                            <note type="genre">
                                <rs type="genre" key="lista_editorial">Lista editorial</rs>
                            </note>
                            <textLang mainLang="pt"/>
                        </msItemStruct>
                    </msContents>
                    <history>
                        <origin>
                            <p>
                                <origDate when="1914-10-04" cert="medium">c. 4-10-1914</origDate>
                            </p>
                        </origin>
                    </history>
                </msDesc>
            </sourceDesc>
        </fileDesc>
    </teiHeader>
    <facsimile>
        <graphic url="bn-acpc-e-e3-48d-1-76_JPG_24-C-R0150/bn-acpc-e-e3-48d-1-76_0027_13_t24-C-R0150.jpg"/>
        <graphic url="bn-acpc-e-e3-48d-1-76_JPG_24-C-R0150/bn-acpc-e-e3-48d-1-76_0027_13v_t24-C-R0150.jpg" />
    </facsimile>
    <text xml:id="x-48d-13">
        <body>
            <div>
            <gap reason="selection" unit="number" extent="4"/>
            <list>
                <item>
                    <label>1.</label> <rs type="text">Ultimatum</rs> – <supplied resp="PS" reason="omitted-in-original"/>
                </item>
                <item>
                    <label>2</label> <rs type="text">Poesias <choice>
                        <abbr>inters<am>.</am></abbr>
                        <expan>inters<ex>eccionistas</ex></expan>
                    </choice> de <rs type="person" key="FP" role="author"><choice>
                        <abbr>F<am>.</am></abbr>
                        <expan>F<ex>ernando</ex></expan>
                    </choice>
                    <choice>
                        <abbr>P<am>.</am></abbr>
                        <expan>P<ex>essoa</ex></expan>
                    </choice></rs></rs>
                </item>
                <item>
                    <label>3</label> <rs type="text">Eu-proprio o outro</rs> – <rs type="person"><choice>
                        <abbr>M<am>.</am></abbr>
                        <expan>M<ex>ario</ex></expan>
                    </choice>
                    <choice>
                        <abbr>S</abbr>
                        <expan>S<ex>á</ex></expan>
                    </choice>-<choice>
                        <abbr>C<am>.</am></abbr>
                        <expan>C<ex>arneiro</ex></expan>
                    </choice></rs>
                </item>
                <item>
                    <label>4</label> <rs type="text">Poesias <choice>
                        <abbr>inters<am>.</am></abbr>
                        <expan>inters<ex>eccionistas</ex></expan>
                    </choice></rs> – <rs type="person"><choice>
                        <abbr>A</abbr>
                        <expan>A<ex>lfredo</ex></expan>
                    </choice>
                    <choice>
                        <abbr>P</abbr>
                        <expan>P<ex>edro</ex></expan>
                    </choice>
                    <choice>
                        <abbr>G</abbr>
                        <expan>G<ex>uisado</ex></expan>
                    </choice></rs>
                </item>
                <item>
                    <label>5</label> <rs type="text">Prosa <choice>
                        <abbr>int<am>.</am></abbr>
                        <expan>int<ex>erseccionista</ex></expan>
                    </choice> de <rs type="person"><choice>
                        <abbr>C</abbr>
                        <expan>C<ex>ôrtes</ex></expan>
                    </choice>-<choice>
                        <abbr>R<am>.</am></abbr>
                        <expan>R<ex>odrigues</ex></expan>
                    </choice></rs></rs>
                </item>
                <item>
                    <label>6</label> <rs type="text">Poesias <choice>
                        <abbr>int<am>.</am></abbr>
                        <expan>int<ex>erseccionistas</ex></expan>
                    </choice> de <rs type="person" key="AdC" role="author"><choice>
                        <abbr>A</abbr>
                        <expan>A<ex>lvaro</ex></expan>
                    </choice> de <choice>
                        <abbr>C<am>.</am></abbr>
                        <expan>C<ex>ampos</ex></expan>
                    </choice></rs></rs>
                </item>
                <item>
                    <label>7</label> <rs type="text">Prosa <choice>
                        <abbr>int<am>.</am></abbr>
                        <expan>int<ex>erseccionista</ex></expan>
                    </choice> de <rs type="person"><choice>
                        <abbr>A<am>.</am></abbr>
                        <expan>A<ex>lfredo</ex></expan>
                    </choice>
                    <choice>
                        <abbr>P<am>.</am></abbr>
                        <expan>P<ex>edro</ex></expan>
                    </choice> 
                    <choice>
                        <abbr>G<am>.</am></abbr>
                        <expan>G<ex>uisado</ex></expan>
                    </choice></rs></rs>
                </item>
                <item>
                    <label>8</label> <rs type="text">Poesia <choice>
                        <abbr>int</abbr>
                        <expan>int<ex>erseccionista</ex></expan>
                    </choice> de <rs type="person"><choice>
                        <abbr>C</abbr>
                        <expan>C<ex>ôrte</ex>s</expan>
                    </choice>-<choice>
                        <abbr>R<am>.</am></abbr>
                        <expan>R<ex>odrigues</ex></expan>
                    </choice></rs></rs>
                </item>
                <item>
                    <label>9</label> <rs type="text">Prosa <choice>
                        <abbr>int<am>.</am></abbr>
                        <expan>int<ex>erseccionista</ex></expan>
                    </choice> de <rs type="person">Coelho <choice>
                        <abbr>P<am>.</am></abbr>
                        <expan>Pacheco</expan>
                    </choice></rs></rs>
                </item>
                <item>
                    <label>10/11</label> <rs type="text">Poesias <choice>
                        <abbr>int<am>.</am></abbr>
                        <expan>int<ex>erseccionistas</ex></expan>
                    </choice> de <rs type="person">Ferro e<lb/> Mourão</rs>.</rs>
                </item>
                <item>
                    <label>12.</label>
                    <supplied resp="PS" reason="omitted-in-original"/>
                </item>
            </list>
            <pb />
            <list>
                <item>
                    <del rend="overstrike"><rs type="text">Ultimatum</rs>.</del>
                </item>
                <item>
                    <del rend="overstrike"><rs type="text">Além-Deus</rs> (?)</del>
                </item>
            </list>
            </div>
        </body>
    </text>
</TEI>
