<?xml-model href="http://www.tei-c.org/release/xml/tei/custom/schema/relaxng/tei_all.rng" type="application/xml" schematypens="http://relaxng.org/ns/structure/1.0"?><?xml-model href="http://www.tei-c.org/release/xml/tei/custom/schema/relaxng/tei_all.rng" type="application/xml"
	schematypens="http://purl.oclc.org/dsdl/schematron"?>
<TEI xmlns="http://www.tei-c.org/ns/1.0">
    <teiHeader>
        <fileDesc>
            <titleStmt>
                <title>BNP/E3 143-6<hi rend="superscript">r</hi>
                </title>
                <author>
                    <rs type="person" key="FP">Fernando Pessoa</rs>
                </author>
                <respStmt>
                    <resp>Transcrição, Edição</resp>
                    <name>Pedro Sepúlveda</name>
                </respStmt>
                <respStmt>
                    <resp>Codificação</resp>
                    <name>Ulrike Henny</name>
                </respStmt>
                <respStmt>
                    <resp>Codificação</resp>
                    <name>Isabel Figueiredo-Iken</name>
                </respStmt>
            </titleStmt>
            <publicationStmt>
                <publisher />
                <idno type="filename">BNP_E3_143-6r.xml</idno>
            </publicationStmt>
            <sourceDesc>
                <msDesc>
                    <msIdentifier>
                        <institution>Biblioteca Nacional de Portugal</institution>
                        <idno>BNP/E3 143-6r</idno>
                    </msIdentifier>
                    <msContents>
                        <msItemStruct>
                            <author>
                                <rs type="person" key="FP">Fernando Pessoa</rs>
                            </author>
                            <note type="genre">
                                <rs type="genre" key="lista_editorial">Lista editorial</rs>
                                <rs type="genre" key="nota_editorial">Nota editorial</rs>
                            </note>
                            <textLang mainLang="en" otherLangs="pt fr"/>
                        </msItemStruct>
                    </msContents>
                    <history>
                        <origin>
                            <p>
                                <origDate when="1919" cert="medium">c. 1919</origDate>
                            </p>
                        </origin>
                    </history>
                </msDesc>
            </sourceDesc>
        </fileDesc>
    </teiHeader>
    <facsimile>
        <graphic url="bn-acpc-e-e3-143-1-14_JPG_24-C-R0150/bn-acpc-e-e3-143-1-14_0011_6_t24-C-R0150.jpg"/>
    </facsimile>
    <text xml:id="bnp-e3-143-6r">
        <body>
            <div>
                <list>
                    <head>
                        <hi rend="underline">Possible articles by <rs type="person">Thomas Crosse</rs> (or some such):</hi>
                    </head>
                    <item>
                        <rs type="text">A conspectus of the <rs type="person">Columbus</rs> theories</rs> (see what<lb/>
                        the recent Italian re-Genoa one says).
                    </item>
                    <item>
                        <rs type="text">
                            <rs type="person">Diogo Pires</rs>
                        </rs>, otherwise <rs type="work">
                            <rs type="person">Solomon Molcho</rs>
                        </rs>.</item>
                    <item>
                        <rs type="text">The Myth of <rs type="person">King Sebastian</rs>
                        </rs>.</item>
                    <item>
                        <rs type="text">Biomancy</rs> (fairly <subst>
                            <del rend="overtyped" n="1">large</del>
                            <add place="above" n="2">big</add>
                        </subst> article)</item>
                    <item>
                        <rs type="text" next="#T2" xml:id="T1">Sophistry, or Curios Proofs and Arguments: from</rs>
                        <lb/>
                            <rs type="text" xml:id="T2" prev="#T1">the Greek Sophists</rs> (<choice>
                                <abbr>v<am>.</am>
                                </abbr>
                                <expan>v<ex>er</ex>?</expan>
                            </choice>
                            <rs type="person">Funck-Brentano</rs>, <rs type="text">Les<lb/> Sophistes Grecs</rs>) through medieval
                        sophists<lb/> and schoolmen, to modern sophists, includ<pc>-</pc>
                            <lb/>ing such theses
                        as <rs type="text">Comme Quoi <rs type="person">Napoléon</rs>
                                <supplied resp="PS" reason="omitted-in-original"> n’a Jamais Existé</supplied>
                            </rs>)
                            <lb/> (See whether some idea can be obtained of<lb/>
                            <rs type="text">Whately’s Historic
                        Doubts</rs>). (This article<lb/>can be divided into two – one on Sophistry
                        <lb/>Proper, the other on Curious Proofs and Ar<pc>-</pc>
                            <lb/>guments).
                    </item>
                    <item>
                        <rs type="text">Singularities of Language</rs>.</item>
                    <item>(<rs type="text">Historia tragico-Maritima</rs>) (or translate perhaps).</item>
                    <item>
                        <rs type="text">Tobacco / Tobacco in <rs type="place">Portugal</rs>
                        </rs> (special) ???</item>
                    <item>
                        <rs type="text">Freemansonry in <rs type="place">Portugal</rs>
                        </rs> (special) ?</item>
                    <item>
                        <rs type="text">Kings that will Return</rs>. (the general myth of which<lb/>
                        the one of <rs type="person">King Sebastian</rs> is a particular<lb/> case).
                    </item>
                    <item>
                        <rs type="text">The Epigram</rs>. (or a little book choosing them).</item>
                </list>
            </div>
        </body>
    </text>
</TEI>