<?xml version="1.0" encoding="UTF-8"?>
<TEI xmlns="http://www.tei-c.org/ns/1.0">
    <teiHeader>
        <fileDesc>
            <titleStmt>
                <title>BNP/E3 48G-33<hi rend="superscript">r</hi></title>
                <author>
                    <rs type="person" key="FP">Fernando Pessoa</rs>
                </author>
                <respStmt>
                    <resp>Transcrição, Edição</resp>
                    <name>Pedro Sepúlveda</name>
                </respStmt>
                <respStmt>
                    <resp>Codificação</resp>
                    <name>Ulrike Henny</name>
                </respStmt>
                <respStmt>
                    <resp>Codificação</resp>
                    <name>Isabel Figueiredo-Iken</name>
                </respStmt>
            </titleStmt>
            <publicationStmt>
                <idno type="filename">BNP_E3_48G-33r.xml</idno>
            </publicationStmt>
            <sourceDesc>
                <msDesc>
                    <msIdentifier>
                        <institution>Biblioteca Nacional de Portugal</institution>
                        <idno>BNP/E3 48G-33r</idno>
                    </msIdentifier>
                    <msContents>
                        <msItemStruct>
                            <author>
                                <rs type="person" key="FP">Fernando Pessoa</rs>
                            </author>
                            <note type="genre">
                                <rs type="genre" key="lista_editorial">Lista editorial</rs>
                            </note>
                            <textLang mainLang="pt"/>
                        </msItemStruct>
                    </msContents>
                    <history>
                        <origin>
                            <p>
                                <origDate when="1915" cert="medium">c. 1915</origDate>
                            </p>
                        </origin>
                    </history>
                </msDesc>
            </sourceDesc>
        </fileDesc>
    </teiHeader>
    <facsimile>
        <graphic
            url="bn-acpc-e-e3-48g-1-37_JPG_24-C-R0150/bn-acpc-e-e3-48g-1-37_0065_33_t24-C-R0150.jpg"
        />
    </facsimile>
    <text xml:id="x-48g-33r">
        <body>
            <div>
                <head><rs type="journal" key="J2"><hi rend="red">ATHENA</hi></rs> — Cadernos de Reconstrucção Pagã.</head>
                <table rows="2" cols="2">
                    <row>
                        <cell>Cada caderno de 64 a 128 paginas.</cell>
                        <cell>Preço: 300 reis (?)</cell>
                    </row>
                    <row>
                        <cell>Director: <rs type="person">Antonio Móra</rs>.</cell>  
                        <cell>Publicação irregular.</cell>
                    </row>
                </table>
                <metamark rend="line" function="distinct"/>
                <list>
                    <head><hi rend="red">Primeiro Caderno:</hi></head>
                    <item>
                        <rs type="text">Prefacio</rs> — <rs type="person">Antonio Móra</rs>.
                    </item>
                    <item>
                        <rs type="work" key="O2"><rs type="text">O Guardador de Rebanhos</rs> — Poemas — <rs type="person" key="AC" role="author">Alberto Caeiro</rs>.</rs>
                    </item>
                    <item>
                        <anchor xml:id="A1"/>
                        <rs type="text">Odes — <choice>
                            <abbr>Liv<am>.</am></abbr>
                            <expan>Liv<ex>ros</ex></expan>
                        </choice> I e II.</rs> — <rs type="person" role="author" key="RR">Ricardo Reis</rs>.
                        <anchor xml:id="A2"/>
                    </item>
                    <item>
                        <rs type="text">O Regresso dos Deuses</rs> — Estudo — <rs type="person">Antonio Móra</rs>.
                    </item>
                </list>
                <metamark rend="line" function="distinct"/>
                <list>
                    <head><hi rend="red">Segundo Caderno:</hi></head>
                    <item>
                        <rs type="text"><subst><del rend="overtyped">A</del><add>I</add></subst>ntroducção ao Estudo da Metaphysica</rs> — <rs type="person">Antonio Móra</rs>.
                    </item>
                </list>
                <metamark rend="line" function="distinct"/>
                <list>
                    <head><hi rend="red">Terceiro Caderno:</hi></head>
                    <item>
                        <anchor xml:id="A3"/>
                        <rs type="text">O Pastor Amoroso</rs> — Poemas — <rs type="person" key="AC" role="author">Alberto Caeiro</rs>.
                        <anchor xml:id="A4"/>
                    </item>
                    <item>
                        <anchor xml:id="A5"/>
                        <rs type="text">Odes — <choice>
                            <abbr>Liv<am>.</am></abbr>
                            <expan>Liv<ex>ros</ex></expan>
                        </choice> III.</rs> — <rs type="person" key="RR" role="author">Ricardo Reis</rs>. 
                        <anchor xml:id="A6"/>
                    </item>
                    <item>
                        <rs type="text">Milton Superior a Shakespeare</rs> — <rs type="person">Antonio Móra</rs>.
                    </item>
                    <metamark rend="line" function="distinct"/>
                </list>
                <list>
                    <head><hi rend="red">Quarto Caderno:</hi></head>
                    <item>
                        <rs type="text">Ensaio sobre a Disciplina</rs> — <rs type="person">Antonio Móra</rs>. 
                    </item>
                    <metamark rend="line" function="end"/>
                </list>
                <spanGrp>
                    <span type="correlation" from="#A1" to="#A2"/>
                    <span type="correlation" from="#A3" to="#A4"/>
                    <span type="correlation" from="#A5" to="#A6"/>
                </spanGrp>
            </div>
        </body>
    </text>
</TEI>
