<?xml version="1.0" encoding="UTF-8"?>
<TEI xmlns="http://www.tei-c.org/ns/1.0">
    <teiHeader>
        <fileDesc>
            <titleStmt>
                <title>BNP/E3 20-66<hi rend="superscript">r</hi></title>
                <author>
                    <rs type="person" key="FP">Fernando Pessoa</rs>
                </author>
                <respStmt>
                    <resp>Transcrição, Edição</resp>
                    <name>Pedro Sepúlveda</name>
                </respStmt>
                <respStmt>
                    <resp>Codificação</resp>
                    <name>Ulrike Henny</name>
                </respStmt>
                <respStmt>
                    <resp>Codificação</resp>
                    <name>Isabel Figueiredo-Iken</name>
                </respStmt>
            </titleStmt>
            <publicationStmt>
                <publisher/>
                <idno type="filename">BNP_E3_20-66r.xml</idno>
            </publicationStmt>
            <sourceDesc>
                <msDesc>
                    <msIdentifier>
                        <institution>Biblioteca Nacional de Portugal</institution>
                        <idno>BNP/E3 20-66r</idno>
                    </msIdentifier>
                    <msContents>
                        <msItemStruct>
                            <author>
                                <rs type="person" key="FP">Fernando Pessoa</rs>
                            </author>
                            <note type="genre">
                                <rs type="genre" key="lista_editorial">Lista
                                editorial</rs>
                                <rs type="genre" key="nota_editorial">Nota
                                    editorial</rs></note>
                            <textLang mainLang="pt" otherLangs="en la"/>
                        </msItemStruct>
                    </msContents>
                    <history>
                        <origin>
                            <p>
                                <origDate when="1918" cert="medium">c. 1918</origDate>
                            </p>
                        </origin>
                    </history>
                </msDesc>
            </sourceDesc>
        </fileDesc>
    </teiHeader>
    <facsimile>
        <graphic
            url="bn-acpc-e-e3-20-1-119_JPG_24-C-R0150/bn-acpc-e-e3-20-1-119_0131_66_t24-C-R0150.jpg"/>
    </facsimile>
    <text xml:id="bnp-e3-20-66r">
        <body>
           <div>
            <list> 
                <item>
                    <label>1.</label> <rs type="text">A Republica Nova</rs>.
                </item>
                <item>
                    <label>2.</label> <rs type="text">Open Letter</rs>.
                </item>        
                <item>
                    <label>3.</label> <rs type="text">Impermanence</rs>.
                </item>
                <item>
                    <label>4.</label> <rs type="text">Diálogos sobre a Tyrannia</rs>.
                </item>
                <item>
                    <label>5.</label> <rs type="text">Portugal</rs>.
                </item>
            </list>
            <metamark rend="line" function="distinct"/>
            <list>  
                <item>
                    <label>(a)</label> <rs type="person" key="AC" role="author">Caeiro</rs>.
                </item>
                <item>
                    <label>(b)</label> <rs type="text">O Regresso dos Deuses</rs> — <rs type="person" key="FP" role="author">Fernando Pessoa</rs>.
                </item>
                <item>
                    <label>(c)</label> <rs type="person" key="RR" role="author">
                        <choice>
                            <abbr>R</abbr>
                            <expan><ex>icardo</ex></expan>
                        </choice> Reis</rs>.
                </item>
                <item>
                    <label>(d)</label> <rs type="text">Prolegomenos a uma reformação do <choice>
                        <abbr>Pag<am>.</am></abbr>
                        <expan resp="UH">Pag<ex>anismo</ex></expan>
                    </choice></rs> — <rs type="person">Antonio Mora</rs>.
                </item>
                <item>
                    <label>(e)</label> <rs type="work" key="O3"><rs type="text">Novas Odes</rs> — <rs type="person" key="RR" role="author">
                    <choice>
                        <abbr>R</abbr>
                        <expan><ex>icardo</ex></expan>
                    </choice> Reis</rs></rs>.
                </item>
            </list>
            <metamark rend="line" function="distinct"/>
            <list> 
                <item>
                    <label>(a)</label> <rs type="text">Prometheus Revinctus</rs>.
                </item>
                <item>
                    <label>(b)</label> <rs type="text">Itinerario</rs>.
                </item>        
                <item>
                    <label>(c)</label> <rs type="text">Livro do Desassocego</rs>.
                </item>
                <item>
                    <label>(d)</label> <rs type="text">Ligéa</rs>.
                </item>
                <item>
                    <label>(e)</label> <rs type="text">D. Sebastião</rs>. 
                </item>
            </list>
           </div>
        </body>
    </text>
</TEI>
