<?xml version="1.0" encoding="UTF-8"?>
<TEI xmlns="http://www.tei-c.org/ns/1.0">
   <teiHeader>
      <fileDesc>
         <titleStmt>
            <title>BNP/E3 14E-64<hi rend="superscript">r</hi>
            </title>
            <author>
               <rs type="person" key="FP">Fernando Pessoa</rs>
            </author>
            <respStmt>
               <resp>Transcrição, Edição</resp>
               <name>Pedro Sepúlveda</name>
            </respStmt>
            <respStmt>
               <resp>Codificação</resp>
               <name>Ulrike Henny</name>
            </respStmt>
            <respStmt>
               <resp>Codificação</resp>
               <name>Isabel Figueiredo-Iken</name>
            </respStmt>
         </titleStmt>
         <publicationStmt>
            <publisher/>
            <idno type="filename">BNP_E3_14E-64r.xml</idno>
         </publicationStmt>
         <sourceDesc>
            <msDesc>
               <msIdentifier>
                  <institution>Biblioteca Nacional de Portugal</institution>
                  <idno>BNP/E3 14E-64r</idno>
               </msIdentifier>
               <msContents>
                  <msItemStruct>
                     <author>
                        <rs type="person" key="FP">Fernando Pessoa</rs>
                     </author>
                     <note type="genre">
                        <rs type="genre" key="lista_editorial">Lista editorial</rs>
                     </note>
                     <textLang mainLang="pt" otherLangs="en"/>
                  </msItemStruct>
               </msContents>
               <history>
                  <origin>
                     <p>
                        <origDate from="1902" to="1912">1902-1912</origDate>
                     </p>
                  </origin>
               </history>
            </msDesc>
         </sourceDesc>
      </fileDesc>
   </teiHeader>
   <facsimile>
      <graphic
         url="bn-acpc-e-e3-14e-1-96_JPG_24-c-R0150/bn-acpc-e-e3-14e-1-96_0127_64_t24-C-R0150.jpg"/>
   </facsimile>
   <text xml:id="bnp-e3-14e-64r">
      <body>
         <div>
            <list>
               <item>
                  <rs type="text">Defense of <rs type="person">Oscar Wilde</rs></rs>
               </item>
               <metamark rend="line" function="distinct"/>
               <item>
                  <del rend="overstrike"><rs type="text">Principio Aristocratico</rs></del>
               </item>
               <metamark rend="line" function="distinct"/>
               <item>
                  <del rend="overstrike"><rs type="text">A um revolucionario morto</rs></del>
               </item>
               <metamark rend="line" function="distinct"/>
               <item>
                  <rs type="text">A Linda Andorinha</rs>
               </item>
               <metamark rend="line" function="end"/>
            </list>
            <gap reason="selection" unit="lines" extent="8"/>
         </div>
      </body>
   </text>
</TEI>
