<?xml-model href="http://www.tei-c.org/release/xml/tei/custom/schema/relaxng/tei_all.rng" type="application/xml" schematypens="http://relaxng.org/ns/structure/1.0"?><?xml-model href="http://www.tei-c.org/release/xml/tei/custom/schema/relaxng/tei_all.rng" type="application/xml"
	schematypens="http://purl.oclc.org/dsdl/schematron"?>
<TEI xmlns="http://www.tei-c.org/ns/1.0">
    <teiHeader>
        <fileDesc>
            <titleStmt>
                <title>BNP/E3 137A-24<hi rend="superscript">r</hi></title>
                <author>
                    <rs type="person" key="FP">Fernando Pessoa</rs>
                </author>
                <respStmt>
                    <resp>Transcrição, Edição</resp>
                    <name>Pedro Sepúlveda</name>
                </respStmt>
                <respStmt>
                    <resp>Codificação</resp>
                    <name>Ulrike Henny</name>
                </respStmt>
                <respStmt>
                    <resp>Codificação</resp>
                    <name>Isabel Figueiredo-Iken</name>
                </respStmt>
            </titleStmt>
            <publicationStmt>
                <publisher/>
                <idno type="filename">BNP_E3_137A-24r.xml</idno>
            </publicationStmt>
            <sourceDesc>
                <msDesc>
                    <msIdentifier>
                        <institution>Biblioteca Nacional de Portugal</institution>
                        <idno>BNP/E3 137A-24r</idno>
                    </msIdentifier>
                    <msContents>
                        <msItemStruct>
                            <author>
                                <rs type="person" key="FP">Fernando Pessoa</rs>
                            </author>
                            <note type="genre">
                                <rs type="genre" key="lista_editorial">Lista editorial</rs>
                            </note>
                            <textLang mainLang="en" otherLangs="pt"/>
                        </msItemStruct>
                    </msContents>
                    <history>
                        <origin>
                            <p>
                                <origDate when="1921" cert="medium">c. 1921</origDate>
                            </p>
                        </origin>
                    </history>
                </msDesc>
            </sourceDesc>
        </fileDesc>
    </teiHeader>
    <facsimile>
        <graphic
            url="bn-acpc-e-e3-137a-1-100_JPG_24-C-R0150/bn-acpc-e-e3-137a-1-100_0047_24_t24-C-R0150.jpg"
        />
    </facsimile>
    <text xml:id="bnp-e3-137a-24r">
        <body>
            <div>
                <list>
                    <item>
                        <rs type="text">“English Poems, I &amp; II” (Antinous, Inscriptions)</rs>.
                            <rs type="person" key="FP" role="author" style="b">Fernando<lb/>Pessoa</rs>. 
                    </item>
                    <item>
                        <rs type="text">“English Poems, III &amp; IV” (Epithalamium, Five Songs)</rs>. 
                        <rs type="person" key="FP" role="author" style="b">Fer<pc>-</pc><lb/>nando Pessoa</rs>. 
                    </item>
                    <item>
                        <rs type="text">“English Poems, V.” (Elegy)</rs>. 
                        <rs type="person" key="FP" role="author" style="b">Fernando Pessoa</rs>. 
                    </item>
                    <item>
                        <rs type="text">“English Sonnets, Book I”</rs>. 
                        <rs type="person" key="FP" role="author" style="b">Fernando Pessoa</rs>. 
                    </item>
                    <item>
                        <rs type="text">“English Sonnets, Book II”</rs>. 
                        <rs type="person" key="FP" role="author" style="b">Fernando Pessoa</rs>. 
                    </item>
                    <item>
                        <rs type="text">“Theory of Political Suffrage”</rs>. 
                        <rs type="person" key="FP" role="author" style="b">Fernando Pessoa</rs>. 
                    </item>
                    <item>
                        <rs type="text">“Prometheus Revinctus – A Dramatic Poem<del rend="overtyped"
                                >s</del><add resp="PS">”</add></rs>
                        <rs type="person" key="FP" role="author" style="b">Fernando Pessoa</rs>. 
                    </item>
                    <item>
                        <rs type="text">“How <rs type="person" key="P12">Napoleon</rs> Never Exi<subst>
                                <del rend="overtyped">x</del>
                                <add place="superimposed">s</add>
                            </subst>ted”</rs>. (<rs type="person" key="P13">Pérès</rs>). <choice>
                            <abbr>Trad<am>.</am>
                            </abbr>
                            <expan resp="PS">Trad<ex>ucção</ex>
                            </expan>
                        </choice>
                        <supplied resp="PS" reason="omitted-in-original"/>
                    </item>
                    <item>
                        <rs type="text">“The Student of <rs type="place">Salamanca</rs>”</rs>. (<rs
                            type="person" key="P14">Espronceda</rs>). <choice>
                            <abbr>Trad<am>.</am>
                            </abbr>
                            <expan resp="PS">Trad<ex>ucção</ex>
                            </expan>
                        </choice>
                        <rs type="person" key="FP" role="translator" style="b">Fernando <lb/>
                            <seg rend="indent">Pessoa</seg>
                        </rs>. 
                    </item>
                    <item>
                        <anchor xml:id="A17"/>
                        <rs type="text">“Sonnets of <rs type="person" key="P15">Camoens</rs>”</rs>. <choice>
                            <abbr>Trad<am>.</am>
                            </abbr>
                            <expan resp="PS">Trad<ex>ucção</ex>
                            </expan>
                        </choice>
                        <rs type="person" key="FP" role="translator" style="b">Fernando Pessoa</rs>. 
                    </item>
                    <item>
                        <rs type="text">“Sonnets of Quental”</rs>. <choice>
                            <abbr>Trad<am>.</am>
                            </abbr>
                            <expan resp="PS">Trad<ex>ucção</ex>
                            </expan>
                        </choice>
                        <rs type="person" key="FP" role="translator" style="b">Fernando Pessoa</rs>. 
                    </item>
                    <item>
                        <rs type="work" key="O2" style="a">
                            <rs type="text">“Complete Poems of <rs type="person" key="AC"
                                    role="author">Alberto Caeiro</rs>”</rs></rs>. <choice>
                            <abbr>Trad<am>.</am>
                            </abbr>
                            <expan resp="PS">Trad<ex>ucção</ex>
                            </expan>
                        </choice>
                        <rs type="person" key="P16">Thomas Crosse</rs>. 
                    </item>
                    <item>
                        <rs type="text">“Songs”</rs> (<rs type="person" key="P17">Antonio Botto</rs>). <choice>
                            <abbr>Trad<am>.</am>
                            </abbr>
                            <expan resp="PS">Trad<ex>ucção</ex>
                            </expan>
                        </choice>
                        <supplied resp="PS" reason="omitted-in-original"/>
                    </item>
                    <item>
                        <rs type="text">“Songs from the Old Portuguese Song-Books”</rs>. <choice>
                            <abbr>Trad<am>.</am>
                            </abbr>
                            <expan resp="PS">Trad<ex>ucção</ex>
                            </expan>
                        </choice>
                        <rs type="person" key="FP" role="translator" style="b">Fernando <lb/>Pessoa</rs>. 
                    </item>
                    <item>
                        <rs type="text">“The Duke of Parma – A Tragedy”</rs>. <rs type="person"
                            key="FP" role="author" style="b">Fernando Pessoa</rs>. 
                    </item>
                    <item>
                        <rs type="text">“All About <rs type="place"
                            >Portugal</rs>”</rs>. <choice>
                            <abbr>Ed<am>.</am>
                            </abbr>
                            <expan resp="PS">Ed<ex>ição</ex>
                            </expan>
                        </choice>
                        <rs type="person" key="FP" role="editor" style="b">Fernando Pessoa</rs> (special). 
                    </item>
                    <item>
                        <rs type="journal" key="J3">“The Southern Review”</rs> (quarterly or
                        half-yearly). 
                    </item>
                </list>
            </div>
        </body>
    </text>
</TEI>
