<?xml version="1.0" encoding="UTF-8"?>
<TEI xmlns="http://www.tei-c.org/ns/1.0">
   <teiHeader>
      <fileDesc>
         <titleStmt>
            <title>BNP/E3 144T-52<hi rend="superscript">r</hi>
            </title>
            <author>
               <rs type="person" key="FP">Fernando Pessoa</rs>
            </author>
            <respStmt>
               <resp>Transcrição, Edição</resp>
               <name>Pedro Sepúlveda</name>
            </respStmt>
            <respStmt>
               <resp>Modelagem de dados, Codificação</resp>
               <name>Ulrike Henny</name>
            </respStmt>
            <respStmt>
               <resp>Consultoria</resp>
               <name>Institut für Dokumentologie und Editorik (IDE)</name>
            </respStmt>
         </titleStmt>
         <publicationStmt>
            <publisher>Universidade Nova de Lisboa, Instituto de Estudos de Literatura e Tradição (IELT)</publisher>
            <publisher>Cologne Center for eHumanities (CCeH)</publisher>
            <date>2016</date>
            <availability>
               <licence target="http://creativecommons.org/licenses/by/3.0/"/>
            </availability>
            <idno type="filename">BNP_E3_144T-52r.xml</idno>
         </publicationStmt>
         <sourceDesc>
            <msDesc>
               <msIdentifier>
                  <institution>Biblioteca Nacional de Portugal</institution>
                  <idno>BNP/E3 144T-52r</idno>
               </msIdentifier>
               <msContents>
                  <msItemStruct>
                     <author>
                        <rs type="person" key="FP">Fernando Pessoa</rs>
                     </author>
                     <note type="genre">
                        <rs type="genre" key="lista_editorial">Lista editorial</rs>
                     </note>
                     <textLang mainLang="pt" otherLangs="en"/>
                  </msItemStruct>
               </msContents>
               <history>
                  <origin>
                     <p>
                        <origDate from="1902" to="1912">1902-1912</origDate>
                     </p>
                  </origin>
               </history>
            </msDesc>
         </sourceDesc>
      </fileDesc>
   </teiHeader>
   <facsimile>
      <graphic url="bn-acpc-e-e3_144t_JPG_24-C-R0150/bn-acpc-e-e3_144t_0109_52r_t24-C-R0150.jpg"/>
   </facsimile>
   <text xml:id="bnp-e3-144t-52r">
      <body>
         <div>
            <list>
               <item xml:id="I1">
                  <del rend="overstrike">
                     <hi rend="underline"><rs type="person" key="P30">Mario</rs></hi>. <rs type="text">Data poema</rs>.</del>
               </item>        
               <item xml:id="I2">
                  <choice>
                     <abbr>—</abbr>
                     <expan>
                        <rs type="person" key="P30">Mario</rs>
                     </expan>
                  </choice>
                  <rs type="text"><abbr>L<am>.</am></abbr>
                   Kuhne Book</rs>.
                  <note target="range(I1,I3)" place="right" type="addition">
                     <metamark rend="vertical-lign" function="grouping"/> 
                     <label>Key to House.</label>
                  </note>
               </item>
               <item xml:id="I3">
                  <choice>
                     <abbr>—</abbr>
                     <expan>
                        <rs type="person" key="P30">Mario</rs>
                     </expan>
                  </choice> <supplied resp="PS" reason="omitted-in-original"/> 
               </item>
            </list>
            <list>
               <item xml:id="I4">
                  <hi rend="underline"><rs type="text">Ultimus Joculatorum</rs>.</hi><lb/> 
                  a Kind of Sartor<lb/>
                  Resartus — Instead of<lb/> <hi rend="underline"><rs type="text">Book of Friar Maurice</rs></hi>
                  <note place="left">or another good title</note>
               </item>
               <metamark rend="line" function="distinct"/>
               <item><rs type="text">The Nothingness Club</rs>.</item>
               <item><rs type="text">The Zero Club</rs>.</item>
            </list>
            <metamark rend="line" function="distinct"/>
            <ab><del rend="overstrike"><rs type="person" key="P31">Dr. E. Hy</rs></del></ab>
       </div>
      </body>
   </text>
</TEI>
