<?xml-model href="http://www.tei-c.org/release/xml/tei/custom/schema/relaxng/tei_all.rng" type="application/xml" schematypens="http://relaxng.org/ns/structure/1.0"?><?xml-model href="http://www.tei-c.org/release/xml/tei/custom/schema/relaxng/tei_all.rng" type="application/xml"
	schematypens="http://purl.oclc.org/dsdl/schematron"?>
<TEI xmlns="http://www.tei-c.org/ns/1.0">
    <teiHeader>
        <fileDesc>
            <titleStmt>
                <title>BNP/E3 7-29<hi rend="superscript">r</hi></title>
                <author>
                    <rs type="person" key="FP">Fernando Pessoa</rs>
                </author>
                <respStmt>
                    <resp>Transcrição, Edição</resp>
                    <name>Pedro Sepúlveda</name>
                </respStmt>
                <respStmt>
                    <resp>Codificação</resp>
                    <name>Ulrike Henny</name>
                </respStmt>
                <respStmt>
                    <resp>Codificação</resp>
                    <name>Isabel Figueiredo-Iken</name>
                </respStmt>
            </titleStmt>
            <publicationStmt>
                <idno type="filename">BNP_E3_7-29r.xml</idno>
            </publicationStmt>
            <sourceDesc>
                <msDesc>
                    <msIdentifier>
                        <institution>Biblioteca Nacional de Portugal</institution>
                        <idno>BNP/E3 7-29r</idno>
                    </msIdentifier>
                    <msContents>
                        <msItemStruct>
                            <author>
                                <rs type="person" key="FP">Fernando Pessoa</rs>
                            </author>
                            <note type="genre">
                                <rs type="genre" key="lista_editorial">Lista editorial</rs>
                            </note>
                            <textLang mainLang="pt" otherLangs="fr"/>
                        </msItemStruct>
                    </msContents>
                    <history>
                        <origin>
                            <p>
                                <origDate when="1913" cert="medium">c. 1913</origDate>
                            </p>
                        </origin>
                    </history>
                </msDesc>
            </sourceDesc>
        </fileDesc>
    </teiHeader>
    <facsimile>
        <graphic url="bn-acpc-e-e3-7-1-50_JPG_24-C-R0150/bn-acpc-e-e3-7-1-50_0059_29_t24-C-R0150.jpg"/>
    </facsimile>
    <text xml:id="x-7-29r">
        <body>
            <list>
                <item> — 2 idéas para o <rs type="work" key="O1"><rs type="text">
                        <choice>
                            <abbr>L<am>.</am>
                            </abbr>
                            <expan>L<ex>ivro</ex>
                            </expan>
                        </choice> do <choice>
                            <abbr>Des<am>.</am>
                            </abbr>
                            <expan>Des<ex>asocego</ex>
                            </expan>
                        </choice>
                    </rs></rs>
                </item>
                <metamark rend="line" function="distinct"/>
                <item>— Voto – Democracia – <seg>
                        <choice>
                            <abbr>Arist</abbr>
                            <expan>Arist<ex>ocracia</ex>
                            </expan>
                        </choice> (critica) 
               <add place="below">como se passa de uma idéa <lb/>de aristocracia a outra</add>
                    </seg>
                </item>
                <metamark rend="line" function="distinct"/>
                <item>— Patriotismo: deveres dos estadistas</item>
                <metamark rend="line" function="distinct"/>
                <item>
                    <rs type="person"><choice>
                        <abbr>J<am>.</am>
                        </abbr>
                        <expan>J<ex>esus</ex>
                        </expan>
                    </choice>
                    <choice>
                        <abbr>C<am>.</am>
                        </abbr>
                        <expan>C<ex>hristo</ex>
                        </expan>
                    </choice></rs> – um blagueur – as provas...<lb/>
                    <seg rend="indent">
                        <choice>
                            <abbr>Cf<am>.</am>
                            </abbr>
                            <expan resp="UH">C<ex>onfer</ex>
                            </expan>
                        </choice> 4 <rs type="person">
                            <choice>
                                <abbr>O<am>.</am>
                                </abbr>
                                <expan>O<ex>scar</ex>
                                </expan>
                            </choice>Wilde</rs>
                    </seg>
                </item>
                <metamark rend="line" function="distinct"/>
                <item>Crime patriotico – o canalha</item>
                <metamark rend="line" function="distinct"/>
            </list>
        </body>
    </text>
</TEI>