<?xml version="1.0" encoding="UTF-8"?>
<TEI xmlns="http://www.tei-c.org/ns/1.0">
    <teiHeader>
        <fileDesc>
            <titleStmt>
                <title>BNP/E3 22-77<hi rend="superscript">v</hi></title>
                <author>
                    <rs type="person" key="FP">Fernando Pessoa</rs>
                </author>
                <respStmt>
                    <resp>Transcrição, Edição</resp>
                    <name>Pedro Sepúlveda</name>
                </respStmt>
                <respStmt>
                    <resp>Modelagem de dados, Codificação</resp>
                    <name>Ulrike Henny</name>
                </respStmt>
                <respStmt>
                    <resp>Codificação</resp>
                    <name>Isabel Figueiredo-Iken</name>
                </respStmt>
                <respStmt>
                    <resp>Consultoria</resp>
                    <name>Institut für Dokumentologie und Editorik (IDE)</name>
                </respStmt>
            </titleStmt>
            <publicationStmt>
                <publisher>Universidade Nova de Lisboa, Instituto de Estudos de Literatura e Tradição (IELT)</publisher>
                <publisher>Cologne Center for eHumanities (CCeH)</publisher>
                <date>2016</date>
                <availability>
                    <licence target="http://creativecommons.org/licenses/by/3.0/"/>
                </availability>
                <idno type="filename">BNP_E3_22-77v.xml</idno>
            </publicationStmt>
            <sourceDesc>
                <msDesc>
                    <msIdentifier>
                        <institution>Biblioteca Nacional de Portugal</institution>
                        <idno>BNP/E3 22-77v</idno>
                    </msIdentifier>
                    <msContents>
                        <msItemStruct>
                            <author>
                                <rs type="person" key="FP">Fernando Pessoa</rs>
                            </author>
                            <note type="genre">
                                <rs type="genre" key="lista_editorial">Lista editorial</rs>
                            </note>
                            <textLang mainLang="pt"/>
                        </msItemStruct>
                    </msContents>
                    <history>
                        <origin>
                            <p>
                                <origDate when="1915-02-04">
                                    <hi rend="italic">c</hi>. 4-02-1915
                                </origDate>
                            </p>
                        </origin>
                    </history>
                </msDesc>
            </sourceDesc>
        </fileDesc>
    </teiHeader>
    <facsimile>
        <graphic url="bn-acpc-e-e3-22-1-110_JPG_24-C-R0150/bn-acpc-e-e3-22-1-110_0156_77v_t24-C-R0150.jpg"/>
    </facsimile>
    <text>
        <body>
            <div>
                <ab rend="right"><hi rend="underline"><rs type="journal" key="J35">Europa</rs>.</hi></ab>
                <list>
                    <item>
                        <label>1.</label> <rs type="text">Manifesto</rs>.
                    </item>
                    <item>
                        <label>2.</label> <rs type="text">O Marinheiro</rs>.
                    </item>
                    <item>
                        <label>3.</label> <rs type="text">O Mundo Interior</rs>.
                    </item>
                    <item>
                        <label>4.</label> <rs type="text">As Cinco Chagas de <rs type="person" key="P50">Christo</rs></rs>.
                    </item>
                    <item>
                        <label>5.</label>
                        (<rs type="person" key="P37">Côrtes-Rodrigues</rs>).
                    </item>
                </list>
                <metamark rend="line" function="distinct"/>
                <ab>
                    ((<rs type="person" key="AdC" role="author">Alvaro de Campos</rs>)).
                </ab>
                <metamark rend="line" function="end"/>
                <gap reason="selection" unit="line" extent="9"/>
            </div>
        </body>
    </text>
</TEI>