<?xml version="1.0" encoding="UTF-8"?>
<TEI xmlns="http://www.tei-c.org/ns/1.0">
    <teiHeader>
        <fileDesc>
            <titleStmt>
                <title>BNP/E3 93A-58<hi rend="superscript">r</hi></title>
                <author>
                    <rs type="person" key="FP">Fernando Pessoa</rs>
                </author>
                <respStmt>
                    <resp>Transcrição, Edição</resp>
                    <name>Pedro Sepúlveda</name>
                </respStmt>
                <respStmt>
                    <resp>Codificação</resp>
                    <name>Ulrike Henny</name>
                </respStmt>
                <respStmt>
                    <resp>Codificação</resp>
                    <name>Isabel Figueiredo-Iken</name>
                </respStmt>
            </titleStmt>
            <publicationStmt>
                <publisher/>
                <idno type="filename">BNP_E3_93A-58r.xml</idno>
            </publicationStmt>
            <sourceDesc>
                <msDesc>
                    <msIdentifier>
                        <institution>Biblioteca Nacional de Portugal</institution>
                        <idno>BNP/E3 93A-58r</idno>
                    </msIdentifier>
                    <msContents>
                        <msItemStruct>
                            <author>
                                <rs type="person" key="FP">Fernando Pessoa</rs>
                            </author>
                            <note type="genre">
                                <rs type="genre" key="lista_editorial">Lista editorial</rs>
                                <rs type="genre" key="nota_editorial">Nota editorial</rs>
                            </note>
                            <textLang mainLang="pt" otherLangs="en fr"/>
                        </msItemStruct>
                    </msContents>
                    <history>
                        <origin>
                            <p>
                                <origDate when="1919" cert="medium">c. 1919</origDate>
                            </p>
                        </origin>
                    </history>
                </msDesc>
            </sourceDesc>
        </fileDesc>
    </teiHeader>
    <facsimile>
        <graphic
            url="bn-acpc-e-e3-93a-1-71_JPG_24-C-R0150/bn-acpc-e-e3-93a-1-71_0120_58_t24-C-R0150.jpg"
        />
    </facsimile>
    <text xml:id="bnp-e3-93a-58r">
        <body>
            <div>
                <list> 
                    <item>
                        <rs type="text">Five Epistles to the Boeotians</rs> 
                        – <rs type="person" key="FP" role="author">Fernando Pessoa</rs>. <note>(5 <choice>
                                                                                              <abbr>nos<am>.</am></abbr>
                                                                                              <expan>n<ex>umer</ex>os</expan>
                                                                                            </choice>)</note>
                    </item>
                    <item>
                        <rs type="text">The Strange Death of Professor Antena</rs> 
                        – <rs type="person">Mario de Sá-Carneiro</rs>. <note>(1)</note>
                    </item>        
                    <item>
                        <rs type="work" key="O4-13"><rs type="text">Opiary</rs></rs>, <rs type="work" key="O4-12"><rs type="text">Triumphal Ode</rs></rs>, <rs type="work" key="O4-11"><rs type="text">Naval Ode</rs></rs> 
                        – <rs type="person" key="AdC" role="author">Alvaro de Campos</rs>. <note>(1, 2 or 3).</note>
                    </item>
                    <item>
                        <rs type="text">Portuguese Anthology</rs> <note>(beginning with extracts, text and transla<pc>-</pc><lb/>tions,
                        from the Cancioneiros, and then throughout Portuguese<lb/> both prose and poetic literature).</note> 
                            <note>(several <choice>
                                        <abbr>nos</abbr>
                                        <expan>n<ex>umer</ex>os</expan>
                                     </choice>.)</note> <note>(?)</note>
                    </item>
                    <item>
                        “<rs type="text">A Engommadeira</rs>” 
                        – <rs type="person" >José de Almada-Negreiros</rs>. 
                        <note>(1 or 2 <choice>
                                    <abbr>nos</abbr>
                                    <expan>n<ex>umer</ex>os</expan>
                                </choice>).</note> <note>(?)</note>
                    </item>
                    <item>
                        <rs type="text">Catullo da Paixão Cearense</rs>. 
                        <note>(<choice>
                                <abbr>trans<am>.</am></abbr>
                                <expan>trans<ex>lation</ex></expan>
                                </choice> <choice>
                                            <abbr>perh<am>.</am></abbr>
                                            <expan>perh<ex>aps</ex></expan>
                                          </choice> <choice>
                                                        <abbr>w<am>.</am></abbr>
                                                        <expan><ex>ith</ex></expan>
                                                    </choice> text)</note>
                        <note>(several <choice>
                                    <abbr>nos</abbr>
                                    <expan>n<ex>umer</ex>os</expan>
                                 </choice> ?)</note>
                    </item>
                    <item>
                        <rs type="text">A Man’s Death</rs> 
                        – <rs type="person">Joaquim Leitão</rs>. 
                        <note>(1 <choice>
                               <abbr>no</abbr>
                               <expan>n<ex>umer</ex>o</expan>
                           </choice>.)</note>
                    </item> 
                    <item>
                        (<rs type="text">Religions of Lusitania</rs>).
                    </item>
                    <item>
                        (<rs type="text">Part in the War</rs>, <note><choice>
                                            <abbr>writ</abbr>
                                            <expan>writ<ex>e</ex></expan>
                                          </choice> down with absolute frankness</note>).
                    </item>
                    <item>
                        (<rs type="text">The Problem of <rs type="place">Spanish Galicia</rs></rs> 
                        — <note>by someone <rs type="person"><choice>
                                                            <abbr>A</abbr>
                                                            <expan>A<ex>lfredo</ex></expan>
                                                         </choice> <choice>
                                                                    <abbr>P</abbr>
                                                                    <expan>P<ex>edro</ex></expan>
                                                                   </choice> <choice>
                                                                                <abbr>G</abbr>
                                                                                <expan>G<ex>uizado</ex></expan>
                                                                              </choice></rs> will obtain</note>)
                    </item>
                    <item>
                        (<rs type="text">The Catalonian problem</rs> 
                        – <note>by someone from <rs type="place">Barcelona</rs></note>) 
                        <note>(Or, per<pc>-</pc><lb/>haps, two articles, one on each side of the question, pre<pc>-</pc><lb/>ceded by 
                        an explanation of why a paper called <rs type="text">“<choice>
                                                                <abbr>P</abbr>
                                                                <expan>P<ex>ortugal</ex></expan>
                                                               </choice>”</rs> deals <lb/> with a Spanish matter)</note>.
                    </item>
                    <item>
                        <rs type="text"><rs type="person">Columbus</rs> a Galician</rs>.
                        <note>(The details concerning the “<rs type="place">Genoa</rs>” myth)</note><lb/>
                        <note>(Examine, however, other details concerning the <rs type="place">Beja</rs>, or <lb/> something like it, thesis).</note>
                    </item>
                    <item>
                        <rs type="text">Editorial article on <rs type="person"><choice>
                                                <abbr>S</abbr>
                                                <expan>S<ex>idonio</ex></expan>
                                            </choice> <choice>
                                                        <abbr>P</abbr>
                                                        <expan>P<ex>ais</ex></expan>
                                                      </choice></rs> and on his presidency</rs>, perhaps a succint <lb/>
                        exposition of <hi rend="underline">S do S</hi>; or an <rs type="text">article on the Political Situa<pc>-</pc><lb/>tion 
                        in<rs type="place">Portugal</rs></rs>.
                    </item>
                    <item>
                        “<rs type="text">Octavio</rs>” (A Play in three acts) 
                        – <rs type="person" >Victoriano Braga</rs>. 
                        <note>(1 <choice><abbr>no<am>.</am></abbr>
                            <expan>n<ex>umer</ex>o</expan>
                           </choice>)</note>
                    </item>
                    <item>
                        <rs type="text">The Horoscope of <rs type="place">Portugal</rs></rs>.
                    </item>
                    <item>
                        <rs type="text">The Myth of King Sebastian</rs>.
                    </item>
                    <item>
                        <rs type="text">Personal Jokes</rs>./ 
                        <note>(Jokes about Portuguese personalities or by <lb/> them, from <rs type="person">Bocage</rs> 
                        and <rs type="person">Dr. Assis</rs> to really decent people).</note>
                    </item>
                    <item>
                        <rs type="text">Objectionable Personalia</rs>. (Scandal...)
                    </item>
                </list>
            </div>
        </body>
    </text>
</TEI>
