<?xml version="1.0" encoding="UTF-8"?>
<TEI xmlns="http://www.tei-c.org/ns/1.0">
   <teiHeader>
      <fileDesc>
         <titleStmt>
            <title>BNP/E3 55E-94<hi rend="superscript">v</hi>
            </title>
            <author>
               <rs type="person" key="FP">Fernando Pessoa</rs>
            </author>
            <respStmt>
               <resp>Transcrição, Edição</resp>
               <name>Pedro Sepúlveda</name>
            </respStmt>
            <respStmt>
               <resp>Codificação</resp>
               <name>Ulrike Henny</name>  
            </respStmt>
            <respStmt>
               <resp>Codificação</resp>
               <name>Isabel Figueiredo-Iken</name>  
            </respStmt>
         </titleStmt>
         <publicationStmt>
            <publisher/>
            <idno type="filename">BNP_E3_55E-94v.xml</idno>
         </publicationStmt>
         <sourceDesc>
            <msDesc>
               <msIdentifier>
                  <institution>Biblioteca Nacional de Portugal</institution>
                  <idno>BNP/E3 55E-94v</idno>
               </msIdentifier>
               <msContents>
                  <msItemStruct>
                     <author>
                        <rs type="person" key="FP">Fernando Pessoa</rs>
                     </author>
                     <note type="genre">
                        <rs type="genre" key="lista_editorial">Lista editorial</rs>
                     </note>
                     <textLang mainLang="pt"/>
                  </msItemStruct>
               </msContents>
               <history>
                  <origin>
                     <p>
                        <origDate from="1920" to="1927">1920-1927</origDate>
                     </p>
                  </origin>
               </history>
            </msDesc>
         </sourceDesc>
      </fileDesc>
   </teiHeader>
   <facsimile>
      <graphic
         url="bn-acpc-e-e3-55e-1-100_JPG_24-C-R0150/bn-acpc-e-e3-55e-1-100_0191_94v_t24-C-R0150.jpg"
      />
   </facsimile>
   <text xml:id="bnp-e3-55e-94v">
      <body>
        <div>
           <list>
              <item>
                 <label>I —</label>
                 <list>
                    <item>
                       <label>1.</label>
                       Prefacio. — <note place="right"><subst>
                          <del n="1" rend="overstrike">3 a 4 </del> 
                          <add n="2">4</add>
                       </subst></note>
                    </item>
                    <item>
                       <label>2.</label>
                       <rs type="text">Gladio</rs>. — <note place="right">
                          <subst>
                             <del n="1" rend="overstrike">1</del>
                             <add n="2">1</add>
                          </subst>
                       </note>
                    </item>
                    <item>
                       <label>3.</label>
                       <rs type="text">Auto do Circo</rs>.	— <supplied resp="PS" reason="omitted-in-original"/>
                    </item>
                    <item>
                       <note place="left">(?) —</note>
                       <label>4.</label>
                       <rs type="text">Theoria da Orthographia<lb/> Portugueza</rs>	— <supplied resp="PS" reason="omitted-in-original"/>
                    </item>
                    <item>
                       <label>5.</label>
                       <rs type="text">O Corvo</rs> (<rs type="person">Poe</rs>) — <note place="right">3</note>
                    </item>
                    <item>
                       <label>6.</label>
                       <rs type="text">Epigramas</rs>	— <note place="right">4</note>
                    </item>
                    <item>
                       <label>7.</label>
                       <rs type="text">Uma Entrevista</rs>.	— <note place="right">3</note>
                    </item>
                    <item>
                       <label>8.</label>
                       <abbr>Merc<am>.</am></abbr> Acephalo	— <note place="right">1</note>
                    </item>
                 </list>
              </item>
           </list>
           <metamark rend="line" function="distinct"/>
           <list>
              <item>
                 <label>II —</label>
                 <hi rend="underline">Antidoto</hi>.
              </item>
           </list>
           <metamark rend="vertical lign" function="distinct"/>
           <table>
              <row>
                 <cell>1.</cell>
                 <cell>
                    <choice>
                       <abbr><metamark rend="line" function="placeholder"/></abbr>
                       <expan>Prefacio.</expan>
                    </choice>
                 </cell>
                 <cell>1 3/4</cell>
                 <cell rows="2">
                    <metamark rend="curly bracket" function="sum"/>
                    2
                 </cell>
              </row>
              <row>
                 <cell>2.</cell>
                 <cell>
                    <choice>
                       <abbr><metamark rend="line" function="placeholder"/></abbr>
                       <expan>Gladio.</expan>
                    </choice>
                 </cell>
                 <cell>1/4</cell>
              </row>
              <row>
                 <cell>3.</cell>
                 <cell>
                    <choice>
                       <abbr><metamark rend="line" function="placeholder"/></abbr>
                       <expan>Auto do Circo.</expan>
                    </choice>
                 </cell>
                 <cell rows="2" cols="2"/>
              </row>
              <row>
                 <cell>4.</cell>
                 <cell>
                    <choice>
                       <abbr><metamark rend="line" function="placeholder"/></abbr>
                       <expan>Theoria da Orthographia Portugueza.</expan>
                    </choice>
                 </cell>
              </row>
              <row>
                 <cell>5.</cell>
                 <cell>
                    <choice>
                       <abbr><metamark rend="line" function="placeholder"/></abbr>
                       <expan>O Corvo (Poe)</expan>
                    </choice>
                 </cell>
                 <cell>1 1/2</cell>
                 <cell rows="2">
                    <metamark rend="curly bracket" function="sum"/>
                    3
                 </cell>
              </row>
              <row>
                 <cell>6.</cell>
                 <cell>
                    <choice>
                       <abbr><metamark rend="line" function="placeholder"/></abbr>
                       <expan>Epigramas</expan>
                    </choice>
                 </cell>
                 <cell>1 1/2</cell>
              </row>
              <row>
                 <cell>7.</cell>
                 <cell>
                    <choice>
                       <abbr><metamark rend="line" function="placeholder"/></abbr>
                       <expan>Uma Entrevista.</expan>
                    </choice>
                 </cell>
                 <cell>1 1/2</cell>
                 <cell rows="2">
                    <metamark rend="curly bracket" function="sum"/>
                    2
                 </cell>
              </row>
              <row>
                 <cell>8.</cell>
                 <cell>
                    <choice>
                       <abbr><metamark rend="line" function="placeholder"/></abbr>
                       <expan>Merc. Acephalo</expan>
                    </choice>
                 </cell>
                 <cell>1/2</cell>
              </row>
              <row>
                 <cell cols="2"/>
                 <cell>total</cell>
                 <cell>
                    <metamark rend="line" function="sum"/>
                    7<hi rend="subscript">2</hi>
                 </cell>
              </row>
              <row>
                 <cell cols="3"/>
                 <cell>
                    <metamark rend="line" function="sum"/>
                    9
                 </cell>
              </row>
              <row>
                 <cell cols="3"/>
                 <cell>7</cell>
              </row>
           </table>
         </div>
      </body>
   </text>
</TEI>
