<?xml version="1.0" encoding="UTF-8"?>
<TEI xmlns="http://www.tei-c.org/ns/1.0">
    <teiHeader>
        <fileDesc>
            <titleStmt>
                <title>BNP/E3 144Y-20<hi rend="superscript">r</hi></title>
                <author>
                    <rs type="person" key="FP">Fernando Pessoa</rs>
                </author>
                <respStmt>
                    <resp>Transcrição, Edição</resp>
                    <name>Pedro Sepúlveda</name>
                </respStmt>
                <respStmt>
                    <resp>Codificação</resp>
                    <name>Ulrike Henny</name>
                </respStmt>
                <respStmt>
                    <resp>Codificação</resp>
                    <name>Isabel Figueiredo-Iken</name>
                </respStmt>
            </titleStmt>
            <publicationStmt>
                <publisher/>
                <idno type="filename">BNP_E3_144Y-20r.xml</idno>
            </publicationStmt>
            <sourceDesc>
                <msDesc>
                    <msIdentifier>
                        <institution>Biblioteca Nacional de Portugal</institution>
                        <idno>BNP/E3 144Y-20r</idno>
                    </msIdentifier>
                    <msContents>
                        <msItemStruct>
                            <author>
                                <rs type="person" key="FP">Fernando Pessoa</rs>
                            </author>
                            <note type="genre">
                                <rs type="genre" key="lista_editorial">Lista editorial</rs>
                            </note>
                            <textLang mainLang="pt" otherLangs="en la"/>
                        </msItemStruct>
                    </msContents>
                    <history>
                        <origin>
                            <p>
                                <origDate when="1917" cert="medium">c. 1917</origDate>
                            </p>
                        </origin>
                    </history>
                </msDesc>
            </sourceDesc>
        </fileDesc>
    </teiHeader>
    <facsimile>
        <graphic url="bn-acpc-e-e3_144y_JPG_24-C-R0150/bn-acpc-e-e3_144y_0039_20r_t24-C-R0150.jpg"/>
    </facsimile>
    <text xml:id="bnp-e3-144y-20r">
        <body>
            <div>
                <list>
                    <head><hi rend="underline">List of Books.</hi></head>
                    <item>
                        <label>1.</label> <rs type="text">Prometheus Revinctus</rs>.
                    </item>
                    <item>
                        <label>2.</label> <rs type="work" key="O1" style="c"><rs type="text">Itinerario</rs></rs>.
                    </item>
                    <item>
                        <label>3.</label> <rs type="text">Quaresma. Decifrador.</rs> (1a série).
                    </item>
                    <item>
                        <label>4.</label> <rs type="text">Two Unprintable Poems</rs>.
                    </item>
                    <item>
                        <label>5.</label> <rs type="text">The Sad Seasons</rs>.
                    </item>
                    <item>
                        <label>6.</label>
                        <rs type="work" key="O2" style="a"><rs type="person" key="AC" role="author">Alberto Caeiro</rs>: <rs type="text">Poemas</rs></rs>.
                    </item>
                    <item>
                        <label>7.</label> 
                        <rs type="work" key="O3" style="b"><rs type="text">Odes</rs>: <rs type="person" key="RR" role="author">Ricardo Reis</rs></rs>.
                    </item>
                    <item>
                        <label>8.</label>
                        <rs type="work" key="O4" style="b"><rs type="text">Arco do Triumpho</rs>: <rs type="person" key="AdC" role="author"><choice>
                                <abbr>Alv<am>.</am></abbr>
                                <expan>Alvaro</expan>
                            </choice> de Campos</rs></rs>.
                    </item>
                    <item>
                        <label>9.</label> <rs type="text">The Mad Fiddler</rs>.
                    </item>
                    <item>
                        <label>10.</label> <rs type="text">O Sensacionismo</rs>.
                    </item>
                    <item>
                        <label>11.</label> <rs type="text">Theatro Statico</rs>.
                    </item>
                    <item>
                        <label>12.</label><supplied resp="PS" reason="omitted-in-original"/>
                    </item>
                    <item>
                        <label>13.</label><supplied resp="PS" reason="omitted-in-original"/>
                    </item>
                    <item>
                        <label>14.</label><supplied resp="PS" reason="omitted-in-original"/>
                    </item>
                    <item>
                        <label>15.</label><supplied resp="PS" reason="omitted-in-original"/>
                    </item>
                </list>
            </div>
        </body>
    </text>
</TEI>