<?xml version="1.0" encoding="UTF-8"?>
<TEI xmlns="http://www.tei-c.org/ns/1.0">
    <teiHeader>
        <fileDesc>
            <titleStmt>
                <title>BNP/E3 48B-11<hi rend="superscript">r</hi></title>
                <author>
                    <rs type="person" key="FP">Fernando Pessoa</rs>
                </author>
                <respStmt>
                    <resp>Transcrição, Edição</resp>
                    <name>Pedro Sepúlveda</name>
                </respStmt>
                <respStmt>
                    <resp>Codificação</resp>
                    <name>Ulrike Henny</name>
                </respStmt>
                <respStmt>
                    <resp>Codificação</resp>
                    <name>Isabel Figueiredo-Iken</name>
                </respStmt>
            </titleStmt>
            <publicationStmt>
                <publisher />
                <idno type="filename">BNP_E3_48B-11r.xml</idno>
            </publicationStmt>
            <sourceDesc>
                <msDesc>
                    <msIdentifier>
                        <institution>Biblioteca Nacional de Portugal</institution>
                        <idno>BNP/E3 48B-11r</idno>
                    </msIdentifier>
                    <msContents>
                        <msItemStruct>
                            <author>
                                <rs type="person" key="FP">Fernando Pessoa</rs>
                            </author>
                            <note type="genre">
                                <rs type="genre" key="lista_editorial">Lista editorial</rs>
                            </note>
                            <textLang mainLang="pt" otherLangs="en fr"/>
                        </msItemStruct>
                    </msContents>
                    <history>
                        <origin>
                            <p>
                                <origDate when="1915" cert="medium">c. 1915</origDate>
                            </p>
                        </origin>
                    </history>
                </msDesc>
            </sourceDesc>
        </fileDesc>
    </teiHeader>
    <facsimile>
        <graphic
            url="bn-acpc-e-e3-48b-1-158_JPG_24-C-R0150/bn-acpc-e-e3-48b-1-158_0022_11_t24-C-R0150.jpg"
        />
    </facsimile>
    <text xml:id="x-48b-11r">
        <body>
            <div>
                <list>
                    <head><hi rend="red">Edições da COSMOPOLIS:</hi></head>
                    <item>
                        <rs type="journal" key="J2"><hi rend="red">Athena</hi></rs> — Cadernos de Reconstrucção Pagã — dirigidos
                            por<lb/><rs type="person" key="P1" style="a">Antonio Móra</rs>. </item>
                    <item>
                        <rs type="journal" key="J2"><hi rend="red">Athena</hi></rs> — Cahiers de Reconstruction païenne.
                            Directeur:<lb/><rs type="person" key="P1" style="a">Antonio Móra</rs>. Édition française,
                        traduite par<lb/>
                        <rs type="person" key="P60">Claude Pasteur</rs>. </item>
                    <item>
                        <rs type="journal" key="J2"><hi rend="red">Athena</hi></rs> — A Contribution to Pagan Reconstruction —
                        Edited<lb/> by <rs type="person" key="P1" style="a">Antonio Móra</rs>. English Edition,
                        translated<lb/> from the Portuguese by <rs type="person" key="P61">James L.
                        Mason</rs>. </item>
                    <item>
                        <rs type="work" key="O4" style="b"><rs type="text"><hi rend="red">Arco de Triumpho</hi></rs> — Poemas, com um Prefacio-Manifesto —<lb/>
                        <rs type="person" key="AdC" role="author">Alvaro de Campos</rs></rs>.
                    </item>
                    <item>
                        <rs type="text"><hi rend="red">Livro do Desassocego</hi></rs> —
                            Escripto por <rs type="person" key="P62">Vicente Guedes</rs>, e<lb/> publicado por
                                <rs type="person" key="FP" role="editor" style="a">Fernando Pessôa</rs>.
                    </item>
                    <item>
                        <rs type="text"><hi rend="red">Theatro Estatico</hi></rs> — <rs type="person" key="FP"
                            role="author" style="a">Fernando Pessôa</rs>.
                    </item>
                    <item>
                        <rs type="work" key="O1-13"><rs type="text"><hi rend="red">Episodios</hi></rs> — Versos — <rs type="person" key="FP"
                            role="author" style="a">Fernando Pessôa</rs></rs>.
                    </item>
                </list>
                <metamark rend="line red" function="distinct"/>
                <p>Talvez edições de livros de:</p>
                <p><rs type="person" key="P30">Mario de Sá-Carneiro</rs>, <rs type="person" key="P36">Alfredo Pedro Guisado</rs>, 
                    <rs type="person" key="P63">Manuel Anto<pc>-</pc><lb/>nio de Almeida</rs>,
                        <rs type="person" key="P64">João Corrêa d’Oliveira</rs>, etc.</p>
                <note resp="PS">Lista de projetos datilografada a tinta verde com outros elementos a
                    tinta vermelha, publicada em <hi rend="italic">Obras de António Mora</hi> (p.
                    159). Estes projetos surgem vinculados com a <hi rend="italic">Athena</hi>, que
                    seria uma revista dirigida por António Mora e que surge aqui encabeçando os
                    projetos «Cadernos de Reconstrucção Pagã», («cadernos de cultura superior» e
                    «Cadernos quinzenaes de cultura superior» são outras variantes, cf. (cf.
                        <ref target="BNP_E3_48G-33r">BNP/E3 48g-33r</ref>, <ref target="BNP_E3_48c-23v">48c-23v</ref>, 
                    <ref target="BNP_E3_48B-11r">48b-11r</ref>,
                        <ref target="BNP_E3_48G-26r">48g-26r</ref>, <ref target="BNP_E3_87-68r">87-68r</ref>). <hi rend="italic">Cosmopolis</hi>
                    foi o primeiro nome pensado para a editora posteriormente designada por <hi
                        rend="italic">Olisipo</hi> (cf. Sousa; 2008, 86-97 e Ferreira; 2005, 69-87 e
                    217-222). Este cosmopolitismo revela-se também na tripla redação hipotética da
                    revista. Os projetos atribuídos a António Mora «Manifesto em favôr da Allemanha,
                    e do seu procedimento na guerra presente» e «A attitude da Alemanha» estão
                    relacionados com o período da Primeira Guerra e a defesa de Pessoa da Alemanha
                    num período inicial da mesma (cf. nomeadamente SQI, 95-120 e AM,
                    345-366).</note>
            </div>
        </body>
    </text>
</TEI>
