<?xml version="1.0" encoding="UTF-8"?>
<TEI xmlns="http://www.tei-c.org/ns/1.0">
   <teiHeader>
      <fileDesc>
         <titleStmt>
            <title>48G-32<hi rend="superscript">r</hi>
            </title>
            <author>
               <rs type="person" key="FP">Fernando Pessoa</rs>
            </author>
            <respStmt>
               <resp>Transcrição, Edição</resp>
               <name>Pedro Sepúlveda</name>
            </respStmt>
            <respStmt>
               <resp>Codificação</resp>
               <name>Ulrike Henny</name>
            </respStmt>
            <respStmt>
               <resp>Codificação</resp>
               <name>Isabel Figueiredo-Iken</name>
            </respStmt>
         </titleStmt>
         <publicationStmt>
            <publisher/>
            <idno type="filename">BNP_E3_48G-32r.xml</idno>
         </publicationStmt>
         <sourceDesc>
            <msDesc>
               <msIdentifier>
                  <institution>Biblioteca Nacional de Portugal</institution>
                  <idno>BNP/E3 48G-32r</idno>
               </msIdentifier>
               <msContents>
                  <msItemStruct>
                     <author>
                        <rs type="person" key="FP">Fernando Pessoa</rs>
                     </author>
                     <note type="genre">
                        <rs type="genre" key="lista_editorial">Lista editorial</rs>
                     </note>
                     <textLang mainLang="pt" otherLangs="en fr"/>
                  </msItemStruct>
               </msContents>
               <history>
                  <origin>
                     <p>
                        <origDate when="1915" cert="medium">c. 1915</origDate>
                     </p>
                  </origin>
               </history>
            </msDesc>
         </sourceDesc>
      </fileDesc>
   </teiHeader>
   <facsimile>
      <graphic
         url="bn-acpc-e-e3-48g-1-37_JPG_24-C-R0150/bn-acpc-e-e3-48g-1-37_0063_32_t24-C-R0150.jpg"/>
   </facsimile>
   <text xml:id="bnp-e3-48g-32r">
      <body>
         <div>
            <head><hi rend="red">EUROPA.</hi></head>
            <head>Revista orgão do Interseccionismo.</head>
            <metamark rend="short line" function="distinct"/>
            <list>
               <head>No. 1.</head>
               <item>
                  <rs type="text">O Interseccionismo — Ultimatum <lb/> da escola literaria
                        defi<pc>-</pc><lb/>nitiva</rs> — <rs type="person" key="FP" role="author"><choice>
                        <abbr>F<am>.</am></abbr>
                        <expan>F<ex>ernando</ex></expan>
                     </choice>Pessoa</rs>. 
               </item>
               <item>
                  <rs type="text">Além-Deus (Poemas interseccio<pc>-</pc><lb/>nistas)</rs> — <rs type="person" key="FP" role="author"><choice>
                     <abbr>F<am>.</am></abbr>
                     <expan>F<ex>ernando</ex></expan>
                  </choice>Pessoa</rs>.
               </item>
               <item>
                  <rs type="text">Ressurreição (novela intersec<pc>-</pc><lb/>cionista)</rs> 
                  — <rs type="person"><choice>
                     <abbr>M<am>.</am></abbr>
                     <expan>M<ex>ario</ex></expan>
                  </choice>de Sá-<lb/> Carneiro</rs>.
               </item>
               <item>
                  <rs type="text">Paysagem de alma (Poema inter<pc>-</pc><lb/>seccionista)</rs>
                  — <rs type="person"><choice>
                     <abbr>A<am>.</am></abbr>
                     <expan>A<ex>lfredo</ex></expan>
                     <choice>
                        <abbr>P<am>.</am></abbr>
                        <expan>P<ex>edro</ex></expan>
                     </choice>
                  </choice> Guisado</rs>.
               </item>
               <item>
                  <rs type="text">Loucura da Floresta (Pagina in<pc>-</pc><lb/>terseccionista)</rs>
                  — <rs type="person">Côrtes Ro<pc>-</pc><lb/>drigues</rs>.
               </item>
            </list>
            <metamark rend="line" function="distinct"/>
            <list>
               <head>Supplemento ao N° 1.</head>
               <item>
                  <rs type="text">L’Intersectionisme</rs> — <rs type="person" key="FP" role="author"><choice>
                     <abbr>F<am>.</am></abbr>
                     <expan>F<ex>ernando</ex></expan>
                  </choice>Pessoa</rs>.
               </item>
               <item>
                  <rs type="text">Poèmes intersectionnistes</rs> — <rs type="person" key="FP" role="author"><choice>
                     <abbr>F<am>.</am></abbr>
                     <expan>F<ex>ernando</ex></expan>
                  </choice>Pessoa</rs>,
                  <rs type="person"><choice>
                     <abbr>M<am>.</am></abbr>
                     <expan>M<ex>ario</ex></expan>
                  </choice>de Sá-Carneiro</rs>,
                  <rs type="person"><choice>
                     <abbr>Alex</abbr>
                     <expan>Alex<ex>ander</ex></expan>
                  </choice>Search</rs>.
               </item>
               <item>
                  <rs type="text">Comme le ferait...</rs> — <rs type="person" key="FP" role="author"><choice>
                     <abbr>F<am>.</am></abbr>
                     <expan>F<ex>ernando</ex></expan>
                  </choice>Pessoa</rs>.
               </item>
               <item>
                  <rs type="text">Intersectionism</rs>. — <rs type="person" key="FP" role="author"><choice>
                     <abbr>F<am>.</am></abbr>
                     <expan>F<ex>ernando</ex></expan>
                  </choice>Pessoa</rs>.
               </item>
               <item>
                  <rs type="text">Intersectionnist Poems</rs> — <rs type="person" key="FP" role="author"><choice>
                     <abbr>F<am>.</am></abbr>
                     <expan>F<ex>ernando</ex></expan>
                  </choice>Pessoa</rs>, <rs type="person"><choice>
                     <abbr>Alex<am>.</am></abbr>
                     <expan>Alex<ex>ander</ex></expan>
                  </choice>Search</rs>.
               </item>
               <item>
                  <rs type="text">As it would have been<lb/> done by</rs> — <rs type="person" key="FP" role="author"><choice>
                     <abbr>F<am>.</am></abbr>
                     <expan>F<ex>ernando</ex></expan>
                  </choice>Pessoa</rs>.
               </item>
            </list>
            <metamark rend="line" function="distinct"/>
            <list>
               <head>No. 2.</head>
               <item>
                  <rs type="text">Sobre o Interseccionismo <lb/>(A sua historia, os seus<lb/> criticos)</rs> — <rs type="person" key="FP" role="author"><choice>
                     <abbr>F<am>.</am></abbr>
                     <expan>F<ex>ernando</ex></expan>
                  </choice>Pessoa</rs>.
               </item>
               <item>
                  <rs type="text">Eu sem mim (poema inter<pc>-</pc><lb/>seccionista)</rs> 
                  — <rs type="person">Coelho Pacheco</rs>.
               </item>
               <item>
                  <rs type="text">Eu-proprio o Outro</rs> — <rs type="person"><choice>
                     <abbr>M<am>.</am></abbr>
                     <expan>M<ex>ario</ex></expan>
                  </choice> de Sá-Carneiro</rs>.
               </item>
               <item>
                  <supplied resp="PS" reason="omitted-in-original"/> — <rs type="person">Carvalho Mourão</rs>.
               </item>
               <item>
                  <supplied resp="PS" reason="omitted-in-original"/> — <rs type="person">Antonio Ferro</rs>.
               </item>
            </list>
         </div>
      </body>
   </text>
</TEI>
