<?xml version="1.0" encoding="UTF-8"?>
<TEI xmlns="http://www.tei-c.org/ns/1.0">
   <teiHeader>
      <fileDesc>
         <titleStmt>
            <title>MN14</title>
            <author><rs type="person" key="FP">Fernando Pessoa</rs></author>
            <respStmt>
               <resp>Transcrição, Edição</resp>
               <name>Pedro Sepúlveda</name>
            </respStmt>
            <respStmt>
               <resp>Codificação</resp>
               <name>Ulrike Henny</name>
            </respStmt>
            <respStmt>
               <resp>Codificação</resp>
               <name>Isabel Figueiredo-Iken</name>
            </respStmt>
         </titleStmt>
         <publicationStmt>
            <publisher/>
            <idno type="filename">MN14.xml</idno>
         </publicationStmt>
         <sourceDesc>
            <msDesc>
               <msIdentifier>
                  <institution></institution>
                  <idno>MN14</idno>
               </msIdentifier>
               <msContents>
                  <msItemStruct>
                     <author><rs type="person" key="FP">Fernando Pessoa</rs></author>
                     <note type="genre">
                        <rs type="genre" key="lista_editorial">Lista editorial</rs>
                     </note>
                     <textLang mainLang="pt" otherLangs="en"/>
                  </msItemStruct>
               </msContents>
               <history>
                  <origin>
                     <p>
                        <origDate when="1929" cert="medium">c. 1929</origDate>
                     </p>
                  </origin>
               </history>
            </msDesc>
         </sourceDesc>
      </fileDesc>
   </teiHeader>
   <facsimile>
      <graphic url="Bilder MN 14_246_602 und 786/avulsos (14).jpg"/>
   </facsimile>
   <text xml:id="mn14">
      <body>
         <div>
         <list> 
            <item><rs type="text">O Banqueiro Anarchista</rs>.</item>
            <item><rs type="text">A Tomada do Monte Velho</rs>.</item>        
            <item><rs type="text">A Despedida do Caixa</rs>.</item>
            <item><rs type="text">O Beijo na Florinda</rs>.</item>
            <item><rs type="text">O Marinheiro</rs>.</item>
            <item><rs type="text">A Morte do Principe</rs>.</item>
            <item><rs type="text">Sakyamuni</rs>.</item>
            <item><rs type="text">Passos da Cruz, drama em 14 scenas</rs>.</item>
            <item><rs type="text">Livro do Desasocego</rs>.</item>
            <item><rs type="work" key="O1"><rs type="text">Cancioneiro; em partes</rs></rs>.</item>
            <item><rs type="work" key="O5"><rs type="text">Portugal</rs></rs>.</item> 
            <item><rs type="text">O Interregno</rs>.</item>
            <item><rs type="text">Erostratus, or the Future of Celebrity</rs></item>
            <item><rs type="text">Anteros, or the Future of Affection</rs>.</item>
            <item><rs type="text">Saturn, or the Future of the Past</rs>.</item>
            <item><rs type="text">Auto do Circo</rs>.</item>
            <item><rs type="text">O Caso Vargas</rs>.</item>
            <item><rs type="text">Theoria do Suffragio Politico</rs>.</item>
            <item><rs type="text">The Foundations of Conservatism</rs>.</item>
            <item>O Unico Manuscripto .........</item>
         </list>
         </div>
      </body>
   </text>
</TEI>
