<?xml version="1.0" encoding="UTF-8"?>
<TEI xmlns="http://www.tei-c.org/ns/1.0">
   <teiHeader>
      <fileDesc>
         <titleStmt>
            <title>MN265</title>
            <author>
               <rs type="person" key="FP">Fernando Pessoa</rs>
            </author>
            <respStmt>
               <resp>Transcrição, Edição</resp>
               <name>Pedro Sepúlveda</name>
            </respStmt>
            <respStmt>
               <resp>Codificação</resp>
               <name>Ulrike Henny</name>
            </respStmt>
            <respStmt>
               <resp>Codificação</resp>
               <name>Isabel Figueiredo-Iken</name>
            </respStmt>
         </titleStmt>
         <publicationStmt>
            <publisher/>
            <idno type="filename">MN265.xml</idno>
         </publicationStmt>
         <sourceDesc>
            <msDesc>
               <msIdentifier>
                  <institution></institution>
                  <idno>MN265</idno>
               </msIdentifier>
               <msContents>
                  <msItemStruct>
                     <author>
                        <rs type="person" key="FP">Fernando Pessoa</rs>
                     </author>
                     <note type="genre">
                        <rs type="genre" key="lista_editorial">Lista editorial</rs>
                     </note>
                     <textLang mainLang="pt" otherLangs="en"/>
                  </msItemStruct>
               </msContents>
               <history>
                  <origin>
                     <p>
                        <origDate notBefore="1930">post 1930</origDate>
                     </p>
                  </origin>
               </history>
            </msDesc>
         </sourceDesc>
      </fileDesc>
   </teiHeader>
   <facsimile>
      <graphic url="Bilder MN 808_265_908_909 und 677-678/avulsos (265).jpg"/>
   </facsimile>
   <text xml:id="mn265">
      <body>
         <div>
         <head><hi rend="red">EXCURSOS.</hi></head>  
         <p><hi rend="red">Small Essays,</hi> based on the circumstance that “there is no<lb/>
            <subst><del rend="overtyped"><gap reason="illegible" quantity="6" unit="character" /></del>
            <add place="after">subject</add></subst>,
            however wide, which
            may not be con<pc>-</pc><lb />tained in a small discourse”.</p>
         <list> 
            <item><label>1.</label> <rs type="text">O verso e a prosa</rs>.</item>
            <item><label>2.</label> <rs type="text">O orgulho e a vaidade</rs>.</item>        
            <item><label>3.</label> <rs type="text">A novella policiaria</rs>.</item>
            <item><label>4.</label> <rs type="text">O conceito de progresso</rs>.</item>
            <item><label>5.</label> <rs type="text">A imaginação</rs>.</item>
            <item><label>6.</label> (and others of the sort, which can be very easily picked<lb/>up from 
              my many notes and casual observations)</item>
            <item><label>7.</label> <rs type="text">A importancia social da ortographia</rs>.</item>
            <item><label>8.</label> <rs type="text">Depois de Parmenides</rs>.</item>
            <item><label>9.</label> <rs type="text">A pena de morte</rs>.</item>
         </list>
         <p>Ha, pois, só dois argumentos em favor da pena<lb/>  
            de morte: de que é um dissuadente do crime; 
            de que<lb/>a práctica do crime, que involve pena de morte, é<lb/>
            um estado de guerra.</p> 
         <p>Se se admittir que para amedrontar é legitimo<lb/>
            empregar qualquer processo, então verificaremos
            que<lb/> a tortura é muito mais amedrontante que a morte, e<lb/>
            <del rend="overtyped">est</del> restabeleceremos a tortura.</p> 
         <p>Quanto ao estado de guerra... Só a sedição pode<lb/>
            assim designar-se, isto é, o crime de sedição, mas,<lb/> 
            paraisso, ha que provar que o intuito é o que distin<pc>-</pc><lb />
            gue a guerra - isto é, a destruição do Estado como<lb/>
            Nação. Uma simples revolução, com as suas consequên<pc>-</pc><lb />cias, 
            não constitue tal crime. Só se essa revolução<lb/>
            tiver por intuito o dissolver a Nação, ou entregal-a<lb/> a outra, 
            se pode admittir que os sediciosos fazem á<lb/> 
            Nação uma declaração de guerra.
         </p>
         <list> 
            <item><hi rend="red"><rs type="text">Os Sonhos. (seu symbolismo )</rs>.</hi></item>
            <item><hi rend="red"><rs type="text">A Opinião Publica</rs>.</hi></item>        
            <item><hi rend="red"><rs type="text">O Suffragio Politico</rs>.</hi></item>
            <item><hi rend="red"><rs type="text">Notas para uma Regra de Vida</rs>.</hi></item>
            <item><hi rend="red"><rs type="text">Esboço de uma Geometria dos Coexistentes e dos Antisolidos</rs>.</hi></item>
            <item><hi rend="red"><rs type="text">A Moral da Força (Ensaio sobre a Moral)</rs>.</hi></item>
            <item><hi rend="red"><rs type="text">Di<subst><del rend="overtyped">s</del><add>c</add></subst>taduras</rs>.</hi></item>
            <item><hi rend="red"><rs type="text">Fundamentos do Conservantismo</rs>.</hi></item>
            <item><hi rend="red"><rs type="text">A Monarchia</rs>.</hi></item>
         </list>
         </div>
      </body>
   </text>
</TEI>
