<?xml version="1.0" encoding="UTF-8"?>
<TEI xmlns="http://www.tei-c.org/ns/1.0">
   <teiHeader>
      <fileDesc>
         <titleStmt>
            <title>MN602</title>
            <author>
               <rs type="person" key="FP">Fernando Pessoa</rs>
            </author>
            <respStmt>
               <resp>Transcrição, Edição</resp>
               <name>Pedro Sepúlveda</name>
            </respStmt>
            <respStmt>
               <resp>Modelagem de dados, Codificação</resp>
               <name>Ulrike Henny</name>
            </respStmt>
            <respStmt>
               <resp>Codificação</resp>
               <name>Isabel Figueiredo-Iken</name>
            </respStmt>
            <respStmt>
               <resp>Consultoria</resp>
               <name>Institut für Dokumentologie und Editorik (IDE)</name>
            </respStmt>
         </titleStmt>
         <publicationStmt>
            <publisher>Universidade Nova de Lisboa, Instituto de Estudos de Literatura e Tradição (IELT)</publisher>
            <publisher>Cologne Center for eHumanities (CCeH)</publisher>
            <date>2016</date>
            <availability>
               <licence target="http://creativecommons.org/licenses/by/3.0/"/>
            </availability>
            <idno type="filename">MN602.xml</idno>
         </publicationStmt>
         <sourceDesc>
            <msDesc>
               <msIdentifier>
                  <institution></institution>
                  <idno>MN602</idno>
               </msIdentifier>
               <msContents>
                  <msItemStruct>
                     <author>
                        <rs type="person" key="FP">Fernando Pessoa</rs>
                     </author>
                     <note type="genre">
                        <rs type="genre" key="lista_editorial">Lista editorial</rs>
                     </note>
                     <textLang mainLang="pt" />
                  </msItemStruct>
               </msContents>
               <history>
                  <origin>
                     <p>
                        <origDate notBefore="1923">post. 1923</origDate>
                     </p>
                  </origin>
               </history>
            </msDesc>
         </sourceDesc>
      </fileDesc>
   </teiHeader>
   <facsimile>
      <graphic url="Bilder MN 14_246_602 und 786/avulsos (602).jpg"/>
   </facsimile>
   <text>
      <body>
         <div>
            <list> 
               <head>
                  <hi rend="underline">Documentos do <add place="above" n="2">Neo-symbolismo, do</add> Futurismo <del rend="overstrike">portuguez</del> e do Sensacionismo portu<pc>-</pc><lb/>guezes.</hi>
               </head>  
               <item>
                  √ <label>1.</label><rs type="text">Prefacio de <hi rend="underline">Orpheu</hi></rs> (1915) — <rs type="person" key="P70">Luiz de Montalvor</rs>.
               </item>
               <item>
                  √ <label>2.</label> <rs type="text"><choice>
                     <abbr><metamark rend="quotes" function="ditto"/></abbr>
                     <expan>Prefacio</expan>
                  </choice>
                  <choice>
                     <abbr><metamark rend="quotes" function="ditto"/></abbr>
                     <expan>de</expan>
                  </choice>
                  <hi rend="underline">Centauro</hi></rs> (191<supplied resp="PS" reason="omitted-in-original"/>) —
                  <rs type="person" key="P70"><choice>
                     <abbr><metamark rend="quotes" function="ditto"/></abbr>
                     <expan>Luiz</expan>
                  </choice>
                  <choice>
                     <abbr><metamark rend="quotes" function="ditto"/></abbr>
                     <expan>de</expan>
                  </choice>
                  <choice>
                     <abbr><metamark rend="quotes" function="ditto"/></abbr>
                     <expan>Montalvor</expan>
                  </choice></rs>
               </item>        
               <item>
                  √ <label>3.</label> <rs type="text">Ultimatum ás Gerações portuguezas do seculo XX</rs> — <rs type="person" key="P56">Almada</rs>.
               </item>
               <item>
                  √ <label>4.</label> <rs type="text">Ultimatum de <rs type="person" key="AdC" role="author">Alvaro de Campos</rs></rs>.
               </item>
               <item>
                  <label>5.</label>	<rs type="text">Entrevista com <rs type="person" key="FP" role="topic" style="b">
                     <choice>
                        <abbr>Fdo</abbr>
                        <expan>F<ex>ernando</ex></expan>
                     </choice> Pessoa</rs></rs> (<rs type="journal" key="J36"><choice>
                                             <abbr>Rev<am>.</am></abbr>
                                             <expan>Rev<ex>ista</ex></expan>
                                            </choice>
                                             <choice>
                                                <abbr>Port<am>.</am></abbr>
                                                <expan>Port<ex>uguesa</ex></expan>
                                             </choice></rs> — 1923).</item>
            <item>
               <label>6.</label> <rs type="text">A Derrocada da Technica</rs>. <rs type="person" key="P71">Raul Leal</rs>.
            </item>
            <item>
               (<label>7.</label> <rs type="text"><add place="above">O meu</add> Manifesto a toda a gente</rs> — <rs type="person" key="P17">Antonio Botto</rs>.) (Appen<lb/>dice).
            </item>
            <item>
               <label>8.</label> <rs type="text">Uma lição de moral aos <choice>
                                                          <abbr>est<am>.</am></abbr>
                                                          <expan>est<ex>udantes</ex></expan>
                                                         </choice>de <choice>
                                                                        <abbr>L<am>.</am></abbr>
                                                                        <expan>L<ex>isboa</ex></expan>
                                                                     </choice></rs> — 
            <rs type="person" key="P71">
               <choice>
                  <abbr>R</abbr>
                  <expan>R<ex>aul</ex></expan>
               </choice> Leal</rs>.
            </item>
            <item>
               <label>9.</label> <rs type="text">Aviso por causa da Moral</rs> — <rs type="person" key="AdC" role="author">
                                                               <choice>
                                                                  <abbr>Alv<am>.</am></abbr>
                                                                  <expan>Alv<ex>aro</ex></expan>
                                                               </choice> de Campos</rs>.
            </item>
            <item>
               <label>10.</label> <rs type="text">Sobre um Manifesto de Estudantes</rs> — <rs type="person" key="FP" role="author" style="b">
                                                                                                <choice>
                                                                                                   <abbr>F<am>.</am></abbr>
                                                                                                   <expan>F<ex>ernando</ex></expan>
                                                                                                </choice> Pessoa</rs>.
            </item>
            <item>
               √ <label>11.</label> <rs type="text">Manifesto Anti-Dantas e por Extenso</rs>.
            </item>
            <item>
               <label><hi rend="encircled">12.</hi></label> <rs type="text">Prefacios</rs> — 
               <subst>
                  <del rend="overstrike">historia (<rs type="person" key="FP" role="author" style="b">
                                                      <choice>
                                                         <abbr>F</abbr>
                                                         <expan>F<ex>ernando</ex></expan>
                                                      </choice> Pessoa</rs>
                     — <rs type="person" key="P56">Almada</rs> — <rs type="person" key="P71">Raul Leal</rs>).<lb/> <rs type="person" key="AdC" role="author">Alvaro de Campos</rs>
                     —  <rs type="person" key="P70">Luiz de Montalvor</rs>
                  </del>
                  <add place="above">de <rs type="person" key="AdC" role="author">Alvaro de Campos</rs>. (excertos)</add>
               </subst>
            </item>
            <item>
               <label>13.</label> Manifesto sobre <rs type="person" key="P72">Mario Eloy</rs> e <rs type="person" key="P73">
                                                                                          <choice>
                                                                                             <abbr>*Alb<am>.</am></abbr>
                                                                                             <expan>*Alb<ex>erto</ex></expan>
                                                                                          </choice> Cardoso</rs>. 
            </item>
           </list>
           <gap reason="selection" unit="line" extent="4"/>
         </div>
      </body>
   </text>
</TEI>
