<?xml version="1.0" encoding="UTF-8"?>
<TEI xmlns="http://www.tei-c.org/ns/1.0">
   <teiHeader>
      <fileDesc>
         <titleStmt>
            <title>MN677-678</title>
            <author>
               <rs type="person" key="FP">Fernando Pessoa</rs>
            </author>
            <respStmt>
               <resp>Transcrição, Edição</resp>
               <name>Pedro Sepúlveda</name>
            </respStmt>
            <respStmt>
               <resp>Codificação</resp>
               <name>Ulrike Henny</name>
            </respStmt>
            <respStmt>
               <resp>Codificação</resp>
               <name>Isabel Figueiredo-Iken</name>
            </respStmt>
         </titleStmt>
         <publicationStmt>
            <publisher/>
            <idno type="filename">MN677-678.xml</idno>
         </publicationStmt>
         <sourceDesc>
            <msDesc>
               <msIdentifier>
                  <institution></institution>
                  <idno>MN677-678</idno>
               </msIdentifier>
               <msContents>
                  <msItemStruct>
                     <author>
                        <rs type="person" key="FP">Fernando Pessoa</rs>
                     </author>
                     <note type="genre">
                        <rs type="genre" key="lista_editorial">Lista editorial</rs></note>
                     <textLang mainLang="pt"/>
                  </msItemStruct>
               </msContents>
               <history>
                  <origin>
                     <p>
                        <origDate from="1920" to="1927">1920-1927</origDate>
                     </p>
                  </origin>
               </history>
            </msDesc>
         </sourceDesc>
      </fileDesc>
   </teiHeader>
   <facsimile>
      <graphic url="Bilder MN 808_265_908_909 und 677-678/avulsos (677).jpg"/>
      <graphic url="Bilder MN 808_265_908_909 und 677-678/avulsos (678).jpg"/>
   </facsimile>
   <text xml:id="mn677-678">
      <body>
         <div>
         <list> 
            <head><hi rend="underline">
               <choice>
                  <abbr>G</abbr>
                  <expan>G<ex>remio</ex></expan>
               </choice>
               <choice>
                  <abbr>C</abbr>
                  <expan>C<ex>ultura</ex></expan>
               </choice>
               <choice>
                  <abbr>P</abbr>
                  <expan>P<ex>ortugueza</ex></expan>
               </choice>: —</hi></head>  
            <item>
               <label>1.</label> Secção de informação com<pc>-</pc><lb/>mercial e de agencia util<lb/>ao commercio e industria.
            </item>
            <item>
               <label>2.</label> Secção de bases litterarias, in<pc>-</pc><lb/>vestigações, etc.
            </item>        
            <item>
               <label>3.</label>Secção editorial, (ha relatorio<lb/>preparado).
            </item>
            <item>
               <label>4.</label>Secção cinematographica (ha relatorio<lb/>feito)
            </item>
            <item>
               <label>5.</label>Secção Club e restaurant.
            </item>
            <metamark rend="line" function="distinct"/>
            <item>
               <label>6.</label>Secção agencial — de compras<lb/> etc. (isto é commercio)
            </item>
            <item>
               <label>7.</label> <supplied resp="PS" reason="omitted-in-original" />
            </item>
         </list>
         <list> 
            <item><label>1.</label> Secção de informações.</item>
            <item><label>2.</label> Secção Auxiliar (Esthetica)</item>
            <item><label>3.</label> Secção Editorial.</item>
            <item><label>4.</label> Secção Cinematographica.</item>
            <item><label>5.</label> Secção <hi rend="underline">Club</hi>.</item>
         </list>
            <metamark rend="line" function="distinct"/>
         <list> 
            <item><label>1.</label> Club.</item>
            <item><label>2.</label> Cinematographia.</item>        
            <item><label>3.</label> Editora e propaganda</item>
         </list>
         </div>
      </body>
   </text>
</TEI>
