<?xml version="1.0" encoding="UTF-8"?>
<TEI xmlns="http://www.tei-c.org/ns/1.0">
   <teiHeader>
      <fileDesc>
         <titleStmt>
            <title>MN 688 a 690</title>
            <author>
               <rs type="person" key="FP">Fernando Pessoa</rs>
            </author>
            <respStmt>
               <resp>Transcrição, Edição</resp>
               <name>Pedro Sepúlveda</name>
            </respStmt>
            <respStmt>
               <resp>Codificação</resp>
               <name>Ulrike Henny</name>
            </respStmt>
            <respStmt>
               <resp>Codificação</resp>
               <name>Isabel Figueiredo-Iken</name>
            </respStmt>
         </titleStmt>
         <publicationStmt>
            <publisher/>
            <idno type="filename">MN688-a-690.xml</idno>
         </publicationStmt>
         <sourceDesc>
            <msDesc>
               <msIdentifier>
                  <institution></institution>
                  <idno>MN 688 a 690</idno>
               </msIdentifier>
               <msContents>
                  <msItemStruct>
                     <author>
                        <rs type="person" key="FP">Fernando Pessoa</rs>
                     </author>
                     <note type="genre">
                        <rs type="genre" key="lista_editorial">Lista editorial</rs>
                     </note>
                     <textLang mainLang="pt" />
                  </msItemStruct>
               </msContents>
               <history>
                  <origin>
                     <p>
                        <origDate from="1916" to="1919">1916-1919</origDate>
                     </p>
                  </origin>
               </history>
            </msDesc>
         </sourceDesc>
      </fileDesc>
   </teiHeader>
   <facsimile>
      <graphic url="Espolio Manuela Nogueira (MN)/avulsos (688).jpg"/>
      <graphic url="Espolio Manuela Nogueira (MN)/avulsos (689).jpg"/>
      <graphic url="Espolio Manuela Nogueira (MN)/avulsos (690).jpg"/>
   </facsimile>
   <text xml:id="mn-688-a-690">
      <body>
         <div>
         <head>(C) <hi rend="underline">Cultural</hi></head>
            <list>
               <item>
                  <label>(a)</label>
                  <hi rend="underline">Cultura europeia central</hi>
                  <list>
                     <item>
                        <label>1.</label> Classicos gregos e latinos e<lb/> 
                        obras fundamentaes da philosophia<lb/> europeia.
                     </item>
                     <item>
                        <label>2.</label> — Theorias originaes — 
                     </item>        
                     <item>
                        <label>3.</label> Ataque ao auto-<gap reason="illegible" unit="word" extent="1"/> 
                        e ao <lb/>falso.
                     </item>   
                  </list>
               </item>
               <item>
                  <label>(b)</label>
                  <hi rend="underline">Cultura nacional historica</hi>
                  <list>
                     <item><label>1.</label> Culto da traição</item>
                     <item><label>2.</label> Classicos portuguezes</item>
                     <item><label>3.</label> Ataque ao anti-portuguez</item>
                  </list>
               </item>
               <item>
                  <label>(c)</label>
                  <hi rend="underline">Cultura nacional superior</hi>
                  <list>
                     <item><label>1.</label> Historia portugueza. </item>
                     <item><label>2.</label> Obras originaes e <gap reason="illegible" unit="word" extent="1"/>. </item>        
                     <item><label>3.</label> Ataque ao anti-nacional.</item>
                  </list>
               </item>
            </list>
            <pb/>
            <list>
               <item>
                  <label>A.</label> Parte cultural
               </item>
               <item>
                  <label>B.</label> 
                  <choice>
                     <abbr><metamark rend="line" function="ditto"/></abbr>
                     <expan>Parte</expan>
                  </choice> de propaganda e <gap reason="illegible" unit="word" extent="1"/>.
               </item>
               <item>
                  <label>C.</label>
                  <choice>
                     <abbr><metamark rend="line" function="ditto"/></abbr>
                     <expan>Parte</expan>
                  </choice> de cultura nacional.
               </item>
            </list>
         <metamark rend="line" function="distinct"/>
         <list>
            <head>
               <hi rend="underline">(C) Processos:</hi>
            </head>   
            <item>
               <label>(a)</label>
               <hi rend="underline">Affirmativo</hi> — ensinando ideas <lb/>nacionaes constructivas, quer <lb/> 
               pelo estimulo do instincto de<lb/> tradição, quer pela ideação 
               do instincto de nacionalidade,<lb/> quer pela impulsionação do <lb/>espirito 
               constructivo e de<lb/> <seg>iniciativa 
                  <add n="2"><gap reason="illegible" unit="word" extent="1"/>, seja de que for</add>
               (economica, cultural ou</seg> <lb/>outra)
            </item>
            <item>
               <label>(b)</label>
               <hi rend="underline">Defensivo</hi> — Combatendo (a)<lb/> as idéas anti-portuguezas que <lb/>
               ha espalhadas pela civilização,<lb/>(b) as culturas estrangeiras <lb/>especialmente inimigas da<lb/> nossa,
               ou do que nos<lb/> compete ter, (c) as in<pc>-</pc><lb />dividualidades estrangeiras cujo<lb/>
               prestigio é falso</item>  
         </list>
         <pb/>
         <div>
            <div rend="left">
               <list> 
                  <head><hi rend="underline">Fins</hi></head>
                  <item><label>1.</label> Secção de cultura.</item>        
                  <item><label>2.</label> Secção de propaganda.</item>
                  <item><label>3.</label> Secção de <supplied resp="PS" reason="omitted-in-original"/></item>
               </list> 
            </div> 
            <metamark rend="vertical-line" place="center" function="distinct"/>
            <div rend="right">
               <list>
                  <head><hi rend="underline">Meios</hi></head>
                  <item><label>1.</label> Informação</item>
                  <item><label>2.</label><gap reason="illegible" quantity="1" unit="word"/></item>        
                  <item><label>3.</label> Acção <lb/>directa.</item>
               </list>
            </div>
         </div>
         <metamark rend="line" function="distinct"/>
         <div>
            <list> 
               <item><label>1.</label>
                  <list>
                     <item><label>a)</label> <hi rend="underline">Cultura geral</hi></item>
                     <item><label>b)</label> <hi rend="underline">Cultura especial ou profissional</hi></item>        
                     <item><label>c)</label> <hi rend="underline">Cultura nacional</hi></item>
                  </list>
               </item>
               <item><label>2.</label>
                  <list>
                     <item><label>a)</label>
                        <hi rend="underline">Propaganda</hi> com respeito ao <lb/>
                        turismo, commercio e industria de <choice><abbr>prop<am>.</am></abbr><expan>prop<ex>aganda</ex></expan></choice>
                     </item>
                     <item><label>b)</label> 
                        <hi rend="underline">Propaganda</hi> com respeito a <lb/>arte, literatura etc. de 
                        <choice><abbr>prop<am>.</am></abbr><expan>prop<ex>aganda</ex></expan></choice>
                     </item>        
                     <item><label>c)</label> 
                        <hi rend="underline">Propaganda</hi> com respeito a<lb/> valorização superior da nação no <lb/>
                        estrangeiro
                     </item>        
                  </list>
               </item>
               <item><label>3.</label><supplied resp="PS" reason="omitted-in-original"></supplied></item>
            </list>
            </div>
         </div>
      </body>
   </text>
</TEI>
