<?xml version="1.0" encoding="UTF-8"?>
<TEI xmlns="http://www.tei-c.org/ns/1.0">
   <teiHeader>
      <fileDesc>
         <titleStmt>
            <title>MN808</title>
            <author>
               <rs type="person" key="FP">Fernando Pessoa</rs>
            </author>
            <respStmt>
               <resp>Transcrição, Edição</resp>
               <name>Pedro Sepúlveda</name>
            </respStmt>
            <respStmt>
               <resp>Codificação</resp>
               <name>Ulrike Henny</name>
            </respStmt>
            <respStmt>
               <resp>Codificação</resp>
               <name>Isabel Figueiredo-Iken</name>
            </respStmt>
         </titleStmt>
         <publicationStmt>
            <publisher/>
            <idno type="filename">MN808.xml</idno>
         </publicationStmt>
         <sourceDesc>
            <msDesc>
               <msIdentifier>
                  <institution></institution>
                  <idno>MN808</idno>
               </msIdentifier>
               <msContents>
                  <msItemStruct>
                     <author>
                        <rs type="person" key="FP">Fernando Pessoa</rs>
                     </author>
                     <note type="genre">
                        <rs type="genre" key="lista_editorial">Lista editorial</rs>
                     </note>
                     <textLang mainLang="pt" otherLangs="la"/>
                  </msItemStruct>
               </msContents>
               <history>
                  <origin>
                     <p>
                        <origDate when="1932" cert="medium">c. 1932</origDate>
                     </p>
                  </origin>
               </history>
            </msDesc>
         </sourceDesc>
      </fileDesc>
   </teiHeader>
   <facsimile>
      <graphic url="Bilder MN 808_265_908_909 und 677-678/avulsos (808).jpg"/>
   </facsimile>
   <text xml:id="mn808">
      <body>
         <head><hi rend="underline red">Apontamentos para publicações:</hi></head> 
         <list> 
            <head>Quaresma, Decifrador:</head>
            <item><label>1.</label> <rs type="text">O Pergaminho Roubado</rs>.</item>
            <item><label>2.</label> <rs type="text">O Quarto Fechado</rs>.</item>        
            <item><label>3.</label> <rs type="text">O Desapparecimento do <rs type="person" key="P33">Dr. Reis Dores</rs>.</rs></item>
            <item><label>4.</label> <rs type="text">O Roubo na Quinta das Vinhas</rs>.</item>
            <item><label>5.</label> <rs type="text">O Caso Vargas</rs>.</item>
            <item><label>6.</label> <rs type="text">O Triplo Fecho</rs>.</item>
            <item><label>7.</label> <rs type="text">A Carta Magica</rs>.</item>
            <item><label>8.</label> <rs type="text">A Janella Estreita</rs>.</item>
         </list>
         <p>Shakespeare / Estudo de Detecção Superior / pelo extincto<lb/> <rs type="person" key="P34">Dr. Abilio Quaresma</rs>.</p>
         <metamark rend="line" function="distinct"/> 
         <list>
            <item><rs type="text">Auto do Circo</rs>.</item>
            <item><rs type="text">Commentario Maior ás Prophecias do Bandarra</rs>.</item>
            <item><rs type="text">O Banqueiro Anarchista</rs>.
               <list>
                  <item>Idem em inglez.</item>
                  <item>Idem em francez.</item>        
                  <item>(Outras traduções).</item>
               </list>
            </item>
            <item><rs type="text">O Marinheiro</rs>.
               <list>
                  <item>Idem em francez.</item>
               </list>
            </item>
            <item>
               <rs type="text">O Interregno</rs>, (<choice>
                                 <abbr>ed<am>.</am></abbr>
                                 <expan>ed<ex>ição</ex></expan>
                              </choice>
                              <choice>
                                 <abbr>def<am>.</am></abbr>
                                 <expan>def<ex>initiva</ex></expan>
                              </choice>)
               <list>
                  <item>Idem em inglez.</item>
                  <item>(Outras traducções).</item>
               </list>
            </item>
            <item><rs type="text">Ficções de Interlúdio</rs>:
               <list>
                  <item><label>1.</label> <rs type="work" key="O2"><rs type="person" key="AC" role="author">Alberto Caeiro</rs></rs>.</item>
                  <item><label>2.</label> <rs type="work" key="O3"><rs type="person" key="RR" role="author">Ricardo Reis</rs> (I-II)</rs>. et <choice>
                     <abbr>seq<am>.</am></abbr>
                     <expan>seq<ex>uentes</ex></expan>
                  </choice></item>
                  <note>(ou primeiro em volumes individuaes).</note>
               </list>
            </item>
            <item><rs type="work" key="O1" style="b"><rs type="text">Cancioneiro</rs></rs>.
               <list>
                  <item>
                     <choice>
                        <abbr>Liv<am>.</am></abbr>
                        <expan>Liv<ex>ro</ex></expan>
                     </choice>I (48 <choice>
                                       <abbr>pp<am>.</am></abbr>
                                       <expan>p<ex>aginae</ex></expan>
                                    </choice>).
                  </item>
                  <item><choice><abbr>Liv<am>.</am></abbr><expan>Liv<ex>ro</ex></expan></choice> II (idem).</item>
                  <item><choice><abbr>Liv<am>.</am></abbr><expan>Liv<ex>ro</ex></expan></choice> III (idem).</item>
               </list>
            </item>
            <item>
               <rs type="text">Canções da Derrota</rs> (<rs type="text">Mar Portuguez</rs> - <rs type="text">Côrte-Real</rs> - <rs type="text">Elegia<lb/> Heróica</rs>).
            </item>
            <item>
               <rs type="text">Theoria da Nação Portugueza</rs>. (ou <rs type="text">Portugal</rs>, ou <rs type="text">Introducção<lb/> Ao Portugal Futuro</rs>).
            </item>
            <item>
               <rs type="work" key="O4" style="c"><rs type="text">Accessorios</rs>, por <rs type="person" key="AdC" role="author">Alvaro de Campos</rs></rs>.<lb/>
               <rs type="text">Ultimatum</rs>, etc., por <rs type="person" key="AdC" role="author">Alvaro de Campos</rs>.
            </item>
            <item>
               <rs type="text">Fabulas para as Nações Jovens</rs>. (&amp; <choice><abbr>trad</abbr><expan>trad<ex></ex>ucção</expan></choice>).
            </item>
            <item>
               <rs type="text">Regresso a Damasco</rs> (ou integrar em livro onde se incluem,<lb/> por 
               <choice><abbr>ex<am>.</am></abbr><expan>ex<ex>emplo</ex></expan></choice> -)
            </item>
         </list>
      </body>
   </text>
</TEI>
