<?xml version="1.0" encoding="UTF-8"?>
<TEI xmlns="http://www.tei-c.org/ns/1.0">
   <teiHeader>
      <fileDesc>
         <titleStmt>
            <title>MN909</title>
            <author>
               <rs type="person" key="FP">Fernando Pessoa</rs>
            </author>
            <respStmt>
               <resp>Transcrição, Edição</resp>
               <name>Pedro Sepúlveda</name>
            </respStmt>
            <respStmt>
               <resp>Codificação</resp>
               <name>Ulrike Henny</name>
            </respStmt>
            <respStmt>
               <resp>Codificação</resp>
               <name>Isabel Figueiredo-Iken</name>
            </respStmt>
         </titleStmt>
         <publicationStmt>
            <publisher/>
            <idno type="filename">MN909.xml</idno>
         </publicationStmt>
         <sourceDesc>
            <msDesc>
               <msIdentifier>
                  <institution></institution>
                  <idno>MN909</idno>
               </msIdentifier>
               <msContents>
                  <msItemStruct>
                     <author>
                        <rs type="person" key="FP">Fernando Pessoa</rs>
                     </author>
                     <note type="genre">
                        <rs type="genre" key="lista_editorial">Lista editorial</rs>
                     </note>
                     <textLang mainLang="pt" otherLangs="en"/>
                  </msItemStruct>
               </msContents>
               <history>
                  <origin>
                     <p>
                        <origDate when="1930" cert="medium">c. 1930</origDate>
                     </p>
                  </origin>
               </history>
            </msDesc>
         </sourceDesc>
      </fileDesc>
   </teiHeader>
   <facsimile>
      <graphic url="Bilder MN 808_265_908_909 und 677-678/avulsos (909).jpg"/>
   </facsimile>
   <text>
      <body>
         <div>
            <list> 
               <item><rs type="text">Theoria do <choice>
                                   <abbr>Suffr<am>.</am></abbr>
                                   <expan>Suffr<ex>agio</ex></expan>
                                </choice> Politico</rs>.
               </item>
               <item><rs type="text">Politica Economica</rs>.</item>
            </list>
            <metamark rend="line" function="distinct"/>
            <list>
               <item><rs type="text">Banqueiro Anarchista</rs> (<choice>
                                             <abbr>ingl</abbr>
                                             <expan>ingl<ex>ez</ex></expan>
                                           </choice> e<lb/>
                                       <choice>
                                          <abbr>fr</abbr>
                                          <expan>fr<ex>ancez</ex></expan>
                                       </choice>)
               </item>
            </list>
            <metamark rend="line" function="distinct"/>
            <list>   
               <item><rs type="text">Erostratus</rs>.</item>
               <item><rs type="text">Livro da Lili</rs>.</item>
               <item><rs type="text"><rs type="person" key="P32">Oscar Wilde</rs></rs> (<rs type="person" key="P17"><choice>
                                    <abbr>A</abbr>
                                    <expan>A<ex>ntonio</ex></expan>
                                  </choice>
                                  <choice>
                                     <abbr>B</abbr>
                                     <expan>B<ex>otto</ex></expan>
                                  </choice></rs> preface re<pc>-</pc><lb/>modelled)
               </item>  
               <item><rs type="text">Portugal</rs>.</item>
               <item><rs type="work" key="O1" style="bc"><rs type="text">Cancioneiro (ou Itinerario)</rs></rs>.</item>
            </list>
         </div>
      </body>
   </text>
</TEI>