<?xml version="1.0" encoding="UTF-8"?>
<TEI xmlns="http://www.tei-c.org/ns/1.0">
    <teiHeader>
        <fileDesc>
            <titleStmt>
                <title>O Penúltimo Poema</title>
                <author>
                    <rs type="person" key="AC">Alberto Caiero</rs>
                </author>
                <respStmt>
                    <resp>Edição, Transcrição</resp>
                    <name>Pedro Sepúlveda</name>
                </respStmt>
                <respStmt>
                    <resp>Transcrição</resp>
                    <name>Pablo Javier Pérez López</name>
                </respStmt>
                <respStmt>
                    <resp>Modelagem de dados, Codificação</resp>
                    <name>Ulrike Henny</name>
                </respStmt>
                <respStmt>
                    <resp>Codificação</resp>
                    <name>Alena Geduldig</name>
                </respStmt>
                <respStmt>
                    <resp>Consultoria</resp>
                    <name>Institut für Dokumentologie und Editorik (IDE)</name>
                </respStmt>
            </titleStmt>
            <publicationStmt>
                <publisher>Universidade Nova de Lisboa, Instituto de Estudos de Literatura e Tradição (IELT)</publisher>
                <publisher>Cologne Center for eHumanities (CCeH)</publisher>
                <date>2016</date>
                <availability>
                    <licence target="http://creativecommons.org/licenses/by/3.0/"/>
                </availability>
                <idno type="filename">Caeiro_O_Penultimo_Poema.xml</idno>
            </publicationStmt>
            <sourceDesc>
                <list type="work-index">
                    <item><rs type="work" key="O2-66">O Penúltimo Poema</rs></item>
                </list>
                <biblStruct>
                    <analytic>
                        <title level="a">O Penúltimo Poema</title>
                        <author>
                            <rs type="person" key="AC">Alberto Caeiro</rs>
                        </author>
                        <textLang mainLang="pt"/>
                    </analytic>
                    <monogr>
                        <title level="j"><rs type="journal" key="J1">Presença</rs></title>
                        <imprint>
                            <date when="1931-03">Março de 1931</date>
                        </imprint>
                        <biblScope unit="issue">31-32</biblScope>
                        <biblScope unit="page">10</biblScope>
                    </monogr>
                    <note type="genre">
                        <rs type="genre" key="poesia">Poesia</rs>
                    </note>
                </biblStruct>
            </sourceDesc>
        </fileDesc>
    </teiHeader>
    <facsimile>
        <graphic url="pub/res-1900-a_1931-1934_1931_n31-n32_0002.jpg"/>
    </facsimile>
    <text corresp="#O2-66">
        <body>
            <div>
                <head>O Penúltimo Poema</head>
                <lg>
                    <l>Também sei fazer conjecturas.</l>
                    <l>Há em cada coisa aquilo que ela é que a anima.</l>
                    <l>Na planta está por fora e é uma ninfa pequena.</l>
                    <l>No animal é um ser interior longínquo.</l>
                    <l>No homem é a alma que vive com êle e é já êle.</l>
                    <l>Nos deuses tem o mesmo tamanho</l>
                    <l>E o mesmo espaço que o corpo</l>
                    <l>E é a mesma coisa que o corpo.</l>
                    <l>Porisso se diz que os deuses nunca morrem.</l>
                    <l>Porisso os deuses não têm corpo e alma</l>
                    <l>Mas só corpo e são perfeitos.</l>
                    <l>O corpo é que lhes é alma</l>
                    <l>E têm a consciência na própria carne divina.</l>
                </lg>
                <signed>ALBERTO CAEIRO</signed>
            </div>
        </body>
    </text>
</TEI>
