<?xml-model href="http://www.tei-c.org/release/xml/tei/custom/schema/relaxng/tei_all.rng" type="application/xml" schematypens="http://relaxng.org/ns/structure/1.0"?><?xml-model href="http://www.tei-c.org/release/xml/tei/custom/schema/relaxng/tei_all.rng" type="application/xml"
	schematypens="http://purl.oclc.org/dsdl/schematron"?>
<TEI xmlns="http://www.tei-c.org/ns/1.0">
    <teiHeader>
        <fileDesc>
            <titleStmt>
                <title>
                    <rs type="work" key="O4-17">Trapo</rs>
                </title>
                <author>
                    <rs type="person" key="AdC">Álvaro de Campos</rs>
                </author>
                <respStmt>
                    <resp>Edição</resp>
                    <name>Pedro Sepúlveda</name>
                </respStmt>
                <respStmt>
                    <resp>Codificação</resp>
                    <name>Ulrike Henny</name>
                </respStmt>
                <respStmt>
                    <resp>Codificação</resp>
                    <name>Alena Geduldig</name>
                </respStmt>
            </titleStmt>
            <publicationStmt>
                <publisher/>
                <idno type="filename">Campos_Trapo.xml</idno>
            </publicationStmt>
            <sourceDesc>
                <biblStruct>
                    <analytic>
                        <title level="a"><rs type="work" key="O4-17">Trapo</rs></title>
                        <author>
                            <rs type="person" key="AdC">Álvaro de Campos</rs>
                        </author>
                        <textLang mainLang="pt"/>
                    </analytic>
                    <monogr>
                        <title level="j"><rs type="work" key="J1">Presença</rs></title>
                        <imprint>
                            <date from="1931-03" to="1931-06">Março – Junho de 1931</date>
                        </imprint>
                        <biblScope unit="issue">31-32</biblScope>
                        <biblScope unit="page">9</biblScope>
                    </monogr>
                    <note type="genre">
                        <rs type="genre" key="poesia">Poesia</rs>
                    </note>
                </biblStruct>
            </sourceDesc>
        </fileDesc>
    </teiHeader>
    <facsimile>
        <graphic url="pub/res-1900-a_1931-1934_1931_n31-n32_0001.jpg"/>
    </facsimile>
    <text corresp="#O4-17">
        <body>
            <div>
                <head rend="center">Trapo</head>
                <lg>
                    <l>O dia deu em chuvoso.</l>
                    <l>A manhã, contudo, esteve bastante azul.</l>
                    <l>O dia deu em chuvoso.</l>
                    <l>Desde manhã eu estava um pouco triste.</l>
                    <l>Anticipação? tristeza? coisa nenhuma?</l>
                    <l>Não sei: já ao acordar estava triste.</l>
                    <l>O dia deu em chuvoso.</l>
                    <l>Bem sei: a penumbra da chuva é elegante.</l>
                    <l>Bem sei: o sol oprime, por ser tão ordinário, um elegante.</l>
                    <l>Bem sei: ser susceptivel às mudanças de luz não é elegante.</l>
                    <l>Mas quem disse ao sol ou aos outros que eu quero ser elegante?</l>
                    <l>Dêem-me o céu azul e o sol visível.</l>
                    <l>Névoa, chuvas, escuros – isso tenho eu em mim.</l>
                    <l>Hoje quero só sossêgo.</l>
                    <l>Até amaria o lar, desde que o não tivesse.</l>
                    <l>Chego a ter sono de vontade de ter sossêgo.</l>
                    <l>Não exageremos!</l>
                    <l>Tenho efectivamente sono, sem explicação.</l>
                    <l>O dia deu em chuvoso.</l>
                </lg>
                <lg>
                    <l>Carinhos? afectos? São memórias…</l>
                    <l>É preciso ser-se criança para os ter…</l>
                    <l>Minha madrugada perdida, meu céu azul verdadeiro!</l>
                    <l>O dia deu em chuvoso.</l>
                </lg>
                <lg>
                    <l>Bôca bonita da filha do caseiro,</l>
                    <l>Polpa de fruta de um coração por comer…</l>
                    <l>Quando foi isso? Não sei…</l>
                    <l>No azul da manhã…</l>
                </lg>
                <lg>
                    <l>O dia deu em chuvoso.</l>
                </lg>
                <signed>ÁLVARO DE CAMPOS</signed>
            </div>
        </body>
    </text>
</TEI>
