<?xml-model href="http://www.tei-c.org/release/xml/tei/custom/schema/relaxng/tei_all.rng" type="application/xml" schematypens="http://relaxng.org/ns/structure/1.0"?><?xml-model href="http://www.tei-c.org/release/xml/tei/custom/schema/relaxng/tei_all.rng" type="application/xml"
	schematypens="http://purl.oclc.org/dsdl/schematron"?>
<TEI xmlns="http://www.tei-c.org/ns/1.0">
    <teiHeader>
        <fileDesc>
            <titleStmt>
                <title><rs type="work" key="O4-8">Gazetilha</rs></title>
                <author>
                    <rs type="person" key="AdC">Álvaro de Campos</rs>
                </author>
                <respStmt>
                    <resp>Edição</resp>
                    <name>Pedro Sepúlveda</name>
                </respStmt>
                <respStmt>
                    <resp>Codificação</resp>
                    <name>Ulrike Henny</name>
                </respStmt>
                <respStmt>
                    <resp>Codificação</resp>
                    <name>Alena Geduldig</name>
                </respStmt>
            </titleStmt>
            <publicationStmt>
                <publisher></publisher>
                <idno type="filename">Campos_Gazetilha.xml</idno>
            </publicationStmt>
            <sourceDesc>
                <biblStruct>
                    <analytic>
                        <title level="a"><rs type="work" key="O4-8">Gazetilha</rs></title>
                        <author>
                            <rs type="person" key="AdC">Álvaro de Campos</rs>
                        </author>
                        <textLang mainLang="pt"/>
                    </analytic>
                    <monogr>
                        <title level="j"><rs type="journal" key="J10">Sol</rs></title>
                        <imprint>
                            <date when="1926-11-10">10 de Novembro 1926</date>
                        </imprint>
                        <biblScope unit="issue">11</biblScope>
                        <biblScope unit="page">2</biblScope>
                    </monogr>
                    <note type="genre">
                        <rs type="genre" key="poesia">Poesia</rs>
                    </note>
                    <note>reeditado pela Presença em 1929</note>
                </biblStruct>
            </sourceDesc>
        </fileDesc>
    </teiHeader>
    <facsimile>
        <graphic url="pub/res-1900-a-1929-01-n18_0001_1_t0.jpg"/>
    </facsimile>
    <text corresp="#O4-8">
        <body>
            <div>
                <head rend="center">Gazetilha</head>
                <lg>
                    <l>Dos Lloyd Georges da Babilónia</l>
                    <l>Não resa a história nada.</l>
                    <l>Dos Briands da Assíria ou do Egito,</l>
                    <l>Dos Trotskys de qualquer colónia</l>
                    <l>Grega ou romana já passada,</l>
                    <l>O nome é morto, inda que escrito.</l>
                </lg>
                <lg>
                    <l>Só o parvo dum poeta, ou um louco</l>
                    <l>Que fazia filosofia,</l>
                    <l>Ou um geómetra maduro,</l>
                    <l>Sobrevive a êsse tanto pouco</l>
                    <l>Que está lá para traz no escuro</l>
                    <l>E nem a história já historía.</l>
                </lg>
                <lg>
                    <l>Ó grandes homens do Momento!</l>
                    <l>Ó grandes glórias a ferver</l>
                    <l>De quem a obscuridade foge!</l>
                    <l>Aproveitem sem pensamento!</l>
                    <l>Tratem da fama e do comer,</l>
                    <l>Que amanhã é dos loucos de hoje!</l>
                </lg>
                <signed rend="center">ÁLVARO DE CAMPOS</signed>
            </div>
        </body>
    </text>
</TEI>