<?xml-model href="http://www.tei-c.org/release/xml/tei/custom/schema/relaxng/tei_all.rng" type="application/xml" schematypens="http://relaxng.org/ns/structure/1.0"?><?xml-model href="http://www.tei-c.org/release/xml/tei/custom/schema/relaxng/tei_all.rng" type="application/xml"
	schematypens="http://purl.oclc.org/dsdl/schematron"?>
<TEI xmlns="http://www.tei-c.org/ns/1.0">
    <teiHeader>
        <fileDesc>
            <titleStmt>
                <title>Lisbon Revisited (1923)</title>
                <author>
                    <rs type="person" key="AdC">Álvaro de Campos</rs>
                </author>
                <respStmt>
                    <resp>Edição</resp>
                    <name>Pedro Sepúlveda</name>
                </respStmt>
                <respStmt>
                    <resp>Codificação</resp>
                    <name>Ulrike Henny</name>
                </respStmt>
                <respStmt>
                    <resp>Codificação</resp>
                    <name>Alena Geduldig</name>
                </respStmt>
            </titleStmt>
            <publicationStmt>
                <publisher/>
                <idno type="filename">Campos_Lisbon_Revisited_1923.xml</idno>
            </publicationStmt>
            <sourceDesc>
                <list type="work-index">
                    <item><rs type="work" key="O4-9">Lisbon Revisited (1923)</rs></item>
                </list>
                <biblStruct>
                    <analytic>
                        <title level="a">Lisbon Revisited (1923)</title>
                        <author>
                            <rs type="person" key="AdC">Álvaro de Campos</rs>
                        </author>
                        <textLang mainLang="pt"/>
                    </analytic>
                    <monogr>
                        <title level="j"><rs type="journal" key="J11">Contemporânea</rs></title>
                        <imprint>
                            <date when="1923-02">Fevereiro de 1923</date>
                        </imprint>
                        <biblScope unit="issue">8</biblScope>
                        <biblScope unit="page">92</biblScope>
                    </monogr>
                    <note type="genre">
                        <rs type="genre" key="poesia">Poesia</rs>
                    </note>
                </biblStruct>
            </sourceDesc>
        </fileDesc>
    </teiHeader>
    <facsimile>
        <graphic url="pub/N8_53.jpg"/>
    </facsimile>
    <text corresp="#O4-9">
        <body>
            <div>
                <head rend="center">Lisbon Revisited (1923)</head>
                <lg>
                    <l>Não: não quero nada.</l>
                    <l>Já disse que não quero nada.</l>
                </lg>
                <lg>
                    <l>Não me venham com conclusões!</l>
                    <l>A unica conclusão é morrer.</l>
                </lg>
                <lg>
                    <l>Não me tragam estheticas!</l>
                    <l>Não me fallem em moral!</l>
                    <l>Tirem-me d’aqui a metaphysica!</l>
                    <l>Não me apregoem systemas completos, não me enfileirem conquistas</l>
                    <l>Das sciencias (das sciencias, Deus meu, das sciencias!) –</l>
                    <l>Das sciencias, das artes, da civilização moderna!</l>
                </lg>
                <lg>
                    <l>Que mal fiz eu aos deuses todos?</l>
                </lg>
                <lg>
                    <l>Se teem a verdade, guardem-a!</l>
                </lg>
                <lg>
                    <l>Sou um technico, mas tenho technica só dentro da technica.</l>
                    <l>Fóra d’isso sou doido, com todo o direito a sel-o.</l>
                    <l>Com todo o direito a sel-o, ouviram?</l>
                </lg>
                <lg>
                    <l>Não me macem, por amor de Deus!</l>
                </lg>
                <lg>
                    <l>Queriam-me casado, futil, quotidiano e tributavel?</l>
                    <l>Queriam-me o contrario d’isto, o contrario de qualquer cousa?</l>
                    <l>Se eu fôsse outra pessoa, fazia-lhes, a todos, a vontade.</l>
                    <l>Assim, como sou, tenham paciencia!</l>
                    <l>Vão para o diabo sem mim,</l>
                    <l>Ou deixem-me ir sòsinho para o diabo!</l>
                    <l>Para que havermos de ir juntos?</l>
                </lg>
                <lg>
                    <l>Não me peguem no braço!</l>
                    <l>Não gosto que me peguem no braço. Quero ser sòsinho.</l>
                    <l>Já disse que sou só sósinho!</l>
                    <l>Ah, que maçada quererem que eu seja de companhia!</l>
                </lg>
                <lg>
                    <l>Ó céu azul – o mesmo da minha infancia –,</l>
                    <l>Eterna verdade vazia e perfeita!</l>
                    <l>Ó macio Tejo ancestral e mudo,</l>
                    <l>Pequena verdade onde o ceu se reflecte!</l>
                    <l>Ó magoa revisitada, Lisboa de outr’ora de hoje!</l>
                    <l>Nada me daes, nada me tiraes, nada sois que eu me sinta.</l>
                </lg>
                <lg>
                    <l>Deixem-me em paz! Não tardo, que eu nunca tardo…</l>
                    <l>E emquanto tarda o Abysmo e o Silencio quero estar sòsinho!</l>
                </lg>
                <signed rend="center">ÁLVARO DE CAMPOS</signed>
            </div>
        </body>
    </text>
</TEI>