<?xml-model href="http://www.tei-c.org/release/xml/tei/custom/schema/relaxng/tei_all.rng" type="application/xml" schematypens="http://relaxng.org/ns/structure/1.0"?><?xml-model href="http://www.tei-c.org/release/xml/tei/custom/schema/relaxng/tei_all.rng" type="application/xml"
	schematypens="http://purl.oclc.org/dsdl/schematron"?>
<TEI xmlns="http://www.tei-c.org/ns/1.0">
    <teiHeader>
        <fileDesc>
            <titleStmt>
                <title>Lisbon Revisited (1926)</title>
                <author>
                    <rs type="person" key="AdC">Álvaro de Campos</rs>
                </author>
                <respStmt>
                    <resp>Edição, Transcrição</resp>
                    <name>Pedro Sepúlveda</name>
                </respStmt>
                <respStmt>
                    <resp>Transcrição</resp>
                    <name>Pablo Javier Pérez López</name>
                </respStmt>
                <respStmt>
                    <resp>Modelagem de dados, Codificação</resp>
                    <name>Ulrike Henny</name>
                </respStmt>
                <respStmt>
                    <resp>Codificação</resp>
                    <name>Alena Geduldig</name>
                </respStmt>
                <respStmt>
                    <resp>Consultoria</resp>
                    <name>Institut für Dokumentologie und Editorik (IDE)</name>
                </respStmt>
            </titleStmt>
            <publicationStmt>
                <publisher>Universidade Nova de Lisboa, Instituto de Estudos de Literatura e Tradição (IELT)</publisher>
                <publisher>Cologne Center for eHumanities (CCeH)</publisher>
                <date>2016</date>
                <availability>
                    <licence target="http://creativecommons.org/licenses/by/3.0/"/>
                </availability>
                <idno type="filename">Campos_Lisbon_Revisited_1926.xml</idno>
            </publicationStmt>
            <sourceDesc>
                <list type="work-index">
                    <item><rs type="work" key="O4-10">Lisbon Revisited (1926)</rs></item>
                </list>
                <biblStruct>
                    <analytic>
                        <title level="a">Lisbon Revisited (1926)</title>
                        <author>
                            <rs type="person" key="AdC">Álvaro de Campos</rs>
                        </author>
                        <textLang mainLang="pt"/>
                    </analytic>
                    <monogr>
                        <title level="j"><rs type="journal" key="J11">Contemporânea</rs></title>
                        <edition>3.ª série</edition>
                        <imprint>
                            <date when="1926-06">Junho de 1926</date>
                        </imprint>
                        <biblScope unit="issue">2</biblScope>
                        <biblScope unit="page">82-83</biblScope>
                    </monogr>
                    <note type="genre">
                        <rs type="genre" key="poesia">Poesia</rs>
                    </note>
                </biblStruct>
            </sourceDesc>
        </fileDesc>
    </teiHeader>
    <facsimile>
        <graphic url="pub/178423_0913_82_t0.jpg"/>
        <graphic url="pub/178423_0914_83_t0.jpg"/>
    </facsimile>
    <text corresp="#O4-10">
        <body>
            <div>
                <head rend="center">Lisbon Revisited (1926)</head>
                <lg>
                    <l>Nada me prende a nada.</l>
                    <l>Quero cincoenta coisas ao mesmo tempo.</l>
                    <l>Anceio com uma angustia de fome de carne</l>
                    <l>O que não sei que seja –</l>
                    <l>Definidamente pelo indefinido…</l>
                    <l>Durmo irrequieto, e vivo num sonhar irrequieto</l>
                    <l>De quem dorme irrequieto, metade a sonhar.</l>
                </lg>
                <lg>
                    <l>Fecharam-me todas as portas abstractas e necessarias.</l>
                    <l>Correram cortinas de todas as hypoteses que eu poderia ver da rua.</l>
                    <l>Não ha na travessa achada o numero da porta que me deram,</l>
                </lg>
                <lg>
                    <l>Accordei para a mesma vida para que tinha adormecido.</l>
                    <l>Até os meus exercitos sonhados sofreram derrota.</l>
                    <l>Até os meus sonhos se sentiram falsos ao serem sonhados.</l>
                    <l>Até a vida só desejada me farta – até essa vida…</l>
                </lg>
                <lg>
                    <l>Comprehendo a intervallos desconnexos;</l>
                    <l>Escrevo por lapsos de cansaço;</l>
                    <l>E um tedio que é até do tedio arroja-me á praia.</l>
                </lg>
                <lg>
                    <l>Não sei que destino ou futuro compete á minha angustia sem leme;</l>
                    <l>Não sei que ilhas do Sul impossivel aguardam-me naufrago;</l>
                    <l>Ou que palmares de litteratura me darão ao menos um verso.</l>
                </lg>
                <lg>
                    <l>Não, não sei isto, nem outra cousa, nem cousa nenhuma…</l>
                    <l>E, no fundo do meu espirito, onde sonho o que sonhei,</l>
                    <l>Nos campos ultimos da alma, onde memóro sem causa</l>
                    <l> (E o passado é uma nevoa natural de lagrimas falsas),</l>
                    <l>Nas estradas e atalhos das florestas longinquas</l>
                    <l>Onde suppuz o meu ser,</l>
                    <l>Fogem desmantelados, ultimos restos</l>
                    <l>Da illusão final,</l>
                    <l>Os meus exercitos sonhados, derrotados sem ter sido,</l>
                    <l>As minhas cohortes por existir, esfaceladas em Deus.</l>
                </lg>
                <lg>
                    <l>Outra vez te revejo,</l>
                    <l>Cidade da minha infancia pavorosamente perdida…</l>
                    <l>Cidade triste e alegre, outra vez sonho aqui…</l>
                    <l>Eu? Mas sou eu o mesmo que aqui vivi, e aqui voltei,</l>
                    <l>E aqui tornei a voltar, e a voltar,</l>
                    <l>E aqui de novo tornei a voltar?</l>
                    <l>Ou somos, todos os Eu que estive aqui ou estiveram,</l>
                    <l>Uma série de contas-entes ligadas por um fio-memoria,</l>
                    <l>Uma série de sonhos de mim de alguem de fóra de mim?</l>
                </lg>
                <lg>
                    <l>Outra vez te revejo,</l>
                    <l>Com o coração mais longinquo, a alma menos minha.</l>
                </lg>
                <lg>
                    <l>Outra vez te revejo – Lisboa e Tejo e tudo –,</l>
                    <l>Transeunte inutil de ti e de mim,</l>
                    <l>Extrangeiro aqui como em toda a parte,</l>
                    <l>Casual na vida como na alma,</l>
                    <l>Phantasma a errar em salas de recordações,</l>
                    <l>Ao ruido dos ratos e das tabuas que rangem</l>
                    <l>No castelo maldicto de ter que viver…</l>
                </lg>
                <lg>
                    <l>Outra vez te revejo,</l>
                    <l>Sombra que passa atravez de sombras, e brilha</l>
                    <l>Um momento a uma luz funebre desconhecida,</l>
                    <l>E entra na noite como um rastro de barco se perde</l>
                    <l>Na agua que deixa de se ouvir…</l>
                </lg>
                <lg>
                    <l>Outra vez te revejo,</l>
                    <l>Mas, ai, a mim não me revejo!</l>
                    <l>Partiu-se o espelho magico em que me revia identico,</l>
                    <l>E em cada fragmento fatidico vejo só um bocado de mim –</l>
                    <l>Um bocado de ti e de mim!…</l>
                </lg>
                <signed rend="center">ÁLVARO DE CAMPOS</signed>
            </div>
        </body>
    </text>
</TEI>