<?xml-model href="http://www.tei-c.org/release/xml/tei/custom/schema/relaxng/tei_all.rng" type="application/xml" schematypens="http://relaxng.org/ns/structure/1.0"?><?xml-model href="http://www.tei-c.org/release/xml/tei/custom/schema/relaxng/tei_all.rng" type="application/xml"
	schematypens="http://purl.oclc.org/dsdl/schematron"?>
<TEI xmlns="http://www.tei-c.org/ns/1.0">
    <teiHeader>
        <fileDesc>
            <titleStmt>
                <title>Opiário</title>
                <author>
                    <rs type="person" key="AdC">Álvaro de Campos</rs>
                </author>
                <respStmt>
                    <resp>Edição, Transcrição</resp>
                    <name>Pedro Sepúlveda</name>
                </respStmt>
                <respStmt>
                    <resp>Transcrição</resp>
                    <name>Pablo Javier Pérez López</name>
                </respStmt>
                <respStmt>
                    <resp>Modelagem de dados, Codificação</resp>
                    <name>Ulrike Henny</name>
                </respStmt>
                <respStmt>
                    <resp>Codificação</resp>
                    <name>Alena Geduldig</name>
                </respStmt>
                <respStmt>
                    <resp>Consultoria</resp>
                    <name>Institut für Dokumentologie und Editorik (IDE)</name>
                </respStmt>
            </titleStmt>
            <publicationStmt>
                <publisher>Universidade Nova de Lisboa, Instituto de Estudos de Literatura e Tradição (IELT)</publisher>
                <publisher>Cologne Center for eHumanities (CCeH)</publisher>
                <date>2016</date>
                <availability>
                    <licence target="http://creativecommons.org/licenses/by/3.0/"/>
                </availability>
                <idno type="filename">Campos_Opiario.xml</idno>
            </publicationStmt>
            <sourceDesc>
                <list type="work-index">
                    <item><rs type="work" key="O4-13">Opiário</rs></item>
                </list>
                <biblStruct>
                    <analytic>
                        <title level="a">Opiário</title>
                        <author>
                            <rs type="person" key="AdC">Álvaro de Campos</rs>
                        </author>
                        <textLang mainLang="pt"/>
                    </analytic>
                    <monogr>
                        <title level="j"><rs type="journal" key="J12">Orpheu</rs></title>
                        <imprint>
                            <date from="1915-01" to="1915-03">Janeiro – Março de 1915</date>
                        </imprint>
                        <biblScope unit="issue">1</biblScope>
                        <biblScope unit="page">71-76</biblScope>
                    </monogr>
                    <note type="genre">
                        <rs type="genre" key="poesia">Poesia</rs>
                    </note>
                </biblStruct>
            </sourceDesc>
        </fileDesc>
    </teiHeader>
    <facsimile>
        <graphic url="pub/res-2750-v_1915-01_0083_69_t0.jpg"/>
        <graphic url="pub/res-2750-v_1915-01_0085_71_t0.jpg"/>
        <graphic url="pub/res-2750-v_1915-01_0086_72_t0.jpg"/>
        <graphic url="pub/res-2750-v_1915-01_0087_73_t0.jpg"/>
        <graphic url="pub/res-2750-v_1915-01_0088_74_t0.jpg"/>
        <graphic url="pub/res-2750-v_1915-01_0089_75_t0.jpg"/>
        <graphic url="pub/res-2750-v_1915-01_0090_76_t0.jpg"/>
    </facsimile>
    <text corresp="#O4-13">
        <body>
            <div>
                <head>Opiário</head>
                <ab type="dedication" rend="right">Ao senhor Mário de Sá-Carneiro</ab>
                <lg>
                    <l>É antes do ópio que a minh’alma é doente.</l>
                    <l>Sentir a vida convalesce e estióla</l>
                    <l>E eu vou buscar ao ópio que consóla</l>
                    <l>Um Oriente ao oriente do Oriente.</l>
                </lg>
                <lg>
                    <l>Esta vida de bórdo ha-de matar-me.</l>
                    <l>São dias só de febre na cabêça</l>
                    <l>E, por mais que procure até que adoêça,</l>
                    <l>Já não encontro a móla pra adaptar-me.</l>
                </lg>
                <lg>
                    <l>Em paradoxo e incompetência astral</l>
                    <l> Eu vivo a vincos d’ouro a minha vida,</l>
                    <l>Onda onde o pundonôr é uma descida</l>
                    <l>E os próprios gosos ganglios do meu mal.</l>
                </lg>
                <lg>
                    <l> É por um mecanismo de desastres,</l>
                    <l>Uma engrenagem com volantes falsos,</l>
                    <l>Que passo entre visões de cadafalsos</l>
                    <l>Num jardim onde ha flores no ar, sem hastes.</l>
                </lg>
                <lg>
                    <l>Vou cambaleando através do lavôr</l>
                    <l>Duma vida-interior de renda e láca.</l>
                    <l>Tenho a impressão de ter em casa a fáca</l>
                    <l> Com que foi degolado o Precursôr.</l>
                </lg>
                <lg>
                    <l> Ando expiando um crime numa mála,</l>
                    <l>Que um avô meu cometeu por requinte.</l>
                    <l>Tenho os nervos na fôrca, vinte a vinte,</l>
                    <l>E caí no ópio como numa vála.</l>
                </lg>
                <lg>
                    <l> Ao toque adormecido da morfina</l>
                    <l>Perco-me em transparências latejantes</l>
                    <l>E numa noite cheia de brilhantes</l>
                    <l>Ergue-se a lua como a minha Sina.</l>
                </lg>
                <lg>
                    <l>Eu, que fui sempre um mau estudante, agora</l>
                    <l>Não faço mais que ver o navio ir</l>
                    <l>Pelo canal de Suez a conduzir</l>
                    <l>A minha vida, camfora na aurora.</l>
                </lg>
                <lg>
                    <l>Perdi os dias que já aproveitara.</l>
                    <l>Trabalhei para ter só o cansaço</l>
                    <l>Que é hoje em mim uma especie de braço</l>
                    <l>Que ao meu pescôço me sufoca e ampara.</l>
                </lg>
                <lg>
                    <l>E fui criança como toda a gente.</l>
                    <l>Nasci numa provincia portuguêsa</l>
                    <l>E tenho conhecido gente inglêsa</l>
                    <l>Que diz que eu sei inglês perfeitamente.</l>
                </lg>
                <lg>
                    <l>Gostava de ter poêmas e novélas</l>
                    <l>Publicados por Plon e no <hi rend="italic">Mercure</hi>,</l>
                    <l>Mas é impossivel que esta vida dure.</l>
                    <l>Se nesta viagem nem houve procélas!</l>
                </lg>
                <lg>
                    <l>A vida a bórdo é uma coisa triste</l>
                    <l>Embora a gente se divirta ás vezes.</l>
                    <l>Falo com alemães, suecos e inglêses</l>
                    <l>E a minha mágoa de viver persiste.</l>
                </lg>
                <lg>
                    <l>Eu acho que não vale a pena ter</l>
                    <l>Ido ao Oriente e visto a India e a China.</l>
                    <l>A terra é semelhante e pequenina</l>
                    <l>E ha só uma maneira de viver.</l>
                </lg>
                <lg>
                    <l>Porisso eu tomo ópio. É um remedio.</l>
                    <l>Sou um convalescente do Momento.</l>
                    <l>Móro no rés-do-chão do pensamento</l>
                    <l>E ver passar a Vida faz-me tedio.</l>
                </lg>
                <lg>
                    <l>Fumo. Canso. Ah uma terra aonde, emfim,</l>
                    <l>Muito a leste não fosse o oeste já!</l>
                    <l>Pra que fui visitar a India que ha</l>
                    <l>Se não ha India senão a alma em mim?</l>
                </lg>
                <lg>
                    <l>Sou desgraçado por meu morgadío.</l>
                    <l>Os ciganos roubaram minha Sorte.</l>
                    <l>Talvez nem mesmo encontre ao pé da morte</l>
                    <l>Um lugar que me abrigue do meu frio.</l>
                </lg>
                <lg>
                    <l>Eu fingi que estudei engenharia.</l>
                    <l>Vivi na Escóssia. Visitei a Irlanda.</l>
                    <l>Meu coração é uma avòzinha que anda</l>
                    <l>Pedindo esmóla ás portas da Alegria.</l>
                </lg>
                <lg>
                    <l>Não chegues a Port-Said, navio de ferro!</l>
                    <l>Volta á direita, nem eu sei para onde.</l>
                    <l>Passo os dias no smoking-room com o conde –</l>
                    <l>Um escroc francês, conde de fim de enterro.</l>
                </lg>
                <lg>
                    <l>Volto á Europa descontente, e em sortes</l>
                    <l>De vir a ser um poeta sonambólico.</l>
                    <l>Eu sou monarquico mas não católico</l>
                    <l>E gostava de ser as coisas fortes.</l>
                </lg>
                <lg>
                    <l>Gostava de ter crenças e dinheiro,</l>
                    <l>Ser varia gente insipida que vi.</l>
                    <l>Hoje, afinal, não sou senão, aqui,</l>
                    <l>Num navio qualquer um passageiro.</l>
                </lg>
                <lg>
                    <l>Não tenho personalidade alguma.</l>
                    <l>É mais notado que eu êsse criado</l>
                    <l>De bórdo que tem um belo modo alçado</l>
                    <l>De <hi rend="italic">laird</hi> escossez ha dias em jejum.</l>
                </lg>
                <lg>
                    <l>Não posso estar em parte alguma. A minha</l>
                    <l> Patria é onde não estou. Sou doente e fraco.</l>
                    <l>O comissário de bórdo é velhaco.</l>
                    <l>Viu-me co’a sueca… e o resto êle adivinha.</l>
                </lg>
                <lg>
                    <l>Um dia faço escândalo cá a bórdo,</l>
                    <l>Só para dar que falar de mim aos mais.</l>
                    <l>Não posso com a vida, e acho fatais</l>
                    <l> As iras com que ás vezes me debórdo.</l>
                </lg>
                <lg>
                    <l>Levo o dia a fumar, a beber coisas,</l>
                    <l>Drogas americanas que entontecem,</l>
                    <l>E eu já tão bêbado sem nada! Déssem</l>
                    <l>Melhor cérebro aos meus nervos como rosas.</l>
                </lg>
                <lg>
                    <l>Escrevo estas linhas. Parece impossivel</l>
                    <l>Que mesmo ao ter talento eu mal o sinta!</l>
                    <l>O facto é que esta vida é uma quinta</l>
                    <l>Onde se aborrece uma alma sensivel.</l>
                </lg>
                <lg>
                    <l>Os inglêses são feitos pra existir.</l>
                    <l>Não ha gente como esta pra estar feita</l>
                    <l>Com a Tranquilidade. A gente deita</l>
                    <l>Um vintém e sai um dêles a sorrir.</l>
                </lg>
                <lg>
                    <l>Pertenço a um genero de portuguêses</l>
                    <l>Que depois de estar a India descoberta</l>
                    <l>Ficaram sem trabalho. A morte é certa.</l>
                    <l>Tenho pensado nisto muitas vêzes.</l>
                </lg>
                <lg>
                    <l>Leve o diabo a vida e a gente tê-la!</l>
                    <l>Nem leio o livro á minha cabeceira.</l>
                    <l>Enoja-me o Oriente. É uma esteira</l>
                    <l>Que a gente enróla e deixa de ser béla.</l>
                </lg>
                <lg>
                    <l>Caio no ópio por força. Lá querer</l>
                    <l> Que eu leve a limpo uma vida destas</l>
                    <l>Não se pode exigir. Almas honestas</l>
                    <l>Com horas pra dormir e pra comer,</l>
                </lg>
                <lg>
                    <l>Que um raio as parta! E isto afinal é inveja.</l>
                    <l>Porque estes nêrvos são a minha morte.</l>
                    <l>Não haver um navio que me transporte</l>
                    <l>Para onde eu nada queira que o não vêja!</l>
                </lg>
                <lg>
                    <l>Ora! Eu cansava-me do mesmo modo.</l>
                    <l>Qu’ria outro ópio mais forte pra ir de ali</l>
                    <l>Para sonhos que dessem cabo de mim</l>
                    <l>E pregassem comigo nalgum lôdo.</l>
                </lg>
                <lg>
                    <l>Febre! Se isto que tenho não é febre,</l>
                    <l>Não sei como é que se tem febre e sente.</l>
                    <l>O facto essencial é que estou doente.</l>
                    <l>Está corrida, amigos, esta lebre.</l>
                </lg>
                <lg>
                    <l>Veio a noite. Tocou já a primeira</l>
                    <l> Corneta, pra vestir para o jantar.</l>
                    <l>Vida social por cima! Isso! E marchar</l>
                    <l>Até que a gente saia pla coleira!</l>
                </lg>
                <lg>
                    <l>Porque isto acaba mal e ha-de haver</l>
                    <l>(Olá!) sangue e um revólver lá pró fim</l>
                    <l>Dêste desassossego que ha em mim</l>
                    <l>E não ha forma de se resolver.</l>
                </lg>
                <lg>
                    <l>E quem me olhar, ha-de me achar banal,</l>
                    <l>A mim e á minha vida… Ora! um rapaz…</l>
                    <l>O meu proprio monóculo me faz</l>
                    <l>Pertencer a um tipo universal.</l>
                </lg>
                <lg>
                    <l>Ah quanta alma haverá, que ande metida</l>
                    <l>Assim como eu na Linha, e como eu mística!</l>
                    <l>Quantos sob a casaca carateristica</l>
                    <l>Não terão como eu o horrôr á vida?</l>
                </lg>
                <lg>
                    <l>Se ao menos eu por fóra fôsse tão</l>
                    <l>Interessante como sou por dentro!</l>
                    <l>Vou no Maelstrom, cada vês mais pró centro.</l>
                    <l>Não fazer nada é a minha perdição.</l>
                </lg>
                <lg>
                    <l>Um inutil. Mas é tão justo sê-lo!</l>
                    <l>Pudesse a gente despresar os outros</l>
                    <l>E, ainda que co’os cotovêlos rôtos,</l>
                    <l>Ser heroi, doido, amaldiçoado ou bélo!</l>
                </lg>
                <lg>
                    <l>Tenho vontade de levar as mãos</l>
                    <l>Á bôca e morder nélas fundo e a mal.</l>
                    <l>Era uma ocupação original</l>
                    <l>E distraía os outros, os tais sãos.</l>
                </lg>
                <lg>
                    <l>O absurdo como uma flôr da tal India</l>
                    <l>Que não vim encontrar na India, nasce</l>
                    <l>No meu cérebro farto de cansar-se.</l>
                    <l>A minha vida mude-a Deus ou finde-a…</l>
                </lg>
                <lg>
                    <l>Deixe-me estar aqui, nesta cadeira,</l>
                    <l>Até virem meter-me no caixão.</l>
                    <l>Nasci pra mandarim de condição,</l>
                    <l>Mas faltam-me o sossego, o chá e a esteira.</l>
                </lg>
                <lg>
                    <l>Ah que bom que era ir daqui de caída</l>
                    <l>Prá cova por um alçapão de estouro!</l>
                    <l>A vida sabe-me a tabaco louro.</l>
                    <l>Nunca fiz mais do que fumar a vida.</l>
                </lg>
                <lg>
                    <l>E afinal o que quero é fé, é calma,</l>
                    <l>E não ter estas sensações confusas.</l>
                    <l>Deus que acabe com isto! Abra as eclusas –</l>
                    <l>E basta de comedias na minh’alma!</l>
                </lg>
                <dateline rend="italic"><hi rend="center">1914, Março.</hi></dateline>
                <trailer rend="italic"><hi rend="center">No canal de Sués, a bordo.</hi></trailer>
            </div>
        </body>
    </text>
</TEI>