<?xml version="1.0" encoding="UTF-8"?>
<TEI xmlns="http://www.tei-c.org/ns/1.0">
    <teiHeader>
        <fileDesc>
            <titleStmt>
                <title>Apostilla</title>
                <author>
                    <rs type="person" key="AdC">Álvaro de Campos</rs>
                </author>
                <respStmt>
                    <resp>Edição, Transcrição</resp>
                    <name>Pedro Sepúlveda</name>
                </respStmt>
                <respStmt>
                    <resp>Transcrição</resp>
                    <name>Pablo Javier Pérez López</name>
                </respStmt>
                <respStmt>
                    <resp>Modelagem de dados, Codificação</resp>
                    <name>Ulrike Henny</name>
                </respStmt>
                <respStmt>
                    <resp>Codificação</resp>
                    <name>Alena Geduldig</name>
                </respStmt>
                <respStmt>
                    <resp>Consultoria</resp>
                    <name>Institut für Dokumentologie und Editorik (IDE)</name>
                </respStmt>
            </titleStmt>
            <publicationStmt>
                <publisher>Universidade Nova de Lisboa, Instituto de Estudos de Literatura e Tradição (IELT)</publisher>
                <publisher>Cologne Center for eHumanities (CCeH)</publisher>
                <date>2016</date>
                <availability>
                    <licence target="http://creativecommons.org/licenses/by/3.0/"/>
                </availability>
                <idno type="filename">Campos_Apostilla.xml</idno>
            </publicationStmt>
            <sourceDesc>
                <list type="work-index">
                    <item><rs type="work" key="O4-5">Apostilla</rs></item>
                </list>
                <biblStruct>
                    <analytic>
                        <title level="a">Apostilla</title>
                        <author>
                            <rs type="person" key="AdC">Álvaro de Campos</rs>
                        </author>
                        <textLang mainLang="pt"/>
                    </analytic>
                    <monogr>
                        <title level="j"><rs type="journal" key="J9">O Notícias
                            Ilustrado</rs></title>
                        <edition>2.ª série</edition>
                        <imprint>
                            <date when="1928-05-27">27 de Maio de 1928</date>
                        </imprint>
                        <biblScope unit="issue">10</biblScope>
                        <biblScope unit="page">2</biblScope>
                    </monogr>
                    <note type="genre">
                        <rs type="genre" key="poesia">Poesia</rs>
                    </note>
                </biblStruct>
            </sourceDesc>
        </fileDesc>
    </teiHeader>
    <facsimile>
        <graphic url="pub/FP147_1928-05-27_0002_Apostilha.jpg"/>
    </facsimile>
    <text corresp="#O4-5">
        <body>
            <div>
                <head rend="center">Apostilla</head>
                <lg>
                    <l>Aproveitar o tempo!</l>
                    <l>Mas o que é o tempo, para que eu o aproveite?</l>
                    <l>Aproveitar o tempo!</l>
                    <l>Nenhum dia sem linha…</l>
                    <l>O trabalho honesto e superior…</l>
                    <l>O trabalho á Virgilio, á Milton…</l>
                    <l>Mas é tam difficil ser honesto ou ser superior!</l>
                    <l>É tam pouco provavel ser Milton ou ser Virgilio!</l>
                </lg>
                <lg>
                    <l>Aproveitar o tempo!</l>
                    <l>Tirar da alma os bocados precisos – nem mais nem menos –</l>
                    <l>Para com elles juntar os cubos ajustados</l>
                    <l>Que fazem gravuras certas na historia</l>
                    <l>(E estão certas tambem do lado de baixo, que se não vê)…</l>
                    <l>Pôr as sensações em castello de cartas, pobre China dos serões,</l>
                    <l>E os pensamentos em dominó, egual contra egual,</l>
                    <l>E a vontade em carambola difficil…</l>
                    <l>Imagens de jogos ou de paciencias ou de passatempos –</l>
                    <l>Imagens da vida, imagens das vidas, Imagem da Vida…</l>
                </lg>
                <lg>
                    <l>Verbalismo…</l>
                    <l>Sim, verbalismo…</l>
                    <l>Aproveitar o tempo!</l>
                    <l>Não ter um minuto que o exame de consciencia desconheça…</l>
                    <l>Não ter um acto indefinido nem facticio…</l>
                    <l>Não ter um movimento desconforme com propositos…</l>
                    <l>Boas-maneiras da alma…</l>
                    <l>Elegancia de persistir…</l>
                </lg>
                <lg>
                    <l>Aproveitar o tempo!</l>
                    <l>Meu coração está cansado como um mendigo verdadeiro.</l>
                    <l>Meu cerebro está prompto como um fardo posto ao canto.</l>
                    <l>Meu canto (verbalismo!) está tal como está e é triste.</l>
                    <l>Aproveitar o tempo!</l>
                    <l>Desde que comecei a escrever passaram cinco minutos.</l>
                    <l>Aproveitei-os ou não?</l>
                    <l>Se não sei se os aproveitei, que saberei de outros minutos?</l>
                </lg>
                <lg>
                    <l>(Passageira que viajavas tantas vezes no mesmo compartimento comigo</l>
                    <l>No comboio suburbano,</l>
                    <l>Chegaste a interessar-te por mim?</l>
                    <l>Aproveitei o tempo olhando para ti?</l>
                    <l>Qual foi o rhythmo do nosso socego no comboio andante?</l>
                    <l>Qual foi o entendimento que não chegámos a ter?</l>
                    <l>Qual foi a vida que houve nisto? Que foi isto á vida?)</l>
                </lg>
                <lg>
                    <l>Aproveitar o tempo!…</l>
                    <l>Ah, deixem-me não aproveitar nada!</l>
                    <l>Nem tempo, nem ser, nem memorias de tempo ou de ser!</l>
                    <l>Deixem-me ser uma folha de arvore, titillada por brisas,</l>
                    <l>A poeira de uma estrada, involuntaria e sòsinha,</l>
                    <l>O regato casual das chuvas que vão acabando,</l>
                    <l>O vinco deixado na estrada pelas rodas emquanto não vêm outras,</l>
                    <l>O peão do garoto, que vae a parar,</l>
                    <l>E oscilla, no mesmo movimento que o da terra,</l>
                    <l>E estremece, no mesmo movimento que o da alma,</l>
                    <l>E cahe, como cahem os deuses, no chão do Destino.</l>
                </lg>
                <dateline>11/4/28</dateline>
            </div>
        </body>
    </text>
</TEI>