<?xml version="1.0" encoding="UTF-8"?>
<?xml-model href="http://www.tei-c.org/release/xml/tei/custom/schema/relaxng/tei_all.rng" type="application/xml" schematypens="http://relaxng.org/ns/structure/1.0"?>
<TEI xmlns="http://www.tei-c.org/ns/1.0">
    <teiHeader>
        <fileDesc>
            <titleStmt>
                <title>Canção ("Sol nulo dos dias vãos")</title>
                <author>
                    <rs type="person" key="FP">Fernando Pessoa</rs>
                </author>
                <respStmt>
                    <resp>Edição</resp>
                    <name>Pedro Sepúlveda</name>
                </respStmt>
                <respStmt>
                    <resp>Codificação</resp>
                    <name>Ulrike Henny</name>
                </respStmt>
                <respStmt>
                    <resp>Codificação</resp>
                    <name>Sviatoslav Drach</name>
                </respStmt>
            </titleStmt>
            <publicationStmt>
                <publisher/>
                <idno type="filename">Pessoa_Cancao-Sol-nulo-dos-dias-vaos.xml</idno>
            </publicationStmt>
            <sourceDesc>
                <list type="work-index">
                    <item><rs type="work" key="O1-8">Canção ("Sol nulo dos dias vãos")</rs></item>
                </list>
                <biblStruct>
                    <analytic>
                        <title level="a">Canção ("Sol nulo dos dias vãos")</title>
                        <author>
                            <rs type="person" key="FP">Fernando Pessoa</rs>
                        </author>
                        <textLang mainLang="pt"/>
                    </analytic>
                    <monogr>
                        <title level="j"><rs type="journal" key="J31">Ilustração Portuguesa</rs></title>
                        <imprint>
                            <date when="1922-02-11">11 de Fevereiro de 1922</date>
                        </imprint>
                        <biblScope></biblScope>
                    </monogr>
                    <note type="genre">
                        <rs type="genre" key="poesia">Poesia</rs>
                    </note>
                </biblStruct>
            </sourceDesc>
        </fileDesc>
    </teiHeader>
    <facsimile>
        <graphic url="pub/N834_0011_branca_t0.jpg"/>
    </facsimile>
    <text corresp="#O1-8">
        <body>
            <div>
                <head>CANÇÃO</head>
                <lg>
                    <l>Sol nulo dos dias vãos,</l>
                    <l>Cheios de lida e de calma,</l>
                    <l>Aquece ao menos as mãos</l>
                    <l>A quem não entras na alma!</l>
                </lg>
                <lg>
                    <l>Que ao menos a mão, roçando</l>
                    <l>A mão que por ela passe,</l>
                    <l>Com externo calor brando </l>
                    <l>O frio da alma disfarce!</l>
                </lg>
                <lg>
                    <l>Senhor, já que a dôr é nossa</l>
                    <l>E a fraqueza que ela tem,</l>
                    <l>Dá-nos ao menos a força</l>
                    <l>De a não mostrar a ninguem!</l>
                </lg>
                <signed>FERNANDO PESSOA</signed>
            </div>
        </body>
    </text>
</TEI>
