<?xml version="1.0" encoding="UTF-8"?>
<?xml-model href="http://www.tei-c.org/release/xml/tei/custom/schema/relaxng/tei_all.rng" type="application/xml" schematypens="http://relaxng.org/ns/structure/1.0"?>
<TEI xmlns="http://www.tei-c.org/ns/1.0">
    <teiHeader>
        <fileDesc>
            <titleStmt>
                <title>Depois da Feira</title>
                <author>
                    <rs type="person" key="FP">Fernando Pessoa</rs>
                </author>
                <respStmt>
                    <resp>Edição</resp>
                    <name>Pedro Sepúlveda</name>
                </respStmt>
                <respStmt>
                    <resp>Codificação</resp>
                    <name>Ulrike Henny</name>
                </respStmt>
                <respStmt>
                    <resp>Codificação</resp>
                    <name>Sviatoslav Drach</name>
                </respStmt>
            </titleStmt>
            <publicationStmt>
                <publisher/>
                <idno type="filename">Pessoa_Depois-da-Feira.xml</idno>
            </publicationStmt>
            <sourceDesc>
                <list type="work-index">
                    <item><rs type="work" key="O1-12">Depois da Feira</rs></item>
                </list>
                <biblStruct>
                    <analytic>
                        <title level="a">Depois da Feira</title>
                        <author>
                            <rs type="person" key="FP">Fernando Pessoa</rs>
                        </author>
                        <textLang mainLang="pt"/>
                    </analytic>
                    <monogr>
                        <title level="j"><rs type="journal" key="J1">Presença</rs></title>
                        <imprint>
                            <date when="1928-11">Novembro de 1928</date>
                        </imprint>
                        <biblScope unit="issue">16</biblScope>
                    </monogr>
                    <note type="genre">
                        <rs type="genre" key="poesia">Poesia</rs>
                    </note>
                </biblStruct>
            </sourceDesc>
        </fileDesc>
    </teiHeader>
    <facsimile>
        <graphic url="pub/res-1900-a-1928-11-n16_0005_5_t0.jpg"/>
    </facsimile>
    <text corresp="#O1-12">
        <body>
            <div>
                <head>DEPOIS DA FEIRA</head>
                <lg>
                    <l>Vão vagos pela estrada,</l>
                    <l>Cantando sem razão</l>
                    <l>A ultima esperança dada</l>
                    <l>À ultima illusão.</l>
                    <l>Não significam nada.</l>
                    <l>Mimos e bobos são.</l>
                </lg>
                <lg>
                    <l>Vão juntos e diversos</l>
                    <l rend="indent"> Sob um luar de ver,</l>
                    <l>Em que sonhos immersos</l>
                    <l>Nem saberão dizer,</l>
                    <l>E cantam aquelles versos</l>
                    <l>Que lembram sem querer.</l>
                </lg>
                <lg>
                    <l>Paragens de um morto mytho,</l>
                    <l rend="indent"> Tão lyricos!, tam sós!</l>
                    <l>Não têm na voz um grito.</l>
                    <l>Mal têm a própria voz;</l>
                    <l>E ignora-os o infinito</l>
                    <l>Qne nos ignora a nós.</l>
                </lg>
                <signed><hi rend="italic">Fernando Pessoa</hi>.</signed>
            </div>
        </body>
    </text>
</TEI>
