<?xml version="1.0" encoding="UTF-8"?>
<TEI xmlns="http://www.tei-c.org/ns/1.0">
    <teiHeader>
        <fileDesc>
            <titleStmt>
                <title>O Menino Da Sua Mãe</title>
                <author>
                    <rs type="person" key="FP">Fernando Pessoa</rs>
                </author>
                <respStmt>
                    <resp>Edição, Transcrição</resp>
                    <name>Pedro Sepúlveda</name>
                </respStmt>
                <respStmt>
                    <resp>Transcrição</resp>
                    <name>Pablo Javier Pérez López</name>
                </respStmt>
                <respStmt>
                    <resp>Modelagem de dados, Codificação</resp>
                    <name>Ulrike Henny</name>
                </respStmt>
                <respStmt>
                    <resp>Codificação</resp>
                    <name>Sviatoslav Drach</name>
                </respStmt>
                <respStmt>
                    <resp>Consultoria</resp>
                    <name>Institut für Dokumentologie und Editorik (IDE)</name>
                </respStmt>
            </titleStmt>
            <publicationStmt>
                <publisher>Universidade Nova de Lisboa, Instituto de Estudos de Literatura e Tradição (IELT)</publisher>
                <publisher>Cologne Center for eHumanities (CCeH)</publisher>
                <date>2016</date>
                <availability>
                    <licence target="http://creativecommons.org/licenses/by/3.0/"/>
                </availability>
                <idno type="filename">Pessoa_O-Menino-da-sua-Mae.xml</idno>
            </publicationStmt>
            <sourceDesc>
                <list type="work-index">
                    <item><rs type="work" key="O1-29">O Menino Da Sua Mãe</rs></item>
                </list>
                <biblStruct>
                    <analytic>
                        <title level="a">O Menino Da Sua Mãe</title>
                        <author>
                            <rs type="person" key="FP">Fernando Pessoa</rs>
                        </author>
                        <textLang mainLang="pt"/>
                    </analytic>
                    <monogr>
                        <title level="j"><rs type="journal" key="J11">Contemporânea</rs></title>
                        <imprint>
                            <date when="1926-05">Maio de 1926</date>
                        </imprint>
                        <biblScope unit="volume">3.ª série</biblScope>
                        <biblScope unit="issue">1</biblScope>
                    </monogr>
                    <note type="genre">
                        <rs type="genre" key="poesia">Poesia</rs>
                    </note>
                </biblStruct>
            </sourceDesc>
        </fileDesc>
    </teiHeader>
    <facsimile>
        <graphic url="pub/178423_0860_47_t0.jpg"/>
    </facsimile>
    <text corresp="#O1-29">
        <body>
            <div>
                <head>O MENINO DA SUA<lb/> MÃE</head>
                <lg>
                    <l>No plaino abandonado</l>
                    <l>Que a morna brisa aquece,</l>
                    <l>De balas traspassado —</l>
                    <l>Duas, de lado a lado —,</l>
                    <l>Jaz morto, e arrefece.</l>
                </lg>
                <lg>
                    <l>Raia-lhe a farda o sangue.</l>
                    <l>De braços extendidos,</l>
                    <l>Alvo, louro, exangue,</l>
                    <l>Fita com olhar langue</l>
                    <l>E cego os céus perdidos.</l>
                </lg>
                <lg>
                    <l>Tam jovem! que jovem era!</l>
                    <l> (Agora que edade tem?)</l>
                    <l>Filho unico, a mãe lhe dera </l>
                    <l>Um nome e o mantivera:</l>
                    <l>«O menino da sua mãe.»</l>
                </lg>
                <lg>
                    <l>Cahiu-lhe da algibeira</l>
                    <l>A cigarreira breve.</l>
                    <l>Dera-lh’a a mãe. Está inteira</l>
                    <l>E boa a cigarreira.</l>
                    <l>Elle é que já não serve.</l>
                </lg>
                <lg>
                    <l>De outra algibeira, alada</l>
                    <l>Ponta a roçar o solo,</l>
                    <l>A brancura embainhada</l>
                    <l>De um lenço... Deu-lh’o a creada</l>
                    <l>Velha que o trouxe ao collo.</l>
                </lg>
                <lg>
                    <l>Lá longe, em casa, ha a prece:</l>
                    <l>«Que volte cedo, e bem!»</l>
                    <l>(Malhas que o lmperio tece!)</l>
                    <l>Jaz morto, e apodrece,</l>
                    <l>O menino da sua mãe.</l>
                </lg>
                <signed>FERNANDO PESSOA</signed>
            </div>
        </body>
    </text>
</TEI>
