<?xml version="1.0" encoding="UTF-8"?>
<?xml-model href="http://www.tei-c.org/release/xml/tei/custom/schema/relaxng/tei_all.rng" type="application/xml" schematypens="http://relaxng.org/ns/structure/1.0"?>
<TEI xmlns="http://www.tei-c.org/ns/1.0">
    <teiHeader>
        <fileDesc>
            <titleStmt>
                <title>
                    <rs type="work" key="O1-13">Episodios</rs>
                </title>
                <author>
                    <rs type="person" key="FP">Fernando Pessoa</rs>
                </author>
                <respStmt>
                    <resp>Edição</resp>
                    <name>Pedro Sepúlveda</name>
                </respStmt>
                <respStmt>
                    <resp>Codificação</resp>
                    <name>Ulrike Henny</name>
                </respStmt>
                <respStmt>
                    <resp>Codificação</resp>
                    <name>Sviatoslav Drach</name>
                </respStmt>
            </titleStmt>
            <publicationStmt>
                <publisher/>
                <idno type="filename">Pessoa_Episodios.xml</idno>
            </publicationStmt>
            <sourceDesc>
                <list type="work-index">
                    <item><rs type="work" key="O1-13">Episodios</rs></item>
                    <item><rs type="work" key="O1-13-1">I</rs></item>
                    <item><rs type="work" key="O1-13-2">II</rs></item>
                    <item><rs type="work" key="O1-13-3">III</rs></item>
                    <item><rs type="work" key="O1-13-4">IV</rs></item>
                    <item><rs type="work" key="O1-13-5">V</rs></item>
                </list>
                <biblStruct>
                    <analytic>
                        <title level="a"><rs type="work" key="O1-13">Episodios</rs></title>
                        <author>
                            <rs type="person" key="FP">Fernando Pessoa</rs>
                        </author>
                        <textLang mainLang="pt"/>
                    </analytic>
                    <monogr>
                        <title level="j"><rs type="journal" key="J29">Portugal Futurista</rs></title>
                        <imprint>
                            <date when="1917-11">Novembro de 1917</date>
                        </imprint>
                        <biblScope/>
                    </monogr>
                    <note type="genre">
                        <rs type="genre" key="poesia">Poesia</rs>
                    </note>
                </biblStruct>
            </sourceDesc>
        </fileDesc>
    </teiHeader>
    <facsimile>
        <graphic url="pub/res-1898-a_0031_21_t0.jpg"/>
        <graphic url="pub/res-1898-a_0032_22_t0.jpg"/>
    </facsimile>
    <text corresp="#O1-13">
        <body>
            <div>
                <head>EPISODIOS</head>
                <head>A Mumia</head>
                <div type="poem" corresp="#O1-13-1">
                    <head>I</head>
                    <lg>
                        <l>Andei leguas de sombra </l>
                        <l>Dentro em meu pensamento. </l>
                        <l>Floresceu ás avessas </l>
                        <l>Meu ocio com sem-nexo,</l>
                        <l>E apagaram-se as lampadas</l>
                        <l>Na alcova cambaleante.</l>
                    </lg>
                    <lg>
                        <l>Tudo prestes se volve </l>
                        <l>Um deserto macio </l>
                        <l>Visto pelo meu tacto </l>
                        <l>Dos velludos da alcova, </l>
                        <l>Não pela minha vista.</l>
                    </lg>
                    <lg>
                        <l>Ha um oasis no Incerto</l>
                        <l>E, como uma suspeita </l>
                        <l>De luz por não-ha-frinchas, </l>
                        <l>Passa uma caravana.</l>
                    </lg>
                    <lg>
                        <l>Esquece-me de subito</l>
                        <l>Como é o espaço, e o tempo </l>
                        <l>Em vez de horizontal </l>
                        <l>É vertical.</l>
                    </lg>
                    <lg>
                        <l>A alcova </l>
                        <l>Desce não sei por onde </l>
                        <l>Até não me encontrar.</l>
                        <l>Ascende um leve fumo </l>
                        <l>Das minhas sensações.</l>
                        <l>Deixo de me incluir </l>
                        <l>Dentro de mim. Não ha</l>
                        <l>Cá-dentro nem lá-fóra.</l>
                    </lg>
                    <lg>
                        <l>E o deserto está agora </l>
                        <l>Virado para baixo.</l>
                        <l/>
                        <l>A noção de mover-me </l>
                        <l>Esqueceu-se do meu nome.</l>
                    </lg>
                    <lg>
                        <l>Na alma meu corpo pesa-me.</l>
                        <l>Sinto-me um reposteiro </l>
                        <l>Pendurado na sala</l>
                        <l>Onde jaz alguem morto.</l>
                    </lg>
                    <lg>
                        <l>Qualquer cousa cahiu</l>
                        <l>E tiniu no infinito.</l>
                    </lg>
                </div>
                <div type="poem" corresp="#O1-13-2">
                    <head>II</head>
                    <lg>
                        <l>Na sombra Cleopatra jaz morta.</l>
                        <l>Chove.</l>
                    </lg>
                    <lg>
                        <l>Embandeiraram o barco de maneira errada.</l>
                        <l>Chove sempre.</l>
                    </lg>
                    <lg>
                        <l>Para que olhas tu a cidade longinqua?</l>
                        <l>Tua alma é a cidade longinqua.</l>
                        <l>Chove friamente.</l>
                    </lg>
                    <lg>
                        <l>E quanto á mãe que embala ao collo um filho morto — </l>
                        <l>Todos nós embalamos ao collo um filho morto. </l>
                        <l>Chove, chove.</l>
                    </lg>
                    <lg>
                        <l>O sorriso triste que sobra a teus labios cansados,</l>
                        <l>Vejo o no gesto com que os teus dedos não deixam</l>
                        <l>os teus anneis.</l>
                    </lg>
                    <lg>
                        <l>Porque é que chove?</l>
                    </lg>
                </div>
                <div type="poem" corresp="#O1-13-3">
                    <head>III</head>
                    <lg>
                        <l>De quem é o olhar</l>
                        <l>Que espreita por meus olhos?</l>
                        <l>Quando penso que vejo,</l>
                        <l>Quem continúa vendo</l>
                        <l>Emquanto estou pensando?</l>
                        <l>Por que caminhos seguem,</l>
                        <l>Não os meus tristes passos,</l>
                        <l>Mas a realidade</l>
                        <l>De eu ter passos commigo?</l>
                    </lg>
                    <lg>
                        <l>Ás vezes, na penumbra </l>
                        <l>Do meu quarto, quando eu</l>
                        <l>Para mim proprio mesmo </l>
                        <l>Em alma mal existo,</l>
                        <l>Toma um outro sentido </l>
                        <l>Em mim o Universo —</l>
                        <l>É uma nodoa esbatida </l>
                        <l>De eu ser consciente sobre </l>
                        <l>Minha idéa das cousas.</l>
                    </lg>
                    <lg>
                        <l>Se accenderem as velas </l>
                        <l>E não houver apenas </l>
                        <l>A vaga luz de fóra —</l>
                        <l>Não sei que candieiro</l>
                        <l>Acceso onde na rua —</l>
                        <l>Terei foscos desejos </l>
                        <l>De nunca haver mais nada</l>
                        <l> No Universo e na Vida </l>
                        <l>De que o obscuro momento </l>
                        <l>Que é minha vida agora:</l>
                    </lg>
                    <lg>
                        <l>Um momento affluente</l>
                        <l>D’um rio sempre a ir </l>
                        <l>Esquecer-se de ser,</l>
                        <l>Espaço mysterioso </l>
                        <l>Entre espaços desertos </l>
                        <l>Cujo sentido é nullo </l>
                        <l>E sem ser nada a nada.</l>
                    </lg>
                    <lg>
                        <l>E assim a hora passa </l>
                        <l>Metaphysicamente.</l>
                    </lg>
                </div>
                <div type="poem" corresp="#O1-13-4">
                    <head>IV</head>
                    <lg>
                        <l>As minhas ansiedades cahem </l>
                        <l>Por uma escada abaixo.</l>
                        <l>Os meus desejos balouçam-se </l>
                        <l>Em meio de um jardim vertical.</l>
                    </lg>
                    <lg>
                        <l>Na Mumia a posição é absolutamente exacta.</l>
                    </lg>
                    <lg>
                        <l>Musica longinqua,</l>
                        <l>Musica excessivamente longinqua;</l>
                        <l>Para que a Vida passe </l>
                        <l>E colher esqueça aos gestos.</l>
                    </lg>
                </div>
                <div type="poem" corresp="#O1-13-5">
                    <head>V</head>
                    <lg>
                        <l>Porque abrem as cousas alas para eu passar?</l>
                        <l>Tenho medo de passar entre ellas, tão paradas conscientes</l>
                        <l>Tenho medo de as deixar atraz de mim a tirarem a Mascara</l>
                        <l>Mas ha sempre cousas atraz de mim.</l>
                        <l>Sinto a sua ausencia de olhos fitar-me, e estremeço.</l>
                    </lg>
                    <lg>
                        <l>Sem se mexerem, as paredes vibram-me sentido. </l>
                        <l>Fallam commigo sem voz de dizerem-me as cadeiras</l>
                        <l>Os desenhos do panno da meza teem vida, cada um é um abysmo</l>
                        <l>Luze a sorrir com visiveis labios invisiveis </l>
                        <l>A porta abrindo-se conscientemente </l>
                        <l>Sem que a mão seja mais que o caminho para abrir-se</l>
                    </lg>
                    <lg>
                        <l>De onde é que estão olhando para mim?</l>
                        <l>Que cousas incapazes de olhar estão olhando para mim</l>
                        <l>Quem espreita de tudo?</l>
                    </lg>
                    <lg>
                        <l>As arestas fitam-me.</l>
                        <l>Sorriem realmente as paredes lisas.</l>
                    </lg>
                    <lg>
                        <l>Sensação de ser só a minha espinha.</l>
                        <l>As espadas.</l>
                    </lg>
                </div>
            </div>
        </body>
    </text>
</TEI>
