<?xml version="1.0" encoding="UTF-8"?>
<?xml-model href="http://www.tei-c.org/release/xml/tei/custom/schema/relaxng/tei_all.rng" type="application/xml" schematypens="http://relaxng.org/ns/structure/1.0"?>
<TEI xmlns="http://www.tei-c.org/ns/1.0">
    <teiHeader>
        <fileDesc>
            <titleStmt>
                <title>Abdicação</title>
                <author>
                    <rs type="person" key="FP">Fernando Pessoa</rs>
                </author>
                <respStmt>
                    <resp>Edição</resp>
                    <name>Pedro Sepúlveda</name>
                </respStmt>
                <respStmt>
                    <resp>Codificação</resp>
                    <name>Ulrike Henny</name>
                </respStmt>
                <respStmt>
                    <resp>Codificação</resp>
                    <name>Sviatoslav Drach</name>
                </respStmt>
            </titleStmt>
            <publicationStmt>
                <publisher/>
                <idno type="filename">Pessoa_Abdicacao.xml</idno>
            </publicationStmt>
            <sourceDesc>
                <list type="work-index">
                    <item><rs type="work" key="O1-1">Abdicação</rs></item>
                </list>
                <biblStruct>
                    <analytic>
                        <title level="a">Abdicação</title>
                        <author>
                            <rs type="person" key="FP">Fernando Pessoa</rs>
                        </author>
                        <textLang mainLang="pt"/>
                    </analytic>
                    <monogr>
                        <title level="j"><rs type="journal" key="J">Resurreição</rs></title>
                        <imprint>
                            <date when="1920-02">Fevereiro de 1920</date>
                        </imprint>
                        <biblScope unit="issue">9</biblScope>
                    </monogr>
                    <note type="genre">
                        <rs type="genre" key="poesia">Poesia</rs>
                    </note>
                </biblStruct>
            </sourceDesc>
        </fileDesc>
    </teiHeader>
    <facsimile>
        <graphic url="pub/j-2826-8-b_0008_t0.jpg"/>
    </facsimile>
    <text corresp="#O1-1">
        <body>
            <div>
                <head>ABDICAÇÃO</head>
                <lg>
                    <l>Toma-me, ó noite eterna, nos teus braços </l>
                    <l>E chama-me teu filho.</l>
                    <l rend="indent">Eu sou um rei </l>
                    <l>Que voluntariamente abandonei </l>
                    <l>O meu throno de sonhos e cansaços.</l>
                </lg>
                <lg>
                    <l>Minha espada, pesada a braços lassos, </l>
                    <l>Em mãos viris e calmas entreguei;</l>
                    <l>E meu sceptro e corôa, — eu os deixei </l>
                    <l>Na antecamara, feitos em pedaços.</l>
                </lg>
                <lg>
                    <l>Minha cota de malha, tão inutil,</l>
                    <l>Minhas esporas, de um tinir tão futil, </l>
                    <l>Deixei-as pela fria escadaria.</l>
                </lg>
                <lg>
                    <l>Despi a realeza, corpo e alma,</l>
                    <l>E regressei á noite antiga e calma </l>
                    <l>Como a paisagem ao morrer do dia.</l>
                </lg>
                <signed>FERNANDO PESSOA.</signed>
            </div>
        </body>
    </text>
</TEI>
