<?xml version="1.0" encoding="UTF-8"?>
<?xml-model href="http://www.tei-c.org/release/xml/tei/custom/schema/relaxng/tei_all.rng" type="application/xml" schematypens="http://relaxng.org/ns/structure/1.0"?>
<TEI xmlns="http://www.tei-c.org/ns/1.0">
    <teiHeader>
        <fileDesc>
            <titleStmt>
                <title>Autopsicografia</title>
                <author>
                    <rs type="person" key="FP">Fernando Pessoa</rs>
                </author>
                <respStmt>
                    <resp>Edição, Transcrição</resp>
                    <name>Pedro Sepúlveda</name>
                </respStmt>
                <respStmt>
                    <resp>Transcrição</resp>
                    <name>Pablo Javier Pérez López</name>
                </respStmt>
                <respStmt>
                    <resp>Modelagem de dados, Codificação</resp>
                    <name>Ulrike Henny</name>
                </respStmt>
                <respStmt>
                    <resp>Codificação</resp>
                    <name>Sviatoslav Drach</name>
                </respStmt>
                <respStmt>
                    <resp>Consultoria</resp>
                    <name>Institut für Dokumentologie und Editorik (IDE)</name>
                </respStmt>
            </titleStmt>
            <publicationStmt>
                <publisher>Universidade Nova de Lisboa, Instituto de Estudos de Literatura e Tradição (IELT)</publisher>
                <publisher>Cologne Center for eHumanities (CCeH)</publisher>
                <date>2016</date>
                <availability>
                    <licence target="http://creativecommons.org/licenses/by/3.0/"/>
                </availability>
                <idno type="filename">Pessoa_Autopsicografia.xml</idno>
            </publicationStmt>
            <sourceDesc>
                <list type="work-index">
                    <item><rs type="work" key="O1-6">Autopsicografia</rs></item>
                </list>
                <biblStruct>
                    <analytic>
                        <title level="a">Autopsicografia</title>
                        <author>
                            <rs type="person" key="FP">Fernando Pessoa</rs>
                        </author>
                        <textLang mainLang="pt"/>
                    </analytic>
                    <monogr>
                        <title level="j"><rs type="journal" key="J1">Presença</rs></title>
                        <imprint>
                            <date when="1932-11">de Novembro de 1932</date>
                        </imprint>
                        <biblScope unit="issue">35</biblScope>
                    </monogr>
                    <note type="genre">
                        <rs type="genre" key="poesia">Poesia</rs>
                    </note>
                </biblStruct>
            </sourceDesc>
        </fileDesc>
    </teiHeader>
    <facsimile>
        <graphic url="pub/res-1900-a_1931-1934_1932_n36_0001.jpg"/>
    </facsimile>
    <text corresp="#O1-6">
        <body>
            <div>
                <head>AUTOPSICOGRAFIA</head>
                <lg>
                    <l>O poeta é um fingidor.</l>
                    <l>Finge tão completamente</l>
                    <l>Que chega a fingir que é dor</l>
                    <l>A dor que deveras sente.</l>
                </lg>
                <lg>
                    <l>E os que lêem o que escreve,</l>
                    <l>Na dor lida sentem bem,</l>
                    <l>Não as duas que êle teve,</l>
                    <l>Mas só a que êles não têm.</l>
                </lg>
                <lg>
                    <l>E assim nas calhas de roda</l>
                    <l>Gira, a entreter a razão,</l>
                    <l>Esse comboio de corda</l>
                    <l>Que se chama o coração.</l>
                </lg>
                <signed>FERNANDO PESSOA</signed>
            </div>
        </body>
    </text>
</TEI>
