<?xml version="1.0" encoding="UTF-8"?>
<?xml-model href="http://www.tei-c.org/release/xml/tei/custom/schema/relaxng/tei_all.rng" type="application/xml" schematypens="http://relaxng.org/ns/structure/1.0"?>
<?xml-model href="http://www.tei-c.org/release/xml/tei/custom/schema/relaxng/tei_all.rng" type="application/xml"
    schematypens="http://purl.oclc.org/dsdl/schematron"?>
<TEI xmlns="http://www.tei-c.org/ns/1.0">
    <teiHeader>
        <fileDesc>
            <titleStmt>
                <title>TOMAMOS A VILLA DEPOIS DE UM INTENSO BOMBARDEAMENTO</title>
                <respStmt>
                    <resp>Edição</resp>
                    <name>Pedro Sepúlveda</name>
                </respStmt>
                <respStmt>
                    <resp>Codificação</resp>
                    <name>Ulrike Henny</name>
                </respStmt>
                <respStmt>
                    <resp>Codificação</resp>
                    <name>Sviatoslav Drach</name>
                </respStmt>
            </titleStmt>
            <publicationStmt>
                <p>Publication Information</p>
            </publicationStmt>
            <sourceDesc>
                <biblStruct>
                    <analytic>
                        <title level="a">TOMAMOS A VILLA DEPOIS DE UM INTENSO BOMBARDEAMENTO</title>
                        <author>
                            <rs type="person" key="FP">Fernando Pessoa</rs>
                        </author>
                        <textLang mainLang="pt"/>
                    </analytic>
                    <monogr>
                        <title level="j">Notícias Ilustrado</title>
                        <imprint>
                            <pubPlace></pubPlace>
                            <date when="1929-07-14">14 de Julho de 1929</date>
                        </imprint>
                        <biblScope></biblScope>
                    </monogr>
                    <note type="genre">
                        <rs type="genre" key="poesia">Poesia</rs>
                    </note>
                    <note></note>
                </biblStruct>
            </sourceDesc>
        </fileDesc>
    </teiHeader>
    <facsimile>
        <graphic url="pub/FP147_1929-07-14_0018_Tamamos_a_vila.jpg"/>
    </facsimile>
    <text xml:id="tomamos-a-villa">
        <body>
            <div>
                <head>TOMAMOS A VILLA DEPOIS DE UM INTENSO BOMBARDEAMENTO</head>
                <lg>
                    <l>A CREANÇA LOURA</l>
                    <l>JAZ NO MEIO DA RUA.</l>
                    <l>TEM AS TRIPAS DE FÓRA </l>
                    <l>E POR UMA CORDA SUA </l>
                    <l>UM COMBOIO QUE IGNORA.</l>
                </lg>
                <lg>
                    <l>A CARA ESTÁ UM FEIXE </l>
                    <l>DE SANGUE E DE NADA.</l>
                    <l>LUZ UM PEQUENO PEIXE —</l>
                    <l>DOS QUE BOIAM NAS BANHEIRAS —</l>
                    <l>Á BEIRA DA ESTRADA.</l>
                </lg>
                <lg>
                    <l>CAHE SOBRE A ESTRADA O ESCURO. </l>
                    <l>LONGE, AINDA UMA LUZ DOURA</l>
                    <l> A CREAÇÃO DO FUTURO...</l>
                    <l/>
                    <l>E O DA CREANÇA LOURA?</l>
                </lg>
                <signed>FERNANDO PESSOA.</signed>
            </div>
        </body>
    </text>
</TEI>
