<?xml-model href="http://www.tei-c.org/release/xml/tei/custom/schema/relaxng/tei_all.rng" type="application/xml" schematypens="http://relaxng.org/ns/structure/1.0"?><?xml-model href="http://www.tei-c.org/release/xml/tei/custom/schema/relaxng/tei_all.rng" type="application/xml"
	schematypens="http://purl.oclc.org/dsdl/schematron"?>
<TEI xmlns="http://www.tei-c.org/ns/1.0">
    <teiHeader>
        <fileDesc>
            <titleStmt>
                <title>Alguns Poemas</title>
                <author>
                    <rs type="person" key="FP">Fernando Pessoa</rs>
                </author>
                <respStmt>
                    <resp>Edição</resp>
                    <name>Pedro Sepúlveda</name>
                </respStmt>
                <respStmt>
                    <resp>Codificação</resp>
                    <name>Ulrike Henny</name>
                </respStmt>
                <respStmt>
                    <resp>Codificação</resp>
                    <name>Sviatoslav Drach</name>
                </respStmt>
            </titleStmt>
            <publicationStmt>
                <publisher/>
                <idno type="filename">Pessoa_Alguns-Poemas.xml</idno>
            </publicationStmt>
            <sourceDesc>
                <list type="work-index">
                    <item><rs type="work" key="O1-3">Sacadura Cabral</rs></item>
                    <item><rs type="work" key="O1-2">Gladio</rs></item>
                    <item><rs type="work" key="O1-11">De um Cancioneiro</rs></item>
                    <item><rs type="work" key="O1-11-1">No entardecer da terra</rs></item>
                    <item><rs type="work" key="O1-11-2">Ó sino da minha aldeia,</rs></item>
                    <item><rs type="work" key="O1-11-3">Leve, breve, suave,</rs></item>
                    <item><rs type="work" key="O1-11-4">Pobre velha música!</rs></item>
                    <item><rs type="work" key="O1-11-5">Sol nullo dos dias vãos,</rs></item>
                    <item><rs type="work" key="O1-11-6">Trila na noite uma flauta. É de algum</rs></item>
                    <item><rs type="work" key="O1-11-7">Põe-me as mãos nos hombros…</rs></item>
                    <item><rs type="work" key="O1-11-8">Manhã dos outros! Ó sol que dás confiança</rs></item>
                    <item><rs type="work" key="O1-11-9">Treme em luz a agua.</rs></item>
                    <item><rs type="work" key="O1-11-10">Dorme sobre o meu seio,</rs></item>
                    <item><rs type="work" key="O1-11-11">Ao longe, ao luar,</rs></item>
                    <item><rs type="work" key="O1-11-12">Em toda a noite o somno não veio. Agora</rs></item>
                    <item><rs type="work" key="O1-11-13">Ella canta, pobre ceifeira,</rs></item>
                </list>
                <biblStruct>
                    <analytic>
                        <title level="a">Alguns Poemas</title>
                        <title level="a">De um Cancioneiro</title>
                        <author>
                            <rs type="person" key="FP">Fernando Pessoa</rs>
                        </author>
                        <textLang mainLang="pt"/>
                    </analytic>
                    <monogr>
                        <title level="j"><rs type="journal" key="J2">Athena</rs></title>
                        <imprint>
                            <date when="1924-12">Dezembro de 1924</date>
                        </imprint>
                        <biblScope unit="issue">3</biblScope>
                    </monogr>
                    <note type="genre">
                        <rs type="genre" key="poesia">Poesia</rs>
                    </note>
                </biblStruct>
            </sourceDesc>
        </fileDesc>
    </teiHeader>
    <facsimile>
        <graphic url="#"></graphic>
    </facsimile>
    <text>
        <body>
            <div>
                <head>ALGUNS POEMAS</head>
                <div type="poem" corresp="#O1-3">
                    <head>SACADURA CABRAL</head>
                    <lg>
                        <l>No frio mar do alheio Norte,</l>
                        <l rend="indent">Morto, quedou,</l>
                        <l>Servo da Sorte infiel que a sorte</l>
                        <l rend="indent">Deu e tirou.</l>
                    </lg>
                    <lg>
                        <l>Brilha alto a chamma que se apaga.</l>
                        <l rend="indent">A noite o encheu.</l>
                        <l>De extranho mar que extranha plaga,</l>
                        <l rend="indent">Nosso, o acolheu?</l>
                    </lg>
                    <lg>
                        <l>Floriu, murchou na extrema haste;</l>
                        <l rend="indent">Joia do ousar,</l>
                        <l>Que teve por eterno engaste</l>
                        <l rend="indent">O céu e o mar.</l>
                    </lg>
                </div>
                <div type="poem" corresp="#O1-2">
                    <head>GLADIO</head>
                    <ab rend="right" type="dedication"><hi rend="italic">Ao Alberto Da Cunha
                            Dias.</hi></ab>
                    <lg>
                        <l>Deu-me Deus o Seu gladio, porque eu faça</l>
                        <l rend="indent">A sua sancta guerra.</l>
                        <l>Sagrou-me Seu em genio e em desgraça</l>
                        <l>Ás horas em que um frio vento passa</l>
                        <l rend="indent">Por sobre a fria terra.</l>
                    </lg>
                    <lg>
                        <l>Poz-me as mãos sobre os hombros, e dourou-me</l>
                        <l rend="indent">A fronte com o olhar;</l>
                        <l>A esta febre de Além, que me consome,</l>
                        <l>E este querer-justiça são Seu nome</l>
                        <l rend="indent">Dentro em mim a vibrar.</l>
                    </lg>
                    <lg>
                        <l>E eu vou, e a luz do gladio erguido dá</l>
                        <l rend="indent">Em minha face calma.</l>
                        <l>Cheio de Deus, não temo o que virá,</l>
                        <l>Pois, venha o que vier, nunca será</l>
                        <l rend="indent">Maior do que a minha alma!</l>
                    </lg>
                </div>
            </div>
            <div corresp="#O1-11">
                <head>DE UM CANCIONEIRO</head>
                <div type="poem" corresp="#O1-11-1">
                    <lg>
                        <l>No entardecer da terra</l>
                        <l>O sopro do longo outomno</l>
                        <l>Amarelleceu o chão.</l>
                        <l>Um vago vento erra,</l>
                        <l>Como um sonho mau num somno,</l>
                        <l>Na livida solidão.</l>
                    </lg>
                    <lg>
                        <l>Soergue as folhas, e pousa</l>
                        <l>As folhas, e volve, e revolve,</l>
                        <l>E esvahe-se inda outra vez.</l>
                        <l>Mas a folha não repousa,</l>
                        <l>E o vento livido volve</l>
                        <l>E expira na lividez.</l>
                    </lg>
                    <lg>
                        <l>Eu já não sou quem era;</l>
                        <l>O que eu sonhei, morri-o;</l>
                        <l>E até do que hoje sou</l>
                        <l>Amanhã direi, <hi rend="italic">Quem dera</hi></l>
                        <l><hi rend="italic">Volver a sel-o!</hi>… Mais frio</l>
                        <l>O vento vago voltou.</l>
                    </lg>
                </div>
                <metamark function="distinct">*</metamark>
                <div type="poem" corresp="#O1-11-2">
                    <lg>
                        <l>Ó sino da minha aldeia,</l>
                        <l>Dolente na tarde calma,</l>
                        <l>Cada tua badalada</l>
                        <l>Soa dentro da minha alma.</l>
                    </lg>
                    <lg>
                        <l>E é tam lento o teu soar,</l>
                        <l>Tam como triste da vida,</l>
                        <l>Que já a primeira pancada</l>
                        <l>Tem o som de repetida.</l>
                    </lg>
                    <lg>
                        <l>Por mais que tanjas perto,</l>
                        <l>Quando passo, sempre errante,</l>
                        <l>És para mim como um sonho,</l>
                        <l>Soas-me na alma distante.</l>
                    </lg>
                    <lg>
                        <l>A cada pancada tua,</l>
                        <l>Vibrante no céu aberto,</l>
                        <l>Sinto mais longe o passado,</l>
                        <l>Sinto a saudade mais perto.</l>
                    </lg>
                </div>
                <metamark function="distinct">*</metamark>
                <div type="poem" corresp="#O1-11-3">
                    <lg>
                        <l>Leve, breve, suave,</l>
                        <l>Um canto de ave</l>
                        <l>Sobe no ar com que principia</l>
                        <l>O dia.</l>
                        <l>Escuto, e passou...</l>
                        <l>Parece que foi só porque escutei</l>
                        <l>Que parou.</l>
                    </lg>
                    <lg>
                        <l>Nunca, nunca, em nada,</l>
                        <l>Raie a madrugada,</l>
                        <l>Ou esplenda o dia, ou doire no declive,</l>
                        <l>Tive</l>
                        <l>Prazer a durar</l>
                        <l>Mais do que o nada, a perda, antes de eu o ir</l>
                        <l>Gosar.</l>
                    </lg>
                </div>
                <metamark function="distinct">*</metamark>
                <div type="poem" corresp="#O1-11-4">
                    <lg>
                        <l>Pobre velha música!</l>
                        <l>Não sei porque agrado,</l>
                        <l>Enche-se de lagrimas</l>
                        <l>Meu olhar parado.</l>
                    </lg>
                    <lg>
                        <l>Recordo outro ouvir-te.</l>
                        <l>Não sei se te ouvi</l>
                        <l>Nessa minha infancia</l>
                        <l>Que me lembra em ti.</l>
                    </lg>
                    <lg>
                        <l>Com que ancia tam raiva</l>
                        <l>Quero aquelle outrora!</l>
                        <l>E eu era feliz? Não sei:</l>
                        <l>Fui-o outrora agora.</l>
                    </lg>
                    <lg>
                        <l>Dorme enquanto eu vello...</l>
                        <l>Deixa-me sonhar...</l>
                        <l>Nada em mim é risonho.</l>
                        <l>Quero-te para sonho,</l>
                        <l>Não para te amar.</l>
                    </lg>
                    <lg>
                        <l>A tua carne calma</l>
                        <l>É fria em meu querer.</l>
                        <l>Os meus desejos são cansaços.</l>
                        <l>Nem quero ter nos braços</l>
                        <l>Meu sonho do teu ser.</l>
                    </lg>
                    <lg>
                        <l>Dorme, dorme, dorme,</l>
                        <l>Vaga em teu sorrir...</l>
                        <l>Sonho-te tam attento</l>
                        <l>Que o sonho é encantamento</l>
                        <l>E eu sonho sem sentir.</l>
                    </lg>
                </div>
                <metamark function="distinct">*</metamark>
                <div type="poem" corresp="#O1-11-5">
                    <lg>
                        <l>Sol nullo dos dias vãos,</l>
                        <l>Cheios de lida e de calma,</l>
                        <l>Aquece ao menos as mãos</l>
                        <l>A quem não entras na alma!</l>
                    </lg>
                    <lg>
                        <l>Que ao menos a mão, roçando</l>
                        <l>A mão que por ella passe,</l>
                        <l>Com externo calor brando</l>
                        <l>O frio da alma disfarce!</l>
                    </lg>
                    <lg>
                        <l>Senhor, já que a dor é nossa</l>
                        <l>E a fraqueza que ella tem,</l>
                        <l>Dá-nos ao menos a força</l>
                        <l>De a não mostrar a ninguem!</l>
                    </lg>
                </div>
                <metamark function="distinct">*</metamark>
                <div type="poem" corresp="#O1-11-6">
                    <lg>
                        <l>Trila na noite uma flauta. É de algum</l>
                        <l>Pastor? Que importa? Perdida</l>
                        <l>Série de notas vaga esem sentido nenhum,</l>
                        <l>Como a vida.</l>
                    </lg>
                    <lg>
                        <l>Sem nexo ou principio ou fim ondeia</l>
                        <l>A aria alada.</l>
                        <l>Pobre aria fóra de musica e de voz, tam cheia</l>
                        <l>De não ser nada!</l>
                    </lg>
                    <lg>
                        <l>Não ha nexo ou fio por que se lembre aquella</l>
                        <l>Aria, ao parar;</l>
                        <l>E já ao ouvil-a soffro a saudade d’ella</l>
                        <l>E o quando cessar.</l>
                    </lg>
                </div>
                <metamark function="distinct">*</metamark>
                <div type="poem" corresp="#O1-11-7">
                    <lg>
                        <l>Põe-me as mãos nos hombros…</l>
                        <l>Beija-me na fronte…</l>
                        <l>Minha vida é escombros,</l>
                        <l>A minha alma insonte.</l>
                    </lg>
                    <lg>
                        <l>Eu não sei por quê,</l>
                        <l>Meu dêsde onde venho,</l>
                        <l>Sou o ser que vê,</l>
                        <l>E vê tudo extranho.</l>
                    </lg>
                    <lg>
                        <l>Põe a tua mão</l>
                        <l>Sobre o meu cabello…</l>
                        <l>Tudo é illusão.</l>
                        <l>Sonhar é sabel-o.</l>
                    </lg>
                </div>
                <metamark function="distinct">*</metamark>
                <div type="poem" corresp="#O1-11-8">
                    <lg>
                        <l>Manhã dos outros! Ó sol que dás confiança</l>
                        <l rend="indent">Só a quem já confia!</l>
                        <l>É só á dormente, e não á morta, sperança</l>
                        <l rend="indent">Que accorda o teu dia.</l>
                    </lg>
                    <lg>
                        <l>Aquem sonha de dia e sonha de noite, sabendo</l>
                        <l rend="indent">Todo sonho vão,</l>
                        <l>Mas sonha sempre, só para sentir-se vivendo</l>
                        <l rend="indent">E a ter coração,</l>
                        <l>A esses raias sem o dia que trazes, ou sòmente</l>
                        <l rend="indent">Como alguem que vem</l>
                        <l>Pela rua, invisivel ao nosso olhar consciente,</l>
                        <l rend="indent">Por não ser-nos ninguem.</l>
                    </lg>
                </div>
                <metamark function="distinct">*</metamark>
                <div type="poem" corresp="#O1-11-9">
                    <lg>
                        <l>Treme em luz a agua.</l>
                        <l>Mal vejo. Parece</l>
                        <l>Que uma alheia magua</l>
                        <l>Na minha alma desce —</l>
                    </lg>
                    <lg>
                        <l>Magua erma de alguem</l>
                        <l>De algum outro mundo</l>
                        <l>Onde a dor é um bem</l>
                        <l>E o amor é profundo,</l>
                    </lg>
                    <lg>
                        <l>E só punge ver,</l>
                        <l>Ao longe, illudida,</l>
                        <l>A vida a morrer</l>
                        <l>O sonho da vida.</l>
                    </lg>
                </div>
                <metamark function="distinct">*</metamark>
                <div type="poem" corresp="#O1-11-10">
                    <lg>
                        <l>Dorme sobre o meu seio,</l>
                        <l>Sonhando de sonhar...</l>
                        <l>No teu olhar eu leio</l>
                        <l>Um lubrico vagar.</l>
                        <l>Dorme no sonho de existir</l>
                        <l>E na illusão de amar.</l>
                    </lg>
                    <lg>
                        <l>Tudo é nada, e tudo</l>
                        <l>Um sonho finge ser.</l>
                        <l>O spaço negro é mudo.</l>
                        <l>Dorme, e, ao adormecer,</l>
                        <l>Saibas do coração sorrir</l>
                        <l>Sorrisos de esquecer.</l>
                    </lg>
                    <lg>
                        <l>Dorme sobre o meu seio,</l>
                        <l>Sem magua nem amor…</l>
                        <l>No teu olhar eu leio</l>
                        <l>O intimo torpor</l>
                        <l>De quem conhece o nada-ser</l>
                        <l>De vida e goso e dor.</l>
                    </lg>
                </div>
                <metamark function="distinct">*</metamark>
                <div type="poem" corresp="#O1-11-11">
                    <lg>
                        <l>Ao longe, ao luar,</l>
                        <l>No rio uma vela,</l>
                        <l>Serena a passar,</l>
                        <l>Que é que me revela?</l>
                    </lg>
                    <lg>
                        <l>Não sei, mas meu ser</l>
                        <l>Tornou-se-me extranho,</l>
                        <l>E eu sonho sem ver</l>
                        <l>Os sonhos que tenho.</l>
                    </lg>
                    <lg>
                        <l>Que angustia me enlaça?</l>
                        <l>Que amor não se explica?</l>
                        <l>É a vela que passa</l>
                        <l>Na noite que fica.</l>
                    </lg>
                </div>
                <metamark function="distinct">*</metamark>
                <div type="poem" corresp="#O1-11-12">
                    <lg>
                        <l>Em toda a noite o somno não veio. Agora</l>
                        <l rend="indent">Raia do fundo</l>
                        <l>Do horizonte, encoberta e fria, a manhã.</l>
                        <l rend="indent">Que faço eu no mundo?</l>
                        <l>Nada que a noite acalme ou levante a aurora,</l>
                        <l rend="indent">Coisa seria ou vã.</l>
                    </lg>
                    <lg>
                        <l>Com olhos tontos da febre vã da vigilia</l>
                        <l rend="indent">Vejo com horror</l>
                        <l>O novo dia trazer-me o mesmo dia do fim</l>
                        <l rend="indent">Do mundo e da dor —</l>
                        <l>Um dia egual aos outros, da eterna familia</l>
                        <l rend="indent">De serem assim.</l>
                    </lg>
                    <lg>
                        <l>Nem o symbolo ao menos val, a significação</l>
                        <l rend="indent">Da manhã que vem</l>
                        <l>Sahindo lenta da propria essencia da noite que era,</l>
                        <l rend="indent">Para quem,</l>
                        <l>Por tantas vezes ter sempre sperado em vão,</l>
                        <l rend="indent">Já nada spera.</l>
                    </lg>
                </div>
                <metamark function="distinct">*</metamark>
                <div type="poem" corresp="#O1-11-13">
                    <lg>
                        <l>Ella canta, pobre ceifeira,</l>
                        <l>Julgando se feliz talvez;</l>
                        <l>Canta, e ceifa, e a sua voz, cheia</l>
                        <l>De alegre e anonyma viuvez,</l>
                    </lg>
                    <lg>
                        <l>Ondula como um canto de ave</l>
                        <l>No ar limpo como um limiar,</l>
                        <l>E ha curvas no enredo suave</l>
                        <l>Do som que ella tem a cantar.</l>
                    </lg>
                    <lg>
                        <l>Ouvil-a alegra e entristece,</l>
                        <l>Na sua voz ha o campo e a lida,</l>
                        <l>E canta como se tivesse</l>
                        <l>Mais razões p’ra cantar que a vida.</l>
                    </lg>
                    <lg>
                        <l>Ah, canta, canta sem razão!</l>
                        <l>O que em mim sente stá pensando.</l>
                        <l>Derrama no meu coração</l>
                        <l>A tua incerta voz ondeando!</l>
                    </lg>
                    <lg>
                        <l>Ah, poder ser tu, sendo eu!</l>
                        <l>Ter a tua alegre inconsciencia,</l>
                        <l>E a consciencia d’isso! Ó céu!</l>
                        <l>Ó campo! ó canção! A sciencia</l>
                    </lg>
                    <lg>
                        <l>Pesa tanto e a vida é tam breve!</l>
                        <l>Entrae por mim dentro! Tornae</l>
                        <l>Minha alma a vossa sombra leve!</l>
                        <l>Depois, levando-me, passae!</l>
                    </lg>
                </div>
                <signed>FERNANDO PESSOA</signed>
            </div>
        </body>
    </text>
</TEI>
