<?xml version="1.0" encoding="UTF-8"?>
<?xml-model href="http://www.tei-c.org/release/xml/tei/custom/schema/relaxng/tei_all.rng" type="application/xml" schematypens="http://relaxng.org/ns/structure/1.0"?>
<TEI xmlns="http://www.tei-c.org/ns/1.0">
    <teiHeader>
        <fileDesc>
            <titleStmt>
                <title>Marinha</title>
                <respStmt>
                    <resp>Edição, Transcrição</resp>
                    <name>Pedro Sepúlveda</name>
                </respStmt>
                <respStmt>
                    <resp>Transcrição</resp>
                    <name>Pablo Javier Pérez López</name>
                </respStmt>
                <respStmt>
                    <resp>Modelagem de dados, Codificação</resp>
                    <name>Ulrike Henny</name>
                </respStmt>
                <respStmt>
                    <resp>Codificação</resp>
                    <name>Sviatoslav Drach</name>
                </respStmt>
                <respStmt>
                    <resp>Consultoria</resp>
                    <name>Institut für Dokumentologie und Editorik (IDE)</name>
                </respStmt>
            </titleStmt>
            <publicationStmt>
                <publisher>Universidade Nova de Lisboa, Instituto de Estudos de Literatura e Tradição (IELT)</publisher>
                <publisher>Cologne Center for eHumanities (CCeH)</publisher>
                <date>2016</date>
                <availability>
                    <licence target="http://creativecommons.org/licenses/by/3.0/"/>
                </availability>
                <idno type="filename">Pessoa_Marinha.xml</idno>
            </publicationStmt>
            <sourceDesc>
                <list type="work-index">
                    <item><rs type="work" key="O1-23">Marinha</rs></item>
                </list>
                <biblStruct>
                    <analytic>
                        <title level="a">Marinha</title>
                        <author>
                            <rs type="person" key="FP">Fernando Pessoa</rs>
                        </author>
                        <textLang mainLang="pt"/>
                    </analytic>
                    <monogr>
                        <title level="j"><rs type="journal" key="J1">Presença</rs></title>
                        <imprint>
                            <date when="1927-06-04">4 de Junho de 1927</date>
                        </imprint>
                        <biblScope unit="issue">5</biblScope>
                    </monogr>
                    <note type="genre">
                        <rs type="genre" key="poesia">Poesia</rs>
                    </note>
                </biblStruct>
            </sourceDesc>
        </fileDesc>
    </teiHeader>
    <facsimile>
        <graphic url="pub/res-1900-a-1927-06-n5_0003_3_t0.jpg"/>
    </facsimile>
    <text corresp="#O1-23">
        <body>
            <div>
                <head>MARINHA</head>
                <lg>
                    <l>Ditosos a quem acena</l>
                    <l>Um lenço de despedida!</l>
                    <l>São felizes: teem pena...</l>
                    <l>Eu sofro sem pena a vida.</l>
                </lg>
                <lg>
                    <l>Dôo-me até onde penso,</l>
                    <l>E a dôr é já de pensar,</l>
                    <l>Orfão de um sonho suspenso</l>
                    <l>Pela maré a vasar. . .</l>
                </lg>
                <lg>
                    <l>E sobe até mim, já farto</l>
                    <l>De improfíquas agonias,</l>
                    <l>No cais de onde nunca parto,</l>
                    <l>A maresia dos dias.</l>
                </lg>
                <signed>Fernando Pessoa</signed>
            </div>
        </body>
    </text>
</TEI>
