<?xml version="1.0" encoding="UTF-8"?>
<?xml-model href="http://www.tei-c.org/release/xml/tei/custom/schema/relaxng/tei_all.rng" type="application/xml" schematypens="http://relaxng.org/ns/structure/1.0"?>
<?xml-model href="http://www.tei-c.org/release/xml/tei/custom/schema/relaxng/tei_all.rng" type="application/xml"
    schematypens="http://purl.oclc.org/dsdl/schematron"?>
<TEI xmlns="http://www.tei-c.org/ns/1.0">
    <teiHeader>
        <fileDesc>
            <titleStmt>
                <title>EROS E PSIQUE</title>
                <respStmt>
                    <resp>Edição</resp>
                    <name>Pedro Sepúlveda</name>
                </respStmt>
                <respStmt>
                    <resp>Codificação</resp>
                    <name>Ulrike Henny</name>
                </respStmt>
                <respStmt>
                    <resp>Codificação</resp>
                    <name>Sviatoslav Drach</name>
                </respStmt>
            </titleStmt>
            <publicationStmt>
                <p>Publication Information</p>
            </publicationStmt>
            <sourceDesc>
                <biblStruct>
                    <analytic>
                        <title level="a">EROS E PSIQUE</title>
                        <author>
                            <rs type="person" key="FP">Fernando Pessoa</rs> 
                        </author>
                        <textLang mainLang="pt"/>
                    </analytic>
                    <monogr>
                        <title level="j">Presença</title>
                        <imprint>
                            <pubPlace></pubPlace>
                            <date when="1934-05">Maio de 1934</date>
                        </imprint>
                        <biblScope unit="issue">41-42</biblScope>
                    </monogr>
                    <note type="genre">
                        <rs type="genre" key="poesia">Poesia</rs>
                    </note>
                    <note></note>
                </biblStruct>
            </sourceDesc>
        </fileDesc>
    </teiHeader>
    <text xml:id="eros-e-pisque">
        <body>
            <div>
                <head>EROS E PSIQUE</head>
                <epigraph><cit><quote rend="right">... E assim vêdes, meu Irmão, que as verdades que vos foram dadas no Grau de Neófito, e aquelas que vos foram dadas no Grau de Adepto Menor, são, ainda que opostas, a mesma Verdade.</quote>
                    <bibl>Do Ritual do Grau de Mestre do Átrio na Ordem Templária de Portugal</bibl></cit></epigraph>
                <lg>
                    <l>Conta a lenda que dormia </l>
                    <l>Uma Princesa encantada </l>
                    <l>A quem só despertaria </l>
                    <l>Um Infante, que viria </l>
                    <l>De além do muro da estrada.</l>
                </lg>
                <lg>
                    <l>Êle tinha que, tentado,</l>
                    <l>Vencer o mal e o bem,</l>
                    <l>Antes que, já libertado, </l>
                    <l>Deixasse o caminho errado </l>
                    <l>Por o que à Princesa vem.</l>
                </lg>
                <lg>
                    <l>A Princesa Adormecida,</l>
                    <l>Se espera, dormindo espera.</l>
                    <l>Sonha em morte a sua vida,</l>
                    <l>E orna-lhe a fronte esquecida, </l>
                    <l>Verde, uma grinalda de hera.</l>
                </lg>
                <lg>
                    <l>Longe o Infante, esforçado,</l>
                    <l>Sem saber que intuito tem,</l>
                    <l>Rompe o caminho fadado.</l>
                    <l>Êle dela é ignorado.</l>
                    <l>Ela para êle é ninguém.</l>
                </lg>
                <lg>
                    <l>Mas cada um cumpre o Destino — </l>
                    <l>Ela dormindo encantada,</l>
                    <l>Êle buscando-a sem tino</l>
                    <l>Pelo processo divino </l>
                    <l>Que faz existir a estrada.</l>
                </lg>
                <lg>
                    <l>E, se bem que seja obscuro </l>
                    <l>Tudo pela estrada fora,</l>
                    <l>E falso, êle vem seguro,</l>
                    <l>E, vencendo estrada e muro, </l>
                    <l>Chega onde em sono ela mora.</l>
                </lg>
                <lg>
                    <l>E, inda tonto do que houvera, </l>
                    <l>À cabeça, em maresia, Ergue a mão, e encontra hera, </l>
                    <l>E vê que êle mesmo era </l>
                    <l>A Princesa que dormia.</l>
                </lg>
                <signed>FERNANDO PESSOA.</signed>
            </div>
        </body>
    </text>
</TEI>
