<?xml version="1.0" encoding="UTF-8"?>
<?xml-model href="http://www.tei-c.org/release/xml/tei/custom/schema/relaxng/tei_all.rng" type="application/xml" schematypens="http://relaxng.org/ns/structure/1.0"?>
<TEI xmlns="http://www.tei-c.org/ns/1.0">
    <teiHeader>
        <fileDesc>
            <titleStmt>
                <title>Rubaiyat</title>
                <author>
                    <rs type="person" key="FP">Fernando Pessoa</rs>
                </author>
                <respStmt>
                    <resp>Edição, Transcrição</resp>
                    <name>Pedro Sepúlveda</name>
                </respStmt>
                <respStmt>
                    <resp>Transcrição</resp>
                    <name>Pablo Javier Pérez López</name>
                </respStmt>
                <respStmt>
                    <resp>Modelagem de dados, Codificação</resp>
                    <name>Ulrike Henny</name>
                </respStmt>
                <respStmt>
                    <resp>Codificação</resp>
                    <name>Sviatoslav Drach</name>
                </respStmt>
                <respStmt>
                    <resp>Consultoria</resp>
                    <name>Institut für Dokumentologie und Editorik (IDE)</name>
                </respStmt>
            </titleStmt>
            <publicationStmt>
                <publisher>Universidade Nova de Lisboa, Instituto de Estudos de Literatura e Tradição (IELT)</publisher>
                <publisher>Cologne Center for eHumanities (CCeH)</publisher>
                <date>2016</date>
                <availability>
                    <licence target="http://creativecommons.org/licenses/by/3.0/"/>
                </availability>
                <idno type="filename">Pessoa_Rubaiyat.xml</idno>
            </publicationStmt>
            <sourceDesc>
                <list type="work-index">
                    <item><rs type="work" key="O1-33">Rubaiyat</rs></item>
                </list>
                <biblStruct>
                    <analytic>
                        <title level="a">Rubaiyat</title>
                        <author>
                            <rs type="person" key="FP">Fernando Pessoa</rs>
                        </author>
                        <textLang mainLang="pt"/>
                    </analytic>
                    <monogr>
                        <title level="j"><rs type="journal" key="J11">Contemporânea</rs></title>
                        <imprint>
                            <date from="1926-07" to="1926-10">Julho-Outubro de 1926</date>
                        </imprint>
                        <biblScope unit="volume">3.ª serie</biblScope>
                        <biblScope unit="issue">2</biblScope>
                    </monogr>
                    <note type="genre">
                        <rs type="genre" key="poesia">Poesia</rs>
                    </note>
                </biblStruct>
            </sourceDesc>
        </fileDesc>
    </teiHeader>
    <facsimile>
        <graphic url="pub/178423_0939_98_t0.jpg"/>
    </facsimile>
    <text corresp="#O1-33">
        <body>
            <div>
                <head>RUBAIYAT</head>
                <lg>
                    <l>O fim do longo, inutil dia ensombra.</l>
                    <l>A mesma sp’rança que não deu se escombra,</l>
                    <l>Prolixa... A vida é um mendigo bebado</l>
                    <l>Que extende a mão á sua propria sombra.</l>
                </lg>
                <lg>
                    <l>Dormimos o universo. A extensa massa</l>
                    <l>Da confusão das cousas nos enlaça,</l>
                    <l>Sonhos; e a ebria confluencia humana</l>
                    <l>Vazia echoa-se de raça em raça.</l>
                </lg>
                <lg>
                    <l>Ao goso segue a dôr, e o goso a esta.</l>
                    <l>Ora o vinho bebemos porque é festa,</l>
                    <l>Ora o vinho bebemos porque ha dôr.</l>
                    <l>Mas de um e de outro vinho nada resta.</l>
                </lg>
                <signed>FERNANDO PESSOA</signed>
            </div>
        </body>
    </text>
</TEI>
