<?xml version="1.0" encoding="UTF-8"?>
<?xml-model href="http://www.tei-c.org/release/xml/tei/custom/schema/relaxng/tei_all.rng" type="application/xml" schematypens="http://relaxng.org/ns/structure/1.0"?>
<TEI xmlns="http://www.tei-c.org/ns/1.0">
    <teiHeader>
        <fileDesc>
            <titleStmt>
                <title>Trois Chansons mortes</title>
                <author>
                    <rs type="person" key="FP">Fernando Pessoa</rs>
                </author>
                <respStmt>
                    <resp>Edição</resp>
                    <name>Pedro Sepúlveda</name>
                </respStmt>
                <respStmt>
                    <resp>Codificação</resp>
                    <name>Ulrike Henny</name>
                </respStmt>
                <respStmt>
                    <resp>Codificação</resp>
                    <name>Sviatoslav Drach</name>
                </respStmt>
            </titleStmt>
            <publicationStmt>
                <publisher/>
                <idno type="filename">Pessoa_Trois-Chansons-mortes.xml</idno>
            </publicationStmt>
            <sourceDesc>
                <list type="work-index">
                    <item><rs type="work" key="O1-36">Trois Chansons mortes</rs></item>
                    <item><rs type="work" key="O1-36-1">I</rs></item>
                    <item><rs type="work" key="O1-36-2">II</rs></item>
                    <item><rs type="work" key="O1-36-3">III</rs></item>
                </list>
                <biblStruct>
                    <analytic>
                        <title level="a">Trois Chansons mortes</title>
                        <author>
                            <rs type="person" key="FP">Fernando Pessoa</rs>
                        </author>
                        <textLang mainLang="fr"/>
                    </analytic>
                    <monogr>
                        <title level="j"><rs type="journal" key="J11">Contemporânea</rs></title>
                        <imprint>
                            <date when="1923-01">Janeiro de 1923</date>
                        </imprint>
                        <biblScope unit="issue">7</biblScope>
                    </monogr>
                    <note type="genre">
                        <rs type="genre" key="poesia">Poesia</rs>
                    </note>
                </biblStruct>
            </sourceDesc>
        </fileDesc>
    </teiHeader>
    <facsimile>
        <graphic url="pub/N7_0026_branca_t0.jpg"/>
        <graphic url="pub/N7_0027_branca_t0.jpg"/>
    </facsimile>
    <text corresp="#O1-36">
        <body>
            <div>
                <head>TROIS<lb/> CHANSONS<lb/> MORTES</head>
                <div type="poem" corresp="#O1-36-1">
                    <head>I</head>
                    <lg>
                        <l>Vous êtes belle: on vous adore.</l>
                        <l>Vous êtes jeune: on vous sourit.</l>
                        <l>Si un amour pourrait éclore</l>
                        <l>Dans ce cœur où rien ne luit,</l>
                    </lg>
                    <lg>
                        <l>Ce sourire de ma tristesse </l>
                        <l>Se tournerait, reflet lointain,</l>
                        <l>Vers l’or cendré de votre tresse,</l>
                        <l>Vers le blanc mat de votre main.</l>
                    </lg>
                    <lg>
                        <l>Mais je n’en fais que ce sourire</l>
                        <l>Qui sommeille au fond de mes yeux —</l>
                        <l>Lac froid qui, en vous voyant rire,</l>
                        <l>S’oublie en un reflet joyeux.</l>
                    </lg>
                </div>
                <div type="poem" corresp="#O1-36-2">
                    <head>II</head>
                    <lg>
                        <l>J’eus un rêve. L’aube</l>
                        <l>N’a pu soulever</l>
                        <l>Du frais de sa robe</l>
                        <l>Mon sommeil léger.</l>
                    </lg>
                    <lg>
                        <l>En vain toute l’ombre</l>
                        <l>Jettait sa noirceur.</l>
                        <l>Mon cœur est plus sombre.</l>
                        <l>C’était dans mon coeur.</l>
                    </lg>
                    <lg>
                        <l>Il est mort. J’existe</l>
                        <l>Par ce qui m’en vint.</l>
                        <l>Quoi? J’en suis plus triste...</l>
                        <l>Ah, ce rêve éteint</l>
                    </lg>
                    <lg>
                        <l>Faisait l’heure brève</l>
                        <l>Et mon cœur moins las...</l>
                        <l>Quel était ce rêve?</l>
                        <l>Je ne le sais pas.</l>
                    </lg>
                </div>
                <div type="poem" corresp="#O1-36-3">
                    <head>III</head>
                    <lg>
                        <l>Si vous m’aimiez un peu?... Par rêve,</l>
                        <l rend="indent">Non par amour...</l>
                        <l>Un rien... L’amour que l’on achève</l>
                        <l rend="indent">Est lourd.</l>
                    </lg>
                    <lg>
                        <l>Faites de moi un qui vous aime,</l>
                        <l rend="indent">Pas qui je suis...</l>
                        <l>Quand le rêve est beau, le jour meme</l>
                        <l rend="indent">Sourit.</l>
                    </lg>
                    <lg>
                        <l>Que je sois triste ou laid — c’est l’ombre...</l>
                        <l rend="indent">Pour que le jour</l>
                        <l>Vous soit frais, je vous fais ce sombre </l>
                        <l rend="indent">Séjour.</l>
                    </lg>
                </div>
                <signed>FERNANDO PESSOA</signed>
            </div>
        </body>
    </text>
</TEI>
