<?xml version="1.0" encoding="UTF-8"?>
<?xml-model href="http://www.tei-c.org/release/xml/tei/custom/schema/relaxng/tei_all.rng" type="application/xml" schematypens="http://relaxng.org/ns/structure/1.0"?>
<TEI xmlns="http://www.tei-c.org/ns/1.0">
    <teiHeader>
        <fileDesc>
            <titleStmt>
                <title>
                    <rs type="work" key="O1-24">Meantime</rs>
                </title>
                <author>
                    <rs type="person" key="FP">Fernando Pessoa</rs>
                </author>
                <respStmt>
                    <resp>Edição</resp>
                    <name>Pedro Sepúlveda</name>
                </respStmt>
                <respStmt>
                    <resp>Codificação</resp>
                    <name>Ulrike Henny</name>
                </respStmt>
                <respStmt>
                    <resp>Codificação</resp>
                    <name>Sviatoslav Drach</name>
                </respStmt>
            </titleStmt>
            <publicationStmt>
                <publisher/>
                <idno type="filename">Meantime.xml</idno>
            </publicationStmt>
            <sourceDesc>
                <biblStruct>
                    <analytic>
                        <title level="a"><rs type="work" key="O1-24">Meantime</rs></title>
                        <author>
                            <rs type="person" key="FP">Fernando Pessoa</rs>
                        </author>
                        <textLang mainLang="en"/>
                    </analytic>
                    <monogr>
                        <title level="j"><rs type="journal" key="J26">The athenaeum</rs></title>
                        <imprint>
                            <date when="1920-01-30">30 de Janeiro de 1920</date>
                        </imprint>
                        <biblScope unit="issue"></biblScope>
                    </monogr>
                    <note type="genre">
                        <rs type="genre" key="poesia">Poesia</rs>
                    </note>
                </biblStruct>
            </sourceDesc>
        </fileDesc>
    </teiHeader>
    <facsimile>
        <graphic url="pub/meantime-1920.jpg"/>
    </facsimile>
    <text corresp="#O1-24">
        <body>
            <div>
                <head>MEANTIME</head>
                <lg>
                    <l rend="indent">Far away, far away,</l>
                    <l>Far away from here . . .</l>
                    <l>There is no worry after joy</l>
                    <l rend="indent">Or away from fear</l>
                    <l rend="indent">Far away from here.</l>
                </lg>
                <lg>
                    <l>Her lips were not very red,</l>
                    <l rend="indent">Nor her hair quite gold.</l>
                    <l>Her hands played with rings.</l>
                    <l rend="indent">She did not let me hold</l>
                    <l rend="indent">Her hands playing with gold.</l>
                </lg>
                <lg>
                    <l>She is somewhere past,</l>
                    <l rend="indent">Far away from pain.</l>
                    <l>Joy can touch her not, nor hope</l>
                    <l rend="indent">Enter her domain,</l>
                    <l rend="indent">Neither love in vain.</l>
                </lg>
                <lg>
                    <l>Perhaps at some day beyond</l>
                    <l rend="indent">Shadows and light</l>
                    <l>She will think of me and make</l>
                    <l rend="indent">All me a delight,</l>
                    <l>All away from sight.</l>
                </lg>
                <signed>Fernando Pessoa.</signed>
            </div>
        </body>
    </text>
</TEI>
