<?xml version="1.0" encoding="UTF-8"?>
<?xml-model href="http://www.tei-c.org/release/xml/tei/custom/schema/relaxng/tei_all.rng" type="application/xml" schematypens="http://relaxng.org/ns/structure/1.0"?>
<?xml-model href="http://www.tei-c.org/release/xml/tei/custom/schema/relaxng/tei_all.rng" type="application/xml"
    schematypens="http://purl.oclc.org/dsdl/schematron"?>
<TEI xmlns="http://www.tei-c.org/ns/1.0">
    <teiHeader>
        <fileDesc>
            <titleStmt>
                <title>FRESTA</title>
                <respStmt>
                    <resp>Edição</resp>
                    <name>Pedro Sepúlveda</name>
                </respStmt>
                <respStmt>
                    <resp>Codificação</resp>
                    <name>Ulrike Henny</name>
                </respStmt>
                <respStmt>
                    <resp>Codificação</resp>
                    <name>Sviatoslav Drach</name>
                </respStmt>
            </titleStmt>
            <publicationStmt>
                <p>Publication Information</p>
            </publicationStmt>
            <sourceDesc>
                <biblStruct>
                    <analytic>
                        <title level="a">FRESTA</title>
                        <author>
                            <rs type="person" key="FP">Fernando Pessoa</rs>
                        </author>
                        <textLang mainLang="pt"/>
                    </analytic>
                    <monogr>
                        <title level="j">Momento</title>
                        <imprint>
                            <pubPlace></pubPlace>
                            <date when="1934-03-05">5, Março de 1934</date>
                        </imprint>
                        <biblScope unit="issue">5</biblScope>
                    </monogr>
                    <note type="genre">
                        <rs type="genre" key="poesia">Poesia</rs>
                    </note>
                    <note></note>
                </biblStruct>
            </sourceDesc>
        </fileDesc>
    </teiHeader>
    <facsimile>
        <graphic url="pub/1694388_1934-03-15_0073_t0.jpg"/>
    </facsimile>
    <text xml:id="fresta">
        <body>
            <div>
                <head>FRESTA</head>
                <lg>
                    <l>Em meus momentos escuros </l>
                    <l>Em que em mim não há ninguem, </l>
                    <l>E tudo é nevoas e muros </l>
                    <l>Quanto a vida dá ou tem,</l>
                </lg>
                <lg>
                    <l>Se, um instante, erguendo a fronte </l>
                    <l>De onde em mim sou soterrado,</l>
                    <l>Vejo o longinquo horisonte </l>
                    <l>Cheio do sol posto ou nado,</l>
                </lg>
                <lg>
                    <l>Revivo, existo, conheço;</l>
                    <l>E, inda que seja ilusão </l>
                    <l>O exterior em que me esqueço,</l>
                    <l>Nada mais quero nem peço: </l>
                    <l>Entrego-lhe o coração.</l>
                </lg>
                <signed>FERNANDO PESSOA.</signed>
            </div>
        </body>
    </text>
</TEI>
