<?xml version="1.0" encoding="UTF-8"?>
<TEI xmlns="http://www.tei-c.org/ns/1.0">
    <teiHeader>
        <fileDesc>
            <titleStmt>
                <title>O Ultimo Sortilegio</title>
                <author>
                    <rs type="person" key="FP">Fernando Pessoa</rs>
                </author>
                <respStmt>
                    <resp>Edição, Transcrição</resp>
                    <name>Pedro Sepúlveda</name>
                </respStmt>
                <respStmt>
                    <resp>Transcrição</resp>
                    <name>Pablo Javier Pérez López</name>
                </respStmt>
                <respStmt>
                    <resp>Modelagem de dados, Codificação</resp>
                    <name>Ulrike Henny</name>
                </respStmt>
                <respStmt>
                    <resp>Codificação</resp>
                    <name>Sviatoslav Drach</name>
                </respStmt>
                <respStmt>
                    <resp>Consultoria</resp>
                    <name>Institut für Dokumentologie und Editorik (IDE)</name>
                </respStmt>
            </titleStmt>
            <publicationStmt>
                <publisher>Universidade Nova de Lisboa, Instituto de Estudos de Literatura e Tradição (IELT)</publisher>
                <publisher>Cologne Center for eHumanities (CCeH)</publisher>
                <date>2016</date>
                <availability>
                    <licence target="http://creativecommons.org/licenses/by/3.0/"/>
                </availability>
                <idno type="filename">Pessoa_O-Ultimo-Sortilegio.xml</idno>
            </publicationStmt>
            <sourceDesc>
                <list type="work-index">
                    <item><rs type="work" key="O1-30">O Ultimo Sortilegio</rs></item>
                </list>
                <biblStruct>
                    <analytic>
                        <title level="a">O Ultimo Sortilegio</title>
                        <author>
                            <rs type="person" key="FP">Fernando Pessoa</rs>
                        </author>
                        <textLang mainLang="pt"/>
                    </analytic>
                    <monogr>
                        <title level="j"><rs type="journal" key="J1">Presença</rs></title>
                        <imprint>
                            <pubPlace></pubPlace>
                            <date when="1930-12">Dezembro de 1930</date>
                        </imprint>
                        <biblScope unit="issue">29</biblScope>
                    </monogr>
                    <note type="genre">
                        <rs type="genre" key="poesia">Poesia</rs>
                    </note>
                    <note></note>
                </biblStruct>
            </sourceDesc>
        </fileDesc>
    </teiHeader>
    <facsimile>
        <graphic url="pub/res-1900-a-1930-11-n29_0004_4_t0.jpg"/>
    </facsimile>
    <text corresp="#O1-30">
        <body>
            <div>
                <head>O ULTIMO SORTILEGIO</head>
                <lg>
                    <l>«Já repeti o antigo encantamento,</l>
                    <l>E a grande Deusa aos olhos se negou.</l>
                    <l>Já repeti, nas pausas do amplo vento,</l>
                    <l>As orações cuja alma é um ser fecundo.</l>
                    <l>Nada me o abysmo deu ou o céu mostrou.</l>
                    <l>Só o vento volta onde estou toda e só,</l>
                    <l>E tudo dorme no confuso mundo.</l>
                </lg>
                <lg>
                    <l>«Outrora meu condão fadava as sarças</l>
                    <l>E a minha evocação do solo erguia</l>
                    <l>Presenças concentradas das que esparsas</l>
                    <l>Dormem nas fórmas naturaes das cousas.</l>
                    <l>Outrora a minha voz acontecia.</l>
                    <l>Fadas e elfos, se eu chamasse, via,</l>
                    <l>E as folhas da floresta eram lustrosas.</l>
                </lg>
                <lg>
                    <l>«Minha varinha, com, que da vontade</l>
                    <l>Fallava ás existencias essenciaes,</l>
                    <l>Já não conhece a minha realidade.</l>
                    <l>Já, se o circulo traço, não ha nada.</l>
                    <l>Murmura o vento alheio extinctos ais,</l>
                    <l>E ao luar que sobe além dos mattagaes</l>
                    <l>Não sou mais do que os bosques ou a estrada.</l>
                </lg>
                <lg>
                    <l>«Já me fallece o dom com que me amavam.</l>
                    <l>Já me não tórno a fórma e o fim da vida</l>
                    <l>A quantos que, buscando-os, me buscavam.</l>
                    <l>Já, praia, o mar dos braços não me innunda.</l>
                    <l>Nem já me vejo ao sol saudado erguida.</l>
                    <l>Ou, em extase mágico perdida,</l>
                    <l>Ao luar, á bocca da caverna funda.</l>
                </lg>
                <lg>
                    <l>«Já as sacras potencias infernaes,</l>
                    <l>Que, dormentes sem deuses nem destino,</l>
                    <l>Á substancia das cousas são eguaes,</l>
                    <l>Não ouvem minha voz ou os nomes seus.</l>
                    <l>A musica partiu-se do meu hymno.</l>
                    <l>Já meu furor astral não é divino</l>
                    <l>Nem meu corpo pensado é já um deus.</l>
                </lg>
                <lg>
                    <l>«E as longinquas deidades do atro poço,</l>
                    <l>Que tantas vezes, pallida, evoquei</l>
                    <l>Com a raiva de amar em alvoroço,</l>
                    <l>Inevocadas hoje ante mim estão.</l>
                    <l>Como, sem que as amasse, eu as chamei,</l>
                    <l>Agora, que não amo, as tenho, e sei</l>
                    <l>Que meu vendido ser consumirão.</l>
                </lg>
                <lg>
                    <l>«Tu, porém, Sol, cujo ouro me foi presa,</l>
                    <l>Tu, Lua, cuja prata converti,</l>
                    <l>Se já não podeis dar-me essa belleza</l>
                    <l>Que tantas vezes tive por querer,</l>
                    <l>Ao menos meu ser findo dividi — </l>
                    <l>Meu ser essencial se perca em si,</l>
                    <l>Só meu corpo sem mim fique alma e ser!</l>
                </lg>
                <lg>
                    <l>«Converta-me a minha ultima magia</l>
                    <l>Numa estatua de mim em corpo vivo!</l>
                    <l>Morra quem sou, mas quem me fiz e havia,</l>
                    <l>Anonyma presença que se beija,</l>
                    <l>Carne do meu abstracto amor captivo,</l>
                    <l>Seja a morte de mim em que revivo;</l>
                    <l>E tal qual fui, não sendo nada, eu seja!»</l>
                </lg>
                <signed>FERNANDO PESSOA</signed>
            </div>
        </body>
    </text>
</TEI>
