<?xml version="1.0" encoding="UTF-8"?>
<?xml-model href="http://www.tei-c.org/release/xml/tei/custom/schema/relaxng/tei_all.rng" type="application/xml" schematypens="http://relaxng.org/ns/structure/1.0"?>
<TEI xmlns="http://www.tei-c.org/ns/1.0">
    <teiHeader>
        <fileDesc>
            <titleStmt>
                <title><rs type="work" key="O1-7">Canção</rs></title>
                <author>
                    <rs type="person" key="FP">Fernando Pessoa</rs>
                </author>
                <respStmt>
                    <resp>Edição</resp>
                    <name>Pedro Sepúlveda</name>
                </respStmt>
                <respStmt>
                    <resp>Codificação</resp>
                    <name>Ulrike Henny</name>
                </respStmt>
                <respStmt>
                    <resp>Codificação</resp>
                    <name>Sviatoslav Drach</name>
                </respStmt>
            </titleStmt>
            <publicationStmt>
                <publisher/>
                <idno type="filename">Pessoa_Cancao.xml</idno>
            </publicationStmt>
            <sourceDesc>
                <biblStruct>
                    <analytic>
                        <title level="a">Canção</title>
                        <author>
                            <rs type="person" key="FP">Fernando Pessoa</rs>
                        </author>
                        <textLang mainLang="pt"/>
                    </analytic>
                    <monogr>
                        <title level="j">Folhas de Arte</title>
                        <imprint>
                            <date when="1924">1924</date>
                        </imprint>
                        <biblScope unit="issue">1</biblScope>
                    </monogr>
                    <note type="genre">
                        <rs type="genre" key="poesia">Poesia</rs>
                    </note>
                </biblStruct>
            </sourceDesc>
        </fileDesc>
    </teiHeader>
    <facsimile>
        <graphic url="pub/pp-4944-a_0029_t0.jpg"/>
    </facsimile>
    <text xml:id="cancao">
        <body>
            <div>
                <head>Canção</head>
                <lg>
                    <l>Sylphos ou gnomos tocam?...</l>
                    <l>Roçam nos pinheiraes</l>
                    <l>Sombras e bafos leves</l>
                    <l>De rythmos musicaes.</l>
                </lg>
                <lg>
                    <l>Ondulam como em voltas</l>
                    <l>De estradas não sei onde,</l>
                    <l>Ou como alguem que entre arvores</l>
                    <l>Ora se mostra ou esconde.</l>
                </lg>
                <lg>
                    <l>Fórma longinqua e incerta</l>
                    <l>Do que eu nunca terei...</l>
                    <l>Mal oiço, e quasi chóro,</l>
                    <l>Porque chóro não sei.</l>
                </lg>
                <lg>
                    <l>Tão tenue melodia</l>
                    <l>Que mal sei se ella existe</l>
                    <l>Ou se é só o crepusculo,</l>
                    <l>Os pinhaes e eu estar triste.</l>
                </lg>
                <lg>
                    <l>Mas cessa, como uma brisa</l>
                    <l>Esquece a fórma aos seus ais;</l>
                    <l>E agora não ha mais musica</l>
                    <l>Do que a dos pinheiraes.</l>
                </lg>
                <signed>Fernando Pessoa</signed>
            </div>
        </body>
    </text>
</TEI>
