<?xml version="1.0" encoding="UTF-8"?>
<?xml-model href="http://www.tei-c.org/release/xml/tei/custom/schema/relaxng/tei_all.rng" type="application/xml" schematypens="http://relaxng.org/ns/structure/1.0"?>
<TEI xmlns="http://www.tei-c.org/ns/1.0">
    <teiHeader>
        <fileDesc>
            <titleStmt>
                <title><rs type="work" key="O1-25">Natal</rs></title>
                <author>
                    <rs type="person" key="FP">Fernando Pessoa</rs>
                </author>
                <respStmt>
                    <resp>Edição</resp>
                    <name>Pedro Sepúlveda</name>
                </respStmt>
                <respStmt>
                    <resp>Codificação</resp>
                    <name>Ulrike Henny</name>
                </respStmt>
                <respStmt>
                    <resp>Codificação</resp>
                    <name>Sviatoslav Drach</name>
                </respStmt>
            </titleStmt>
            <publicationStmt>
                <publisher/>
                <idno type="filename">Pessoa_Natal.xml</idno>
            </publicationStmt>
            <sourceDesc>
                <biblStruct>
                    <analytic>
                        <title level="a"><rs type="work" key="O1-25">Natal</rs></title>
                        <author>
                            <rs type="person" key="FP">Fernando Pessoa</rs>
                        </author>
                        <textLang mainLang="pt"/>
                    </analytic>
                    <monogr>
                        <title level="j"><rs type="journal" key="J11">Contemporânea</rs></title>
                        <imprint>
                            <date when="1922-12">Dezembro de 1922</date>
                        </imprint>
                        <biblScope unit="issue">6</biblScope>
                    </monogr>
                    <note type="genre">
                        <rs type="genre" key="poesia">Poesia</rs>
                    </note>
                </biblStruct>
            </sourceDesc>
        </fileDesc>
    </teiHeader>
    <facsimile>
        <graphic url="pub/178423_0378_88_t0.jpg"/>
    </facsimile>
    <text corresp="#O1-25">
        <body>
            <div>
                <head>Natal</head>
                <lg>
                    <l>Nasce um deus. Outros morrem. A Verdade</l>
                    <l>Nem veiu nem se foi: o Erro mudou.</l>
                    <l>Temos agora uma outra Eternidade,</l>
                    <l>E era sempre melhor o que passou.</l>
                </lg>
                <lg>
                    <l>Cega, a Sciencia a inutil gleba lavra.</l>
                    <l>Louca, a Fé vive o sonho do seu culto.</l>
                    <l>Um novo deus é só uma palavra.</l>
                    <l>Não procures nem creias: tudo é occulto.</l>
                </lg>
                <signed>FERNANDO PESSOA</signed>
            </div>
        </body>
    </text>
</TEI>
