<?xml version="1.0" encoding="UTF-8"?>
<?xml-model href="http://www.tei-c.org/release/xml/tei/custom/schema/relaxng/tei_all.rng" type="application/xml" schematypens="http://relaxng.org/ns/structure/1.0"?>
<TEI xmlns="http://www.tei-c.org/ns/1.0">
    <teiHeader>
        <fileDesc>
            <titleStmt>
                <title><rs type="work" key="O1-31">Qualquer Música</rs></title>
                <author>
                    <rs type="person" key="FP">Fernando Pessoa</rs>
                </author>
                <respStmt>
                    <resp>Edição</resp>
                    <name>Pedro Sepúlveda</name>
                </respStmt>
                <respStmt>
                    <resp>Codificação</resp>
                    <name>Ulrike Henny</name>
                </respStmt>
                <respStmt>
                    <resp>Codificação</resp>
                    <name>Sviatoslav Drach</name>
                </respStmt>
            </titleStmt>
            <publicationStmt>
                <publisher/>
                <idno type="filename">Pessoa_Qualquer-Musica.xml</idno>
            </publicationStmt>
            <sourceDesc>
                <biblStruct>
                    <analytic>
                        <title level="a"><rs type="work" key="O1-31">Qualquer Música</rs></title>
                        <author>
                            <rs type="person" key="FP">Fernando Pessoa</rs>
                        </author>
                        <textLang mainLang="pt"/>
                    </analytic>
                    <monogr>
                        <title level="j"><rs type="journal" key="J1">Presença</rs></title>
                        <imprint>
                            <date when="1928-03-15">15 de Março de 1928</date>
                        </imprint>
                        <biblScope unit="issue">10</biblScope>
                    </monogr>
                    <note type="genre">
                        <rs type="genre" key="poesia">Poesia</rs>
                    </note>
                </biblStruct>
            </sourceDesc>
        </fileDesc>
    </teiHeader>
    <facsimile>
        <graphic url="pub/res-1900-a-1928-03-n10_0002_2_t0.jpg"/>
    </facsimile>
    <text corresp="#O1-31">
        <body>
            <div>
                <head>QUALQUER MÚSICA</head>
                <lg>
                    <l>Qualquer música, ah, qualquer,</l>
                    <l>Logo que me tire da alma</l>
                    <l>Esta incerteza que quer</l>
                    <l>Qualquer impossivel calma!</l>
                </lg>
                <lg>
                    <l>Qualquer musica — guitarra,</l>
                    <l>Viola, harmónio, realejo...</l>
                    <l>Um canto que se desgarra...</l>
                    <l>Um sonho em que nada vejo...</l>
                </lg>
                <lg>
                    <l>Qualquer coisa que não vida!</l>
                    <l>Jota, fado, a confusão</l>
                    <l>Da última dança vivida...</l>
                    <l>Que eu não sinta o coração!</l>
                    <signed><hi rend="italic">Fernando Pessoa</hi>.</signed>
                </lg>
            </div>
        </body>
    </text>
</TEI>
