<?xml version="1.0" encoding="UTF-8"?>
<?xml-model href="http://www.tei-c.org/release/xml/tei/custom/schema/relaxng/tei_all.rng" type="application/xml" schematypens="http://relaxng.org/ns/structure/1.0"?>
<?xml-model href="http://www.tei-c.org/release/xml/tei/custom/schema/relaxng/tei_all.rng" type="application/xml"
    schematypens="http://purl.oclc.org/dsdl/schematron"?>
<TEI xmlns="http://www.tei-c.org/ns/1.0">
    <teiHeader>
        <fileDesc>
            <titleStmt>
                <title>INICIAÇÃO</title>
                <respStmt>
                    <resp>Edição</resp>
                    <name>Pedro Sepúlveda</name>
                </respStmt>
                <respStmt>
                    <resp>Codificação</resp>
                    <name>Ulrike Henny</name>
                </respStmt>
                <respStmt>
                    <resp>Codificação</resp>
                    <name>Sviatoslav Drach</name>
                </respStmt>
            </titleStmt>
            <publicationStmt>
                <p>Publication Information</p>
            </publicationStmt>
            <sourceDesc>
                <biblStruct>
                    <analytic>
                        <title level="a">INICIAÇÃO</title>
                        <author>
                            <rs type="person" key="FP">Fernando Pessoa</rs>
                        </author>
                        <textLang mainLang="pt"/>
                    </analytic>
                    <monogr>
                        <title level="j">Presença</title>
                        <imprint>
                            <pubPlace></pubPlace>
                            <date from="1932-03" to="1932-05">Março-Maio de 1932</date>
                        </imprint>
                        <biblScope unit="issue">35</biblScope>
                    </monogr>
                    <note type="genre">
                        <rs type="genre" key="poesia">Poesia</rs>
                    </note>
                    <note></note>
                </biblStruct>
            </sourceDesc>
        </fileDesc>
    </teiHeader>
    <facsimile>
        <graphic url="pub/res-1900-a_1931-1934_1932_n35_0001.jpg"/>
    </facsimile>
    <text xml:id="iniciacao">
        <body>
            <div>
                <head>INICIAÇÃO</head>
                <lg>
                    <l>Não dormes sob os ciprestes,</l>
                    <l>Pois não ha sono no mundo.</l>
                    <l>·····················</l>
                    <l>O corpo é a sombra das vestes</l>
                    <l>Que encobrem teu ser profundo.</l>
                </lg>
                <lg>
                    <l>Vem a noite, que é a morte</l>
                    <l>E a sombra acabou sem ser.</l>
                    <l>Vais na noite só recorte </l>
                    <l>Igual a ti sem querer. </l>
                </lg>
                <lg>
                    <l>Mas na Estalagem do Assombro</l>
                    <l>Tiram-te os Anjos a capa.</l>
                    <l>Segues sem capa no ombro,</l>
                    <l>Com o pouco que te tapa. </l>
                </lg>
                <lg>
                    <l>Então Arcanjos da Estrada</l>
                    <l>Despem-te o deixam-te nu.</l>
                    <l>Não tens vestes, não tens nada:</l>
                    <l>Tens só teu corpo, que és tu.</l>
                </lg>
                <lg>
                    <l>Por fim, na funda caverna,</l>
                    <l>Os Deuses despem-te mais.</l>
                    <l>Teu corpo cessa, alma externa,</l>
                    <l>Mas vês que são teus iguais.</l>
                    <l>………………………..</l>
                    <l>A sombra das tuas vestes</l>
                    <l>Ficou entre nós na Sorte.</l>
                    <l>Não estás morto entre ciprestes.</l>
                    <l>………………………..</l>
                    <l>Neófito, não ha morte.</l>
                </lg>
                <signed>FERNANDO PESSOA.</signed>
            </div>
        </body>
    </text>
</TEI>
