<?xml version="1.0" encoding="UTF-8"?>
<TEI xmlns="http://www.tei-c.org/ns/1.0">
    <teiHeader>
        <fileDesc>
            <titleStmt>
                <title>Hora Absurda</title>
                <author>
                    <rs type="person" key="FP">Fernando Pessoa</rs>
                </author>
                <respStmt>
                    <resp>Edição, Transcrição</resp>
                    <name>Pedro Sepúlveda</name>
                </respStmt>
                <respStmt>
                    <resp>Transcrição</resp>
                    <name>Pablo Javier Pérez López</name>
                </respStmt>
                <respStmt>
                    <resp>Modelagem de dados, Codificação</resp>
                    <name>Ulrike Henny</name>
                </respStmt>
                <respStmt>
                    <resp>Codificação</resp>
                    <name>Sviatoslav Drach</name>
                </respStmt>
                <respStmt>
                    <resp>Consultoria</resp>
                    <name>Institut für Dokumentologie und Editorik (IDE)</name>
                </respStmt>
            </titleStmt>
            <publicationStmt>
                <publisher>Universidade Nova de Lisboa, Instituto de Estudos de Literatura e Tradição (IELT)</publisher>
                <publisher>Cologne Center for eHumanities (CCeH)</publisher>
                <date>2016</date>
                <availability>
                    <licence target="http://creativecommons.org/licenses/by/3.0/"/>
                </availability>
                <idno type="filename">Pessoa_Hora-Absurda.xml</idno>
            </publicationStmt>
            <sourceDesc>
                <list type="work-index">
                    <item><rs type="work" key="O1-18">Hora Absurda</rs></item>
                </list>
                <biblStruct>
                    <analytic>
                        <title level="a">Hora Absurda</title>
                        <author>
                            <rs type="person" key="FP">Fernando Pessoa</rs>
                        </author>
                        <textLang mainLang="pt"/>
                    </analytic>
                    <monogr>
                        <title level="j"><rs type="journal" key="J32">Exílio</rs></title>
                        <imprint>
                            <date when="1916-04">Abril de 1916</date>
                        </imprint>
                        <biblScope unit="issue">número único</biblScope>
                    </monogr>
                    <note type="genre">
                        <rs type="genre" key="poesia">Poesia</rs>
                    </note>
                </biblStruct>
            </sourceDesc>
        </fileDesc>
    </teiHeader>
    <facsimile>
        <graphic url="pub/res-2751-v _0019_t0.jpg"/>
        <graphic url="pub/res-2751-v _0020_t0.jpg"/>
        <graphic url="pub/res-2751-v _0021_t0.jpg"/>
        <graphic url="pub/res-2751-v _0022_t0.jpg"/>
    </facsimile>
    <text corresp="#O1-18">
        <body>
            <div>
                <head><hi rend="underline">HORA ABSURDA</hi></head>
                <lg>
                    <l>O teu silencio é uma nau com todas as velas pandas...</l>
                    <l>Brandas, as brisas brincam nas flammulas, teu sorriso. .</l>
                    <l>E o teu sorriso no teu silencio é as escadas e as andas</l>
                    <l>Com que me finjo mais alto e ao pé de qualquer paraiso...</l>
                </lg>
                <lg>
                    <l>Meu coração é uma amphora que cahe e que se parte...</l>
                    <l>O teu silencio recolhe-o e guarda-o, partido, a um canto...</l>
                    <l>Minha idéa de ti é um cadaver que o mar traz á praia…, e emtanto</l>
                    <l>Tu és a tela irreal em que érro em côr a minha arte ..</l>
                </lg>
                <lg>
                    <l>Abre todas as portas e que o vento varra a idéa</l>
                    <l>Que temos de que um fumo perfuma de ocio os salões.. .</l>
                    <l>Minha alma é uma caverna enchida p’la maré cheia,</l>
                    <l>E a minha idéa de te sonhar uma caravana de histriões...</l>
                </lg>
                <lg>
                    <l>Chove ouro baço, mas não no lá-fóra... É em mim... Sou a Hora,</l>
                    <l>E a Hora é de assombros e toda ella escombros d’ella...</l>
                    <l>Na minha atenção ha uma viuva pobre que nunca chora...</l>
                    <l>No meu céu interior nunca houve uma unica estrella...</l>
                </lg>
                <lg>
                    <l>Hoje o céu é pesado como a idéa de nunca chegar a um porto...</l>
                    <l>A chuva miuda é vazia... A Hora sabe a ter sido...</l>
                    <l>Não haver qualquer cousa como leitos para as naus!... Absorto </l>
                    <l>Em se alhear de si, teu olhar é uma praga sem sentido...</l>
                </lg>
                <lg>
                    <l>Todas as minhas horas são feitas de jaspe negro,</l>
                    <l>Minhas ancias todas talhadas num marmore que não ha,</l>
                    <l>Não é alegria nem dor esta dor com que me alégro,</l>
                    <l>E a minha bondade inversa não é nem bôa nem má...</l>
                </lg>
                <lg>
                    <l>Os feixes dos lictores abriram-se á beira dos caminhos...</l>
                    <l>Os pendões das victorias medievaes nem chegaram ás cruzadas...</l>
                    <l>Puzeram in-folios uteis entre as pedras das barricadas...</l>
                    <l>E a herva cresceu nas vias-ferreas com viços damninhos...</l>
                </lg>
                <lg>
                    <l>Ah, como esta hora é velha!. . E todas as naus partiram!...</l>
                    <l>Na praia só um cabo morto e uns restos de vela fallam</l>
                    <l>Do Longe, das horas do Sul, de onde os nossos sonhos tiram</l>
                    <l>Aquella angustia de sonhar mais que até para si calam...</l>
                </lg>
                <lg>
                    <l>O palacio está em ruinas... Dóe ver no parque o abandono</l>
                    <l>Da fonte sem repuxo.. . Ninguem ergue o olhar da estrada</l>
                    <l>E sente saudades de si ante aquelle logar-outomno...</l>
                    <l>Esta paysagem é um manuscripto com a phrase mais bella cortada...</l>
                </lg>
                <lg>
                    <l>A doida partiu todos os candelabros glabros,</l>
                    <l>Sujou de humano o lago com cartas rasgadas, muitas...</l>
                    <l>E a minha alma é aquella luz que não mais haverá nos candelabros...</l>
                    <l>E que querem ao lado aziago minhas ansias, brisas fortuitas?. ..</l>
                </lg>
                <lg>
                    <l>Porque me afflijo e me enfermo?... Deitam-se nuas ao luar</l>
                    <l>Todas as nymphas... Veiu o sol e já tinham partido...</l>
                    <l>O teu silencio que me embala é a idéa de naufragar,</l>
                    <l>E a idéa de a tua voz soar a lyra d’um Apollo fingido...</l>
                </lg>
                <lg>
                    <l>Já não ha caudas de pavões todas olhos nos jardins de outr’ora...</l>
                    <l>As proprias sombras estão mais tristes... Ainda</l>
                    <l>Ha rastos de vestes de aias (parece) no chão, e ainda chora</l>
                    <l>Um como que echo de passos pela alameda que eis finda...</l>
                </lg>
                <lg>
                    <l>Todos os occasos fundiram-se na minha alma...</l>
                    <l>As relvas de todos os prados foram frescas sob meus pés frios ..</l>
                    <l>Seccou em teu olhar a idéa de te julgares calma,</l>
                    <l>E eu ver isso em ti é um porto sem navios...</l>
                </lg>
                <lg>
                    <l>Ergueram-se a um tempo todos os remos... Pelo ouro das searas </l>
                    <l>Passou uma saudade de não serem o mar... Em frente </l>
                    <l>Ao meu throno de alheamento ha gestos com pedras raras...</l>
                    <l>Minha alma é uma lampada que se apagou e ainda está quente...</l>
                </lg>
                <lg>
                    <l>Ah, e o teu silencio é um perfil de pincaro ao sol!</l>
                    <l>Todas as princezas sentirem o seio opprimido...</l>
                    <l>Da ultima janella do castello só um girasol</l>
                    <l>Se vê, e o sonhar que ha outros põe brumas no nosso sentido. . .</l>
                </lg>
                <lg>
                    <l>Sermos, e não sermos mais!... Ó leões nascidos na jaula!...</l>
                    <l>Repique de sinos para além, no Outro Valle... Perto?...</l>
                    <l>Arde o collegio e uma creança ficou fechada na aula...</l>
                    <l>Porque não ha de ser o Norte o Sul?... O que está descoberto?...</l>
                </lg>
                <lg>
                    <l>E eu deliro... De repente pauso no que penso... Fito-te </l>
                    <l>E o teu silencio é uma cegueira minha... Fito-te e sonho...</l>
                    <l>Ha coisas rubras e cobras no modo como medito-te,</l>
                    <l>E a tua idéa sabe á lembrança de um sabor de medonho...</l>
                    <l>Para que não ter por ti desprezo? Porque não perdel-o?...</l>
                    <l>Ah, deixa que eu te ignore... O teu silencio é um leque —</l>
                    <l>Um leque fechado, um leque que aberto seria tão bello, tão bello,</l>
                    <l>Mas mais bello é não o abrir, para que a Hora não peque...</l>
                </lg>
                <lg>
                    <l>Gelaram todas as mãos cruzadas sobre todos os peitos...</l>
                    <l>Murcharam mais flores do que as que havia no jardim...</l>
                    <l>O meu amar-te é uma cathedral de silencios eleitos,</l>
                    <l>E os meus sonhos uma escada sem principio mas com fim...</l>
                    <l>Alguem vae entrar pela porta... Sente-se o ar sorrir...</l>
                    <l>Tecedeiras viuvas gosam as mortalhas de virgens que tecem...</l>
                    <l>Ah, o teu tedio é uma estatua de uma mulher que ha de vir,</l>
                    <l>O perfume que os crysantemos teriam, se o tivessem...</l>
                </lg>
                <lg>
                    <l>É preciso destruir o proposito de todas as pontes,</l>
                    <l>Vestir de alheamento as paysagens de todas as terras,</l>
                    <l>Endireitar á força a curva dos horisontes,</l>
                    <l>E gemer por ter de viver, como um ruido brusco de serras...</l>
                </lg>
                <lg>
                    <l>Ha tão pouca gente que ame as paysagens que não existem! ...</l>
                    <l>Saber que continuará a haver o mesmo mundo amanhã — como nos
                        desalégra!...</l>
                    <l>Que o meu ouvir o teu silencio não seja nuvens que attristem</l>
                    <l>O teu sorriso, anjo exilado, e o teu tedio, auréola negra...</l>
                </lg>
                <lg>
                    <l>Suave, como ter mãe e irmãs, a tarde rica desce...</l>
                    <l>Não chove já, e o vasto céu é um grande sorriso imperfeito...</l>
                    <l>A minha consciencia de ter consciencia de ti é uma prece,</l>
                    <l>E o meu saber-te a sorrir é uma flôr murcha a meu peito...</l>
                </lg>
                <lg>
                    <l>Ah, se fôssemos duas figuras num longinquo vitral!...</l>
                    <l>Ah, se fôssemos as duas côres de uma bandeira de gloria!...</l>
                    <l>Estatua acéphala posta a um canto, poeirenta pia baptismal,</l>
                    <l>Pendão de vencidos tendo escripto ao centro este lemma — Victoria!</l>
                </lg>
                <lg>
                    <l>O que é que me tortura?... Se até a tua face calma </l>
                    <l>Só me enche de tedios e de opios de ocios medonhos! ...</l>
                    <l>Não sei... Eu sou um doido que estranha a sua propria alma...</l>
                    <l>Eu fui amado em effigie num paiz para além dos sonhos...</l>
                </lg>
                <dateline>Lisboa, 4 de Julho de 1913.</dateline>
                <signed>FERNANDO PESSÔA.</signed>
            </div>
        </body>
    </text>
</TEI>
