<?xml version="1.0" encoding="UTF-8"?>
<?xml-model href="http://www.tei-c.org/release/xml/tei/custom/schema/relaxng/tei_all.rng" type="application/xml" schematypens="http://relaxng.org/ns/structure/1.0"?>
<TEI xmlns="http://www.tei-c.org/ns/1.0">
    <teiHeader>
        <fileDesc>
            <titleStmt>
                <title>O Avô e o Neto</title>
                <author>
                    <rs type="person" key="FP">Fernando Pessoa</rs>
                </author>
                <respStmt>
                    <resp>Edição</resp>
                    <name>Pedro Sepúlveda</name>
                </respStmt>
                <respStmt>
                    <resp>Codificação</resp>
                    <name>Ulrike Henny</name>
                </respStmt>
                <respStmt>
                    <resp>Codificação</resp>
                    <name>Sviatoslav Drach</name>
                </respStmt>
            </titleStmt>
            <publicationStmt>
                <publisher/>
                <idno type="filename">Pessoa_O-Avo-e-o-Neto.xml</idno>
            </publicationStmt>
            <sourceDesc>
                <list type="work-index">
                    <item><rs type="work" key="O1-28">O Avô e o Neto</rs></item>
                </list>
                <biblStruct>
                    <analytic>
                        <title level="a">O Avô e o Neto</title>
                        <author>
                            <rs type="person" key="FP">Fernando Pessoa</rs>
                        </author>
                        <textLang mainLang="pt"/>
                    </analytic>
                    <monogr>
                        <title level="j"><rs type="journal" key="J">Theosouro de Juventude</rs></title>
                        <imprint>
                            <pubPlace>Rio de Janeiro</pubPlace>
                            <date from="1925" to="1928">1925-1928</date>
                        </imprint>
                        <biblScope></biblScope>
                    </monogr>
                    <note type="genre">
                        <rs type="genre" key="poesia">Poesia</rs>
                    </note>
                </biblStruct>
            </sourceDesc>
        </fileDesc>
    </teiHeader>
    <facsimile>
        <graphic url="pub/bn-acpc-e-e3-44-1-54_0073_37_t24-C-R0150_oavoeoneto.jpg"/>
    </facsimile>
    <text corresp="#O1-28">
        <body>
            <div>
                <head>O AVÔ E O NETO</head>
                <lg>
                    <l>Ao ver o neto a brincar,</l>
                    <l>Diz o avô, entristecido,</l>
                    <l>“Ah, quem me dera voltar</l>
                    <l>A estar assim entretido:</l>
                </lg>
                <lg>
                    <l>“Quem me dera o tempo quando</l>
                    <l>Castellos assim fazia,</l>
                    <l>E que os deixava ficando</l>
                    <l>Ás vezes p’ra o outro dia:</l>
                </lg>
                <lg>
                    <l>“E toda a tristeza minha</l>
                    <l>Era, oa acordar p’ra vel-o,</l>
                    <l>Ver que a creada já tinha</l>
                    <l>Arrumado o meu castello.</l>
                </lg>
                <lg>
                    <l>Mas o neto não o ouve</l>
                    <l>Porque está preoccupado</l>
                    <l>Com um engano que houve</l>
                    <l>No portão para o soldado.</l>
                </lg>
                <lg>
                    <l>E, emquanto o avô scisma, e, triste</l>
                    <l>Lembra a infancia que lá vae,</l>
                    <l>Já mais uma casa existe</l>
                    <l>Ou mais um castello cahe;</l>
                </lg>
                <lg>
                    <l>E o neto, olhando afinal</l>
                    <l>E vendo o avô a chorar,</l>
                    <l>Diz, “Cahiu, mas não faz mal:</l>
                    <l>Torna-se já a arranjar.”</l>
                </lg>
            </div>
        </body>
    </text>
</TEI>
