<?xml version="1.0" encoding="UTF-8"?>
<?xml-model href="http://www.tei-c.org/release/xml/tei/custom/schema/relaxng/tei_all.rng" type="application/xml" schematypens="http://relaxng.org/ns/structure/1.0"?>
<?xml-model href="http://www.tei-c.org/release/xml/tei/custom/schema/relaxng/tei_all.rng" type="application/xml"
    schematypens="http://purl.oclc.org/dsdl/schematron"?>
<TEI xmlns="http://www.tei-c.org/ns/1.0">
    <teiHeader>
        <fileDesc>
            <titleStmt>
                <title>GUIA-ME A SÓ RAZÃO</title>
                <respStmt>
                    <resp>Edição</resp>
                    <name>Pedro Sepúlveda</name>
                </respStmt>
                <respStmt>
                    <resp>Codificação</resp>
                    <name>Ulrike Henny</name>
                </respStmt>
                <respStmt>
                    <resp>Codificação</resp>
                    <name>Sviatoslav Drach</name>
                </respStmt>
            </titleStmt>
            <publicationStmt>
                <p>Publication Information</p>
            </publicationStmt>
            <sourceDesc>
                <biblStruct>
                    <analytic>
                        <title level="a">GUIA-ME A SÓ RAZÃO</title>
                        <author>
                            <rs type="person" key="FP">Fernando Pessoa</rs>
                        </author>
                        <textLang mainLang="pt"/>
                    </analytic>
                    <monogr>
                        <title level="j">Descobrimento</title>
                        <imprint>
                            <pubPlace></pubPlace>
                            <date when="1932">1932</date>
                        </imprint>
                        <biblScope unit="issue">4</biblScope>
                    </monogr>
                    <note type="genre">
                        <rs type="genre" key="poesia">Poesia</rs>
                    </note>
                    <note></note>
                </biblStruct>
            </sourceDesc>
        </fileDesc>
    </teiHeader>
    <facsimile>
        <graphic url="pub/j-2334-b_0529_t0.jpg"/>
    </facsimile>
    <text xml:id="guia-me-a-so-razao">
        <body>
            <div>
                <head>[GUIA-ME A SÓ RAZÃO]</head>
                <lg>
                    <l>Guia-me a só razão.</l>
                    <l>Não me deram mais guia. </l>
                    <l>Alumia-me em vão?</l>
                    <l>Só ela me alumia.</l>
                </lg>
                <lg>
                    <l>Tivesse Quem criou</l>
                    <l>O mundo desejado </l>
                    <l>Que eu fôsse outro que sou, </l>
                    <l>Ter-me-hia outro criado.</l>
                </lg>
                <lg>
                    <l>Deu-me olhos para ver.</l>
                    <l>Ólho, vejo, acredito.</l>
                    <l>Como ousarei dizer:</l>
                    <l>« Cego, fôra eu bendito » ?</l>
                </lg>
                <lg>
                    <l>Como o olhar, a razão </l>
                    <l>Deus me deu, para ver </l>
                    <l>Para além da visão —</l>
                    <l>Olhar de conhecer.</l>
                </lg>
                <lg>
                    <l>Se ver é enganar-me,</l>
                    <l>Pensar um descaminho,</l>
                    <l>Não sei. Deus os quis dar-me </l>
                    <l>Por verdade e caminho.</l>
                </lg>
                <signed>FERNANDO PESSOA.</signed>
            </div>
        </body>
    </text>
</TEI>
