<?xml version="1.0" encoding="UTF-8"?>
<?xml-model href="http://www.tei-c.org/release/xml/tei/custom/schema/relaxng/tei_all.rng" type="application/xml" schematypens="http://relaxng.org/ns/structure/1.0"?>
<TEI xmlns="http://www.tei-c.org/ns/1.0">
    <teiHeader>
        <fileDesc>
            <titleStmt>
                <title>Intervalo</title>
                <author>
                    <rs type="person" key="FP">Fernando Pessoa</rs>
                </author>
                <respStmt>
                    <resp>Edição, Transcrição</resp>
                    <name>Pedro Sepúlveda</name>
                </respStmt>
                <respStmt>
                    <resp>Transcrição</resp>
                    <name>Pablo Javier Pérez López</name>
                </respStmt>
                <respStmt>
                    <resp>Modelagem de dados, Codificação</resp>
                    <name>Ulrike Henny</name>
                </respStmt>
                <respStmt>
                    <resp>Codificação</resp>
                    <name>Sviatoslav Drach</name>
                </respStmt>
                <respStmt>
                    <resp>Consultoria</resp>
                    <name>Institut für Dokumentologie und Editorik (IDE)</name>
                </respStmt>
            </titleStmt>
            <publicationStmt>
                <publisher>Universidade Nova de Lisboa, Instituto de Estudos de Literatura e Tradição (IELT)</publisher>
                <publisher>Cologne Center for eHumanities (CCeH)</publisher>
                <date>2016</date>
                <availability>
                    <licence target="http://creativecommons.org/licenses/by/3.0/"/>
                </availability>
                <idno type="filename">Pessoa_Intervalo.xml</idno>
            </publicationStmt>
            <sourceDesc>
                <list type="work-index">
                    <item><rs type="work" key="O1-21">Intervalo</rs></item>
                </list>
                <biblStruct>
                    <analytic>
                        <title level="a">Intervalo</title>
                        <author>
                            <rs type="person" key="FP">Fernando Pessoa</rs>
                        </author>
                        <textLang mainLang="pt"/>
                    </analytic>
                    <monogr>
                        <title level="j"><rs type="journal" key="J28">Momento</rs></title>
                        <imprint>
                            <date when="1935-04">Abril de 1935</date>
                        </imprint>
                        <biblScope unit="volume">2.ª série</biblScope>
                        <biblScope unit="issue">8</biblScope>
                    </monogr>
                    <note type="genre">
                        <rs type="genre" key="poesia">Poesia</rs>
                    </note>
                </biblStruct>
            </sourceDesc>
        </fileDesc>
    </teiHeader>
    <facsimile>
        <graphic url="pub/1694388_1935-04-08_0111_t0.jpg"/>
    </facsimile>
    <text corresp="#O1-21">
        <body>
            <div>
                <head>INTERVALO</head>
                <lg>
                    <l>Quem te disse ao ouvido esse segredo</l>
                    <l>Que raras deusas teem escutado —</l>
                    <l>Aquele amor cheio de crença e medo</l>
                    <l>Que é verdadeiro só se é segredado?...</l>
                    <l>Quem to disse tam cedo?</l>
                </lg>
                <lg>
                    <l>Não fui eu, que te não ousei dize-lo.</l>
                    <l>Não foi um outro, porque o não sabia.</l>
                    <l>Mas quem roçou da testa teu cabelo</l>
                    <l>E te disse ao ouvido o que sentia?</l>
                    <l>Seria alguem, seria?</l>
                </lg>
                <lg>
                    <l>Ou foi só que o sonhaste e eu te o sonhei?</l>
                    <l>Foi só qualquer ciume meu de ti</l>
                    <l>Que o supoz dito, porque o não direi,</l>
                    <l>Que o supoz feito, porque o só fingi</l>
                    <l>Em sonhos que nem sei?</l>
                </lg>
                <lg>
                    <l>Seja o que fôr, quem foi que levemente,</l>
                    <l>A teu ouvido vagamente atento,</l>
                    <l>Te falou desse amor em mim presente</l>
                    <l>Mas que não passa do meu pensamento</l>
                    <l>Que anseia e que não sente?</l>
                </lg>
                <lg>
                    <l>Foi um desejo que, sem corpo ou boca,</l>
                    <l>A teus ouvidos de eu sonhar-te disse</l>
                    <l>A frase eterna, imerecida e louca —</l>
                    <l>A que as deusas esperam da ledice</l>
                    <l>Com que o Olimpo se apouca.</l>
                </lg>
                <signed>FERNANDO PESSOA</signed>
            </div>
        </body>
    </text>
</TEI>
