<?xml version="1.0" encoding="UTF-8"?>
<?xml-model href="http://www.tei-c.org/release/xml/tei/custom/schema/relaxng/tei_all.rng" type="application/xml" schematypens="http://relaxng.org/ns/structure/1.0"?>
<TEI xmlns="http://www.tei-c.org/ns/1.0">
    <teiHeader>
        <fileDesc>
            <titleStmt>
                <title><rs type="work" key="O1-22">Isto</rs></title>
                <author>
                    <rs type="person" key="FP">Fernando Pessoa</rs>
                </author>
                <respStmt>
                    <resp>Edição</resp>
                    <name>Pedro Sepúlveda</name>
                </respStmt>
                <respStmt>
                    <resp>Codificação</resp>
                    <name>Ulrike Henny</name>
                </respStmt>
                <respStmt>
                    <resp>Codificação</resp>
                    <name>Sviatoslav Drach</name>
                </respStmt>
            </titleStmt>
            <publicationStmt>
                <publisher/>
                <idno type="filename">Pessoa_Isto.xml</idno>
            </publicationStmt>
            <sourceDesc>
                <biblStruct>
                    <analytic>
                        <title level="a"><rs type="work" key="O1-22">Isto</rs></title>
                        <author>
                            <rs type="person" key="FP">Fernando Pessoa</rs>
                        </author>
                        <textLang mainLang="pt"/>
                    </analytic>
                    <monogr>
                        <title level="j"><rs type="journal" key="J1">Presença</rs></title>
                        <imprint>
                            <date when="1933-04">Abril de 1933</date>
                        </imprint>
                        <biblScope unit="issue">38</biblScope>
                    </monogr>
                    <note type="genre">
                        <rs type="genre" key="poesia">Poesia</rs>
                    </note>
                </biblStruct>
            </sourceDesc>
        </fileDesc>
    </teiHeader>
    <facsimile>
        <graphic url="pub/res-1900-a_1931-1934_1933_n38_0001.jpg"/>
    </facsimile>
    <text corresp="#O1-22">
        <body>
            <div>
                <head>ISTO</head>
                <lg>
                    <l>Dizem que finjo ou minto</l>
                    <l>Tudo que escrevo. Não.</l>
                    <l>Eu simplesmente sinto</l>
                    <l>Com a imaginação.</l>
                    <l>Não uso o coração.</l>
                </lg>
                <lg>
                    <l>Tudo que sonho ou passo,</l>
                    <l>O que me falha ou finda,</l>
                    <l>É como que um terraço</l>
                    <l>Sôbre outra cousa ainda.</l>
                    <l>Essa cousa é que é linda.</l>
                </lg>
                <lg>
                    <l>Porisso escrevo em meio</l>
                    <l>Do que não está ao pé,</l>
                    <l>Livre do meu enleio,</l>
                    <l>Sério do que não é.</l>
                    <l>Sentir? Sinta quem lê!</l>
                </lg>
                <signed>FERNANDO PESSOA</signed>
            </div>
        </body>
    </text>
</TEI>
