<?xml version="1.0" encoding="UTF-8"?>
<?xml-model href="http://www.tei-c.org/release/xml/tei/custom/schema/relaxng/tei_all.rng" type="application/xml" schematypens="http://relaxng.org/ns/structure/1.0"?>
<TEI xmlns="http://www.tei-c.org/ns/1.0">
    <teiHeader>
        <fileDesc>
            <titleStmt>
                <title>Conselho</title>
                <author>
                    <rs type="person" key="FP">Fernando Pessoa</rs>
                </author>
                <respStmt>
                    <resp>Edição</resp>
                    <name>Pedro Sepúlveda</name>
                </respStmt>
                <respStmt>
                    <resp>Codificação</resp>
                    <name>Ulrike Henny</name>
                </respStmt>
                <respStmt>
                    <resp>Codificação</resp>
                    <name>Sviatoslav Drach</name>
                </respStmt>
            </titleStmt>
            <publicationStmt>
                <publisher/>
                <idno type="filename">Pessoa_Conselho.xml</idno>
            </publicationStmt>
            <sourceDesc>
                <list type="work-index">
                    <item><rs type="work" key="O1-10">Conselho</rs></item>
                </list>
                <biblStruct>
                    <analytic>
                        <title level="a">Conselho</title>
                        <author>
                            <rs type="person" key="FP">Fernando Pessoa</rs>
                        </author>
                        <textLang mainLang="pt"/>
                    </analytic>
                    <monogr>
                        <title level="j"><rs type="journal" key="J30">Sudoeste, Cadernos de Almada Negreiros</rs></title>
                        <imprint>
                            <date when="1935-11-03">3 de Novembro de 1935</date>
                        </imprint>
                        <biblScope></biblScope>
                    </monogr>
                    <note type="genre">
                        <rs type="genre" key="poesia">Poesia</rs>
                    </note>
                </biblStruct>
            </sourceDesc>
        </fileDesc>
    </teiHeader>
    <facsimile>
        <graphic url="pub/pp-16471-v_0111_t0.jpg"/>
        <graphic url="pub/pp-16471-v_0112_t0.jpg"/>
    </facsimile>
    <text corresp="#O1-10">
        <body>
            <div>
                <head>Conselho</head>
                <lg>
                    <l>Cérca de grandes muros quem te sonhas.</l>
                    <l>Depois, onde é visível o jardim</l>
                    <l>Através do portão de grade dada,</l>
                    <l>Põe quantas flores são as mais risonhas,</l>
                    <l>Para que te conheçam só assim.</l>
                    <l>Onde ninguém o vir não ponhas nada.</l>
                </lg>
                <lg>
                    <l>Faze canteiros como os que outros têm,</l>
                    <l>Onde os olhares possam entrever</l>
                    <l>O teu jardim como lho vais mostrar.</l>
                    <l>Mas onde és teu, e nunca o vê ninguém,</l>
                    <l>Deixa as flores que vêm do chão crescer</l>
                    <l>E deixa as ervas naturais medrar.</l>
                </lg>
                <lg>
                    <l>Faze de ti um duplo sêr guardado;</l>
                    <l>E que ninguém, que veja e fite, possa</l>
                    <l>Saber mais que um jardim de quem tu és</l>
                    <l>Um jardim ostensivo e reservado,</l>
                    <l>Por trás do qual a flor nativa roça</l>
                    <l>A erva tam pobre que nem tu a vês...</l>
                </lg>
                <signed>FERNANDO PESSOA</signed>
            </div>
        </body>
    </text>
</TEI>
