<?xml-model href="http://www.tei-c.org/release/xml/tei/custom/schema/relaxng/tei_all.rng" type="application/xml" schematypens="http://relaxng.org/ns/structure/1.0"?><?xml-model href="http://www.tei-c.org/release/xml/tei/custom/schema/relaxng/tei_all.rng" type="application/xml"
	schematypens="http://purl.oclc.org/dsdl/schematron"?>
<TEI xmlns="http://www.tei-c.org/ns/1.0">
    <teiHeader>
        <fileDesc>
            <titleStmt>
                <title><rs type="work" key="O3-4">Para ser grande, sê inteiro: nada</rs></title>
                <author>
                    <rs type="person" key="RR">Ricardo Reis</rs>
                </author>
                <respStmt>
                    <resp>Edição</resp>
                    <name>Pedro Sepúlveda</name>
                </respStmt>
                <respStmt>
                    <resp>Codificação</resp>
                    <name>Ulrike Henny</name>
                </respStmt>
                <respStmt>
                    <resp>Codificação</resp>
                    <name>Alena Geduldig</name>
                </respStmt>
            </titleStmt>
            <publicationStmt>
                <publisher />
                <idno type="filename">Reis_Para_ser_grande_se_inteiro_nada.xml</idno>
            </publicationStmt>
            <sourceDesc>
                <biblStruct>
                    <analytic>
                        <title level="a">Ode</title>
                        <author>
                            <rs type="person" key="RR">Ricardo Reis</rs>
                        </author>
                        <textLang mainLang="pt"/>
                    </analytic>
                    <monogr>
                        <title level="j">Presença</title>
                        <imprint>
                            <date when="1933-02">Fevereiro de 1933</date>
                        </imprint>
                        <biblScope unit="issue">37</biblScope>
                        <biblScope unit="page">8</biblScope>
                    </monogr>
                    <note type="genre">
                        <rs type="genre" key="poesia">Poesia</rs>
                    </note>
                </biblStruct>
            </sourceDesc>
        </fileDesc>
    </teiHeader>
    <facsimile>
        <graphic url="pub/res-1900-a_1931-1934_1933_n37_0001.jpg" />
    </facsimile>
    <text xml:id="ode">
<body>
    <div>
        <head>Ode</head>
        <lg>
            <l>Para ser grande, sê inteiro: nada</l> 
            <l rend="indent">Teu exagera ou exclui.</l>
            <l>Sê todo em cada coisa. Põe quanto és</l> 
            <l rend="indent">No mínimo que fazes,</l>
            <l>Assim em cada lago a lua tôda</l> 
            <l rend="indent">Brilha, porque alta vive.</l>
        </lg>
        <signed>RICARDO REIS</signed>
    </div>
</body>
    </text>
</TEI>
