<?xml-model href="http://www.tei-c.org/release/xml/tei/custom/schema/relaxng/tei_all.rng" type="application/xml" schematypens="http://relaxng.org/ns/structure/1.0"?><?xml-model href="http://www.tei-c.org/release/xml/tei/custom/schema/relaxng/tei_all.rng" type="application/xml"
	schematypens="http://purl.oclc.org/dsdl/schematron"?>
<TEI xmlns="http://www.tei-c.org/ns/1.0">
    <teiHeader>
        <fileDesc>
            <titleStmt>
                <title><rs type="work" key="O3-5">Odes, Livro Primeiro</rs></title>
                <author>
                    <rs type="person" key="RR">Ricardo Reis</rs>
                </author>
                <respStmt>
                    <resp>Edição</resp>
                    <name>Pedro Sepúlveda</name>
                </respStmt>
                <respStmt>
                    <resp>Codificação</resp>
                    <name>Ulrike Henny</name>
                </respStmt>
                <respStmt>
                    <resp>Codificação</resp>
                    <name>Alena Geduldig</name>
                </respStmt>
            </titleStmt>
            <publicationStmt>
                <publisher></publisher>
                <idno type="filename">Reis_Odes_Livro_Primeiro.xml</idno>
            </publicationStmt>
            <sourceDesc>
                <biblStruct>
                    <analytic>
                        <title level="a">Odes, Livro Primeiro</title>
                        <author>
                            <rs type="person" key="RR">Ricardo Reis</rs>
                        </author>
                        <textLang mainLang="pt"/>
                    </analytic>
                    <monogr>
                        <title level="j"><rs type="journal" key="J2">Athena</rs></title>
                        <imprint>
                            <date when="1924-10">Outubro de 1924</date>
                        </imprint>
                        <biblScope unit="issue">1</biblScope>
                        <biblScope unit="page">19-24</biblScope>
                    </monogr>
                    <note type="genre">
                        <rs type="genre" key="poesia">Poesia</rs>
                    </note>
                </biblStruct>
            </sourceDesc>
        </fileDesc>
    </teiHeader>
    <facsimile>
        <graphic url="pub/"/>
    </facsimile>
    <text xml:id="odes_livro_primeiro">
        <body>
            <div>
                <head rend="center">ODES LIVRO PRIMEIRO</head>
                <div type="poem" xml:id="P1">
                    <head rend="center" >I</head>
                    <lg>
                        <l>Seguro assento na columna firme</l>
                        <l rend="indent">Dos versos em que fico,</l>
                        <l>Nem temo o influxo innumero futuro</l>
                        <l rend="indent">Dos tempos e do olvido;</l>
                        <l>Que a mente, quando, fixa, em si contempla</l>
                        <l rend="indent">Os reflexos do mundo,</l>
                        <l>D’elles se plasma torna, e á arte o mundo</l>
                        <l rend="indent">Cria, que não a mente.</l>
                        <l>Assim na placa o externo instante grava</l>
                        <l rend="indent">Seu ser, durando nella.</l>
                    </lg>
                </div>
                <div type="poem" xml:id="P2">
                    <head rend="center">II</head>
                    <lg>
                        <l>As rosas amo dos jardins de Adonis,</l>
                        <l>Essas volucres amo, Lydia, rosas,</l>
                        <l rend="indent">Que em o dia em que nascem.</l>
                        <l rend="indent">Em esse dia morrem.</l>
                        <l>A luz para ellas é eterna, porque</l>
                        <l>Nascem nascido já o sol, e acabam</l>
                        <l rend="indent">Antes que Apollo deixe</l>
                        <l rend="indent">O seu curso visivel.</l>
                        <l>Assim façamos nossa vida <hi rend="italic">um dia</hi>,</l>
                        <l>Inscientes, Lydia, voluntariamente</l>
                        <l rend="indent">Que ha noite antes e após</l>
                        <l rend="indent">O pouco que durâmos.</l>
                    </lg>
                </div>
                <div type="poem" xml:id="P3">
                    <head rend="center">III</head>
                    <lg>
                        <l>O mar jaz; gemem em segredo os ventos</l>
                        <l rend="indent">Em Eolo captivos;</l>
                        <l>Só com as pontas do tridente as vastas</l>
                        <l rend="indent">Aguas franze Neptuno;</l>
                        <l>E a praia é alva e cheia de pequenos</l>
                        <l rend="indent">Brilhos sob o sol claro.</l>
                        <l>Inutilmente parecemos grandes.</l>
                        <l rend="indent">Nada, no alheio mundo,</l>
                        <l>Nossa vista grandeza reconhece</l>
                        <l rend="indent">Ou com razão nos serve.</l>
                        <l>Si aqui de um manso mar meu fundo indicio</l>
                        <l rend="indent">Trez ondas o apagam,</l>
                        <l>Que me fará o mar que na atra praia</l>
                        <l rend="indent">Echoa de Saturno?</l>
                    </lg>
                </div>
                <div type="poem" xml:id="P4">
                    <head rend="center">IV</head>
                    <lg>
                        <l>Não consentem os deuses mais que a vida.</l>
                        <l>Tudo pois refusemos, que nos alce</l>
                        <l rend="indent">A irrespiraveis pincaros,</l>
                        <l rend="indent">Perennes sem ter flores.</l>
                        <l>Só de acceitar tenhamos a sciencia,</l>
                        <l>E, emquanto bate o sangue em nossas fontes,</l>
                        <l rend="indent">Nem se engelha comnosco</l>
                        <l rend="indent">O mesmo amor, duremos,</l>
                        <l>Como vidros, ás luzes transparentes</l>
                        <l>E deixando escorrer a chuva triste,</l>
                        <l rend="indent">Só mornos ao sol quente,</l>
                        <l rend="indent">E reflectindo um pouco.</l>
                    </lg>
                </div>
                <div type="poem" xml:id="P5">
                    <head rend="center">V</head>
                    <lg>
                        <l rend="indent">Como si cada beijo</l>
                        <l rend="indent">Fòra de despedida,</l>
                        <l>Minha Chloe, beijemo-nos, amando.</l>
                        <l rend="indent">Talvez que já nos toque</l>
                        <l rend="indent">No hombro a mão, que chama</l>
                        <l>Á barca que não vem senão vazia;</l>
                        <l rend="indent">E que no mesmo feixe</l>
                        <l rend="indent">Ata o que mutuos fomos</l>
                        <l>E a alheia somma universal da vida.</l>
                    </lg>
                </div>
                <div type="poem" xml:id="P6">
                    <head rend="center">VI</head>
                    <lg>
                        <l>O rythmo antigo que ha em pés descalços,</l>
                        <l>Esse rythmo das nymphas repetido,</l>
                        <l rend="indent">Quando sob o arvoredo</l>
                        <l rend="indent">Batem o som da dança,</l>
                        <l>Vós na alva praia relembrae, fazendo,</l>
                        <l>Que scura a spuma deixa; vós, infantes,</l>
                        <l rend="indent">Que inda não tendes cura</l>
                        <l rend="indent">De ter cura, reponde</l>
                        <l>Ruidosa a roda, emquanto arqueia Apollo,</l>
                        <l>Como um ramo alto, a curva azul que doura,</l>
                        <l rend="indent">E a perenne maré</l>
                        <l rend="indent">Flue, enchente ou vasante.</l>
                    </lg>
                </div>
                <div type="poem" xml:id="P7">
                    <head rend="center">VII</head>
                    <lg>
                        <l>Ponho na altiva mente o fixo exforço</l>
                        <l rend="indent">Da altura, e á sorte deixo,</l>
                        <l rend="indent">E a suas leis, o verso;</l>
                        <l>Que, quando é alto e regio o pensamento,</l>
                        <l rend="indent">Subdita a phrase o busca</l>
                        <l rend="indent">E o scravo rythmo o serve.</l>
                    </lg>
                </div>
                <div type="poem" xml:id="P8">
                    <head rend="center">VIII</head>
                    <lg>
                        <l>Quam breve tempo é a mais longa vida</l>
                        <l>E a juventude nella! Ah Chloe, Chloe,</l>
                        <l rend="indent">Si não amo, nem bebo,</l>
                        <l rend="indent">Nem sem querer não penso,</l>
                        <l>Pesa-me a lei inimploravel, doe-me</l>
                        <l>A hora invita, o tempo que não cessa,</l>
                        <l rend="indent">E aos ouvidos me sobe</l>
                        <l rend="indent">Dos juncos o ruido</l>
                        <l>Na occulta margem onde os lirios frios</l>
                        <l>Da infera leiva crescem, e a corrente</l>
                        <l rend="indent">Não sabe onde é o dia,</l>
                        <l rend="indent">Sussurro gemebundo.</l>
                    </lg>
                </div>
                <div type="poem" xml:id="P9">
                    <head rend="center">IX</head>
                    <lg>
                        <l>Coroae-me de rosas,</l>
                        <l>Coroae-me em verdade</l>
                        <l rend="indent">De rosas —</l>
                        <l>Rosas que se apagam</l>
                        <l>Em fronte a apagar-sev</l>
                        <l rend="indent">Tam cedo!</l>
                        <l>Coroae-me de rosas</l>
                        <l>E de folhas breves.</l>
                        <l rend="indent">E basta.</l>
                    </lg>
                </div>
                <div type="poem" xml:id="P10">
                    <head rend="center">X</head>
                    <lg>
                        <l>Melhor destino que o de conhecer-se</l>
                        <l>Não frue quem mente frue. Antes, sabendo,</l>
                        <l rend="indent">Ser nada, que ignorando:</l>
                        <l rend="indent">Nada dentro de nada.</l>
                        <l>Si não houver em mim poder que vença</l>
                        <l>As parcas trez e as moles do futuro,</l>
                        <l rend="indent">Já me dêem os deuses</l>
                        <l rend="indent">O poder de sabe-lo;</l>
                        <l>E a belleza, increavel por meu sestro,</l>
                        <l>Eu gose externa e dada, repetida</l>
                        <l rend="indent">Em meus passivos olhos,</l>
                        <l rend="indent">Lagos que a morte sécca.</l>
                    </lg>
                </div>
                <div type="poem" xml:id="P11">
                    <head rend="center">XI</head>
                    <lg>
                        <l>Temo, Lydia, o destino. Nada é certo</l>
                        <l>Em qualquer hora pode succeder-nos</l>
                        <l rend="indent">O que nos tudo mude.</l>
                        <l>Fora do conhecido é extranho o passo</l>
                        <l>Que proprio damos. Graves numes guardam</l>
                        <l rend="indent">As lindas do que é uso.</l>
                        <l>Não somos deuses: cegos, receemos,</l>
                        <l>E a parca dada vida anteponhamos</l>
                        <l rend="indent">Á novidade, abysmo.</l>
                    </lg>
                </div>
                <div type="poem" xml:id="P12">
                    <head rend="center">XII</head>
                    <lg>
                        <l>A flor que és, não a que dás, eu quero.</l>
                        <l>Porque me negas o que te não peço.</l>
                        <l rend="indent">Tempo ha para negares</l>
                        <l rend="indent">Depois de teres dado.</l>
                        <l>Flor, sê-me flor ! Se te colher avaro</l>
                        <l>A mão da infausta sphynge, tu perenne</l>
                        <l rend="indent">Sombra errarás absurda,</l>
                        <l rend="indent">Buscando o que não déste.</l>
                    </lg>
                </div>
                <div type="poem" xml:id="P13">
                    <head rend="center">XIII</head>
                    <lg>
                        <l>Ólho os campos, Neera,</l>
                        <l>Campos, campos, e soffro</l>
                        <l>Já o frio da sombra</l>
                        <l>Em que não terei olhos.</l>
                        <l rend="indent">A caveira antesinto</l>
                        <l>Que serei não sentindo,</l>
                        <l rend="indent">Ou só quanto o que ignoro</l>
                        <l>Me incognito ministre.</l>
                        <l>E menos ao instante</l>
                        <l>Chóro, que a mim futuro,</l>
                        <l>Subdito ausente e nullo</l>
                        <l>Do universal destíno.</l>
                    </lg>
                </div>
                <div type="poem" xml:id="P14">
                    <head rend="center">XIV</head>
                    <lg>
                        <l>De novo traz as apparentes novas</l>
                        <l>Flores o verão novo, e novamente</l>
                        <l rend="indent">Verdesce a cor antiga</l>
                        <l rend="indent">Das folhas redivivas.</l>
                        <l>Não mais, não mais d’elle o infecundo abysmo,</l>
                        <l>Que mudo sorve o que mal somos, torna</l>
                        <l rend="indent">Á clara luz superna</l>
                        <l rend="indent">A presença vivída.</l>
                        <l>Não mais; e a prole a que, pensando, dera</l>
                        <l>A vida da razão, em vão o chama,</l>
                        <l rend="indent">Que as nove chaves fecham</l>
                        <l rend="indent">Da Styge irreversivel.</l>
                        <l>O que foi como um deus entre os que cantam,</l>
                        <l>O que do Olympo as vozes, que chamavam,</l>
                        <l rend="indent">Scutando ouviu, e, ouvindo,</l>
                        <l rend="indent">Entendeu, hoje é nada.</l>
                        <l>Tecei embora as, que teceis, grinaldas.</l>
                        <l>Quem coroaes, não coroando a elle?</l>
                        <l rend="indent">Votivas as deponde,</l>
                        <l rend="indent">Funebres sem ter culto.</l>
                        <l>Fique, porém, livre da leiva e do Orco,</l>
                        <l>A fama; e tu, que Ulysses erigira,</l>
                        <l rend="indent">Tu, em teus septe montes,</l>
                        <l rend="indent">Orgulha-te materna,</l>
                        <l>Egual, desde elle, ás septe que contendem</l>
                        <l>Cidades por Homero, ou alcaica Lesbos,</l>
                        <l rend="indent">Ou heptapyla Thebas,</l>
                        <l rend="indent">Ogygia mãe de Pindaro.</l>
                    </lg>
                </div>
                <div type="poem" xml:id="P15">
                    <head rend="center">XV</head>
                    <lg>
                        <l>Este, seu scasso campo ora lavrando,</l>
                        <l>Ora, solemne, olhando-o com a vista</l>
                        <l>De quem a um filho olha, gosa incerto</l>
                        <l rend="indent">A não-pensada vida.</l>
                        <l>Das fingidas fronteiras a mudança</l>
                        <l>O arado lhe não tolhe, nem o empece</l>
                        <l>Per que consilios se o destino rege</l>
                        <l rend="indent">Dos povos pacientes.</l>
                        <l>Pouco mais no presente do futuro</l>
                        <l>Que as hervas que arrancou, seguro vive</l>
                        <l>A antiga vida que não torna, e fica</l>
                        <l rend="indent">Filhos, diversa e sua.</l>
                    </lg>
                </div>
                <div type="poem" xml:id="P16">
                    <head rend="center">XVI</head>
                    <lg>
                        <l>Tuas, não minhas, teço estas grinaldas,</l>
                        <l>Que em minha fronte renovadas ponho.</l>
                        <l rend="indent">Para mim tece as tuas,</l>
                        <l rend="indent">Que as minhas eu não vejo.</l>
                        <l>Se não pesar na vida melhor goso</l>
                        <l>Que o vermo-nos, vejamo-nos, e, vendo,</l>
                        <l rend="indent">Surdos conciliemos</l>
                        <l rend="indent">O insubsistente surdo.</l>
                        <l>Coroemo-nos pois uns para os outros,</l>
                        <l>E brindemos unisonos á sorte</l>
                        <l rend="indent">Que houver, até que chegue</l>
                        <l rend="indent">A hora do barqueiro.</l>
                    </lg>
                </div>
                <div type="poem" xml:id="P17">
                    <head rend="center">XVII</head>
                    <lg>
                        <l>Não queiras, Lydia edificar no spaço</l>
                        <l>Que figuras futuro, ou prometter-te</l>
                        <l>Amanhã. Cumpre-te hoje, não sperando.</l>
                        <l rend="indent">Tu mesma és tua vida.</l>
                        <l>Não te destines, que não és futura.</l>
                        <l>Quem sabe se, entre a taça que esvazias,</l>
                        <l>E ella de novo enchida, não te a sorte</l>
                        <l rend="indent">Interpõe o abysmo?</l>
                    </lg>
                </div>
                <div type="poem" xml:id="P18">
                    <head rend="center">XVIII</head>
                    <lg>
                        <l>Saudoso já d’este verão que vejo,</l>
                        <l>Lagrimas para as flores d’elle emprego</l>
                        <l rend="indent">Na lembrança invertida</l>
                        <l rend="indent">De quando hei de perdel-as.</l>
                        <l>Transpostos os portaes irreparaveis</l>
                        <l>De cada anno, me anticipo a sombra</l>
                        <l rend="indent">Em que hei de errar, sem flores,</l>
                        <l rend="indent">No abysmo rumoroso.</l>
                        <l>E colho a rosa porque a sorte manda.</l>
                        <l>Marcenda, guardo-a; murche-se commigo</l>
                        <l rend="indent">Antes que com a curva</l>
                        <l rend="indent">Diurna da ampla terra.</l>
                    </lg>
                </div>
                <div type="poem" xml:id="P19">
                    <head rend="center">XIX</head>
                    <lg>
                        <l rend="indent">Prazer, mas devagar,</l>
                        <l>Lydia, que a sorte áquelles não é grata</l>
                        <l rend="indent">Que lhe das mãos arrancam.</l>
                        <l>Furtivos retiremos do horto mundo</l>
                        <l rend="indent">Os depredandos pomos.</l>
                        <l>Não dispertemos, onde dorme, a erynnis</l>
                        <l rend="indent">Que cada goso trava.</l>
                        <l>Como um regato, mudos passageiros,</l>
                        <l rend="indent">Gosemos escondidos.</l>
                        <l>A sorte inveja, Lydia. Emmudeçamos.</l>
                    </lg>
                </div>
                <div type="poem" xml:id="P20">
                    <head>XX</head>
                    <lg>
                        <l>Cuidas, invio, que cumpres, apertando</l>
                        <l>Teus infecundos, trabalhosos dias</l>
                        <l rend="indent">Em feixes de hirta lenha,</l>
                        <l rend="indent">Sem illusão a vida.</l>
                        <l>A tua lenha é só peso que levas</l>
                        <l>Para onde não tens fogo que te aqueça.</l>
                        <l rend="indent">Nem soffrem peso aos hombros</l>
                        <l rend="indent">As sombras que seremos.</l>
                        <l>Para folgar não folgas; e, se legas,</l>
                        <l>Antes legues o exemplo, que riquezas,</l>
                        <l rend="indent">De como a vida basta</l>
                        <l rend="indent">Curta, nem tambem dura.</l>
                        <l>Pouco usamos do pouco que mal temos.</l>
                        <l>A obra cança, o ouro não é nosso.</l>
                        <l rend="indent">De nós a mesma fama</l>
                        <l rend="indent">Ri-se, que a não veremos</l>
                        <l>Quando, acabados pelas parcas, formos,</l>
                        <l>Vultos solemnes, de repente antigos,</l>
                        <l rend="indent">E cada vez mais sombras,</l>
                        <l rend="indent">Ao encontro fatal —</l>
                        <l>O barco escuro no soturno rio,</l>
                        <l>E os nove abraços da frieza stygia</l>
                        <l rend="indent">E o regaço insaciavel</l>
                        <l rend="indent">Da patria de Plutão.</l>
                    </lg>
                </div>
                <signed rend="center">RICARDO REIS</signed>
            </div>
        </body>
    </text>
</TEI>