<?xml version="1.0" encoding="UTF-8"?>
<TEI xmlns="http://www.tei-c.org/ns/1.0">
    <teiHeader>
        <fileDesc>
            <titleStmt>
                <title>Duas Odes</title>
                <author>
                    <rs type="person" key="RR">Ricardo Reis</rs>
                </author>
                <respStmt>
                    <resp>Edição, Transcrição</resp>
                    <name>Pedro Sepúlveda</name>
                </respStmt>
                <respStmt>
                    <resp>Transcrição</resp>
                    <name>Pablo Javier Pérez López</name>
                </respStmt>
                <respStmt>
                    <resp>Modelagem de dados, Codificação</resp>
                    <name>Ulrike Henny</name>
                </respStmt>
                <respStmt>
                    <resp>Codificação</resp>
                    <name>Alena Geduldig</name>
                </respStmt>
                <respStmt>
                    <resp>Consultoria</resp>
                    <name>Institut für Dokumentologie und Editorik (IDE)</name>
                </respStmt>
            </titleStmt>
            <publicationStmt>
                <publisher>Universidade Nova de Lisboa, Instituto de Estudos de Literatura e Tradição (IELT)</publisher>
                <publisher>Cologne Center for eHumanities (CCeH)</publisher>
                <date>2016</date>
                <availability>
                    <licence target="http://creativecommons.org/licenses/by/3.0/"/>
                </availability>
                <idno type="filename">Reis_Duas_Odes.xml</idno>
            </publicationStmt>
            <sourceDesc>
                <list type="work-index">
                    <item><rs type="work" key="O3-1">Duas Odes</rs></item>
                    <item><rs type="work" key="O3-1-1">Quando, Lídia, vier o nosso outono</rs></item>
                    <item><rs type="work" key="O3-1-2">Ténue, como se de Éolo a esquecessem,</rs></item>
                </list>
                <biblStruct>
                    <analytic>
                        <title level="a">Duas Odes</title>
                        <author>
                            <rs type="person" key="RR">Ricardo Reis</rs>
                        </author>
                        <textLang mainLang="pt"/>
                    </analytic>
                    <monogr>
                        <title level="j"><rs type="journal" key="J1">Presença</rs></title>
                        <imprint>
                            <date from="1931-03" to="1931-06">Março – Junho de 1931</date>
                        </imprint>
                        <biblScope unit="issue">31-32</biblScope>
                        <biblScope unit="page">10</biblScope>
                    </monogr>
                    <note type="genre">
                        <rs type="genre" key="poesia">Poesia</rs>
                    </note>
                </biblStruct>
            </sourceDesc>
        </fileDesc>
    </teiHeader>
    <facsimile>
        <graphic url="pub/res-1900-a_1931-1934_1931_n31-n32_0002.jpg"/>
    </facsimile>
    <text corresp="#O3-1">
        <body>
            <div>
                <head>Duas Odes</head>
                <div type="poem" corresp="#O3-1-1">
                    <lg>
                        <l>Quando, Lídia, vier o nosso outono</l>
                        <l>Com o inverno que há nêle, reservemos</l>
                        <l>Um pensamento, não para a futura</l>
                        <l rend="indent">Primavera, que é de outrem,</l>
                        <l>Nem para o estio, de quem somos mortos,</l>
                        <l>Senão para o que fica do que passa –</l>
                        <l>O amarelo actual que as fôlhas vivem</l>
                        <l rend="indent">E as torna diferentes.</l>
                    </lg>
                </div>
                <div type="poem" corresp="#O3-1-2">
                    <lg>
                        <l>Ténue, como se de Éolo a esquecessem,</l>
                        <l>A brisa da manhã titila o campo,</l>
                        <l rend="indent">E há comêço do sol.</l>
                        <l>Não desejemos, Lídia, nesta hora</l>
                        <l>Mais sol do que ela, nem mais alta brisa</l>
                        <l rend="indent">Que a que é pequena e existe.</l>
                    </lg>
                </div>
                <signed rend="center">RICARDO REIS</signed>
            </div>
        </body>
    </text>
</TEI>
