<?xml-model href="http://www.tei-c.org/release/xml/tei/custom/schema/relaxng/tei_all.rng" type="application/xml" schematypens="http://relaxng.org/ns/structure/1.0"?><?xml-model href="http://www.tei-c.org/release/xml/tei/custom/schema/relaxng/tei_all.rng" type="application/xml"
	schematypens="http://purl.oclc.org/dsdl/schematron"?>
<TEI xmlns="http://www.tei-c.org/ns/1.0">
    <teiHeader>
        <fileDesc>
            <titleStmt>
                <title>Para ser grande, sê inteiro: nada</title>
                <author>
                    <rs type="person" key="RR">Ricardo Reis</rs>
                </author>
                <respStmt>
                    <resp>Edição, Transcrição</resp>
                    <name>Pedro Sepúlveda</name>
                </respStmt>
                <respStmt>
                    <resp>Transcrição</resp>
                    <name>Pablo Javier Pérez López</name>
                </respStmt>
                <respStmt>
                    <resp>Modelagem de dados, Codificação</resp>
                    <name>Ulrike Henny</name>
                </respStmt>
                <respStmt>
                    <resp>Codificação</resp>
                    <name>Alena Geduldig</name>
                </respStmt>
                <respStmt>
                    <resp>Consultoria</resp>
                    <name>Institut für Dokumentologie und Editorik (IDE)</name>
                </respStmt>
            </titleStmt>
            <publicationStmt>
                <publisher>Universidade Nova de Lisboa, Instituto de Estudos de Literatura e Tradição (IELT)</publisher>
                <publisher>Cologne Center for eHumanities (CCeH)</publisher>
                <date>2016</date>
                <availability>
                    <licence target="http://creativecommons.org/licenses/by/3.0/"/>
                </availability>
                <idno type="filename">Reis_Para_ser_grande_se_inteiro_nada.xml</idno>
            </publicationStmt>
            <sourceDesc>
                <list type="work-index">
                    <item><rs type="work" key="O3-4">Para ser grande, sê inteiro: nada</rs></item>
                </list>
                <biblStruct>
                    <analytic>
                        <title level="a">Ode</title>
                        <author>
                            <rs type="person" key="RR">Ricardo Reis</rs>
                        </author>
                        <textLang mainLang="pt"/>
                    </analytic>
                    <monogr>
                        <title level="j">
                            <rs type="journal" key="J1">Presença</rs>
                        </title>
                        <imprint>
                            <date when="1933-02">Fevereiro de 1933</date>
                        </imprint>
                        <biblScope unit="issue">37</biblScope>
                        <biblScope unit="page">8</biblScope>
                    </monogr>
                    <note type="genre">
                        <rs type="genre" key="poesia">Poesia</rs>
                    </note>
                </biblStruct>
            </sourceDesc>
        </fileDesc>
    </teiHeader>
    <facsimile>
        <graphic url="pub/res-1900-a_1931-1934_1933_n37_0001.jpg"/>
    </facsimile>
    <text corresp="#O3-4">
        <body>
            <div>
                <head>Ode</head>
                <lg>
                    <l>Para ser grande, sê inteiro: nada</l>
                    <l rend="indent">Teu exagera ou exclui.</l>
                    <l>Sê todo em cada coisa. Põe quanto és</l>
                    <l rend="indent">No mínimo que fazes,</l>
                    <l>Assim em cada lago a lua tôda</l>
                    <l rend="indent">Brilha, porque alta vive.</l>
                </lg>
                <signed>RICARDO REIS</signed>
            </div>
        </body>
    </text>
</TEI>
