<?xml-model href="http://www.tei-c.org/release/xml/tei/custom/schema/relaxng/tei_all.rng" type="application/xml" schematypens="http://relaxng.org/ns/structure/1.0"?><?xml-model href="http://www.tei-c.org/release/xml/tei/custom/schema/relaxng/tei_all.rng" type="application/xml"
	schematypens="http://purl.oclc.org/dsdl/schematron"?>
<TEI xmlns="http://www.tei-c.org/ns/1.0">
    <teiHeader>
        <fileDesc>
            <titleStmt>
                <title><rs type="work" key="O3-3">Já sôbre a fronte vã se me acinzenta</rs></title>
                <author>
                    <rs type="person" key="RR">Ricardo Reis</rs>
                </author>
                <respStmt>
                    <resp>Edição</resp>
                    <name>Pedro Sepúlveda</name>
                </respStmt>
                <respStmt>
                    <resp>Codificação</resp>
                    <name>Ulrike Henny</name>
                </respStmt>
                <respStmt>
                    <resp>Codificação</resp>
                    <name>Alena Geduldig</name>
                </respStmt>
            </titleStmt>
            <publicationStmt>
                <publisher />
                <idno type="filename">Reis_Ja_sobre_a_fronte_va_se_me_acinzenta.xml</idno>
            </publicationStmt>
            <sourceDesc>
                <biblStruct>
                    <analytic>
                        <title level="a">Ode</title>
                        <author>
                            <rs type="person" key="RR">Ricardo Reis</rs>
                        </author>
                        <textLang mainLang="pt"/>
                    </analytic>
                    <monogr>
                        <title level="j">Presença</title>
                        <imprint>
                            <date when="1928-03-15">15 de Março de 1928</date>
                        </imprint>
                        <biblScope unit="issue">10</biblScope>
                        <biblScope unit="page">2</biblScope>
                    </monogr>
                    <note type="genre">
                        <rs type="genre" key="poesia">Poesia</rs>
                    </note>
                </biblStruct>
            </sourceDesc>
        </fileDesc>
    </teiHeader>
    <facsimile>
        <graphic url="pub/res-1900-a-1928-03-n10_0002_2_t0.jpg" />
    </facsimile>
    <text xml:id="ode">
<body>
    <div>
        <head>Ode</head>
        <lg>
            <l>Já sôbre a fronte vã se me acinzenta</l>
            <l>O cabello do jóven que perdi.</l>
            <l rend="indent">Meus olhos brilham menos.</l>
            <l>Já não tem jús a beijos minha bôca.</l> 
            <l>Se me ainda amas, por amor não ames:</l>
            <l>Trahiras-me commigo.</l>
        </lg>
        <signed>RICARDO REIS</signed>
    </div>
</body>

    </text>
</TEI>