<?xml version="1.0" encoding="UTF-8"?>
<TEI xmlns="http://www.tei-c.org/ns/1.0">
    <teiHeader>
        <fileDesc>
            <titleStmt>
                <title>O rastro breve que das hervas molles</title>
                <author>
                    <rs type="person" key="RR">Ricardo Reis</rs>
                </author>
                <respStmt>
                    <resp>Edição, Transcrição</resp>
                    <name>Pedro Sepúlveda</name>
                </respStmt>
                <respStmt>
                    <resp>Transcrição</resp>
                    <name>Pablo Javier Pérez López</name>
                </respStmt>
                <respStmt>
                    <resp>Modelagem de dados, Codificação</resp>
                    <name>Ulrike Henny</name>
                </respStmt>
                <respStmt>
                    <resp>Codificação</resp>
                    <name>Alena Geduldig</name>
                </respStmt>
                <respStmt>
                    <resp>Consultoria</resp>
                    <name>Institut für Dokumentologie und Editorik (IDE)</name>
                </respStmt>
            </titleStmt>
            <publicationStmt>
                <publisher>Universidade Nova de Lisboa, Instituto de Estudos de Literatura e Tradição (IELT)</publisher>
                <publisher>Cologne Center for eHumanities (CCeH)</publisher>
                <date>2016</date>
                <availability>
                    <licence target="http://creativecommons.org/licenses/by/3.0/"/>
                </availability>
                <idno type="filename">Reis_O_rastro_breve_que_das_hervas_molles.xml</idno>
            </publicationStmt>
            <sourceDesc>
                <list type="work-index">
                    <item><rs type="work" key="O3-2">O rastro breve que das hervas molles</rs></item>
                </list>
                <biblStruct>
                    <analytic>
                        <title level="a">Ode</title>
                        <author>
                            <rs type="person" key="RR">Ricardo Reis</rs>
                        </author>
                        <textLang mainLang="pt"/>
                    </analytic>
                    <monogr>
                        <title level="j"><rs type="journal" key="J1">Presença</rs></title>
                        <imprint>
                            <date when="1928-03-15">15 de Março de 1928</date>
                        </imprint>
                        <biblScope unit="issue">10</biblScope>
                        <biblScope unit="page">2</biblScope>
                    </monogr>
                    <note type="genre">
                        <rs type="genre" key="poesia">Poesia</rs>
                    </note>
                </biblStruct>
            </sourceDesc>
        </fileDesc>
    </teiHeader>
    <facsimile>
        <graphic url="pub/res-1900-a-1928-03-n10_0002_2_t0.jpg"/>
    </facsimile>
    <text corresp="#O3-2">
        <body>
            <div>
                <head>Ode</head>
                <lg>
                    <l>O rastro breve que das hervas molles</l>
                    <l>Ergue o pé findo, o écho que ôco côa,</l>
                    <l rend="indent">A sombra que se adumbra,</l>
                    <l rend="indent">O branco que a nau larga —</l>
                    <l>Nem maior nem melhor deixa a alma às almas,</l>
                    <l>O ido aos indos. A lembrança esquece.</l>
                    <l rend="indent">Mortos, inda morremos.</l>
                    <l rend="indent">Lydia, somos só nossos.</l>
                </lg>
                <signed rend="center">RICARDO REIS</signed>
            </div>
        </body>
    </text>
</TEI>