<?xml-model href="http://www.tei-c.org/release/xml/tei/custom/schema/relaxng/tei_all.rng" type="application/xml" schematypens="http://relaxng.org/ns/structure/1.0"?><?xml-model href="http://www.tei-c.org/release/xml/tei/custom/schema/relaxng/tei_all.rng" type="application/xml"
	schematypens="http://purl.oclc.org/dsdl/schematron"?>
<TEI xmlns="http://www.tei-c.org/ns/1.0">
    <teiHeader>
        <fileDesc>
            <titleStmt>
                <title>Três Odes</title>
                <author>
                    <rs type="person" key="RR">Ricardo Reis</rs>
                </author>
                <respStmt>
                    <resp>Edição, Transcrição</resp>
                    <name>Pedro Sepúlveda</name>
                </respStmt>
                <respStmt>
                    <resp>Transcrição</resp>
                    <name>Pablo Javier Pérez López</name>
                </respStmt>
                <respStmt>
                    <resp>Modelagem de dados, Codificação</resp>
                    <name>Ulrike Henny</name>
                </respStmt>
                <respStmt>
                    <resp>Codificação</resp>
                    <name>Alena Geduldig</name>
                </respStmt>
                <respStmt>
                    <resp>Consultoria</resp>
                    <name>Institut für Dokumentologie und Editorik (IDE)</name>
                </respStmt>
            </titleStmt>
            <publicationStmt>
                <publisher>Universidade Nova de Lisboa, Instituto de Estudos de Literatura e Tradição (IELT)</publisher>
                <publisher>Cologne Center for eHumanities (CCeH)</publisher>
                <date>2016</date>
                <availability>
                    <licence target="http://creativecommons.org/licenses/by/3.0/"/>
                </availability>
                <idno type="filename">Reis_Tres_Odes.xml</idno>
            </publicationStmt>
            <sourceDesc>
                <list type="work-index">
                    <item>
                        <rs type="work" key="O3-6">Três Odes</rs>
                        <rs type="work" key="O3-6-1">Não só vinho, mas nêle o olvido, deito</rs>
                        <rs type="work" key="O3-6-2">Quanta tristeza e amargura afoga</rs>
                        <rs type="work" key="O3-6-3">A nada imploram tuas mãos já coisas,</rs>
                    </item>
                </list>
                <biblStruct>
                    <analytic>
                        <title level="a">Três Odes</title>
                        <author>
                            <rs type="person" key="RR">Ricardo Reis</rs>
                        </author>
                        <textLang mainLang="pt"/>
                    </analytic>
                    <monogr>
                        <title level="j">
                            <rs type="journal" key="J1">Presença</rs>
                        </title>
                        <imprint>
                            <date when="1927-07-18">18 de Julho de 1927</date>
                        </imprint>
                        <biblScope unit="issue">6</biblScope>
                        <biblScope unit="page">3</biblScope>
                    </monogr>
                    <note type="genre">
                        <rs type="genre" key="poesia">Poesia</rs>
                    </note>
                </biblStruct>
            </sourceDesc>
        </fileDesc>
    </teiHeader>
    <facsimile>
        <graphic url="pub/res-1900-a-1927-07-n6_0003_3_t0.jpg"/>
    </facsimile>
    <text corresp="#O3-6">
        <body>
            <div>
                <head>Três Odes</head>
                <div type="poem" corresp="#O3-6-1">
                    <lg>
                        <l>Não só vinho, mas nêle o olvido, deito</l>
                        <l>Na taça: serei ledo, porque a dita</l>
                        <l rend="indent">É ignara. Quem, lembrando</l>
                        <l rend="indent">Ou prevendo, sorrira?</l>
                        <l>Dos brutos, não a vida, senão a alma,</l>
                        <l>Consigamos, pensando; recolhidos</l>
                        <l rend="indent">No impalpável destino</l>
                        <l rend="indent">Que não spera nem lembra.</l>
                        <l>Com mão mortal elevo à mortal boca</l>
                        <l>Em frágil taça o passageiro vinho,</l>
                        <l rend="indent">Baços os olhos feitos</l>
                        <l rend="indent">Para deixar de ver.</l>
                    </lg>
                </div>
                <div type="poem" corresp="#O3-6-2">
                    <lg>
                        <l>Quanta tristeza e amargura afoga</l>
                        <l>Em confusão a streita vida! Quanto</l>
                        <l rend="indent">Infortúnio mesquinho</l>
                        <l rend="indent">Nos oprime supremo!</l>
                        <l>Feliz ou o bruto que nos verdes campos</l>
                        <l>Pasce, para si mesmo anónimo, e entra</l>
                        <l rend="indent">Na morte como em casa;</l>
                        <l rend="indent">Ou o sábio que, perdido</l>
                        <l>Na sciência, a fútil vida austera eleva</l>
                        <l>Além da nossa, como o fumo que ergue</l>
                        <l rend="indent">Braços que se desfazem</l>
                        <l rend="indent">A um céu inexistente.</l>
                    </lg>
                </div>
                <div type="poem" corresp="#O3-6-3">
                    <lg>
                        <l>A nada imploram tuas mãos já coisas,</l>
                        <l>Nem convencem teus lábios já parados,</l>
                        <l rend="indent">No abafo subterrâneo</l>
                        <l rend="indent">Da húmida imposta terra.</l>
                        <l>Só talvez o sorriso com que amavas</l>
                        <l>Te embalsama remota, e nas memórias</l>
                        <l rend="indent">Te ergue qual eras, hoje</l>
                        <l rend="indent">Cortiço apodrecido.</l>
                        <l>E o nome inútil que teu corpo morto</l>
                        <l>Usou, vivo, na terra, como uma alma,</l>
                        <l rend="indent">Não lembra. A ode grava,</l>
                        <l rend="indent">Anónimo, um sorriso.</l>
                    </lg>
                </div>
                <signed rend="center">RICARDO REIS</signed>
            </div>
        </body>
    </text>
</TEI>