<?xml version="1.0" encoding="UTF-8"?>
<?xml-model href="../schema/pessoaTEI.rng" type="application/xml" schematypens="http://relaxng.org/ns/structure/1.0"?>
<TEI xmlns="http://www.tei-c.org/ns/1.0">
    <teiHeader>
        <fileDesc>
            <titleStmt>
                <title>O Penúltimo Poema</title>
                <author>
                    <rs type="name" key="AC">Alberto Caeiro</rs>
                </author>
                <respStmt>
                    <resp>Edição, Transcrição</resp>
                    <name>Pedro Sepúlveda</name>
                </respStmt>
                <respStmt>
                    <resp>Transcrição</resp>
                    <name>Pablo Javier Pérez López</name>
                </respStmt>
                <respStmt>
                    <resp>Modelagem de dados, Codificação</resp>
                    <name>Ulrike Henny-Krahmer</name>
                </respStmt>
                <respStmt>
                    <resp>Codificação</resp>
                    <name>Alena Geduldig</name>
                </respStmt>
                <respStmt>
                    <resp>Codificação, Atualização ortográfica</resp>
                    <name>Inês Filipa Rebelo do Carmo</name>
                </respStmt>
                <respStmt>
                    <resp>Consultoria</resp>
                    <name>Institut für Dokumentologie und Editorik (IDE)</name>
                </respStmt>
            </titleStmt>
            <publicationStmt>
                <publisher>Universidade Nova de Lisboa, Instituto de Estudos de Literatura e
                    Tradição (IELT)</publisher>
                <publisher>Cologne Center for eHumanities (CCeH)</publisher>
                <date>2017</date>
                <availability status="free">
                    <licence target="http://creativecommons.org/licenses/by/3.0/"/>
                </availability>
                <idno type="filename">Caeiro_O_Penultimo_Poema.xml</idno>
            </publicationStmt>
            <notesStmt>
                <note type="genre">
                    <rs type="genre" key="poesia">Poesia</rs>
                </note>
            </notesStmt>
            <sourceDesc>
                <list type="work-index">
                    <item><rs type="work" key="W145">O Penúltimo Poema</rs></item>
                </list>
                <biblStruct>
                    <analytic>
                        <title level="a">O Penúltimo Poema</title>
                        <author>
                            <rs type="name" key="AC">Alberto Caeiro</rs>
                        </author>
                        <textLang mainLang="pt"/>
                    </analytic>
                    <monogr>
                        <title level="j"><rs type="periodical" key="J1">Presença</rs></title>
                        <imprint>
                            <date when="1931-03">março de 1931</date>
                        </imprint>
                        <biblScope unit="issue">31-32</biblScope>
                        <biblScope unit="page">10</biblScope>
                    </monogr>
                </biblStruct>
            </sourceDesc>
        </fileDesc>
        <encodingDesc>
            <variantEncoding method="parallel-segmentation" location="internal"/>
        </encodingDesc>
    </teiHeader>
    <facsimile xml:base="http://images.cceh.uni-koeln.de/pessoa/">
        <graphic url="pub/res-1900-a_1931-1934_1931_n31-n32_0002.jpg"/>
    </facsimile>
    <text corresp="#O2-66" type="orig">
        <body>
            <div>
                <head>O Penúltimo Poema</head>
                <lg>
                    <l>Também sei fazer conjecturas.</l>
                    <l>Há em cada coisa aquilo que ela é que a anima.</l>
                    <l>Na planta está por fora e é uma ninfa pequena.</l>
                    <l>No animal é um ser interior longínquo.</l>
                    <l>No homem é a alma que vive com êle e é já êle.</l>
                    <l>Nos deuses tem o mesmo tamanho</l>
                    <l>E o mesmo espaço que o corpo</l>
                    <l>E é a mesma coisa que o corpo.</l>
                    <l>Porisso se diz que os deuses nunca morrem.</l>
                    <l>Porisso os deuses não têm corpo e alma</l>
                    <l>Mas só corpo e são perfeitos.</l>
                    <l>O corpo é que lhes é alma</l>
                    <l>E têm a consciência na própria carne divina.</l>
                </lg>
                <signed><rs type="name" key="AC" role="author">ALBERTO CAEIRO</rs></signed>
            </div>
        </body>
    </text>
    <text type="reg">
        <body>
            <div>
                <head>O Penúltimo Poema</head>
                <lg>
                    <l>Também sei fazer conjeturas.</l>
                    <l>Há em cada coisa aquilo que ela é que a anima.</l>
                    <l>Na planta está por fora e é uma ninfa pequena.</l>
                    <l>No animal é um ser interior longínquo.</l>
                    <l>No homem é a alma que vive com ele e é já ele.</l>
                    <l>Nos deuses tem o mesmo tamanho</l>
                    <l>E o mesmo espaço que o corpo</l>
                    <l>E é a mesma coisa que o corpo.</l>
                    <l>Por isso se diz que os deuses nunca morrem.</l>
                    <l>Por isso os deuses não têm corpo e alma</l>
                    <l>Mas só corpo e são perfeitos.</l>
                    <l>O corpo é que lhes é alma</l>
                    <l>E têm a consciência na própria carne divina.</l>
                </lg>
                <signed>ALBERTO CAEIRO</signed>
            </div>
        </body>
    </text>
</TEI>
