<?xml version="1.0" encoding="UTF-8"?> <?xml-model href="../schema/pessoaTEI.rng" type="application/xml" schematypens="http://relaxng.org/ns/structure/1.0"?>
<TEI xmlns="http://www.tei-c.org/ns/1.0">
    <teiHeader>
        <fileDesc>
            <titleStmt>
                <title>O Oitavo Poema de O Guardador de
                    Rebanhos</title>
                <author>
                    <rs type="name" key="AC">Alberto Caiero</rs>
                </author>
                <respStmt>
                    <resp>Edição, Transcrição</resp>
                    <name>Pedro Sepúlveda</name>
                </respStmt>
                <respStmt>
                    <resp>Transcrição</resp>
                    <name>Pablo Javier Pérez López</name>
                </respStmt>
                <respStmt>
                    <resp>Modelagem de dados, Codificação</resp>
                    <name>Ulrike Henny</name>
                </respStmt>
                <respStmt>
                    <resp>Codificação</resp>
                    <name>Alena Geduldig</name>
                </respStmt>
                <respStmt>
                    <resp>Consultoria</resp>
                    <name>Institut für Dokumentologie und Editorik (IDE)</name>
                </respStmt>
            </titleStmt>
            <publicationStmt>
                <publisher>Universidade Nova de Lisboa, Instituto de Estudos de Literatura e Tradição (IELT)</publisher>
                <publisher>Cologne Center for eHumanities (CCeH)</publisher>
                <date>2016</date>
                <availability>
                    <licence target="http://creativecommons.org/licenses/by/3.0/"/>
                </availability>
                <idno type="filename">Caeiro_O_Oitavo_Poema_de_O_Guardador_de_Rebanhos.xml</idno>
            </publicationStmt>
            <sourceDesc>
                <list type="work-index">
                    <item><rs type="work" key="O2-8">O Oitavo Poema de O Guardador de
                        Rebanhos</rs></item>
                </list>
                <biblStruct>
                    <analytic>
                        <title level="a">O Oitavo Poema de O Guardador de Rebanhos</title>
                        <author>
                            <rs type="name" key="AC">Alberto Caeiro</rs>
                        </author>
                        <textLang mainLang="pt"/>
                    </analytic>
                    <monogr>
                        <title level="j"><rs type="periodical" key="J1">Presença</rs></title>
                        <imprint>
                            <date from="1931-01" to="1931-02">Janeiro – Fevereiro de 1931</date>
                        </imprint>
                        <biblScope unit="issue">30</biblScope>
                        <biblScope unit="page">6</biblScope>
                    </monogr>
                    <note type="genre">
                        <rs type="genre" key="poesia">Poesia</rs>
                    </note>
                </biblStruct>
            </sourceDesc>
        </fileDesc>
    </teiHeader>
    <facsimile>
        <graphic url="pub/res-1900-a_1931-1934_1931_n30_0001.jpg"/>
        <graphic url="pub/res-1900-a-1931-1934-n30_0003_t0.jpg"/>
    </facsimile>
    <text corresp="#O2-8">
        <body>
            <div>
                <head>O Oitavo Poema de O Guardador de Rebanhos</head>
                <div>
                    <lg>
                        <l>Num meio-dia de fim de primavera</l>
                        <l>Tive um sonho como uma fotografía.</l>
                        <l>Vi Jesus Cristo descer à terra.</l>
                    </lg>
                    <lg>
                        <l>Veio pela encosta de um monte</l>
                        <l>Tornado outra vez menino,</l>
                        <l>A correr e a rolar-se pela erva</l>
                        <l>E a arrancar flores para as deitar fora</l>
                        <l>E a rir de modo a ouvir-se de longe.</l>
                    </lg>
                    <lg>
                        <l>Tinha fugido do céu.</l>
                        <l>Era nosso de mais para fingir</l>
                        <l>De segunda pessoa da trindade.</l>
                        <l>No céu era tudo falso, tudo em desacôrdo</l>
                        <l>Com flores e árvores e pedras.</l>
                        <l>No céu tinha que estar sempre sério</l>
                        <l>E de vez em quando de se tornar outra vez homem</l>
                        <l>E subir para a cruz, e estar sempre a morrer</l>
                        <l>Com urna coroa tôda à roda de espinhos</l>
                        <l>E os pés espetados por um prego com cabeça,</l>
                        <l>E até com um trapo à roda da cintura</l>
                        <l>Como os pretos nas ilustrações.</l>
                        <l>Nem sequer o deixavam ter pai e mãe</l>
                        <l>Como as outras crianças.</l>
                        <l>O seu pai era duas pessoas —</l>
                        <l>Um velho chamado José, que era carpinteiro,</l>
                        <l>E que não era pai dêle;</l>
                        <l>E o outro pai era urna pomba estúpida,</l>
                        <l>A única pomba feia do mundo</l>
                        <l>Porque não era do mundo nem era pomba.</l>
                        <l>E a sua mãe não tinha amado antes de o ter.</l>
                        <l>Não era mulher: era uma mala</l>
                        <l>Em que êle tinha vindo do céu.</l>
                        <l>E queriam que êle, que só nascera da mãe,</l>
                        <l>E nunca tivera pai para amar com respeito,</l>
                        <l>Prègasse a bondade e a justiça!</l>
                    </lg>
                    <lg>
                        <l>Um dia que Deus estava a dormir</l>
                        <l>E o Espirito-Santo andava a voar,</l>
                        <l>Ele foi à caixa dos milagres e roubou três.</l>
                        <l>Com o primeiro fêz que ninguém soubesse que êle tinha fugido.</l>
                        <l>Com o segundo criou-se eternamente humano e menino.</l>
                        <l>Com o terceiro criou um Cristo eternamente na cruz</l>
                        <l>E deixou-o pregado na cruz que há no céu</l>
                        <l>E serve de modêlo às outras.</l>
                        <l>Depois fugiu para o sol</l>
                        <l>E desceu pelo primeiro raio que apanhou.</l>
                    </lg>
                    <lg>
                        <l>Hoje vive na minha aldeia comigo.</l>
                        <l>É uma criança bonita de riso e natural.</l>
                        <l>Limpa o nariz ao braço direito,</l>
                        <l>Chapinha nas pôças de água,</l>
                        <l>Colhe as flores e gosta delas e esquece-as.</l>
                        <l>Atira pedras aos burros,</l>
                        <l>Rouba a fruta dos pomares</l>
                        <l>E foge a chorar e a gritar dos cães.</l>
                        <l>E, porque sabe que elas não gostam</l>
                        <l>E que tôda a gente acha graça,</l>
                        <l>Corre atrás das raparigas</l>
                        <l>Que vão em ranchos pelas estradas</l>
                        <l>Com as bilhas às cabeças</l>
                        <l>E levanta-lhes as saias.</l>
                    </lg>
                    <lg>
                        <l>A mim ensinou-me tudo.</l>
                        <l>Ensinou-me a olhar para as coisas.</l>
                        <l>Aponta-me tôdas as coisas que há nas flores.</l>
                        <l>Mostra-me como as pedras são engraçadas</l>
                        <l>Quando a gente as tem na mão</l>
                        <l>E olha devagar para elas.</l>
                    </lg>
                    <lg>
                        <l>Diz-me muito mal de Deus.</l>
                        <l>Diz que êle é um velho, estupido e doente,</l>
                        <l>Sempre a escarrar no chao</l>
                        <l>E a dizer indecências.</l>
                        <l>A Virgem-Maria leva as tardes da eternidade a fazer meia.</l>
                        <l>E o Espirito-Santo coça-se com o bico</l>
                        <l>E empoleira-se nas cadeiras e suja-as.</l>
                        <l>Tudo no céu é estúpido como a Igreja Católica.</l>
                        <l>Diz-me que Deus não percebe nada</l>
                        <l>Das coisas que criou —</l>
                        <l>«Se é que êle as criou, do que duvido» —.</l>
                        <l>«Ele diz, por exemplo, que os sêres cantam a sua glória,</l>
                        <l>Mas os sêres não cantam nada.</l>
                        <l>Se cantassem seriam cantores.</l>
                        <l>Os sêres existem e mais nada,</l>
                        <l>E por isso se chamam sêres».</l>
                    </lg>
                    <lg>
                        <l>E depois, cansado de dizer mal de Deus,</l>
                        <l>O Menino Jesus adormece nos meus braços</l>
                        <l>E eu levo-o ao cólo para casa.</l>
                    </lg>
                </div>
                <div>
                    <lg>
                        <l>Êle mora comigo na minha casa a meio do outeiro.</l>
                        <l>Êle é a Eterna Criança, o deus que faltava.</l>
                        <l>Êle é o humano que é natural,</l>
                        <l>Êle é o divino que sorri e que brinca.</l>
                        <l>E por isso é que eu sei com tôda a certeza</l>
                        <l>Que êle é o Menino Jesus verdadeiro.</l>
                    </lg>
                    <lg>
                        <l>E a criança tão humana que é divina</l>
                        <l>É esta minha quotidiana vida de poeta,</l>
                        <l>E é porque êle anda sempre comigo que eu sou poeta sempre,</l>
                        <l>E que o meu minimo olhar</l>
                        <l>Me enche de sensação,</l>
                        <l>E o mais pequeno som, seja do que fôr,</l>
                        <l>Parece falar comigo.</l>
                    </lg>
                    <lg>
                        <l>A Criança Nova que habita onde vivo</l>
                        <l>Dá-me uma mão a mim</l>
                        <l>E a outra a tudo que existe</l>
                        <l>E assim vamos os três pelo caminho que houver,</l>
                        <l>Saltando e cantando e rindo</l>
                        <l>E gozando o nosso segrêdo comum</l>
                        <l>Que é o de saber por tôda a parte</l>
                        <l>Que não há mistério no mundo</l>
                        <l>E que tudo vale a pena.</l>
                    </lg>
                    <lg>
                        <l>A Criança Eterna acompanha-me sempre.</l>
                        <l>A direcção do meu olhar é o seu dedo apontando.</l>
                        <l>O meu ouvido atento alegremente a todos os sons</l>
                        <l>São as cócegas que êle me faz, brincando, nas orelhas.</l>
                    </lg>
                    <lg>
                        <l>Damo-nos tão bem um com o outro</l>
                        <l>Na companhia de tudo</l>
                        <l>Que nunca pensamos um no outro,</l>
                        <l>Mas vivemos juntos e dois</l>
                        <l>Com um acôrdo íntimo</l>
                        <l>Como a mão direita e a esquerda.</l>
                    </lg>
                    <lg>
                        <l>Ao noitecer brincamos as cinco pedrinhas</l>
                        <l>No degrau da porta de casa,</l>
                        <l>Graves como convém a um deus e a um poeta,</l>
                        <l>E como se cada pedra</l>
                        <l>Fôsse todo um universo</l>
                        <l>E fôsse por isso um grande perigo para ela</l>
                        <l>Deixá-la cair no chão.</l>
                    </lg>
                    <lg>
                        <l>Depois eu conto-lhe histórias das coisas só dos homens</l>
                        <l>E êle sorri, porque tudo é incrivel.</l>
                        <l>Ri dos reis e dos que não são reis,</l>
                        <l>E tem pena de ouvir falar das guerras,</l>
                        <l>E dos comércios, e dos navios</l>
                        <l>Que ficam fumo no ar dos altos mares.</l>
                        <l>Porque êle sabe que tudo isso falta àquela verdade</l>
                        <l>Que uma flor tem ao florescer</l>
                        <l>E que anda com a luz do sol</l>
                        <l>A variar os montes e os vales</l>
                        <l>E a fazer doer aos olhos os muros caiados.</l>
                    </lg>
                    <lg>
                        <l>Depois êle adormece e eu deito-o.</l>
                        <l>Levo-o ao colo para dentro de casa</l>
                        <l>E deito-o, despindo-o lentamente</l>
                        <l>E como seguindo um ritual muito limpo</l>
                        <l>E todo materno até êle estar nu.</l>
                    </lg>
                    <lg>
                        <l>Êle dorme dentro da minha alma</l>
                        <l>E às vezes acorda de noite</l>
                        <l>E brinca com os meus sonhos.</l>
                        <l>Vira uns de pernas para o ar,</l>
                        <l>Põe uns em cima dos outros</l>
                        <l>E bate as palmas sòzinho</l>
                        <l>Sorrindo para o meu sono.</l>
                    </lg>
                </div>
                <div>
                    <lg>
                        <l>Quando eu morrer, filhinho,</l>
                        <l>Seja eu a criança, o mais pequeno.</l>
                        <l>Pega-me tu ao colo</l>
                        <l>E leva-me para dentro da tua casa.</l>
                        <l>Despe o meu ser cansado e humano</l>
                        <l>E deita-me na tua cama.</l>
                        <l>E conta-me histórias, caso eu acorde,</l>
                        <l>Para eu tornar a adormecer.</l>
                        <l>E dá-me sonhos teus para eu brincar</l>
                        <l>Até que nasça qualquer dia</l>
                        <l>Que tu sabes qual é.</l>
                    </lg>
                </div>
                <div>
                    <lg>
                        <l>Esta é a história do meu Menino Jesus.</l>
                        <l>Porque razão que se perceba</l>
                        <l>Nao há de ser ela mais verdadeira</l>
                        <l>Que tudo quanto os filósofos pensam</l>
                        <l>E tudo quanto as religiões ensinam?</l>
                    </lg>
                </div>
                <signed>ALBERTO CAEIRO</signed>
            </div>
        </body>
    </text>
</TEI>