<?xml version="1.0" encoding="UTF-8"?>
<TEI xmlns="http://www.tei-c.org/ns/1.0">
    <teiHeader>
        <fileDesc>
            <titleStmt>
                <title>De «O Guardador de Rebanhos»</title>
                <author>
                    <rs type="person" key="AC">Alberto Caiero</rs>
                </author>
                <respStmt>
                    <resp>Edição, Transcrição</resp>
                    <name>Pedro Sepúlveda</name>
                </respStmt>
                <respStmt>
                    <resp>Transcrição</resp>
                    <name>Pablo Javier Pérez López</name>
                </respStmt>
                <respStmt>
                    <resp>Modelagem de dados, Codificação</resp>
                    <name>Ulrike Henny</name>
                </respStmt>
                <respStmt>
                    <resp>Codificação</resp>
                    <name>Alena Geduldig</name>
                </respStmt>
                <respStmt>
                    <resp>Consultoria</resp>
                    <name>Institut für Dokumentologie und Editorik (IDE)</name>
                </respStmt>
            </titleStmt>
            <publicationStmt>
                <publisher>Universidade Nova de Lisboa, Instituto de Estudos de Literatura e Tradição (IELT)</publisher>
                <publisher>Cologne Center for eHumanities (CCeH)</publisher>
                <date>2016</date>
                <availability>
                    <licence target="http://creativecommons.org/licenses/by/3.0/"/>
                </availability>
                <idno type="filename">Caeiro_De_O_Guardador_de_Rebanhos.xml</idno>
            </publicationStmt>
            <sourceDesc>
                <list type="work-index">
                    <item><rs type="work" key="O2-1">I</rs></item>
                    <item><rs type="work" key="O2-5">V</rs></item>
                    <item><rs type="work" key="O2-9">IX</rs></item>
                    <item><rs type="work" key="O2-10">X</rs></item>
                    <item><rs type="work" key="O2-13">XIII</rs></item>
                    <item><rs type="work" key="O2-20">XX</rs></item>
                    <item><rs type="work" key="O2-24">XXIV</rs></item>
                    <item><rs type="work" key="O2-25">XXV</rs></item>
                    <item><rs type="work" key="O2-26">XXVI</rs></item>
                    <item><rs type="work" key="O2-28">XXVIII</rs></item>
                    <item><rs type="work" key="O2-30">XXX</rs></item>
                    <item><rs type="work" key="O2-32">XXXII</rs></item>
                    <item><rs type="work" key="O2-35">XXXV</rs></item>
                    <item><rs type="work" key="O2-37">XXXVII</rs></item>
                    <item><rs type="work" key="O2-39">XXXIX</rs></item>
                    <item><rs type="work" key="O2-40">XL</rs></item>
                    <item><rs type="work" key="O2-42">XLII</rs></item>
                    <item><rs type="work" key="O2-43">XLIII</rs></item>
                    <item><rs type="work" key="O2-45">XLV</rs></item>
                    <item><rs type="work" key="O2-46">XLVI</rs></item>
                    <item><rs type="work" key="O2-47">XLVII</rs></item>
                    <item><rs type="work" key="O2-48">XLVIII</rs></item>
                    <item><rs type="work" key="O2-49">XLIX</rs></item>
                </list>
                <biblStruct>
                    <analytic>
                        <title level="a">De «O Guardador de Rebanhos»</title>
                        <author>
                            <rs type="person" key="AC">Alberto Caeiro</rs>
                        </author>
                        <textLang mainLang="pt"/>
                    </analytic>
                    <monogr>
                        <title level="j"><rs type="journal" key="J2">Athena</rs></title>
                        <imprint>
                            <date when="1925-02">Fevereiro de 1925</date>
                        </imprint>
                        <biblScope unit="issue">5</biblScope>
                        <biblScope unit="page">145-156</biblScope>
                    </monogr>
                    <note type="genre">
                        <rs type="genre" key="poesia">Poesia</rs>
                    </note>
                </biblStruct>
            </sourceDesc>
        </fileDesc>
    </teiHeader>
    <facsimile>
        <graphic url="pub/res-3319-v-1925-01_0241_145_t0.jpg"/>
        <graphic url="pub/res-3319-v-1925-01_0242_146_t0.jpg"/>
        <graphic url="pub/res-3319-v-1925-01_0243_147_t0.jpg"/>
        <graphic url="pub/res-3319-v-1925-01_0243_147_t0.jpg"/>
        <graphic url="pub/res-3319-v-1925-01_0245_149_t0.jpg"/>
        <graphic url="pub/res-3319-v-1925-01_0246_150_t0.jpg"/>
        <graphic url="pub/res-3319-v-1925-01_0246_150_t0.jpg"/>
        <graphic url="pub/res-3319-v-1925-01_0247_151_t0.jpg"/>
        <graphic url="pub/res-3319-v-1925-01_0248_152_t0.jpg"/>
        <graphic url="pub/res-3319-v-1925-01_0249_153_t0.jpg"/>
        <graphic url="pub/res-3319-v-1925-01_0250_154_t0.jpg"/>
        <graphic url="pub/res-3319-v-1925-01_0251_155_t0.jpg"/>
        <graphic url="pub/res-3319-v-1925-01_0252_156_t0.jpg"/>
    </facsimile>
    <text>
        <body>
            <div>
                <head rend="center">DE «O GUARDADOR DE REBANHOS» (1911-1912)</head>
                <div type="poem" corresp="#O2-1">
                    <head rend="indent">I</head>
                    <lg>
                        <l>Eu nunca guardei rebanhos,</l>
                        <l>Mas é como se os guardasse.</l>
                        <l>Minha alma é como um pastor,</l>
                        <l>Conhece o vento e o sol</l>
                        <l>E anda pela mão das Estações</l>
                        <l>A seguir e a olhar.</l>
                        <l>Toda a paz da Natureza sem gente</l>
                        <l>Vem sentar-se a meu lado.</l>
                        <l>Mas eu fico triste como um pôr de sol</l>
                        <l>Para a nossa imaginação,</l>
                        <l>Quando esfria no fundo da planicie</l>
                        <l>E se sente a noite entrada</l>
                        <l>Como uma borboleta pela janella.</l>
                    </lg>
                    <lg>
                        <l>Mas a minha tristeza é socego</l>
                        <l>Porque é natural e justa</l>
                        <l>E é o que deve estar na alma</l>
                        <l>Quando já pensa que existe</l>
                        <l>E as mãos colhem flores sem ella dar por isso.</l>
                    </lg>
                    <lg>
                        <l>Como um ruido de chocalhos</l>
                        <l>Para além da curva da estrada,</l>
                        <l>Os meus pensamentos são contentes.</l>
                        <l>Só tenho pena de saber que elles são contentes,</l>
                        <l>Porque, se o não soubesse,</l>
                        <l>Em vez de serem contentes e tristes,</l>
                        <l>Seriam alegres e contentes.</l>
                    </lg>
                    <lg>
                        <l>Pensar incommóda como andar á chuva</l>
                        <l>Quando o vento cresce e parece que chove mais.</l>
                    </lg>
                    <lg>
                        <l>Não tenho ambições nem desejos.</l>
                        <l>Ser poeta não é uma ambição minha.</l>
                        <l>É a minha maneira de estar sòsinho.</l>
                    </lg>
                    <lg>
                        <l>E se desejo ás vezes,</l>
                        <l>Por imaginar, ser cordeirinho</l>
                        <l>(Ou ser o rebanho todo</l>
                        <l>Para andar espalhado por toda a encosta</l>
                        <l>A ser muita cousa feliz ao mesmo tempo),</l>
                        <l>É só porque sinto o que escrevo ao pôr do sol,</l>
                        <l>Ou quando uma nuvem passa a mão por cima da luz</l>
                        <l>E corre um silencio pela herva fóra.</l>
                    </lg>
                    <lg>
                        <l>Quando me sento a escrever versos</l>
                        <l>Ou, passeando pelos caminhos ou pelos atalhos,</l>
                        <l>Escrevo versos num papel que está no meu pensamento,</l>
                        <l>Sinto um cajado nas mãos</l>
                        <l>E vejo um recorte de mim</l>
                        <l>No cimo d’um outeiro,</l>
                        <l>Olhando para o meu rebanho e vendo as minhas idéas,</l>
                        <l>Ou olhando para as minhas idéas e vendo o meu rebanho,</l>
                        <l>E sorrindo vagamente como quem não comprehende o que se diz</l>
                        <l>E quer fingir que comprehende.</l>
                    </lg>
                    <lg>
                        <l>Saúdo todos os que me lerem,</l>
                        <l>Tirando-lhes o chapeu largo</l>
                        <l>Quando me vêem á minha porta</l>
                        <l>Mal a diligencia levanta no cimo do outeiro.</l>
                        <l>Saúdo-os e desejo-lhes sol,</l>
                        <l>E chuva, quando a chuva é precisa,</l>
                        <l>E que as suas casas tenham</l>
                        <l>Ao pé d’uma janella aberta</l>
                        <l>Uma cadeira predilecta</l>
                        <l>Onde se sentem, lendo os meus versos.</l>
                        <l>E ao lerem os meus versos pensem</l>
                        <l>Que sou qualquer cousa natural —</l>
                        <l>Por exemplo, a arvore antiga</l>
                        <l>Á sombra da qual quando creanças</l>
                        <l>Se sentavam com um baque, cansados de brincar,</l>
                        <l>E limpavam o suor da testa quente</l>
                        <l>Com a manga do bibe riscado.</l>
                    </lg>
                </div>
                <div type="poem" corresp="#O2-5">
                    <head rend="indent">V</head>
                    <lg>
                        <l>Ha metaphysica bastante em não pensar em nada.</l>
                        <l>O que penso eu do mundo?</l>
                        <l>Sei lá o que penso do mundo!</l>
                        <l>Se eu adoecesse pensaria nisso.</l>
                    </lg>
                    <lg>
                        <l>Que idéa tenho eu das cousas?</l>
                        <l>Que opinião tenho sobre as causas e os effeitos?</l>
                        <l>Que tenho eu meditado sobre Deus e a alma</l>
                        <l>E sobre a creação do mundo?</l>
                        <l>Não sei. Para mim pensar nisso é fechar os olhos</l>
                        <l>E não pensar. É correr as cortinas</l>
                        <l>Da minha janella (mas ella não tem cortinas).</l>
                    </lg>
                    <lg>
                        <l>O mysterio das cousas? Sei lá o que é mysterio!</l>
                        <l>O unico mysterio é haver quem pense no mysterio.</l>
                        <l>Quem está ao sol e fecha os olhos,</l>
                        <l>Começa a não saber o que é o sol</l>
                        <l>E a pensar muitas cousas cheias de calor.</l>
                        <l>Mas abre os olhos e vê o sol,</l>
                        <l>E já não pode pensar em nada,</l>
                        <l>Porque a luz do sol vale mais que os pensamentos</l>
                        <l>De todos os philosophos e de todos os poetas.</l>
                        <l>A luz do sol não sabe o que faz</l>
                        <l>E porisso não erra e é commum e boa.</l>
                    </lg>
                    <lg>
                        <l>Metaphysica? Que metaphysica teem aquellas arvores?</l>
                        <l>A de serem verdes e copadas e de terem ramos</l>
                        <l>E a de dar fructo na sua hora, o que não nos faz pensar,</l>
                        <l>A nós, que não sabemos dar por ellas.</l>
                        <l>Mas que melhor metaphysica que a d’ellas,</l>
                        <l>Que é a de não saber para que vivem</l>
                        <l>Nem saber que o não sabem?</l>
                    </lg>
                    <lg>
                        <l>«Constituição intima das cousas»…</l>
                        <l>«Sentido intimo do universo»…</l>
                        <l>Tudo isto é falso, tudo isto não quer dizer nada.</l>
                        <l>É incrivel que se possa pensar em cousas d’essas.</l>
                        <l>É como pensar em razões e fins</l>
                        <l>Quando o começo da manhã está raiando, e pelos lados das arvores</l>
                        <l>Um vago ouro lustroso vae perdendo a escuridão.</l>
                    </lg>
                    <lg>
                        <l>Pensar no sentido intimo das cousas</l>
                        <l>É accrescentado, como pensar na saúde</l>
                        <l>Ou levar um copo á agua das fontes.</l>
                    </lg>
                    <lg>
                        <l>O unico sentido intimo das cousas</l>
                        <l>É ellas não terem sentido intimo nenhum.</l>
                    </lg>
                    <lg>
                        <l>Não accredito em Deus porque nunca o vi.</l>
                        <l>Se elle quizesse que eu accreditasse nelle,</l>
                        <l>Sem duvida que viria fallar commigo</l>
                        <l>E entraria pela minha porta dentro</l>
                        <l>Dizendo-me, <hi rend="italic">Aqui estou!</hi></l>
                    </lg>
                    <lg>
                        <l>(Isto é talvez ridiculo aos ouvidos</l>
                        <l>De quem, por não saber o que é olhar para as cousas,</l>
                        <l>Não comprehende quem falla d’ellas</l>
                        <l>Com o modo de fallar que reparar para ellas ensina.)</l>
                    </lg>
                    <lg>
                        <l>Mas se Deus é as flores e as arvores</l>
                        <l>E os montes e sol e o luar,</l>
                        <l>Então accredito nelle,</l>
                        <l>Então accredito nelle a toda a hora.</l>
                        <l>E a minha vida é toda uma oração e uma missa,</l>
                        <l>E uma communhão com os olhos e pelos ouvidos.</l>
                    </lg>
                    <lg>
                        <l>Mas se Deus é as arvores e as flores</l>
                        <l>E os montes e o luar e o sol,</l>
                        <l>Para que lhe chamo eu Deus?</l>
                        <l>Chamo-lhe flores e arvores e montes e sol e luar;</l>
                        <l>Porque, se elle se fez, para eu o ver,</l>
                        <l>Sol e luar e flores e arvores e montes,</l>
                        <l>Se elle me apparece como sendo arvores e montes</l>
                        <l>E luar e sol e flores,</l>
                        <l>É que elle quer que eu o conheça</l>
                        <l>Como arvores e montes e flores e luar e sol.</l>
                        <l>E por isso eu obedeço-lhe,</l>
                        <l>(Que mais sei eu de Deus que Deus de si-proprio?),</l>
                        <l>Obedeço-lhe a viver, espontaneamente,</l>
                        <l>Como quem abre os olhos e vê,</l>
                        <l>E chamo-lhe luar e sol e flores e arvores e montes,</l>
                        <l>E amo-o sem pensar nelle,</l>
                        <l>E penso-o vendo e ouvindo,</l>
                        <l>E ando com elle a toda a hora.</l>
                    </lg>
                </div>
                <div type="poem" corresp="#O2-9">
                    <head rend="indent">IX</head>
                    <lg>
                        <l>Sou um guardador de rebanhos.</l>
                        <l>O rebanho é os meus pensamentos</l>
                        <l>E os meus pensamentos são todos sensações.</l>
                        <l>Penso com os olhos e com os ouvidos</l>
                        <l>E com as mãos e os pés</l>
                        <l>E com o nariz e a bocca.</l>
                    </lg>
                    <lg>
                        <l>Pensar uma flor é vel-a e cheiral-a</l>
                        <l>E comer um fructo é saber-lhe o sentido.</l>
                    </lg>
                    <lg>
                        <l>Por isso quando num dia de calor</l>
                        <l>Me sinto triste de gosal-o tanto,</l>
                        <l>E me deito ao comprido na herva,</l>
                        <l>E fecho os olhos quentes,</l>
                        <l>Sinto todo o meu corpo deitado na realidade.</l>
                        <l>Sei a verdade e sou feliz.</l>
                    </lg>
                </div>
                <div type="poem" corresp="#O2-10">
                    <head rend="indent">X</head>
                    <lg>
                        <l>«Olá, guardador de rebanhos,</l>
                        <l>Ahi á beira da estrada,</l>
                        <l>Que te diz o vento que passa?»</l>
                    </lg>
                    <lg>
                        <l>«Que é vento, e que passa,</l>
                        <l>E que já passou antes,</l>
                        <l>E que passará depois.</l>
                        <l>E a ti o que te diz?»</l>
                    </lg>
                    <lg>
                        <l>«Muita cousa mais do que isso.</l>
                        <l>Falla-me de muitas outras cousas.</l>
                        <l>De memorias e de saudades</l>
                        <l>E de cousas que nunca fôram.»</l>
                    </lg>
                    <lg>
                        <l>«Nunca ouviste passar o vento.</l>
                        <l>O vento só falla do vento.</l>
                        <l>O que lhe ouviste foi mentira,</l>
                        <l>E a mentira está em ti.»</l>
                    </lg>
                </div>
                <div type="poem" corresp="#O2-13">
                    <head rend="indent">XIII</head>
                    <lg>
                        <l>Leve, leve, muito leve,</l>
                        <l>Um vento muito leve passa,</l>
                        <l>E vae-se, sempre muito leve.</l>
                        <l>E eu não sei o que penso</l>
                        <l>Nem procuro sabel-o.</l>
                    </lg>
                </div>
                <div type="poem" corresp="#O2-20">
                    <head rend="indent">XX</head>
                    <lg>
                        <l>O Tejo é mais bello que o rio que corre pela minha aldeia,</l>
                        <l>Mas o Tejo não é mais bello que o rio que corre pela minha aldeia</l>
                        <l>Porque o Tejo não é o rio que corre pela minha aldeia.</l>
                    </lg>
                    <lg>
                        <l>O Tejo tem grandes navios</l>
                        <l>E navega nelle ainda,</l>
                        <l>Para aquelles que vêem em tudo o que lá não está,</l>
                        <l>A memoria das naus.</l>
                    </lg>
                    <lg>
                        <l>O Tejo desce de Hespanha</l>
                        <l>E o Tejo entra no mar em Portugal.</l>
                        <l>Toda a gente sabe isso.</l>
                        <l>Mas poucos sabem qual é o rio da minha aldeia</l>
                        <l>E para onde elle vae</l>
                        <l>E d’onde elle vem.</l>
                        <l>E por isso, porque pertence a menos gente,</l>
                        <l>É mais livre e maior o rio da minha aldeia.</l>
                    </lg>
                    <lg>
                        <l>Pelo Tejo vae-se para o mundo.</l>
                        <l>Para além do Tejo ha a America</l>
                        <l>E a fortuna d’aquelles que a encontram.</l>
                        <l>Ninguem nunca pensou no que ha para além</l>
                        <l>Do rio da minha aldeia.</l>
                    </lg>
                    <lg>
                        <l>O rio da minha aldeia não faz pensar em nada.</l>
                        <l>Quem está ao pé d’elle está só ao pé d’elle.</l>
                    </lg>
                </div>
                <div type="poem" corresp="#O2-24">
                    <head rend="indent">XXIV</head>
                    <lg>
                        <l>O que nós vemos das cousas são as cousas.</l>
                        <l>Porque veriamos nós uma cousa se houvesse outra?</l>
                        <l>Porque é que ver e ouvir seriam illudirmo-nos</l>
                        <l>Se ver e ouvir são ver e ouvir?</l>
                    </lg>
                    <lg>
                        <l>O essencial é saber ver,</l>
                        <l>Saber ver sem estar a pensar,</l>
                        <l>Saber ver quando se vê,</l>
                        <l>E nem pensar quando se vê</l>
                        <l>Nem ver quando se pensa.</l>
                    </lg>
                    <lg>
                        <l>Mas isso (tristes de nós que trazemos a alma vestida!),</l>
                        <l>Isso exige um estudo profundo,</l>
                        <l>Uma apprendizagem de desapprender</l>
                        <l>E uma sequestração na liberdade d’aquelle convento</l>
                        <l>De que os poetas dizem que as estrellas são as freiras eternas</l>
                        <l>E as flores as penitentes convictas de um só dia,</l>
                        <l>Mas onde afinal as estrellas não são senão estrellas</l>
                        <l>Nem as flores senão flores,</l>
                        <l>Sendo por isso que lhes chamamos estrellas e flores.</l>
                    </lg>
                </div>
                <div type="poem" corresp="#O2-25">
                    <head rend="indent">XXV</head>
                    <lg>
                        <l>As bolas de sabão que esta creança</l>
                        <l>Se entretem a largar de uma palhinha</l>
                        <l>São translucidamente uma philosophia toda.</l>
                        <l>Claras, inuteis e passageiras como a Natureza,</l>
                        <l>Amigas dos olhos como as cousas,</l>
                        <l>São aquillo que são</l>
                        <l>Com uma precisão redondinha e aerea,</l>
                        <l>E ninguém, nem mesmo a creança que as deixa,</l>
                        <l>Pretende que ellas são mais do que parecem ser.</l>
                    </lg>
                    <lg>
                        <l>Algumas mal se vêem no ar lucido.</l>
                        <l>São como a brisa que passa e mal toca nas flores</l>
                        <l>E que só sabemos que passa</l>
                        <l>Porque qualquer cousa se aligeira em nós</l>
                        <l>E acceita tudo mais nitidamente.</l>
                    </lg>
                </div>
                <div type="poem" corresp="#O2-26">
                    <head rend="indent">XXVI</head>
                    <lg>
                        <l>Ás vezes, em dias de luz perfeita e exacta,</l>
                        <l>Em que as cousas teem toda a realidade que podem ter,</l>
                        <l>Pergunto a mim-proprio devagar</l>
                        <l>Porque sequer attribúo eu</l>
                        <l>Belleza ás cousas.</l>
                    </lg>
                    <lg>
                        <l>Uma flor acaso tem belleza?</l>
                        <l>Tem belleza acaso um fructo?</l>
                        <l>Não: teem cor e fórma</l>
                        <l>E existencia apenas.</l>
                        <l>A belleza é o nome de qualquer cousa que não existe</l>
                        <l>Que eu dou ás cousas em troca do agrado que me dão.</l>
                        <l>Não significa nada.</l>
                        <l>Então porque digo eu das cousas: são bellas?</l>
                    </lg>
                    <lg>
                        <l>Sim, mesmo a mim, que vivo só de viver,</l>
                        <l>Invisiveis, veem ter commigo as mentiras dos homens</l>
                        <l>Perante as cousas,</l>
                        <l>Perante as cousas que simplesmente existem.</l>
                    </lg>
                    <lg>
                        <l>Que difficil ser proprio e não ver senão o visivel!</l>
                    </lg>
                </div>
                <div type="poem" corresp="#O2-28">
                    <head rend="indent">XXVIII</head>
                    <lg>
                        <l>Li hoje quasi duas paginas</l>
                        <l>Do livro d’um poeta mystico,</l>
                        <l>E ri como quem tem chorado muito.</l>
                    </lg>
                    <lg>
                        <l>Os poetas mysticos são philosophos doentes,</l>
                        <l>E os philosophos são homens doidos.</l>
                    </lg>
                    <lg>
                        <l>Porque os poetas mysticos dizem que as flores sentem</l>
                        <l>E dizem que as pedras teem alma</l>
                        <l>E que os rios teem extases ao luar.</l>
                    </lg>
                    <lg>
                        <l>Mas as flores, se sentissem, não eram flores,</l>
                        <l>Eram gente;</l>
                        <l>E se as pedras tivessem alma, eram cousas vivas, não eram pedras;</l>
                        <l>E se os rios tivessem extases ao luar,</l>
                        <l>Os rios seriam homens doentes.</l>
                    </lg>
                    <lg>
                        <l>É preciso não saber o que são flores e pedras e rios</l>
                        <l>Para fallar dos sentimentos d’elles.</l>
                        <l>Fallar da alma das pedras, das flores, dos rios,</l>
                        <l>É fallar de si-proprio e dos seus falsos pensamentos.</l>
                        <l>Graças a Deus que as pedras são só pedras,</l>
                        <l>E que os rios não são senão rios,</l>
                        <l>E que as flores são apenas flores.</l>
                    </lg>
                    <lg>
                        <l>Por mim, escrevo a prosa dos meus versos</l>
                        <l>E fico contente,</l>
                        <l>Porque sei que comprehendo a Natureza por fóra;</l>
                        <l>E não a comprehendo por dentro</l>
                        <l>Porque a Natureza não tem dentro;</l>
                        <l>Senão não era a Natureza.</l>
                    </lg>
                </div>
                <div type="poem" corresp="#O2-30">
                    <head rend="indent">XXX</head>
                    <lg>
                        <l>Se quizerem que eu tenha um mysticismo, está bem, tenho-o.</l>
                        <l>Sou mystico, mas só com o corpo.</l>
                        <l>A minha alma é simples e não pensa.</l>
                    </lg>
                    <lg>
                        <l>O meu mysticismo é não querer saber.</l>
                        <l>É viver e não pensar nisso.</l>
                    </lg>
                    <lg>
                        <l>Não sei o que é a Natureza: canto-a.</l>
                        <l>Vivo no cimo d’um outeiro</l>
                        <l>Numa casa caiada e sòsinha,</l>
                        <l>E essa é a minha definição.</l>
                    </lg>
                </div>
                <div type="poem" corresp="#O2-31">
                    <head rend="indent">XXXII</head>
                    <lg>
                        <l>Hontem á tarde um homem das cidades</l>
                        <l>Fallava á porta da estalagem.</l>
                        <l>Fallava commigo também.</l>
                        <l>Fallava da justiça e da lucta para haver justiça</l>
                        <l>E dos operarios que soffrem,</l>
                        <l>E do trabalho constante, e dos que teem fome,</l>
                        <l>E dos ricos, que só teem costas para isso.</l>
                    </lg>
                    <lg>
                        <l>E, olhando para mim, viu-me lagrimas nos olhos</l>
                        <l>E sorriu com agrado, julgando que eu sentia</l>
                        <l>O odio que elle sentia, e a compaixão</l>
                        <l>Que elle dizia que sentia.</l>
                    </lg>
                    <lg>
                        <l>(Mas eu mal o estava ouvindo.</l>
                        <l>Que me importam a mim os homens</l>
                        <l>E o que soffrem ou suppõem que soffrem?</l>
                        <l>Sejam como eu – não soffrerão.</l>
                        <l>Todo o mal do mundo vem de nos importarmos uns com os outros,</l>
                        <l>Quer para fazer bem, quer para fazer mal.</l>
                        <l>A nossa alma e o ceu e a terra bastam-nos.</l>
                        <l>Querer mais é perder isto, e ser infeliz.)</l>
                    </lg>
                    <lg>
                        <l>Eu no que estava pensado</l>
                        <l>Quando o amigo de gente fallava</l>
                        <l>(E isso me commoveu até ás lagrimas),</l>
                        <l>Era em como o murmurio longinquo dos chocalhos</l>
                        <l>A esse entardecer</l>
                        <l><hi rend="italic">Não parecia</hi> os sinos d’uma capella pequenina</l>
                        <l>A que fossem á missa as flores e os regatos</l>
                        <l>E as almas simples como a minha.</l>
                    </lg>
                    <lg>
                        <l>(Louvado seja Deus que não sou bom,</l>
                        <l>E tenho o egoismo natural das flores</l>
                        <l>E dos rios que seguem o seu caminho</l>
                        <l>Preoccupados sem o saber</l>
                        <l>Só com florir e ir correndo.</l>
                        <l>É essa a unica missão no mundo,</l>
                        <l>Essa — existir claramente,</l>
                        <l>E saber fazel-o sem pensar nisso.)</l>
                    </lg>
                    <lg>
                        <l>E o homem calara-se, olhando o poente.</l>
                        <l>Mas que tem com o poente quem odeia e ama?</l>
                    </lg>
                </div>
                <div type="poem" corresp="#O2-35">
                    <head rend="indent">XXXV</head>
                    <lg>
                        <l>O luar atravez dos altos ramos,</l>
                        <l>Dizem os poetas todos que elle é mais</l>
                        <l>Que o luar atravez dos altos ramos.</l>
                    </lg>
                    <lg>
                        <l>Mas para mim, que não sei o que penso,</l>
                        <l>O que o luar atravez dos altos ramos</l>
                        <l>É, além de ser</l>
                        <l>O luar atravez dos altos ramos,</l>
                        <l>É não ser mais</l>
                        <l>Que o luar atravez dos altos ramos.</l>
                    </lg>
                </div>
                <div type="poem" corresp="#O2-37">
                    <head rend="indent">XXXVII</head>
                    <lg>
                        <l>Como um grande borrão de fogo sujo</l>
                        <l>O sol-posto demora-se nas nuvens que ficam.</l>
                        <l>Vem um silvo vago de longe na tarde muito calma.</l>
                        <l>Deve ser d’um comboio longinquo.</l>
                    </lg>
                    <lg>
                        <l>Neste momento vem-me uma vaga saudade</l>
                        <l>E um vago desejo placido</l>
                        <l>Que apparece e desapparece.</l>
                    </lg>
                    <lg>
                        <l>Tambem ás vezes, á flor dos ribeiros,</l>
                        <l>Formam-se bolhas na agua</l>
                        <l>Que nascem e se desmancham</l>
                        <l>E não teem sentido nenhum</l>
                        <l>Salvo serem bolhas de agua</l>
                        <l>Que nascem e se desmancham.</l>
                    </lg>
                </div>
                <div type="poem" corresp="#O2-39">
                    <head rend="indent">XXXIX</head>
                    <lg>
                        <l>O mysterio das cousas, onde está elle?</l>
                        <l>Onde está elle que não apparece</l>
                        <l>Pelo menos a mostrar-nos que é mysterio?</l>
                        <l>Que sabe o rio d’isso e que sabe a arvore?</l>
                        <l>E eu, que não sou mais do que elles, que sei d’isso?</l>
                        <l>Sempre que ólho para as cousas e penso no que os homens pensam
                            d’ellas,</l>
                        <l>Rio como um regato que soa fresco numa pedra.</l>
                    </lg>
                    <lg>
                        <l>Porque o unico sentido occulto das cousas</l>
                        <l>É ellas não terem sentido occulto nenhum.</l>
                        <l>É mais extranho do que todas as extranhezas</l>
                        <l>E do que os sonhos de todos os poetas</l>
                        <l>E os pensamentos de todos os philosophos,</l>
                        <l>Que as cousas sejam realmente o que parecem ser</l>
                        <l>E não haja nada que comprehender.</l>
                    </lg>
                    <lg>
                        <l>Sim, eis o que os meus sentidos apprenderam sòsinhos: —</l>
                        <l>As cousas não teem significação: teem existencia.</l>
                        <l>As cousas são o unico sentido occulto das cousas.</l>
                    </lg>
                </div>
                <div type="poem" corresp="#O2-40">
                    <head rend="indent">XL</head>
                    <lg>
                        <l>Passa uma borboleta por deante de mim</l>
                        <l>E pela primeira vez no universo eu reparo</l>
                        <l>Que as borboletas não teem cor nem movimento,</l>
                        <l>Assim como as flores não teem perfume nem cor.</l>
                        <l>A cor é que tem cor nas azas da borboleta,</l>
                        <l>No movimento da borboleta o movimento é que se move,</l>
                        <l>O perfume é que tem perfume no perfume da flor.</l>
                        <l>A borboleta é apenas borboleta</l>
                        <l>E a flor é apenas flor.</l>
                    </lg>
                </div>
                <div type="poem" corresp="#O2-42">
                    <head rend="indent">XLII</head>
                    <lg>
                        <l>Passou a diligencia pela estrada, e foi-se;</l>
                        <l>E a estrada não ficou mais bella, nem sequer mais feia.</l>
                        <l>Assim é a acção humana pelo mundo fóra.</l>
                        <l>Nada tiramos e nada pomos; passamos e esquecemos;</l>
                        <l>E o sol é sempre pontual todos os dias.</l>
                    </lg>
                </div>
                <div type="poem" corresp="#O2-43">
                    <head rend="indent">XLIII</head>
                    <lg>
                        <l>Antes o vôo da ave, que passa e não deixa rasto,</l>
                        <l>Que a passagem do animal, que fica lembrada no chão.</l>
                        <l>A ave passa e esquece, e assim deve ser.</l>
                        <l>O animal, onde já não está e por isso de nada serve,</l>
                        <l>Mostra que já esteve, o que não serve para nada.</l>
                    </lg>
                    <lg>
                        <l>A recordação é uma traição á Natureza,</l>
                        <l>Porque a Natureza de hontem não é Natureza.</l>
                        <l>O que foi não é nada, e lembrar é não ver.</l>
                    </lg>
                    <lg>
                        <l>Passa, ave, passa, e ensina-me a passar!</l>
                    </lg>
                </div>
                <div type="poem" corresp="#O2-45">
                    <head rend="indent">XLV</head>
                    <lg>
                        <l>Um renque de arvores lá longe, lá para a encosta.</l>
                        <l>Mas o que é um renque de arvores? Ha arvores apenas.</l>
                        <l>Renque e o plural arvores não são cousas, são nomes.</l>
                    </lg>
                    <lg>
                        <l>Tristes das almas humanas, que põem tudo em ordem,</l>
                        <l>Que traçam linhas de cousa a cousa,</l>
                        <l>Que põem lettreiros com nomes nas arvores absolutamente reaes,</l>
                        <l>E desenham parallelos de latitude e longitude</l>
                        <l>Sobre a propria terra innocente e mais verde e florida do que isso!</l>
                    </lg>
                </div>
                <div type="poem" corresp="#O2-46">
                    <head rend="indent">XLVI</head>
                    <lg>
                        <l>D’este modo ou d’aquelle modo,</l>
                        <l>Conforme calha ou não calha,</l>
                        <l>Podendo ás vezes dizer o que penso,</l>
                        <l>E outras vezes dizendo-o mal e com mixturas,</l>
                        <l>Vou escrevendo os meus versos sem querer,</l>
                        <l>Como se escrever não fôsse uma cousa feita de gestos,</l>
                        <l>Como se escrever fôsse uma cousa que me acontecesse</l>
                        <l>Como dar-me o sol de fóra.</l>
                    </lg>
                    <lg>
                        <l>Procuro dizer o que sinto</l>
                        <l>Sem pensar em que o sinto.</l>
                        <l>Procuro encostar as palavras á idéa</l>
                        <l>E não precisar d’um corredor</l>
                        <l>Do pensamento para as palavras.</l>
                    </lg>
                    <lg>
                        <l>Nem sempre consigo sentir o que sei que devo sentir.</l>
                        <l>O meu pensamento só muito devagar atravessa o rio a nado</l>
                        <l>Porque lhe pesa o fato que os homens o fizeram usar.</l>
                    </lg>
                    <lg>
                        <l>Procuro despir-me do que apprendi,</l>
                        <l>Procuro esquecer-me do modo de lembrar que me ensinaram,</l>
                        <l>E raspar a tinta com que me pintaram os sentidos,</l>
                        <l>Desencaixotar as minhas emoções verdadeiras,</l>
                        <l>Desembrulhar-me e ser eu, não Alberto Caeiro,</l>
                        <l>Mas um animal humano que a Natureza produziu.</l>
                    </lg>
                    <lg>
                        <l>E assim escrevo, querendo sentir a Natureza, nem sequer como um
                            homem,</l>
                        <l>Mas como quem sente a Natureza, e mais nada.</l>
                        <l>E assim escrevo, ora bem, ora mal,</l>
                        <l>Ora acertando com o que quero dizer, ora errando,</l>
                        <l>Cahindo aqui, levantando-me acolá,</l>
                        <l>Mas indo sempre no meu caminho como um cego teimoso.</l>
                    </lg>
                    <lg>
                        <l>Ainda assim, sou alguem.</l>
                        <l>Sou o Descobridor da Natureza.</l>
                        <l>Sou o Argonauta das sensações verdadeiras.</l>
                        <l>Trago ao Universo um novo Universo</l>
                        <l>Porque trago ao Universo elle-proprio.</l>
                        <l>Isto sinto e isto escrevo</l>
                        <l>Perfeitamente sabedor e sem que não veja</l>
                        <l>Que são cinco horas do amanhecer</l>
                        <l>E que o sol, que ainda não mostrou a cabeça</l>
                        <l>Por cima do muro do horizonte,</l>
                        <l>Ainda assim já se lhe vêem as pontas dos dedos</l>
                        <l>Agarrando o cimo do muro</l>
                        <l>Do horizonte cheio de montes baixos.</l>
                    </lg>
                </div>
                <div type="poem" corresp="#O2-47">
                    <head rend="indent">XLVII</head>
                    <lg>
                        <l>Num dia excessivamente nitido,</l>
                        <l>Dia em que dava a vontade de ter trabalhado muito</l>
                        <l>Para nelle não trabalhar nada,</l>
                        <l>Entrevi, como uma estrada por entre as arvores,</l>
                        <l>O que talvez seja o Grande Segredo,</l>
                        <l>Aquelle Grande Mysterio de que os poetas falsos fallam.</l>
                    </lg>
                    <lg>
                        <l>Vi que não ha Natureza,</l>
                        <l>Que Natureza não existe,</l>
                        <l>Que ha montes, valles, planicies,</l>
                        <l>Que ha arvores, flores, hervas,</l>
                        <l>Que ha rios e pedras,</l>
                        <l>Mas que não ha um todo a que isso pertença,</l>
                        <l>Que um conjuncto real e verdadeiro</l>
                        <l>É uma doença das nossas idéas.</l>
                    </lg>
                    <lg>
                        <l>A Natureza é partes sem um todo.</l>
                        <l>Isto é talvez o tal mysterio de que fallam.</l>
                    </lg>
                    <lg>
                        <l>Foi isto o que sem pensar nem parar,</l>
                        <l>Acertei que devia ser a verdade</l>
                        <l>Que todos andam a achar e que não acham,</l>
                        <l>E que só eu, porque a não fui achar, achei.</l>
                    </lg>
                </div>
                <div type="poem" corresp="#O2-48">
                    <head rend="indent">XLVIII</head>
                    <lg>
                        <l>Da mais alta janella da minha casa</l>
                        <l>Com um lenço branco digo adeus </l>
                        <l>Aos meus versos que partem para a humanidade.</l>
                    </lg>
                    <lg>
                        <l>E não estou alegre nem triste.</l>
                        <l>Esse é o destino dos versos.</l>
                        <l>Escrevi-os e devo mostral-os a todos</l>
                        <l>Porque não posso fazer o contrario</l>
                        <l>Como a flor não pode esconder a côr,</l>
                        <l>Nem o rio esconder que corre,</l>
                        <l>Nem a arvore esconder que dá fructo.</l>
                    </lg>
                    <lg>
                        <l>Eil-os que vão já longe como que na diligencia</l>
                        <l>E eu sem querer sinto pena</l>
                        <l>Como uma dôr no corpo.</l>
                    </lg>
                    <lg>
                        <l>Quem sabe quem os lerá?</l>
                        <l>Quem sabe a que mãos irão?</l>
                        <l>Flor, colheu-me o meu destino para os olhos.</l>
                        <l>Arvore, arrancaram-me os fructos para as boccas.</l>
                        <l>Rio, o destino da minha agua era não ficar em mim.</l>
                        <l>Submetto-me e sinto me quasi alegre,</l>
                        <l>Quasi alegre como quem se cansa de estar triste.</l>
                    </lg>
                    <lg>
                        <l>Ide, ide de mim!</l>
                        <l>Passa a arvore e fica dispersa pela Natureza.</l>
                        <l>Murcha a flor e o seu pó dura sempre.</l>
                        <l>Corre o rio e entra no mar e a sua agua é sempre a que foi sua.</l>
                    </lg>
                    <lg>
                        <l>Passo e fico, como o Universo.</l>
                    </lg>
                </div>
                <div type="poem" corresp="#O2-49">
                    <head rend="indent">XLIX</head>
                    <lg>
                        <l>Metto-me para dentro, e fecho a janella.</l>
                        <l>Trazem o candieiro e dão as boas-noites,</l>
                        <l>E a minha voz contente dá as boas-noites.</l>
                        <l>Oxalá a minha vida seja sempre isto:</l>
                        <l>O dia cheio de sol, ou suave de chuva,</l>
                        <l>Ou tempestuoso como se acabasse o mundo,</l>
                        <l>A tarde suave e os ranchos que passam</l>
                        <l>Fitados com interesse da janella,</l>
                        <l>O ultimo olhar amigo dado ao socego das arvores,</l>
                        <l>E depois, fechada a janella, o candieiro acceso,</l>
                        <l>Sem ler nada, nem pensar em nada, nem dormir,</l>
                        <l>Sentir a vida correr por mim como um rio por seu leito,</l>
                        <l>E lá fóra um grande silencio como um deus que dorme.</l>
                    </lg>
                </div>
            </div>
        </body>
    </text>
</TEI>