<?xml version="1.0" encoding="UTF-8"?>
<?xml-model href="../schema/pessoaTEI.rng" type="application/xml" schematypens="http://relaxng.org/ns/structure/1.0"?>
<TEI xmlns="http://www.tei-c.org/ns/1.0">
    <teiHeader>
        <fileDesc>
            <titleStmt>
                <title>Ah, um Soneto...</title>
                <author>
                    <rs type="name" key="AdC">Álvaro de Campos</rs>
                </author>
                <respStmt>
                    <resp>Edição, Transcrição</resp>
                    <name>Pedro Sepúlveda</name>
                </respStmt>
                <respStmt>
                    <resp>Transcrição</resp>
                    <name>Pablo Javier Pérez López</name>
                </respStmt>
                <respStmt>
                    <resp>Modelagem de dados, Codificação</resp>
                    <name>Ulrike Henny-Krahmer</name>
                </respStmt>
                <respStmt>
                    <resp>Codificação</resp>
                    <name>Alena Geduldig</name>
                </respStmt>
                <respStmt>
                    <resp>Codificação, Modernização ortográfica</resp>
                    <name>Inês Filipa Rebelo do Carmo</name>
                </respStmt>
                <respStmt>
                    <resp>Consultoria</resp>
                    <name>Institut für Dokumentologie und Editorik (IDE)</name>
                </respStmt>
            </titleStmt>
            <publicationStmt>
                <publisher>Universidade Nova de Lisboa, Instituto de Estudos de Literatura e
                    Tradição (IELT)</publisher>
                <publisher>Cologne Center for eHumanities (CCeH)</publisher>
                <date>2017</date>
                <availability status="free">
                    <licence target="http://creativecommons.org/licenses/by/3.0/"/>
                </availability>
                <idno type="filename">Campos_Ah_um_soneto.xml</idno>
            </publicationStmt>
            <notesStmt>
                <note type="genre">
                    <rs type="genre" key="poesia">Poesia</rs>
                </note>
            </notesStmt>
            <sourceDesc>
                <list type="work-index">
                    <item><rs type="work" key="O4-2">Ah, um Soneto...</rs></item>
                </list>
                <biblStruct>
                    <analytic>
                        <title level="a">Ah, um Soneto...</title>
                        <author>
                            <rs type="name" key="AdC">Álvaro de Campos</rs>
                        </author>
                        <textLang mainLang="pt"/>
                    </analytic>
                    <monogr>
                        <title level="j"><rs type="periodical" key="J1">Presença</rs></title>
                        <imprint>
                            <date from="1931-11" to="1932-02">novembro — fevereiro de 1932</date>
                        </imprint>
                        <biblScope unit="issue">34</biblScope>
                        <biblScope unit="page">7</biblScope>
                    </monogr>
                </biblStruct>
            </sourceDesc>
        </fileDesc>
        <encodingDesc>
            <variantEncoding method="parallel-segmentation" location="internal"/>
        </encodingDesc>
    </teiHeader>
    <facsimile xml:base="http://images.cceh.uni-koeln.de/pessoa/">
        <graphic url="pub/res-1900-a_1931-1934_1931_n34_0001.jpg"/>
    </facsimile>
    <text corresp="#O4-2" type="orig">
        <body>
            <div>
                <head><hi rend="bold">AH,</hi> um soneto…</head>
                <lg>
                    <l>Meu coração é um almirante louco</l>
                    <l>Que abandonou a profissão do mar</l>
                    <l>E que a vai relembrando pouco a pouco</l>
                    <l>Em casa a passear, a passear…</l>
                </lg>
                <lg>
                    <l>No movimento (eu mesmo me desloco</l>
                    <l>Nesta cadeira, só de o imaginar)</l>
                    <l>O mar abandonado fica em foco</l>
                    <l>Nos músculos cansados de parar.</l>
                </lg>
                <lg>
                    <l>Há saudades nas pernas e nos braços.</l>
                    <l>Há saudades no cérebro por fora.</l>
                    <l>Há grandes raivas feitas de cansaços.</l>
                </lg>
                <lg>
                    <l>Mas — esta é boa! ― era do coração</l>
                    <l>Que eu falava… e onde diabo estou eu agora</l>
                    <l>Com almirante em vez de sensação?…</l>
                </lg>
                <signed rend="center"><rs type="name" key="AdC" role="author" style="a">ALVARO DE
                        CAMPOS</rs></signed>
            </div>
        </body>
    </text>
    <text type="reg">
        <body>
            <div>
                <head><hi rend="bold">AH,</hi> um soneto…</head>
                <lg>
                    <l>Meu coração é um almirante louco</l>
                    <l>Que abandonou a profissão do mar</l>
                    <l>E que a vai relembrando pouco a pouco</l>
                    <l>Em casa a passear, a passear…</l>
                </lg>
                <lg>
                    <l>No movimento (eu mesmo me desloco</l>
                    <l>Nesta cadeira, só de o imaginar)</l>
                    <l>O mar abandonado fica em foco</l>
                    <l>Nos músculos cansados de parar.</l>
                </lg>
                <lg>
                    <l>Há saudades nas pernas e nos braços.</l>
                    <l>Há saudades no cérebro por fora.</l>
                    <l>Há grandes raivas feitas de cansaços.</l>
                </lg>
                <lg>
                    <l>Mas — esta é boa! — era do coração</l>
                    <l>Que eu falava… e onde diabo estou eu agora</l>
                    <l>Com almirante em vez de sensação?…</l>
                </lg>
                <signed rend="center">ÁLVARO DE CAMPOS</signed>
            </div>
        </body>
    </text>
</TEI>
