<?xml version="1.0" encoding="UTF-8"?>
<?xml-model href="../schema/pessoaTEI.rng" type="application/xml" schematypens="http://relaxng.org/ns/structure/1.0"?>
<TEI xmlns="http://www.tei-c.org/ns/1.0">
    <teiHeader>
        <fileDesc>
            <titleStmt>
                <title>Quero acabar entre rosas, porque as amei na infância.</title>
                <author>
                    <rs type="name" key="AdC">Álvaro de Campos</rs>
                </author>
                <respStmt>
                    <resp>Edição, Transcrição</resp>
                    <name>Pedro Sepúlveda</name>
                </respStmt>
                <respStmt>
                    <resp>Transcrição</resp>
                    <name>Pablo Javier Pérez López</name>
                </respStmt>
                <respStmt>
                    <resp>Modelagem de dados, Codificação</resp>
                    <name>Ulrike Henny-Krahmer</name>
                </respStmt>
                <respStmt>
                    <resp>Codificação</resp>
                    <name>Alena Geduldig</name>
                </respStmt>
                <respStmt>
                    <resp>Consultoria</resp>
                    <name>Institut für Dokumentologie und Editorik (IDE)</name>
                </respStmt>
            </titleStmt>
            <publicationStmt>
                <publisher>Universidade Nova de Lisboa, Instituto de Estudos de Literatura e
                    Tradição (IELT)</publisher>
                <publisher>Cologne Center for eHumanities (CCeH)</publisher>
                <date>2017</date>
                <availability status="free">
                    <licence target="http://creativecommons.org/licenses/by/3.0/"/>
                </availability>
                <idno type="filename"
                    >Caeiro_Quero_acabar_entre_rosas_porque_as_amei_na_infancia.xml</idno>
            </publicationStmt>
            <sourceDesc>
                <list type="work-index">
                    <item><rs type="work" key="O4-14">Quero acabar entre rosas, porque as amei na
                            infância.</rs></item>
                </list>
                <biblStruct>
                    <analytic>
                        <title level="a">Quero acabar entre rosas, porque as amei na
                            infância.</title>
                        <author>
                            <rs type="name" key="AdC">Álvaro de Campos</rs>
                        </author>
                        <textLang mainLang="pt"/>
                    </analytic>
                    <monogr>
                        <title level="j"><rs type="periodical" key="J13">Descobrimento</rs></title>
                        <imprint>
                            <date when="1932">1932</date>
                        </imprint>
                        <biblScope unit="issue">do Inverno</biblScope>
                        <biblScope unit="page">516</biblScope>
                    </monogr>
                    <note type="genre">
                        <rs type="genre" key="poesia">Poesia</rs>
                    </note>
                </biblStruct>
            </sourceDesc>
        </fileDesc>
    </teiHeader>
    <facsimile>
        <graphic url="pub/j-2334-b_0530_t0.jpg"/>
    </facsimile>
    <text corresp="#O4-14">
        <body>
            <div>
                <head>Quero acabar entre rosas, porque as amei na infância.</head>
                <lg>
                    <l>Quero acabar entre rosas, porque as amei na infância.</l>
                    <l>Os crisantemos de depois, desfolhei-os a frio.</l>
                    <l>Falem pouco, devagar.</l>
                    <l>Que eu não oiça, sobretudo com o pensamento.</l>
                    <l>O que quis? Tenho as mãos vazias,</l>
                    <l>Crispadas flèbilmente sôbre a colcha longínqua.</l>
                    <l>O que pensei? Tenho a bôca sêca, abstracta.</l>
                    <l>O que vivi? Era tão bom dormir!</l>
                </lg>
                <signed rend="center">ÁLVARO DE CAMPOS</signed>
            </div>
        </body>
    </text>
</TEI>
