<?xml version="1.0" encoding="UTF-8"?>
<?xml-model href="../schema/pessoaTEI.rng" type="application/xml" schematypens="http://relaxng.org/ns/structure/1.0"?>
<TEI xmlns="http://www.tei-c.org/ns/1.0">
   <teiHeader>
      <fileDesc>
         <titleStmt>
            <title>ʺToda a arte é uma forma de literaturaʺ</title>
            <author>
               <rs type="name" key="AdC">Álvaro de Campos</rs>
            </author>
            <respStmt>
               <resp>Edição, Transcrição, Codificação</resp>
               <name>Jorge Uribe</name>
            </respStmt>
            <respStmt>
               <resp>Modelagem de dados, Codificação</resp>
               <name>Ulrike Henny-Krahmer</name>
            </respStmt>
            <respStmt>
               <resp>Codificação, Atualização ortográfica</resp>
               <name>Inês Filipa Rebelo do Carmo</name>
            </respStmt>
            <respStmt>
               <resp>Consultoria</resp>
               <name>Institut für Dokumentologie und Editorik (IDE)</name>
            </respStmt>
         </titleStmt><editionStmt><p>Corpus version C2.1.0</p></editionStmt>
         <publicationStmt>
            <publisher>Universidade Nova de Lisboa, Instituto de Estudos de Literatura e
                    Tradição (IELT)</publisher>
            <publisher>Cologne Center for eHumanities (CCeH)</publisher>
            <date>2017</date>
            <availability status="free">
               <licence target="http://creativecommons.org/licenses/by/4.0/"/>
            </availability>
            <idno type="filename">Campos_Toda_a_arte.xml</idno>
         </publicationStmt>
         <notesStmt>
            <note type="genre">
               <rs type="genre" key="prosa">Prosa</rs>
            </note>
         </notesStmt>
         <sourceDesc>
            <list type="work-index">
               <item>
                  <rs type="work" key="W291">ʺToda a arte é uma forma de
                        literaturaʺ</rs>
               </item>
            </list>
            <biblStruct>
               <analytic>
                  <title level="a">ʺToda a arte é uma forma de literaturaʺ</title>
                  <author>
                     <rs type="name" key="AdC">Álvaro de Campos</rs>
                  </author>
                  <textLang mainLang="pt" otherLangs="en"/>
               </analytic>
               <monogr>
                  <title level="j"><!-- JU: This text was not published on a Journal -->
                     <rs type="periodical" key="J96">Catálogo do I Salão dos
                                Independentes</rs>
                  </title>
                  <imprint>
                     <date when="1930-05">maio de 1930</date>
                  </imprint>
                  <biblScope unit="page">22</biblScope>
               </monogr>
            </biblStruct>
         </sourceDesc>
      </fileDesc>
      <encodingDesc>
         <variantEncoding method="parallel-segmentation" location="internal"/>
      </encodingDesc>
      <revisionDesc>
         <change when="2023-11-15" who="#FAF">
                    Added edition statement to the teiHeader
                </change>
      </revisionDesc>
   </teiHeader>
   <facsimile xml:base="http://images.cceh.uni-koeln.de/pessoa/">
      <graphic url="prosa/Toda_arte.jpg"/>
   </facsimile>
   <text type="orig" corresp="#W291">
      <body>
         <div>
            <p rend="indent-first">
               <hi rend="bold">T</hi>ODA a arte é uma forma de literatura, porque tôda a arte é
                    dizer qualquer cousa. Ha duas fórmas de dizer ― fallar e estar calado. As artes
                    que não são a literatura são as projecções de um silêncio expressivo. Há que
                    procurar em tôda a arte que não é a literatura a phrase silenciosa que ella
                    contém, ou o poema, ou o romance, ou o drama. Quando se diz «poema sinphónico»,
                    falla-se exactamente, e não de um modo translato e fácil.</p>
            <p rend="indent-first">O caso parece menos simples para as artes visuais, mas, se
                    nos prepararmos com a consideração de que linhas, planos, volumes, côres,
                    juxtaposições e contraposições, são phenómenos verbais dados sem palavras, ou
                    antes por hieroglyphos espirituais, comprehenderemos como comprehender as artes
                    visuais, e, ainda que as não cheguemos a comprehender ainda, teremos, ao menos,
                    já em nosso poder o livro que contém a cifra e a alma que póde conter a
                    decifração.</p>
            <p rend="indent-first">Tanto basta até chegar o resto.</p>
            <signed>
               <rs type="name" key="AdC" role="author" style="a">ALVARO DE CAMPOS</rs>
            </signed>
         </div>
      </body>
   </text>
   <text type="reg" corresp="#W291">
      <body>
         <div>
            <p rend="indent-first">
               <hi rend="bold">T</hi>ODA a arte é uma forma de literatura, porque toda a arte é
                    dizer qualquer coisa. Há duas formas de dizer ― falar e estar calado. As artes
                    que não são a literatura são as projeções de um silêncio expressivo. Há que
                    procurar em toda a arte que não é a literatura a frase silenciosa que ela
                    contém, ou o poema, ou o romance, ou o drama. Quando se diz «poema sinfónico»,
                    fala-se exatamente, e não de um modo translato e fácil.</p>
            <p rend="indent-first">O caso parece menos simples para as artes visuais, mas, se
                    nos prepararmos com a consideração de que linhas, planos, volumes, cores,
                    justaposições e contraposições, são fenómenos verbais dados sem palavras, ou
                    antes por hieróglifos espirituais, compreenderemos como compreender as artes
                    visuais, e, ainda que as não cheguemos a compreender ainda, teremos, ao menos,
                    já em nosso poder o livro que contém a cifra e a alma que pode conter a
                    decifração.</p>
            <p rend="indent-first">Tanto basta até chegar o resto.</p>
            <signed>ÁLVARO DE CAMPOS</signed>
         </div>
      </body>
   </text>
</TEI>
