<?xml version="1.0" encoding="UTF-8"?> 
<?xml-model href="../schema/pessoaTEI.rng" type="application/xml" schematypens="http://relaxng.org/ns/structure/1.0"?>
<TEI xmlns="http://www.tei-c.org/ns/1.0">
    <teiHeader>
        <fileDesc>
            <titleStmt>
                <title>Apontamento</title>
                <author>
                    <rs type="name" key="AdC">Álvaro de Campos</rs>
                </author>
                <respStmt>
                    <resp>Edição, Transcrição</resp>
                    <name>Pedro Sepúlveda</name>
                </respStmt>
                <respStmt>
                    <resp>Transcrição</resp>
                    <name>Pablo Javier Pérez López</name>
                </respStmt>
                <respStmt>
                    <resp>Modelagem de dados, Codificação</resp>
                    <name>Ulrike Henny-Krahmer</name>
                </respStmt>
                <respStmt>
                    <resp>Codificação</resp>
                    <name>Alena Geduldig</name>
                </respStmt>
                <respStmt>
                    <resp>Consultoria</resp>
                    <name>Institut für Dokumentologie und Editorik (IDE)</name>
                </respStmt>
            </titleStmt>
            <publicationStmt>
                <publisher>Universidade Nova de Lisboa, Instituto de Estudos de Literatura e
                    Tradição (IELT)</publisher>
                <publisher>Cologne Center for eHumanities (CCeH)</publisher>
                <date>2017</date>
                <availability status="free">
                    <licence target="http://creativecommons.org/licenses/by/3.0/"/>
                </availability>
                <idno type="filename">Campos_Apontamento.xml</idno>
            </publicationStmt>
            <sourceDesc>
                <list type="work-index">
                    <item><rs type="work" key="O4-4">Apontamento</rs></item>
                </list>
                <biblStruct>
                    <analytic>
                        <title level="a">Apontamento</title>
                        <author>
                            <rs type="name" key="AdC">Álvaro de Campos</rs>
                        </author>
                        <textLang mainLang="pt"/>
                    </analytic>
                    <monogr>
                        <title level="j"><rs type="periodical" key="J1">Presença</rs></title>
                        <imprint>
                            <date from="1929-04" to="1929-05">Abril - Maio de 1929</date>
                        </imprint>
                        <biblScope unit="issue">20</biblScope>
                        <biblScope unit="page">3</biblScope>
                    </monogr>
                    <note type="genre">
                        <rs type="genre" key="poesia">Poesia</rs>
                    </note>
                </biblStruct>
            </sourceDesc>
        </fileDesc>
    </teiHeader>
    <facsimile>
        <graphic url="pub/res-1900-a-1929-04-n20_0003_3_t0.jpg"/>
    </facsimile>
    <text corresp="#O4-4">
        <body>
            <div>
                <head rend="center">APONTAMENTO</head>
                <lg>
                    <l>A minha alma partiu-se como um vaso vazio.</l>
                    <l>Caiu pela escada excessivamente abaixo.</l>
                    <l>Caiu das mãos da criada descuidada.</l>
                    <l>Caiu, fez-se em mais pedaços do que havia loiça no vaso.</l>
                </lg>
                <lg>
                    <l>Asneira? Impossível? Sei lá!</l>
                    <l>Tenho mais sensações do que tinha quando me sentia eu.</l>
                    <l>Sou um espalhamento de cacos sobre um capacho por sacudir.</l>
                </lg>
                <lg>
                    <l>Fiz barulho na queda como um vaso que se partia.</l>
                    <l>Os deuses que há debruçam-se do parapeito da escada</l>
                    <l>E fitam os cacos que a criada deles fez de mim.</l>
                </lg>
                <lg>
                    <l>Não se zangam com ela.</l>
                    <l>São tolerantes com ela.</l>
                    <l>O que eu era um vaso vazio?</l>
                </lg>
                <lg>
                    <l>Olham os cacos absurdamente conscientes,</l>
                    <l>Mas conscientes de si-mesmos, não conscientes deles.</l>
                </lg>
                <lg>
                    <l>Olham e sorriem.</l>
                    <l>Sorriem tolerantes à criada involuntária.</l>
                </lg>
                <lg>
                    <l>Alastra a grande escadaria atapetada de estrelas.</l>
                    <l>Um caco brilha, virado do exterior lustroso, entre os astros.</l>
                    <l>A minha obra? A minha alma principal? A minha vida?</l>
                    <l>Um caco.</l>
                    <l>E os deuses olham-no especialmente, pois não sabem porque ficou ali.</l>
                </lg>
                <signed rend="center"><hi rend="italic">Alvaro de Campos</hi>.</signed>
            </div>
        </body>
    </text>
</TEI>
