<?xml version="1.0" encoding="UTF-8"?>
<?xml-model href="../schema/pessoaTEI.rng" type="application/xml" schematypens="http://relaxng.org/ns/structure/1.0"?>
<TEI xmlns="http://www.tei-c.org/ns/1.0">
   <teiHeader>
      <fileDesc>
         <titleStmt>
            <title>Antipático futurismo</title>
            <author>
               <rs type="name" key="AdC">Álvaro de Campos</rs>
            </author>
            <respStmt>
               <resp>Edição, Transcrição, Codificação</resp>
               <name>Jorge Uribe</name>
            </respStmt>
            <respStmt>
               <resp>Modelagem de dados, Codificação</resp>
               <name>Ulrike Henny-Krahmer</name>
            </respStmt>
            <respStmt>
               <resp>Atualização ortográfica</resp>
               <name>Inês Filipa Rebelo do Carmo</name>
            </respStmt>
            <respStmt>
               <resp>Consultoria</resp>
               <name>Institut für Dokumentologie und Editorik (IDE)</name>
            </respStmt>
         </titleStmt><editionStmt><p>Corpus version C2.1.0</p></editionStmt>
         <publicationStmt>
            <publisher>Universidade Nova de Lisboa, Instituto de Estudos de Literatura e
                    Tradição (IELT)</publisher>
            <publisher>Cologne Center for eHumanities (CCeH)</publisher>
            <date>2017</date>
            <availability status="free">
               <licence target="http://creativecommons.org/licenses/by/4.0/"/>
            </availability>
            <idno type="filename">Campos_Antipathico_Futurismo.xml</idno>
         </publicationStmt>
         <notesStmt>
            <note type="genre">
               <rs type="genre" key="prosa">Prosa</rs>
            </note>
         </notesStmt>
         <sourceDesc>
            <list type="work-index">
               <item>
                  <rs type="work" key="W297">Antipático futurismo</rs>
               </item>
            </list>
            <biblStruct>
               <analytic>
                  <title level="a">Antipático futurismo</title>
                  <author>
                     <rs type="name" key="AdC">Álvaro de Campos</rs>
                  </author>
                  <textLang mainLang="pt" otherLangs="en"/>
               </analytic>
               <monogr>
                  <title level="j">
                     <rs type="periodical" key="J20">A República</rs>
                  </title>
                  <imprint>
                     <date when="1915-07-06">6 de julho de 1915</date>
                  </imprint>
                  <biblScope unit="page">1</biblScope>
               </monogr>
            </biblStruct>
         </sourceDesc>
      </fileDesc>
      <encodingDesc>
         <variantEncoding method="parallel-segmentation" location="internal"/>
      </encodingDesc>
      <profileDesc>
         <handNotes>
            <handNote xml:id="H_Republica">Texto não redigido por Pessoa mas pelos
                    jornalistas.</handNote>
            <handNote xml:id="H_FP">Texto redigido por Pessoa.</handNote>
         </handNotes>
      </profileDesc>
      <revisionDesc>
         <change when="2023-11-15" who="#FAF">
                    Added edition statement to the teiHeader
                </change>
      </revisionDesc>
   </teiHeader>
   <facsimile xml:base="http://images.cceh.uni-koeln.de/pessoa/">
      <graphic url="prosa/Campos_Antipathico_Futurismo.jpg"/>
   </facsimile>
   <text corresp="#W297" type="orig">
      <body>
         <div>
            <head>
               <handShift new="#H_Republica"/>ANTIPATHICO FUTURISMO</head>
            <head type="sub">Os poetas do “<hi rend="italic">
                  <rs type="periodical" key="J12">Orpheu</rs>
               </hi>”</head>
            <p>não passam, afinal, de creaturas de maus sentimentos</p>
            <p rend="indent-first">A nossa noticia de hontem ácerca de uma recita planeada pelos
                    futuristas do <hi rend="italic">
                  <rs type="periodical" key="J12">Orpheu</rs>
               </hi> parece que não agradou
                    a esses pobres maniacos. Pelo menos assim se deprehende de uma carta que hoje
                    nos foi entregue, assignada pelo <hi rend="italic">engenheiro</hi> e <hi rend="italic">poeta sensacionista</hi>
               <rs type="name" key="AdC" role="topic">Alvaro de Campos</rs>, onde, a proposito,
                    se insultam todos quantos fazem parte do jornalismo portuguez.</p>
            <p rend="indent-first">Não nos indigna a injuria, apenas porque não offende quem
                    quer mas simplesmente quem pode. Os cerebros destrambelhados do <rs type="periodical" key="J12">
                  <hi rend="italic">Orpheu</hi>
               </rs> não podem
                    injuriar ninguem. Mas a carta contem uma repugnante allusão ao desastre de que
                    foi victima o sr. dr. <rs type="name" key="P364">Affonso Costa</rs>, e essa
                    faz-nos modificar bastante o conceito em que tinhamos os <hi rend="italic">sensacionistas</hi>. Pobres
                    maniacos? Não. Creaturas de vis e baixos sentimentos é que são todos quantos
                    concordam com o irritante periodo final da referida carta, que é textualmente o
                    seguinte:</p>
            <p rend="indent-first">
               <handShift new="#H_FP"/>De resto seria de mau gosto repudiar
                    ligações com o futurismo <hi rend="italic">n’uma hora tão deliciosamente
                        mechanica em que a propria Providencia Divina se serve dos carros electricos
                        para os seus altos ensinamentos</hi>.</p>
            <p rend="indent-first">
               <handShift new="#H_Republica"/>Isto sim, indigna e revolta. E
                    de hoje em deante, podem os futuristas, até ha pouco simplesmente ridiculos,
                    agora ridiculos e maus, contar com uma nova forma do tratamento por parte dos
                    jornalistas que estupidamente pretendem insultar.</p>
         </div>
      </body>
   </text>
   <text corresp="#W297" type="reg">
      <body>
         <div>
            <head>
               <handShift new="#H_Republica"/>ANTIPÁTICO FUTURISMO</head>
            <head type="sub">Os poetas do “Orpheu”</head>
            <p>não passam, afinal, de criaturas de maus sentimentos</p>
            <p rend="indent-first">A nossa notícia de ontem acerca de uma recita planeada pelos
                    futuristas do <hi rend="italic">Orpheu</hi> parece que não agradou
                    a esses pobres maníacos. Pelo menos assim se depreende de uma carta que hoje
                    nos foi entregue, assinada pelo <hi rend="italic">engenheiro</hi> e <hi rend="italic">poeta sensacionista</hi>
                    Álvaro de Campos, onde, a propósito,
                    se insultam todos quantos fazem parte do jornalismo português.</p>
            <p rend="indent-first">Não nos indigna a injúria, apenas porque não ofende quem
                    quer mas simplesmente quem pode. Os cérebros destrambelhados do <hi rend="italic">Orpheu</hi> não podem
                    injuriar ninguém. Mas a carta contém uma repugnante alusão ao desastre de que
                    foi vítima o sr. dr. Afonso Costa, e essa
                    faz-nos modificar bastante o conceito em que tínhamos os <hi rend="italic">sensacionistas</hi>. Pobres
                    maníacos? Não. Criaturas de vis e baixos sentimentos é que são todos quantos
                    concordam com o irritante período final da referida carta, que é textualmente o
                    seguinte:</p>
            <p rend="indent-first">
               <handShift new="#H_FP"/>De resto seria de mau gosto repudiar
                    ligações com o futurismo <hi rend="italic">numa hora tão deliciosamente
                        mecânica em que a própria Providência Divina se serve dos carros elétricos
                        para os seus altos ensinamentos</hi>.</p>
            <p rend="indent-first">
               <handShift new="#H_Republica"/>Isto sim, indigna e revolta. E
                    de hoje em diante, podem os futuristas, até há pouco simplesmente ridículos,
                    agora ridículos e maus, contar com uma nova forma do tratamento por parte dos
                    jornalistas que estupidamente pretendem insultar.</p>
         </div>
      </body>
   </text>
</TEI>
