<?xml version="1.0" encoding="UTF-8"?>
<?xml-model href="../schema/pessoaTEI.rng" type="application/xml" schematypens="http://relaxng.org/ns/structure/1.0"?>
<TEI xmlns="http://www.tei-c.org/ns/1.0">
   <teiHeader>
      <fileDesc>
         <titleStmt>
            <title>Gazetilha</title>
            <author>
               <rs type="name" key="AdC">Álvaro de Campos</rs>
            </author>
            <respStmt>
               <resp>Edição, Transcrição</resp>
               <name>Pedro Sepúlveda</name>
            </respStmt>
            <respStmt>
               <resp>Transcrição</resp>
               <name>Pablo Javier Pérez López</name>
            </respStmt>
            <respStmt>
               <resp>Modelagem de dados, Codificação</resp>
               <name>Ulrike Henny-Krahmer</name>
            </respStmt>
            <respStmt>
               <resp>Codificação</resp>
               <name>Alena Geduldig</name>
            </respStmt>
            <respStmt>
               <resp>Codificação, Atualização ortográfica</resp>
               <name>Inês Filipa Rebelo do Carmo</name>
            </respStmt>
            <respStmt>
               <resp>Consultoria</resp>
               <name>Institut für Dokumentologie und Editorik (IDE)</name>
            </respStmt>
         </titleStmt><editionStmt><p>Corpus version C2.1.0</p></editionStmt>
         <publicationStmt>
            <publisher>Universidade Nova de Lisboa, Instituto de Estudos de Literatura e
                    Tradição (IELT)</publisher>
            <publisher>Cologne Center for eHumanities (CCeH)</publisher>
            <date>2017</date>
            <availability status="free">
               <licence target="http://creativecommons.org/licenses/by/4.0/"/>
            </availability>
            <idno type="filename">Campos_Gazetilha.xml</idno>
         </publicationStmt>
         <notesStmt>
            <note type="genre">
               <rs type="genre" key="poesia">Poesia</rs>
            </note>
         </notesStmt>
         <sourceDesc>
            <list type="work-index">
               <item>
                  <rs type="work" key="O4-8">Gazetilha</rs>
               </item>
            </list>
            <biblStruct>
               <analytic>
                  <title level="a">Gazetilha</title>
                  <author>
                     <rs type="name" key="AdC">Álvaro de Campos</rs>
                  </author>
                  <textLang mainLang="pt"/>
               </analytic>
               <monogr>
                  <title level="j">
                     <rs type="periodical" key="J1">Presença</rs>
                  </title>
                  <imprint>
                     <date when="1923-07">janeiro de 1929</date>
                  </imprint>
                  <biblScope unit="issue">18</biblScope>
                  <biblScope unit="page">1</biblScope>
               </monogr>
            </biblStruct>
         </sourceDesc>
      </fileDesc>
      <encodingDesc>
         <variantEncoding method="parallel-segmentation" location="internal"/>
      </encodingDesc>
      <revisionDesc>
         <change when="2023-11-15" who="#FAF">
                    Added edition statement to the teiHeader
                </change>
      </revisionDesc>
   </teiHeader>
   <facsimile xml:base="http://images.cceh.uni-koeln.de/pessoa/">
      <graphic url="pub/res-1900-a-1929-01-n18_0001_1_t0.jpg"/>
   </facsimile>
   <text corresp="#O4-8" type="orig">
      <body>
         <div>
            <head>GAZETILHA</head>
            <lg>
               <l>
                  <hi rend="bold">D</hi>os <rs type="name" key="P540">Lloyd Georges</rs> da
                        Babilónia</l>
               <l>Não resa a história nada.</l>
               <l>Dos <rs type="name" key="P543">Briands</rs> da Assíria ou do Egito,</l>
               <l>Dos <rs type="name" key="P611">Trotskys</rs> de qualquer colónia</l>
               <l>Grega ou romana já passada,</l>
               <l>O nome é morto, inda que escrito.</l>
            </lg>
            <lg>
               <l>
                  <hi rend="bold">S</hi>ó o parvo dum poeta, ou um louco</l>
               <l>Que fazia filosofia,</l>
               <l>Ou um geómetra maduro,</l>
               <l>Sobrevive a êsse tanto pouco</l>
               <l>Que está lá para traz no escuro</l>
               <l>E nem a história já historía.</l>
            </lg>
            <lg>
               <l>
                  <hi rend="bold">Ó</hi> grandes homens do Momento!</l>
               <l>Ó grandes glórias a ferver</l>
               <l>De quem a obscuridade foge!</l>
               <l>Aproveitem sem pensamento!</l>
               <l>Tratem da fama e do comer,</l>
               <l>Que amanhã é dos loucos de hoje!</l>
            </lg>
            <signed rend="center">
               <hi rend="italic">
                  <rs type="name" key="AdC" role="author" style="a">Alvaro de Campos</rs>
               </hi>.</signed>
         </div>
      </body>
   </text>
   <text type="reg">
      <body>
         <div>
            <head>GAZETILHA</head>
            <lg>
               <l>
                  <hi rend="bold">D</hi>os Lloyd Georges da Babilónia</l>
               <l>Não reza a história nada.</l>
               <l>Dos Briands da Assíria ou do Egito,</l>
               <l>Dos Trotskys de qualquer colónia</l>
               <l>Grega ou romana já passada,</l>
               <l>O nome é morto, ainda que escrito.</l>
            </lg>
            <lg>
               <l>
                  <hi rend="bold">S</hi>ó o parvo dum poeta, ou um louco</l>
               <l>Que fazia filosofia,</l>
               <l>Ou um geómetra maduro,</l>
               <l>Sobrevive a esse tanto pouco</l>
               <l>Que está lá para trás no escuro</l>
               <l>E nem a história já historia.</l>
            </lg>
            <lg>
               <l>
                  <hi rend="bold">Ó</hi> grandes homens do Momento!</l>
               <l>Ó grandes glórias a ferver</l>
               <l>De quem a obscuridade foge!</l>
               <l>Aproveitem sem pensamento!</l>
               <l>Tratem da fama e do comer,</l>
               <l>Que amanhã é dos loucos de hoje!</l>
            </lg>
            <signed rend="center">
               <hi rend="italic">Álvaro de Campos</hi>.</signed>
         </div>
      </body>
   </text>
</TEI>
