<?xml version="1.0" encoding="UTF-8"?> <?xml-model href="../schema/pessoaTEI.rng" type="application/xml" schematypens="http://relaxng.org/ns/structure/1.0"?>
<TEI xmlns="http://www.tei-c.org/ns/1.0">
    <teiHeader>
        <fileDesc>
            <titleStmt>
                <title>Anniversario</title>
                <author>
                    <rs type="person" key="AdC">Álvaro de Campos</rs>
                </author>
                <respStmt>
                    <resp>Edição, Transcrição</resp>
                    <name>Pedro Sepúlveda</name>
                </respStmt>
                <respStmt>
                    <resp>Transcrição</resp>
                    <name>Pablo Javier Pérez López</name>
                </respStmt>
                <respStmt>
                    <resp>Modelagem de dados, Codificação</resp>
                    <name>Ulrike Henny</name>
                </respStmt>
                <respStmt>
                    <resp>Codificação</resp>
                    <name>Alena Geduldig</name>
                </respStmt>
                <respStmt>
                    <resp>Consultoria</resp>
                    <name>Institut für Dokumentologie und Editorik (IDE)</name>
                </respStmt>
            </titleStmt>
            <publicationStmt>
                <publisher>Universidade Nova de Lisboa, Instituto de Estudos de Literatura e Tradição (IELT)</publisher>
                <publisher>Cologne Center for eHumanities (CCeH)</publisher>
                <date>2016</date>
                <availability>
                    <licence target="http://creativecommons.org/licenses/by/3.0/"/>
                </availability>
                <idno type="filename">Campos_Anniversario.xml</idno>
            </publicationStmt>
            <sourceDesc>
                <list type="work-index">
                    <item><rs type="work" key="O4-3">Anniversario</rs></item>
                </list>
                <biblStruct>
                    <analytic>
                        <title level="a">Anniversario</title>
                        <author>
                            <rs type="person" key="AdC">Álvaro de Campos</rs>
                        </author>
                        <textLang mainLang="pt"/>
                    </analytic>
                    <monogr>
                        <title level="j"><rs type="journal" key="J1">Presença</rs></title>
                        <imprint>
                            <date from="1930-06" to="1930-07">Junho – Julho de 1930</date>
                        </imprint>
                        <biblScope unit="issue">27</biblScope>
                        <biblScope unit="page">2</biblScope>
                    </monogr>
                    <note type="genre">
                        <rs type="genre" key="poesia">Poesia</rs>
                    </note>
                </biblStruct>
            </sourceDesc>
        </fileDesc>
    </teiHeader>
    <facsimile>
        <graphic url="pub/res-1900-a-1930-06-n27_0002_2_t0.jpg"/>
    </facsimile>
    <text corresp="#O4-3">
        <body>
            <div>
                <head rend="center">Anniversario</head>
                <lg>
                    <l>No tempo em que festejavam o dia dos meus annos,</l>
                    <l>Eu era feliz e ninguem estava morto.</l>
                    <l>Na casa antiga, até eu fazer annos era uma tradição de ha seculos,</l>
                    <l>E a alegria de todos, e a minha, estava certa com uma religião qualquer.</l>
                </lg>
                <lg>
                    <l>No tempo em que festejavam o dia dos meus annos,</l>
                    <l>Eu tinha a grande saúde de não perceber coisa nenhuma,</l>
                    <l>De ser intelligente para entre a familia,</l>
                    <l>E de não ter as esperanças que os outros tinham por mim.</l>
                    <l>Quando vim a ter esperanças, já não sabia ter esperanças.</l>
                    <l>Quando vim a olhar para a vida, perdera o sentido da vida.</l>
                </lg>
                <lg>
                    <l>Sim, o que fui de supposto a mim-mesmo,</l>
                    <l>O que fui de coração e parentesco,</l>
                    <l>O que fui de serões de meia-provincia,</l>
                    <l>O que fui de amarem-me e eu ser menino,</l>
                    <l>O que fui – ai, meu Deus!, o que só hoje sei que fui…</l>
                    <l>A que distancia!…</l>
                    <l>(Nem o acho…)</l>
                    <l>O tempo em que festejavam o dia dos meus annos!</l>
                </lg>
                <lg>
                    <l>O que eu sou hoje é como a humidade no corredor do fim da casa,</l>
                    <l>Pondo grelado nas paredes…</l>
                    <l>O que eu sou hoje (e a casa dos que me amaram treme atravez das minhas
                        lagrimas),</l>
                    <l>O que eu sou hoje é terem vendido a casa,</l>
                    <l>É terem morrido todos,</l>
                    <l>É estar eu sobrevivente a mim-mesmo como um phosphoro frio…</l>
                </lg>
                <lg>
                    <l>No tempo em que festejavam o dia dos meus annos…</l>
                    <l>Que meu amor, como uma pessoa, esse tempo!</l>
                    <l>Desejo physico da alma de se encontrar alli outra vez,</l>
                    <l>Por uma viagem metaphysica e carnal,</l>
                    <l>Com uma dualidade de eu para mim…</l>
                    <l>Comer o passado como pão de fome, sem tempo de manteiga nos dentes!</l>
                </lg>
                <lg>
                    <l>Vejo tudo outra vez com uma nitidez que me cega para o que ha aqui…</l>
                    <l>A mesa posta com mais logares, com melhores desenhos na louça, com mais
                        copos,</l>
                    <l>O aparador com muitas coisas – doces, fructas, o resto na sombra debaixo do
                        alçado –,</l>
                    <l>As tias velhas, os primos differentes, e tudo era por minha causa,</l>
                    <l>No tempo em que festejavam o dia dos meus annos…</l>
                </lg>
                <lg>
                    <l>Pára, meu coração!</l>
                    <l>Não penses! Deixa o pensar na cabeça!</l>
                    <l>Ó meu Deus, meu Deus, meu Deus!</l>
                    <l>Hoje já não faço annos.</l>
                    <l>Duro.</l>
                    <l>Sommam-se-me dias.</l>
                    <l>Serei velho quando o fôr.</l>
                    <l>Mais nada.</l>
                    <l>Raiva de não ter trazido o passado roubado na algibeira!...</l>
                </lg>
                <lg>
                    <l>O tempo em que festejavam o dia dos meus annos!…</l>
                </lg>
                <dateline rend="right">15 de Outubro de 1929</dateline>
                <signed rend="right">ÁLVARO DE CAMPOS</signed>
            </div>
        </body>
    </text>
</TEI>