<?xml version="1.0" encoding="UTF-8"?>
<?xml-model href="../schema/pessoaTEI.rng" type="application/xml" schematypens="http://relaxng.org/ns/structure/1.0"?>
<TEI xmlns="http://www.tei-c.org/ns/1.0">
   <teiHeader>
      <fileDesc>
         <titleStmt>
            <title>Adiamento</title>
            <author>
               <rs type="name" key="AdC">Álvaro de Campos</rs>
            </author>
            <respStmt>
               <resp>Edição, Transcrição</resp>
               <name>Pedro Sepúlveda</name>
            </respStmt>
            <respStmt>
               <resp>Transcrição</resp>
               <name>Pablo Javier Pérez López</name>
            </respStmt>
            <respStmt>
               <resp>Modelagem de dados, Codificação</resp>
               <name>Ulrike Henny-Krahmer</name>
            </respStmt>
            <respStmt>
               <resp>Codificação</resp>
               <name>Alena Geduldig</name>
            </respStmt>
            <respStmt>
               <resp>Codificação, Atualização ortográfica</resp>
               <name>Inês Filipa Rebelo do Carmo</name>
            </respStmt>
            <respStmt>
               <resp>Consultoria</resp>
               <name>Institut für Dokumentologie und Editorik (IDE)</name>
            </respStmt>
         </titleStmt><editionStmt><p>Corpus version C2.1.0</p></editionStmt>
         <publicationStmt>
            <publisher>Universidade Nova de Lisboa, Instituto de Estudos de Literatura e
                    Tradição (IELT)</publisher>
            <publisher>Cologne Center for eHumanities (CCeH)</publisher>
            <date>2017</date>
            <availability status="free">
               <licence target="http://creativecommons.org/licenses/by/4.0/"/>
            </availability>
            <idno type="filename">Campos_Addiamento.xml</idno>
         </publicationStmt>
         <notesStmt>
            <note type="summary">Poema publicado em <hi rend="italic">A Revista da Solução
                        Editora</hi>, 1929 e <hi rend="italic">Cancioneiro do 1º Salão dos
                        Independentes</hi>, 1930. Apresentamos aqui as imagens de ambas as
                    publicações, cujos textos são, em termos formais e de conteúdo,
                    idênticos.</note>
            <note type="genre">
               <rs type="genre" key="poesia">Poesia</rs>
            </note>
         </notesStmt>
         <sourceDesc>
            <list type="work-index">
               <item>
                  <rs type="work" key="W231">Adiamento</rs>
               </item>
            </list>
            <biblStruct xml:id="Solução_1929">
               <analytic>
                  <title level="a">Adiamento</title>
                  <author>
                     <rs type="name" key="AdC">Álvaro de Campos</rs>
                  </author>
                  <textLang mainLang="pt"/>
               </analytic>
               <monogr>
                  <title level="j">
                     <rs type="periodical" key="J4">A Revista da Solução
                                Editora</rs>
                  </title>
                  <imprint>
                     <date when="1929">1929</date>
                  </imprint>
                  <biblScope unit="issue">1</biblScope>
                  <biblScope unit="page">4-5</biblScope>
               </monogr>
            </biblStruct>
            <biblStruct xml:id="Cancioneiro_1930">
               <analytic>
                  <title level="a">Adiamento</title>
                  <author>
                     <rs type="name" key="AdC">Álvaro de Campos</rs>
                  </author>
                  <textLang mainLang="pt"/>
               </analytic>
               <monogr>
                  <title level="j">Cancioneiro do 1º Salão dos Independentes</title>
                  <imprint>
                     <date when="1930">1930</date>
                  </imprint>
                  <biblScope unit="issue">1</biblScope>
                  <biblScope unit="page">4-5</biblScope>
               </monogr>
            </biblStruct>
         </sourceDesc>
      </fileDesc>
      <encodingDesc>
         <variantEncoding method="parallel-segmentation" location="internal"/>
      </encodingDesc>
      <revisionDesc>
         <change when="2023-11-15" who="#FAF">
                    Added edition statement to the teiHeader
                </change>
      </revisionDesc>
   </teiHeader>
   <facsimile xml:base="http://images.cceh.uni-koeln.de/pessoa/"
              corresp="#Solução_1929">
      <graphic url="pub/j-2855-3-b_0006_t0.jpg"/>
      <graphic url="pub/j-2855-3-b_0007_t0.jpg"/>
   </facsimile>
   <facsimile xml:base="http://images.cceh.uni-koeln.de/pessoa/"
              corresp="#Cancioneiro_1930">
      <graphic url="pub/addiamento.jpg"/>
      <graphic url="pub/addiamentoII.jpg"/>
   </facsimile>
   <text corresp="#W231" type="orig">
      <body>
         <div>
            <pb n="4"/>
            <head>Addiamento</head>
            <lg>
               <l>Depois de àmanhã, sim, só depois de àmanhã…</l>
               <l>Levarei àmanhã a pensar em depois de àmanhã,</l>
               <l>E assim será possivel; mas hoje não…</l>
               <l>Não, hoje nada; hoje não posso.</l>
               <l>A persistencia confusa da minha subjectividade objectiva,</l>
               <l>O somno da minha vida real, intercalado,</l>
               <l>O cansaço anticipado e infinito,</l>
               <l>Um cansaço de mundos para apanhar um electrico…</l>
               <l>Esta especie de alma…</l>
               <l>Só depois de àmanhã…</l>
               <l>Hoje quero preparar-me,</l>
               <l>Quero preparar-me para pensar àmanhã no dia seguinte…</l>
               <l>Elle é que é decisivo.</l>
               <l>Tenho já o plano traçado; mas não, hoje não traço planos…</l>
               <l>Amanhã é o dia dos planos.</l>
               <l>Amanhã sentar-me-hei á secretaria para conquistar o mundo;</l>
               <l>Mas só conquistarei o mundo depois de àmanhã…</l>
               <l>Tenho vontade de chorar,</l>
               <l>Tenho vontade de chorar muito de repente, de dentro…</l>
               <pb n="5"/>
               <l>Não, não queiram saber mais nada, é segredo, não digo.</l>
               <l>Só depois de àmanhã…</l>
               <l>Quando era creança o circo de domingo divertia-me toda a semana.</l>
               <l>Hoje só me diverte o circo de domingo de toda a semana da minha infancia…</l>
               <l>Depois de àmanhã serei outro,</l>
               <l>A minha vida triumphar-se-ha,</l>
               <l>Todas as minhas qualidades reaes de intelligente, lido e práctico</l>
               <l>Serão convocadas por um edital…</l>
               <l>Mas por um edital de àmanhã…</l>
               <l>Hoje quero dormir, redigirei àmanhã…</l>
               <l>Por hoje, qual é o espectaculo que me repetiria a infancia?</l>
               <l>Mesmo para eu comprar os bilhetes àmanhã,</l>
               <l>Que depois de àmanhã é que está bem o espectaculo…</l>
               <l>Antes, não…</l>
               <l>Depois de àmanhã terei a pose publica que àmanhã estudarei.</l>
               <l>Depois de àmanhã serei finalmente o que hoje não posso nunca ser.</l>
               <l>Só depois de àmanhã…</l>
               <l>Tenho somno como o frio de um cão vadio.</l>
               <l>Tenho muito somno.</l>
               <l>Amanhã te direi as palavras, ou depois de àmanhã…</l>
               <l>Sim, talvez só depois de àmanhã…</l>
            </lg>
            <lg>
               <l>O porvir…</l>
               <l>Sim, o porvir…</l>
            </lg>
            <signed rend="center">
               <rs type="name" key="AdC" role="author" style="a">ALVARO DE
                        CAMPOS</rs>
            </signed>
         </div>
      </body>
   </text>
   <text type="reg">
      <body>
         <div>
            <pb n="4"/>
            <head>Adiamento</head>
            <lg>
               <l>Depois de amanhã, sim, só depois de amanhã…</l>
               <l>Levarei amanhã a pensar em depois de amanhã,</l>
               <l>E assim será possível; mas hoje não…</l>
               <l>Não, hoje nada; hoje não posso.</l>
               <l>A persistência confusa da minha subjetividade objetiva,</l>
               <l>O sono da minha vida real, intercalado,</l>
               <l>O cansaço antecipado e infinito,</l>
               <l>Um cansaço de mundos para apanhar um elétrico…</l>
               <l>Esta espécie de alma…</l>
               <l>Só depois de amanhã…</l>
               <l>Hoje quero preparar-me,</l>
               <l>Quero preparar-me para pensar amanhã no dia seguinte…</l>
               <l>Ele é que é decisivo.</l>
               <l>Tenho já o plano traçado; mas não, hoje não traço planos…</l>
               <l>Amanhã é o dia dos planos.</l>
               <l>Amanhã sentar-me-ei à secretária para conquistar o mundo;</l>
               <l>Mas só conquistarei o mundo depois de amanhã…</l>
               <l>Tenho vontade de chorar,</l>
               <l>Tenho vontade de chorar muito de repente, de dentro…</l>
               <pb n="5"/>
               <l>Não, não queiram saber mais nada, é segredo, não digo.</l>
               <l>Só depois de amanhã…</l>
               <l>Quando era criança o circo de domingo divertia-me toda a semana.</l>
               <l>Hoje só me diverte o circo de domingo de toda a semana da minha infância…</l>
               <l>Depois de amanhã serei outro,</l>
               <l>A minha vida triunfar-se-á,</l>
               <l>Todas as minhas qualidades reais de inteligente, lido e prático</l>
               <l>Serão convocadas por um edital…</l>
               <l>Mas por um edital de amanhã…</l>
               <l>Hoje quero dormir, redigirei amanhã…</l>
               <l>Por hoje, qual é o espetáculo que me repetiria a infância?</l>
               <l>Mesmo para eu comprar os bilhetes amanhã,</l>
               <l>Que depois de amanhã é que está bem o espetáculo…</l>
               <l>Antes, não…</l>
               <l>Depois de amanhã terei a pose pública que amanhã estudarei.</l>
               <l>Depois de amanhã serei finalmente o que hoje não posso nunca ser.</l>
               <l>Só depois de amanhã…</l>
               <l>Tenho sono como o frio de um cão vadio.</l>
               <l>Tenho muito sono.</l>
               <l>Amanhã te direi as palavras, ou depois de amanhã…</l>
               <l>Sim, talvez só depois de amanhã…</l>
            </lg>
            <lg>
               <l>O porvir…</l>
               <l>Sim, o porvir…</l>
            </lg>
            <signed rend="center">ÁLVARO DE CAMPOS</signed>
         </div>
      </body>
   </text>
</TEI>
