<?xml version="1.0" encoding="UTF-8"?> <?xml-model href="../schema/pessoaTEI.rng" type="application/xml" schematypens="http://relaxng.org/ns/structure/1.0"?>
<TEI xmlns="http://www.tei-c.org/ns/1.0">
    <teiHeader>
        <fileDesc>
            <titleStmt>
                <title>Depois de doze minutos</title>
                <author>
                    <rs type="name" key="AdC">Álvaro de Campos</rs>
                </author>
                <respStmt>
                    <resp>Edição, Transcrição</resp>
                    <name>Pedro Sepúlveda</name>
                </respStmt>
                <respStmt>
                    <resp>Transcrição</resp>
                    <name>Pablo Javier Pérez López</name>
                </respStmt>
                <respStmt>
                    <resp>Modelagem de dados, Codificação</resp>
                    <name>Ulrike Henny</name>
                </respStmt>
                <respStmt>
                    <resp>Codificação</resp>
                    <name>Alena Geduldig</name>
                </respStmt>
                <respStmt>
                    <resp>Consultoria</resp>
                    <name>Institut für Dokumentologie und Editorik (IDE)</name>
                </respStmt>
            </titleStmt>
            <publicationStmt>
                <publisher>Universidade Nova de Lisboa, Instituto de Estudos de Literatura e Tradição (IELT)</publisher>
                <publisher>Cologne Center for eHumanities (CCeH)</publisher>
                <date>2016</date>
                <availability>
                    <licence target="http://creativecommons.org/licenses/by/3.0/"/>
                </availability>
                <idno type="filename">Campos_Depois_de_doze_minutos.xml</idno>
            </publicationStmt>
            <sourceDesc>
                <list type="work-index">
                    <item><rs type="work" key="O4-6">Depois de doze minutos</rs></item>
                </list>
                <biblStruct>
                    <analytic>
                        <title level="a">Depois de doze minutos</title>
                        <author>
                            <rs type="name" key="AdC">Álvaro de Campos</rs>
                        </author>
                        <textLang mainLang="pt"/>
                    </analytic>
                    <monogr>
                        <title level="j"><rs type="periodical" key="J4">Revista da Solução
                            Editora</rs></title>
                        <imprint>
                            <date when="1929">1929</date>
                        </imprint>
                        <biblScope unit="issue">4</biblScope>
                        <biblScope unit="page">44</biblScope>
                    </monogr>
                    <note type="genre">
                        <rs type="genre" key="poesia">Poesia</rs>
                    </note>
                </biblStruct>
            </sourceDesc>
        </fileDesc>
    </teiHeader>
    <facsimile>
        <graphic url="pub/j-2855-3-b_0062_t0.jpg"/>
    </facsimile>
    <text corresp="#O4-6">
        <body>
            <div>
                <head rend="center">Depois de doze minutos</head>
                <ab type="dedication" rend="center"><hi rend="italic">A Fernando Pessoa</hi> DEPOIS
                    DE LER O SEU DRAMA STATICO «O MARINHEIRO» EM «ORPHEU I»</ab>
                <lg>
                    <l>Depois de doze minutos</l>
                    <l>Do seu drama O Marinheiro,</l>
                    <l>Em que os mais ageis e astutos</l>
                    <l>Se sentem com somno e brutos,</l>
                    <l>E de sentido nem cheiro,</l>
                    <l>Diz uma das veladoras</l>
                    <l>Com langorosa magia:</l>
                </lg>
                <lg>
                    <l>De eterno e bello ha apenas o sonho. Porque estamos nós fallando ainda?</l>
                </lg>
                <lg>
                    <l>Ora isso mesmo é que eu ia</l>
                    <l>Perguntar a essas senhoras…</l>
                </lg>
                <dateline rend="center">1915</dateline>
                <signed rend="center">ÁLVARO DE CAMPOS</signed>
            </div>
        </body>
    </text>
</TEI>