<?xml version="1.0" encoding="UTF-8"?> 
<?xml-model href="../schema/pessoaTEI.rng" type="application/xml" schematypens="http://relaxng.org/ns/structure/1.0"?>
<TEI xmlns="http://www.tei-c.org/ns/1.0">
    <teiHeader>
        <fileDesc>
            <titleStmt>
                <title>Addiamento</title>
                <author>
                    <rs type="name" key="AdC">Álvaro de Campos</rs>
                </author>
                <respStmt>
                    <resp>Edição, Transcrição</resp>
                    <name>Pedro Sepúlveda</name>
                </respStmt>
                <respStmt>
                    <resp>Transcrição</resp>
                    <name>Pablo Javier Pérez López</name>
                </respStmt>
                <respStmt>
                    <resp>Modelagem de dados, Codificação</resp>
                    <name>Ulrike Henny-Krahmer</name>
                </respStmt>
                <respStmt>
                    <resp>Codificação</resp>
                    <name>Alena Geduldig</name>
                </respStmt>
                <respStmt>
                    <resp>Consultoria</resp>
                    <name>Institut für Dokumentologie und Editorik (IDE)</name>
                </respStmt>
            </titleStmt>
            <publicationStmt>
                <publisher>Universidade Nova de Lisboa, Instituto de Estudos de Literatura e
                    Tradição (IELT)</publisher>
                <publisher>Cologne Center for eHumanities (CCeH)</publisher>
                <date>2017</date>
                <availability status="free">
                    <licence target="http://creativecommons.org/licenses/by/3.0/"/>
                </availability>
                <idno type="filename">Addiamento.xml</idno>
            </publicationStmt>
            <sourceDesc>
                <list type="work-index">
                    <item><rs type="work" key="O4-1">Addiamento</rs></item>
                </list>
                <biblStruct>
                    <analytic>
                        <title level="a">Addiamento</title>
                        <author>
                            <rs type="name" key="AdC">Álvaro de Campos</rs>
                        </author>
                        <textLang mainLang="pt"/>
                    </analytic>
                    <monogr>
                        <title level="j"><rs type="periodical" key="J4">Revista da Solução
                                Editora</rs></title>
                        <imprint>
                            <date when="1929">1929</date>
                        </imprint>
                        <biblScope unit="issue">1</biblScope>
                        <biblScope unit="page">4-5</biblScope>
                    </monogr>
                    <note type="genre">
                        <rs type="genre" key="poesia">Poesia</rs>
                    </note>
                    <note type="summary">Poema republicado em <hi rend="italic">Cancioneiro do 1º
                            Salão dos Independentes</hi>, 1930, pp. 12-13. O texto é idêntico ao da
                        primeira publicação. Apresentamos aqui as imagens de ambas as
                        publicações.</note>
                </biblStruct>
            </sourceDesc>
        </fileDesc>
    </teiHeader>
    <facsimile>
        <graphic url="pub/j-2855-3-b_0006_t0.jpg"/>
        <graphic url="pub/j-2855-3-b_0007_t0.jpg"/>
    </facsimile>
    <text corresp="#O4-1">
        <body>
            <div>
                <head rend="center">Addiamento</head>
                <lg>
                    <l>Depois de àmanhã, sim, só depois de àmanhã…</l>
                    <l>Levarei àmanhã a pensar em depois de àmanhã,</l>
                    <l>E assim será possivel; mas hoje não…</l>
                    <l>Não, hoje nada; hoje não posso.</l>
                    <l>A persistencia confusa da minha subjectividade objectiva,</l>
                    <l>O somno da minha vida real, intercalado,</l>
                    <l>O cansaço anticipado e infinito,</l>
                    <l>Um cansaço de mundos para apanhar um electrico…</l>
                    <l>Esta especie de alma…</l>
                    <l rend="indent">Só depois de àmanhã…</l>
                    <l>Hoje quero preparar-me,</l>
                    <l>Quero preparar-me para pensar àmanhã no dia seguinte…</l>
                    <l>Elle é que é decisivo.</l>
                    <l>Tenho já o plano traçado; mas não, hoje não traço planos…</l>
                    <l>Amanhã é o dia dos planos.</l>
                    <l>Amanhã sentar-me-hei á secretaria para conquistar o mundo;</l>
                    <l>Mas só conquistarei o mundo depois de àmanhã…</l>
                    <l>Tenho vontade de chorar,</l>
                    <l>Tenho vontade de chorar muito de repente, de dentro…</l>
                    <l>Não, não queiram saber mais nada, é segredo, não digo.</l>
                    <l>Só depois de àmanhã…</l>
                    <l>Quando era creança o circo de domingo divertia-me toda a semana.</l>
                    <l>Hoje só me diverte o circo de domingo de toda a semana da minha infancia…</l>
                    <l>Depois de àmanhã serei outro,</l>
                    <l>A minha vida triumphar-se-ha,</l>
                    <l>Todas as minhas qualidades reaes de intelligente, lido e práctico</l>
                    <l>Serão convocadas por um edital…</l>
                    <l>Mas por um edital de àmanhã…</l>
                    <l>Hoje quero dormir, redigirei àmanhã…</l>
                    <l>Por hoje, qual é o espectaculo que me repetiria a infancia?</l>
                    <l>Mesmo para eu comprar os bilhetes àmanhã,</l>
                    <l>Que depois de àmanhã é que está bem o espectaculo…</l>
                    <l>Antes, não…</l>
                    <l>Depois de àmanhã terei a pose publica que àmanhã estudarei.</l>
                    <l>Depois de àmanhã serei finalmente o que hoje não posso nunca ser.</l>
                    <l>Só depois de àmanhã…</l>
                    <l>Tenho somno como o frio de um cão vadio.</l>
                    <l>Tenho muito somno.</l>
                    <l>Amanhã te direi as palavras, ou depois de àmanhã…</l>
                    <l>Sim, talvez só depois de àmanhã…</l>
                </lg>
                <lg>
                    <l>O porvir…</l>
                    <l>Sim, o porvir…</l>
                </lg>
                <signed rend="center">ALVARO DE CAMPOS</signed>
            </div>
        </body>
    </text>
</TEI>
