<?xml version="1.0" encoding="UTF-8"?>
<?xml-model href="../schema/pessoaTEI.rng" type="application/xml" schematypens="http://relaxng.org/ns/structure/1.0"?>
<TEI xmlns="http://www.tei-c.org/ns/1.0">
   <teiHeader>
      <fileDesc>
         <titleStmt>
            <title>Ambiente</title>
            <author>
               <rs type="name" key="AdC">Álvaro de Campos</rs>
            </author>
            <respStmt>
               <resp>Edição, Transcrição, Codificação</resp>
               <name>Jorge Uribe</name>
            </respStmt>
            <respStmt>
               <resp>Modelagem de dados, Codificação</resp>
               <name>Ulrike Henny-Krahmer</name>
            </respStmt>
            <respStmt>
               <resp>Codificação, Atualização ortográfica</resp>
               <name>Inês Filipa Rebelo do Carmo</name>
            </respStmt>
            <respStmt>
               <resp>Consultoria</resp>
               <name>Institut für Dokumentologie und Editorik (IDE)</name>
            </respStmt>
         </titleStmt><editionStmt><p>Corpus version C2.1.0</p></editionStmt>
         <publicationStmt>
            <publisher>Universidade Nova de Lisboa, Instituto de Estudos de Literatura e
                    Tradição (IELT)</publisher>
            <publisher>Cologne Center for eHumanities (CCeH)</publisher>
            <date>2017</date>
            <availability status="free">
               <licence target="http://creativecommons.org/licenses/by/4.0/"/>
            </availability>
            <idno type="filename">Campos_Ambiente.xml</idno>
         </publicationStmt>
         <notesStmt>
            <note type="genre">
               <rs type="genre" key="prosa">Prosa</rs>
            </note>
         </notesStmt>
         <sourceDesc>
            <list type="work-index">
               <item>
                  <rs type="work" key="W204">Ambiente</rs>
               </item>
            </list>
            <biblStruct>
               <analytic>
                  <title level="a">Ambiente</title>
                  <author>
                     <rs type="name" key="AdC">Álvaro de Campos</rs>
                  </author>
                  <textLang mainLang="pt" otherLangs="en"/>
               </analytic>
               <monogr>
                  <title level="j">
                     <rs type="periodical" key="J11">Presença</rs>
                  </title>
                  <imprint>
                     <date when="1927-06-04">4 de junho de 1927</date>
                  </imprint>
                  <biblScope unit="issue">5</biblScope>
                  <biblScope unit="page">3</biblScope>
               </monogr>
            </biblStruct>
         </sourceDesc>
      </fileDesc>
      <encodingDesc>
         <variantEncoding method="parallel-segmentation" location="internal"/>
      </encodingDesc>
      <revisionDesc>
         <change when="2023-11-15" who="#FAF">
                    Added edition statement to the teiHeader
                </change>
      </revisionDesc>
   </teiHeader>
   <facsimile xml:base="http://images.cceh.uni-koeln.de/pessoa/">
      <graphic url="prosa/Ambiente.jpg"/>
   </facsimile>
   <text corresp="#W204" type="orig">
      <body>
         <div>
            <head>AMBIENTE</head>
            <p rend="indent-first">
               <hi rend="bold">NENHUMA</hi> época transmite a outra a sua
                    sensibilidade; transmite-lhe apenas a inteligência que teve dessa
                    sensibilidade. Pela emoção somos nós; pela inteligência somos alheios. A
                    inteligência dispersa-nos; por isso é através do que nos dispersa que nos
                    sobrevivemos. Cada época entrega às seguintes apenas aquilo que não foi.</p>
            <p rend="indent-first">
               <hi rend="bold">UM</hi> deus, no sentido pagão, isto é,
                    verdadeiro, não é mais que a inteligência que um ente tem de si próprio, pois
                    essa inteligência, que tem de si próprio, é a forma impessoal, e por isso ideal,
                    do que é. Formando de nós um conceito intelectual, formamos um deus de nós
                    próprios. Raros, porém, formam de si próprios um conceito intelectual, porque a
                    inteligência é essencialmente objectiva. Mesmo entre os grandes génios são raros
                    os que existiram para si próprios com plena objectividade.</p>
            <p rend="indent-first">
               <hi rend="bold">VIVER</hi> é pertencer a outrem. Morrer é
                    pertencer a outrem. Viver e morrer são a mesma coisa. Mas viver é pertencer a
                    outrem <hi rend="italic">de fora</hi>, e morrer é pertencer a outrem <hi rend="italic">de dentro</hi>. As duas coisas assemelham-se, mas a vida é o
                    lado de fora da morte. Por isso a vida é a vida e a morte a morte, pois o lado
                    de fora é sempre mais verdadeiro que o lado de dentro, tanto que é o lado de
                    fora que se vê.</p>
            <p rend="indent-first">
               <hi rend="bold">TODA</hi> a emoção verdadeira é mentira na
                    inteligência, pois se não dá nela. Toda a emoção verdadeira tem portanto uma
                    expressão falsa. Exprimir-se é dizer o que não se sente.</p>
            <p rend="indent-first">
               <hi rend="bold">OS</hi> cavalos da cavalaria é que formam a
                    cavalaria. Sem as montadas, os cavaleiros seriam peões. O logar é que faz a
                    localidade. Estar é ser.</p>
            <p rend="indent-first">
               <hi rend="bold">FINGIR</hi> é conhecer-se.</p>
            <signed rend="right">
               <rs type="name" key="AdC" role="author" style="a">Alvaro de Campos</rs>
            </signed>
         </div>
      </body>
   </text>
   <text type="reg">
      <body>
         <div>
            <head>AMBIENTE</head>
            <p rend="indent-first">
               <hi rend="bold">NENHUMA</hi> época transmite a outra a sua
                    sensibilidade; transmite-lhe apenas a inteligência que teve dessa
                    sensibilidade. Pela emoção somos nós; pela inteligência somos alheios. A
                    inteligência dispersa-nos; por isso é através do que nos dispersa que nos
                    sobrevivemos. Cada época entrega às seguintes apenas aquilo que não foi.</p>
            <p rend="indent-first">
               <hi rend="bold">UM</hi> deus, no sentido pagão, isto é,
                    verdadeiro, não é mais que a inteligência que um ente tem de si próprio, pois
                    essa inteligência, que tem de si próprio, é a forma impessoal, e por isso ideal,
                    do que é. Formando de nós um conceito intelectual, formamos um deus de nós
                    próprios. Raros, porém, formam de si próprios um conceito intelectual, porque a
                    inteligência é essencialmente objetiva. Mesmo entre os grandes génios são raros
                    os que existiram para si próprios com plena objetividade.</p>
            <p rend="indent-first">
               <hi rend="bold">VIVER</hi> é pertencer a outrem. Morrer é
                    pertencer a outrem. Viver e morrer são a mesma coisa. Mas viver é pertencer a
                    outrem <hi rend="italic">de fora</hi>, e morrer é pertencer a outrem <hi rend="italic">de dentro</hi>. As duas coisas assemelham-se, mas a vida é o
                    lado de fora da morte. Por isso a vida é a vida e a morte a morte, pois o lado
                    de fora é sempre mais verdadeiro que o lado de dentro, tanto que é o lado de
                    fora que se vê.</p>
            <p rend="indent-first">
               <hi rend="bold">TODA</hi> a emoção verdadeira é mentira na
                    inteligência, pois se não dá nela. Toda a emoção verdadeira tem portanto uma
                    expressão falsa. Exprimir-se é dizer o que não se sente.</p>
            <p rend="indent-first">
               <hi rend="bold">OS</hi> cavalos da cavalaria é que formam a
                    cavalaria. Sem as montadas, os cavaleiros seriam peões. O lugar é que faz a
                    localidade. Estar é ser.</p>
            <p rend="indent-first">
               <hi rend="bold">FINGIR</hi> é conhecer-se.</p>
            <signed rend="right">Álvaro de Campos</signed>
         </div>
      </body>
   </text>
</TEI>
