<?xml version="1.0" encoding="UTF-8"?>
<?xml-model href="../schema/pessoaTEI.rng" type="application/xml" schematypens="http://relaxng.org/ns/structure/1.0"?>
<TEI xmlns="http://www.tei-c.org/ns/1.0">
    <teiHeader>
        <fileDesc>
            <titleStmt>
                <title>Escrito num Livro Abandonado em Viagem</title>
                <author>
                    <rs type="name" key="AdC">Álvaro de Campos</rs>
                </author>
                <respStmt>
                    <resp>Edição, Transcrição</resp>
                    <name>Pedro Sepúlveda</name>
                </respStmt>
                <respStmt>
                    <resp>Transcrição</resp>
                    <name>Pablo Javier Pérez López</name>
                </respStmt>
                <respStmt>
                    <resp>Modelagem de dados, Codificação</resp>
                    <name>Ulrike Henny-Krahmer</name>
                </respStmt>
                <respStmt>
                    <resp>Codificação</resp>
                    <name>Alena Geduldig</name>
                </respStmt>
                <respStmt>
                    <resp>Codificação, Atualização ortográfica</resp>
                    <name>Inês Filipa Rebelo do Carmo</name>
                </respStmt>
                <respStmt>
                    <resp>Consultoria</resp>
                    <name>Institut für Dokumentologie und Editorik (IDE)</name>
                </respStmt>
            </titleStmt>
            <publicationStmt>
                <publisher>Universidade Nova de Lisboa, Instituto de Estudos de Literatura e
                    Tradição (IELT)</publisher>
                <publisher>Cologne Center for eHumanities (CCeH)</publisher>
                <date>2017</date>
                <availability status="free">
                    <licence target="http://creativecommons.org/licenses/by/3.0/"/>
                </availability>
                <idno type="filename">Campos_Escripto_num_livro_abandonado_em_viagem.xml</idno>
            </publicationStmt>
            <notesStmt>
                <note type="genre">
                    <rs type="genre" key="poesia">Poesia</rs>
                </note>
            </notesStmt>
            <sourceDesc>
                <list type="work-index">
                    <item><rs type="work" key="O4-7">Escrito num Livro Abandonado em Viagem</rs></item>
                </list>
                <biblStruct>
                    <analytic>
                        <title level="a">Escrito num Livro Abandonado em Viagem</title>
                        <author>
                            <rs type="name" key="AdC">Álvaro de Campos</rs>
                        </author>
                        <textLang mainLang="pt"/>
                    </analytic>
                    <monogr>
                        <title level="j"><rs type="periodical" key="J1">Presença</rs></title>
                        <imprint>
                            <date when="1928-03-15">15 de março de 1928</date>
                        </imprint>
                        <biblScope unit="issue">10</biblScope>
                        <biblScope unit="page">2</biblScope>
                    </monogr>
                </biblStruct>
            </sourceDesc>
        </fileDesc>
        <encodingDesc>
            <variantEncoding method="parallel-segmentation" location="internal"/>
        </encodingDesc>
    </teiHeader>
    <facsimile xml:base="http://images.cceh.uni-koeln.de/pessoa/">
        <graphic url="pub/res-1900-a-1928-03-n10_0002_2_t0.jpg"/>
    </facsimile>
    <text corresp="#O4-7" type="orig">
        <body>
            <div>
                <head>Escripto num livro abandonado em viagem</head>
                <lg>
                    <l><hi rend="bold">V</hi>enho dos lados de Beja.</l>
                    <l>Vou para o meio de Lisboa.</l>
                    <l>Não trago nada e não acharei nada.</l>
                    <l>Tenho o cansaço anticipado do que não acharei,</l>
                    <l>E a saudade que sinto não é nem do passado nem do futuro.</l>
                    <l>Deixo escripta neste livro a imagem do meu designio morto:</l>
                    <l>Fui, como hervas, e não me arrancaram.</l>
                </lg>
                <signed rend="center"><hi rend="italic"><rs type="name" key="AdC" role="author"
                            style="a">Alvaro de Campos</rs></hi>.</signed>
            </div>
        </body>
    </text>
    <text type="reg">
        <body>
            <div>
                <head>Escrito num livro abandonado em viagem</head>
                <lg>
                    <l><hi rend="bold">V</hi>enho dos lados de Beja.</l>
                    <l>Vou para o meio de Lisboa.</l>
                    <l>Não trago nada e não acharei nada.</l>
                    <l>Tenho o cansaço antecipado do que não acharei,</l>
                    <l>E a saudade que sinto não é nem do passado nem do futuro.</l>
                    <l>Deixo escrita neste livro a imagem do meu desígnio morto:</l>
                    <l>Fui, como ervas, e não me arrancaram.</l>
                </lg>
                <signed rend="center"><hi rend="italic">Álvaro de Campos</hi>.</signed>
            </div>
        </body>
    </text>
</TEI>
