<?xml version="1.0" encoding="UTF-8"?>
<?xml-model href="../schema/pessoaTEI.rng" type="application/xml" schematypens="http://relaxng.org/ns/structure/1.0"?>
<TEI xmlns="http://www.tei-c.org/ns/1.0">
   <teiHeader>
      <fileDesc>
         <titleStmt>
            <title>A Fernando Pessoa</title>
            <author>
               <rs type="name" key="AdC">Álvaro de Campos</rs>
            </author>
            <respStmt>
               <resp>Edição, Transcrição</resp>
               <name>Pedro Sepúlveda</name>
            </respStmt>
            <respStmt>
               <resp>Transcrição</resp>
               <name>Pablo Javier Pérez López</name>
            </respStmt>
            <respStmt>
               <resp>Modelagem de dados, Codificação</resp>
               <name>Ulrike Henny-Krahmer</name>
            </respStmt>
            <respStmt>
               <resp>Codificação</resp>
               <name>Alena Geduldig</name>
            </respStmt>
            <respStmt>
               <resp>Codificação, Atualização ortográfica</resp>
               <name>Inês Filipa Rebelo do Carmo</name>
            </respStmt>
            <respStmt>
               <resp>Consultoria</resp>
               <name>Institut für Dokumentologie und Editorik (IDE)</name>
            </respStmt>
         </titleStmt><editionStmt><p>Corpus version C2.1.0</p></editionStmt>
         <publicationStmt>
            <publisher>Universidade Nova de Lisboa, Instituto de Estudos de Literatura e
                    Tradição (IELT)</publisher>
            <publisher>Cologne Center for eHumanities (CCeH)</publisher>
            <date>2017</date>
            <availability status="free">
               <licence target="http://creativecommons.org/licenses/by/4.0/"/>
            </availability>
            <idno type="filename">Campos_Depois_de_doze_minutos.xml</idno>
         </publicationStmt>
         <notesStmt>
            <note type="genre">
               <rs type="genre" key="poesia">Poesia</rs>
            </note>
         </notesStmt>
         <sourceDesc>
            <list type="work-index">
               <item>
                  <rs type="work" key="O4-6">A Fernando Pessoa</rs>
               </item>
            </list>
            <biblStruct>
               <analytic>
                  <title level="a">A Fernando Pessoa</title>
                  <author>
                     <rs type="name" key="AdC">Álvaro de Campos</rs>
                  </author>
                  <textLang mainLang="pt"/>
               </analytic>
               <monogr>
                  <title level="j">
                     <rs type="periodical" key="J4">A Revista da Solução
                                Editora</rs>
                  </title>
                  <imprint>
                     <date when="1929">1929</date>
                  </imprint>
                  <biblScope unit="issue">4</biblScope>
                  <biblScope unit="page">44</biblScope>
               </monogr>
            </biblStruct>
         </sourceDesc>
      </fileDesc>
      <encodingDesc>
         <variantEncoding method="parallel-segmentation" location="internal"/>
      </encodingDesc>
      <revisionDesc>
         <change when="2023-11-15" who="#FAF">
                    Added edition statement to the teiHeader
                </change>
      </revisionDesc>
   </teiHeader>
   <facsimile xml:base="http://images.cceh.uni-koeln.de/pessoa/">
      <graphic url="pub/j-2855-3-b_0062_t0.jpg"/>
   </facsimile>
   <text corresp="#O4-6" type="orig">
      <body>
         <div>
            <head>A <rs type="name" role="topic" key="FP">FERNANDO PESSOA</rs>
            </head>
            <ab rend="center">DEPOIS DE LER O SEU DRAMA STATICO « <ref target="http://www.pessoadigital.pt/pt/pub/Pessoa_O_Marinheiro">O
                        MARINHEIRO</ref>» EM «<rs type="periodical" key="J12">ORPHEU</rs> I»</ab>
            <lg rend="center">
               <l>Depois de doze minutos</l>
               <l>Do seu drama <ref target="http://www.pessoadigital.pt/pt/pub/Pessoa_O_Marinheiro">
                     <hi rend="italic">O Marinheiro</hi>
                  </ref>,</l>
               <l>Em que os mais ageis e astutos</l>
               <l>Se sentem com somno e brutos,</l>
               <l>E de sentido nem cheiro,</l>
               <l>Diz uma das veladoras</l>
               <l>Com langorosa magia:</l>
            </lg>
            <lg rend="center">
               <l>De eterno e bello ha apenas o sonho. Porque estamos nós fallando ainda?</l>
            </lg>
            <lg rend="center">
               <l>Ora isso mesmo é que eu ia</l>
               <l>Perguntar a essas senhoras…</l>
            </lg>
            <dateline>1915</dateline>
            <signed rend="center">
               <hi rend="italic">
                  <rs type="name" key="AdC" role="author" style="a">Alvaro de Campos</rs>
               </hi>.</signed>
         </div>
      </body>
   </text>
   <text type="reg">
      <body>
         <div>
            <head>A FERNANDO PESSOA</head>
            <ab rend="center">DEPOIS DE LER O SEU DRAMA ESTÁTICO « <ref target="http://www.pessoadigital.pt/pt/pub/Pessoa_O_Marinheiro">O
                        MARINHEIRO</ref>» EM «ORPHEU I»</ab>
            <lg rend="center">
               <l>Depois de doze minutos</l>
               <l>Do seu drama <ref target="http://www.pessoadigital.pt/pt/pub/Pessoa_O_Marinheiro">
                     <hi rend="italic">O Marinheiro</hi>
                  </ref>,</l>
               <l>Em que os mais ágeis e astutos</l>
               <l>Se sentem com sono e brutos,</l>
               <l>E de sentido nem cheiro,</l>
               <l>Diz uma das veladoras</l>
               <l>Com langorosa magia:</l>
            </lg>
            <lg rend="center">
               <l>De eterno e belo há apenas o sonho. Porque estamos nós falando ainda?</l>
            </lg>
            <lg>
               <l>Ora isso mesmo é que eu ia</l>
               <l>Perguntar a essas senhoras…</l>
            </lg>
            <dateline>1915</dateline>
            <signed rend="center">
               <hi rend="italic">Álvaro de Campos</hi>.</signed>
         </div>
      </body>
   </text>
</TEI>
