<?xml version="1.0" encoding="UTF-8"?>
<?xml-model href="../schema/pessoaTEI.rng" type="application/xml" schematypens="http://relaxng.org/ns/structure/1.0"?>
<TEI xmlns="http://www.tei-c.org/ns/1.0">
    <teiHeader>
        <fileDesc>
            <titleStmt>
                <title>O Avô e o Neto</title>
                <author>
                    <rs type="name" key="FP">Fernando Pessoa</rs>
                </author>
                <respStmt>
                    <resp>Edição, Transcrição, Codificação</resp>
                    <name>Pedro Sepúlveda</name>
                </respStmt>
                <respStmt>
                    <resp>Transcrição</resp>
                    <name>Pablo Javier Pérez López</name>
                </respStmt>
                <respStmt>
                    <resp>Modelagem de dados, Codificação</resp>
                    <name>Ulrike Henny-Krahmer</name>
                </respStmt>
                <respStmt>
                    <resp>Codificação</resp>
                    <name>Sviatoslav Drach</name>
                </respStmt>
                <respStmt>
                    <resp>Codificação, Modernização ortográfica</resp>
                    <name>Inês Filipa Rebelo do Carmo</name>
                </respStmt>
                <respStmt>
                    <resp>Consultoria</resp>
                    <name>Institut für Dokumentologie und Editorik (IDE)</name>
                </respStmt>
            </titleStmt>
            <publicationStmt>
                <publisher>Universidade Nova de Lisboa, Instituto de Estudos de Literatura e
                    Tradição (IELT)</publisher>
                <publisher>Cologne Center for eHumanities (CCeH)</publisher>
                <date>2017</date>
                <availability status="free">
                    <licence target="http://creativecommons.org/licenses/by/3.0/"/>
                </availability>
                <idno type="filename">Pessoa_O-Avo-e-o-Neto.xml</idno>
            </publicationStmt>
            <notesStmt>
                <note type="summary"><p>Poema publicado em <hi rend="italic">Tesouro da
                            Juventude</hi>, provavelmente por volta de 1926, sob o título
                        ʺMeditações do Avô e Brinquedos do Netoʺ, que terá sido acrescentado pelos
                        editores do jornal, e em <hi rend="italic">O Tico-tico: Jornal das
                            crianças</hi>, a 25 de março de 1931, sob o título ʺO Avô e o Netoʺ.
                        Apresentamos as imagens de ambos os periódicos e seguimos o título desta
                        última publicação, que se encontra também no testemunho do espólio de
                        Pessoa, em BNP 44-37r. O texto de ambas as publicações é, de resto,
                        idêntico.</p></note>
                <note type="genre">
                    <rs type="genre" key="poesia">Poesia</rs>
                </note>
            </notesStmt>
            <sourceDesc>
                <list type="work-index">
                    <item><rs type="work" key="W224">O Avô e o Neto</rs></item>
                </list>
                <biblStruct xml:id="Tesouro_1925-1928">
                    <analytic>
                        <title level="a">Meditações do Avô e Brinquedos do Neto</title>
                        <author>
                            <rs type="name" key="FP">Fernando Pessoa</rs>
                        </author>
                        <textLang mainLang="pt"/>
                    </analytic>
                    <monogr>
                        <title level="j"><rs type="periodical" key="J25">Tesouro da
                            Juventude</rs></title>
                        <imprint>
                            <pubPlace>Rio de Janeiro</pubPlace>
                            <date from="1925" to="1928">1925 ― 1928</date>
                        </imprint>
                    </monogr>
                </biblStruct>
                <biblStruct xml:id="Tico_1931">
                    <analytic>
                        <title level="a">O Avô e o Neto</title>
                        <author>
                            <rs type="name" key="FP">Fernando Pessoa</rs>
                        </author>
                        <textLang mainLang="pt"/>
                    </analytic>
                    <monogr>
                        <title level="j"><rs type="periodical" key="J92">O Tico-tico: Jornal das
                                crianças</rs></title>
                        <imprint>
                            <pubPlace>Rio de Janeiro</pubPlace>
                            <date when="1931-03-25">25 de março de 1931</date>
                        </imprint>
                        <biblScope unit="issue">1329</biblScope>
                        <biblScope unit="page">23</biblScope>
                    </monogr>
                </biblStruct>
            </sourceDesc>
        </fileDesc>
        <encodingDesc>
            <variantEncoding method="parallel-segmentation" location="internal"/>
        </encodingDesc>
    </teiHeader>
    <facsimile xml:base="http://images.cceh.uni-koeln.de/pessoa/" corresp="#Tesouro_1925-1928">
        <graphic url="pub/TJ-Meditacoes.jpg"/>
    </facsimile>
    <facsimile xml:base="http://images.cceh.uni-koeln.de/pessoa/" corresp="#Tico_1931">
        <graphic url="pub/Avo_e_o_neto-Tico_Tico.jpg"/>
    </facsimile>
    <text corresp="#W224" type="orig">
        <body>
            <div>
                <head><app>
                        <lem wit="#Tico_1931">O AVÔ E O NETO</lem>
                        <rdg wit="#Tesouro_1925-1928">MEDITAÇÕES DO AVÔ E BRINQUEDOS DO NETO</rdg>
                    </app></head>
                <lg>
                    <l>Ao ver o neto a brincar,</l>
                    <l>Diz o avô, entristecido:</l>
                    <l>ʺAh, quem me dera voltar</l>
                    <l>A estar assim entretido!</l>
                </lg>
                <lg>
                    <l>ʺQuem me dera o tempo quando</l>
                    <l>Castellos assim fazia,</l>
                    <l>E que os deixava ficando</l>
                    <l>Ás vezes p’ra o outro dia;</l>
                </lg>
                <lg>
                    <l>ʺE toda a tristeza minha</l>
                    <l>Era, ao acordar p’ra vel-o,</l>
                    <l>Ver que a creada já tinha</l>
                    <l>Arrumado o meu castello.ʺ</l>
                </lg>
                <lg>
                    <l>Mas o neto não o ouve</l>
                    <l>Porque está preoccupado</l>
                    <l>Com um engano que houve</l>
                    <l>No portão para o soldado.</l>
                </lg>
                <lg>
                    <l>E, emquanto o avô scisma, e, triste,</l>
                    <l>Lembra a infancia que lá vai,</l>
                    <l>Já mais uma casa existe</l>
                    <l>Ou mais um castello cai;</l>
                </lg>
                <lg>
                    <l>E o neto, olhando afinal,</l>
                    <l>E vendo o avô a chorar,</l>
                    <l>Diz, ʺCahiu, mas não faz mal:</l>
                    <l>Torna-se já a arranjar.ʺ</l>
                </lg>
                <signed rend="center"><rs type="name" key="FP" role="author" style="b"><app>
                            <lem wit="#Tico_1931"><hi rend="italic">Fernando Pessoa</hi></lem>
                            <rdg wit="#Tesouro_1925-1928">FERNANDO PESSOA</rdg>
                        </app></rs></signed>
            </div>
        </body>
    </text>
    <text type="reg">
        <body>
            <div>
                <head><app>
                        <lem wit="#Tico_1931">O AVÔ E O NETO</lem>
                        <rdg wit="#Tesouro_1925-1928">MEDITAÇÕES DO AVÔ E BRINQUEDOS DO NETO</rdg>
                    </app></head>
                <lg>
                    <l>Ao ver o neto a brincar,</l>
                    <l>Diz o avô, entristecido:</l>
                    <l>“Ah, quem me dera voltar</l>
                    <l>A estar assim entretido!</l>
                </lg>
                <lg>
                    <l>“Quem me dera o tempo quando</l>
                    <l>Castelos assim fazia,</l>
                    <l>E que os deixava ficando</l>
                    <l>Às vezes p’ra o outro dia;</l>
                </lg>
                <lg>
                    <l>“E toda a tristeza minha</l>
                    <l>Era, ao acordar p’ra vê-lo,</l>
                    <l>Ver que a criada já tinha</l>
                    <l>Arrumado o meu castelo."</l>
                </lg>
                <lg>
                    <l>Mas o neto não o ouve</l>
                    <l>Porque está preocupado</l>
                    <l>Com um engano que houve</l>
                    <l>No portão para o soldado.</l>
                </lg>
                <lg>
                    <l>E, enquanto o avô cisma, e, triste,</l>
                    <l>Lembra a infância que lá vai,</l>
                    <l>Já mais uma casa existe</l>
                    <l>Ou mais um castelo cai;</l>
                </lg>
                <lg>
                    <l>E o neto, olhando afinal,</l>
                    <l>E vendo o avô a chorar,</l>
                    <l>Diz, “Caiu, mas não faz mal:</l>
                    <l>Torna-se já a arranjar."</l>
                </lg>
                <signed rend="center"><app>
                        <lem wit="#Tico_1931"><hi rend="italic">Fernando Pessoa</hi></lem>
                        <rdg wit="#Tesouro_1925-1928">FERNANDO PESSOA</rdg>
                    </app></signed>
            </div>
        </body>
    </text>
</TEI>
