<?xml version="1.0" encoding="UTF-8"?>
<?xml-model href="../schema/pessoaTEI.rng" type="application/xml" schematypens="http://relaxng.org/ns/structure/1.0"?>
<TEI xmlns="http://www.tei-c.org/ns/1.0">
   <teiHeader>
      <fileDesc>
         <titleStmt>
            <title>À Memória do Presidente Sidónio Pais</title>
            <author>
               <rs type="name" key="FP">Fernando Pessoa</rs>
            </author>
            <respStmt>
               <resp>Edição, Transcrição, Codificação</resp>
               <name>Pedro Sepúlveda</name>
            </respStmt>
            <respStmt>
               <resp>Modelagem de dados, Codificação</resp>
               <name>Ulrike Henny-Krahmer</name>
            </respStmt>
            <respStmt>
               <resp>Codificação, Atualização ortográfica</resp>
               <name>Inês Filipa Rebelo do Carmo</name>
            </respStmt>
            <respStmt>
               <resp>Consultoria</resp>
               <name>Institut für Dokumentologie und Editorik (IDE)</name>
            </respStmt>
         </titleStmt><editionStmt><p>Corpus version C2.1.0</p></editionStmt>
         <publicationStmt>
            <publisher>Universidade Nova de Lisboa, Instituto de Estudos de Literatura e
                    Tradição (IELT)</publisher>
            <publisher>Cologne Center for eHumanities (CCeH)</publisher>
            <date>2017</date>
            <availability status="free">
               <licence target="http://creativecommons.org/licenses/by/4.0/"/>
            </availability>
            <idno type="filename">Pessoa_A_Memoria_do_Presidente_Sidonio_Paes.xml</idno>
         </publicationStmt>
         <notesStmt>
            <note type="genre">
               <rs type="genre" key="poesia">Poesia</rs>
            </note>
            <note type="summary">A imagem aqui disponibilizada corresponde à publicação
                    preservada no espólio de Pessoa, em BNP 135C-90, que inclui uma correção do
                    punho do autor, contemplada no texto apresentado. Outro testemunho desta
                    publicação foi preservado pelo autor no seu espólio, em BNP 135C-30, sobre o
                    qual deixa a sugestão de título alternativo ʺÁ Memoria do Presidente-Rei Sidonio
                    Paesʺ.</note>
         </notesStmt>
         <sourceDesc>
            <list type="work-index">
               <item>
                  <rs type="work">À Memória do Presidente Sidónio Pais</rs>
               </item>
            </list>
            <biblStruct>
               <analytic>
                  <title level="a">À Memória do Presidente Sidónio Pais</title>
                  <author>
                     <rs type="name" key="FP">Fernando Pessoa</rs>
                  </author>
                  <textLang mainLang="pt"/>
               </analytic>
               <monogr>
                  <title level="j">
                     <rs type="periodical" key="J58">Acção</rs>
                  </title>
                  <imprint>
                     <date when="1920-02-27">27 de fevereiro de 1920</date>
                  </imprint>
                  <biblScope unit="page">2-3</biblScope>
               </monogr>
            </biblStruct>
         </sourceDesc>
      </fileDesc>
      <encodingDesc>
         <variantEncoding method="parallel-segmentation" location="internal"/>
      </encodingDesc>
      <revisionDesc>
         <change when="2023-11-15" who="#FAF">
                    Added edition statement to the teiHeader
                </change>
      </revisionDesc>
   </teiHeader>
   <facsimile xml:base="http://images.cceh.uni-koeln.de/pessoa/">
      <graphic url="pub/sidonio_paes.jpg"/>
      <graphic url="pub/sidonio_paesii.jpg"/>
   </facsimile>
   <text type="orig">
      <body>
         <div>
            <pb n="2"/>
            <head>Á MEMORIA<lb/>DO<lb/>PRESIDENTE<lb/>
               <rs type="name" key="P51">SIDONIO PAES</rs>
            </head>
            <lg>
               <l>Longe da fama e das espadas,</l>
               <l>Alheio ás turbas elle dorme.</l>
               <l>Em torno ha claustros ou arcadas?</l>
               <l>Só a noite enorme.</l>
            </lg>
            <lg>
               <l>Porque para elle, já virado</l>
               <l>Para o lado onde está só <rs type="name" key="P573" style="a">Deus</rs>,</l>
               <l>São mais que Sombra e que Passado</l>
               <l>A terra e os céus.</l>
            </lg>
            <lg>
               <l>Alli o gesto, a astucia, a lida,</l>
               <l>São já para elle, sem as vêr,</l>
               <l>Vacuo de acção, sombra perdida,</l>
               <l>Sopro sem ser.</l>
            </lg>
            <lg>
               <l>Só com sua alma e com a treva,</l>
               <l>A alma gentil que nos amou</l>
               <l>Inda esse amor e ardor conserva?</l>
               <l>Tudo acabou?</l>
            </lg>
            <lg>
               <l>No mysterio onde a Morte some</l>
               <l>Aquillo a que a alma chama a vida,</l>
               <l>Que resta dʼelle a nós — só o nome</l>
               <l>E a fé perdida?</l>
            </lg>
            <lg>
               <l>Se <rs type="name" key="P573" style="a">Deus</rs> o havia de levar,</l>
               <l>Para que foi que nol-o trouxe —</l>
               <l>Cavalleiro leal, do olhar</l>
               <l>Altivo e doce?</l>
            </lg>
            <lg>
               <l>Soldado-rei que occulta sorte</l>
               <l>Como em braços da Patria ergueu,</l>
               <l>E passou como o vento norte</l>
               <l>Sob o ermo céu.</l>
            </lg>
            <lg>
               <l>Mas a alma accesa não acceita</l>
               <l>Essa morte absoluta, o nada</l>
               <l>De quem foi Patria, e fé eleita,</l>
               <l>E ungida espada.</l>
            </lg>
            <lg>
               <l>Se o amor crê que a Morte mente</l>
               <l>Quando a quem quer leva de novo,</l>
               <l>Quão mais crê o Rei ainda existente</l>
               <l>O amor de um povo!</l>
            </lg>
            <lg>
               <l>Quem elle foi sabe-o a Sorte,</l>
               <l>Sabe-o o Mysterio e a sua lei.</l>
               <l>A Vida fel-o heroe, e a Morte</l>
               <l>O sagrou Rei!</l>
            </lg>
            <lg>
               <l>Não é com fé que nós não cremos</l>
               <l>Que elle não morra inteiramente.</l>
               <l>Ah, sobrevive! Inda o teremos</l>
               <l>Em nossa frente.</l>
            </lg>
            <lg>
               <l>No occulto para o nosso olhar,</l>
               <l>No visivel á nossa alma,</l>
               <l>Inda sorri com o antigo ar</l>
               <l>De força calma.</l>
            </lg>
            <lg>
               <l>Ainda de longe nos anima,</l>
               <l>Inda na alma nos conduz —</l>
               <l>Gladio de fé erguido acima</l>
               <l>Da nossa cruz!</l>
            </lg>
            <lg>
               <l>Nada sabemos do que occulta</l>
               <l>O véu egual de noite e dia.</l>
               <l>Mesmo ante a Morte a Fé exulta:</l>
               <l>Chora e confia.</l>
            </lg>
            <lg>
               <l>Apraz ao que em nós quer que seja</l>
               <l>Qual <rs type="name" key="P573" style="a">Deus</rs> quiz nosso querer tosco,</l>
               <l>Crer que elle vela, bemfazeja</l>
               <l>Sombra comnosco.</l>
            </lg>
            <lg>
               <l>Não sahe da alma nossa a fé</l>
               <l>De que, alhures que o mundo e o fado,</l>
               <l>Elle inda pensa em nós e é</l>
               <l>O bem-amado.</l>
            </lg>
            <lg>
               <l>Tenhamos fé, porque elle foi.</l>
               <l>
                  <rs type="name" key="P573" style="a">Deus</rs> não quer mal a quem o deu.</l>
               <l>Não passa como o vento o heroe</l>
               <l>Sob o ermo céu.</l>
            </lg>
            <lg>
               <l>E amanhã, quando queira a Sorte,</l>
               <l>Quando findar a expiação,</l>
               <l>Ressurrecto da falsa morte,</l>
               <l>Elle já não,</l>
            </lg>
            <lg>
               <l>Mas a ansia nossa que incarnara,</l>
               <l>A alma de nós de que foi braço,</l>
               <l>Tornará, nova forma clara,</l>
               <l>Ao tempo e ao espaço.</l>
            </lg>
            <lg>
               <l>Tornará feito qualquer outro,</l>
               <l>Qualquer cousa de nós com elle;</l>
               <l>Porque o nome do heroe morto</l>
               <l>Inda compelle;</l>
            </lg>
            <lg>
               <l>Inda comanda, a armada ida</l>
               <l>Para os campos da Redempção,</l>
               <l>Ás vezes leva á frente, erguida</l>
               <l>‘Spada, a Illusão.</l>
            </lg>
            <lg>
               <l>E um raio só do ardente amor,</l>
               <l>Que emana só do nome seu,</l>
               <l>Dê sangue a um braço vingador,</l>
               <l>Se esmoreceu.</l>
            </lg>
            <lg>
               <l>Com mais armas que com Verdade</l>
               <l>Combate a alma por quem ama.</l>
               <l>É lenha só a Realidade:</l>
               <l>A fé é a chamma.</l>
            </lg>
            <lg>
               <l>Mas ai, que a fé já não tem fórma</l>
               <l>Na materia e na côr da Vida,</l>
               <l>E, pensada, em dôr se transforma</l>
               <l>E fé perdida!</l>
            </lg>
            <lg>
               <l>P’ra que deu <rs type="name" key="P573" style="a">Deus</rs> a confiança</l>
               <l>A quem não ia dar o bem?</l>
               <l>Morgado da nossa esperança,</l>
               <l>A Morte o tem!</l>
            </lg>
            <lg>
               <l>Mas basta o nome e basta a gloria</l>
               <l>Para elle estar comnosco, e ser</l>
               <l>Carnal presença de memoria</l>
               <l>A amanhecer;</l>
            </lg>
            <lg>
               <l>Spectro real feito de nós,</l>
               <l>Da nossa saudade e ansia,</l>
               <l>Que falla com occulta voz</l>
               <l>Na alma, a distancia;</l>
            </lg>
            <lg>
               <l>E a nossa propria dôr se torna</l>
               <l>Uma vaga ansia, um ‘sperar vago,</l>
               <l>Como a erma brisa que transtorna</l>
               <l>Um ermo lago.</l>
            </lg>
            <lg>
               <l>Não mente a alma ao coração.</l>
               <l>Se <rs type="name" key="P573" style="a">Deus</rs> o deu, <rs type="name" key="P573" style="a">Deus</rs> nos amou.</l>
               <l>Porque elle pôde ser, <rs type="name" key="P573" style="a">Deus</rs> não</l>
               <l>Nos desprezou.</l>
            </lg>
            <lg>
               <l>Rei-nato, a sua realeza,</l>
               <l>Por não podel-a herdar dos seus</l>
               <l>Avós, com mystica inteireza</l>
               <l>A herdou de <rs type="name" key="P573" style="a">Deus</rs>;</l>
            </lg>
            <lg>
               <l>E, por directa consonancia</l>
               <l>Com a divina intervenção,</l>
               <l>Uma hora ergueu-nos alta a ansia</l>
               <l>De salvação.</l>
            </lg>
            <lg>
               <l>Toldou-o a Sorte que o trouxera</l>
               <l>Outra vez com nocturno véu.</l>
               <l>
                  <rs type="name" key="P573" style="a">Deus</rs> pʼra que nol-o deu, se era</l>
               <l>P’ra o tornar seu?</l>
            </lg>
            <lg>
               <l>Ah, tenhamos mais fé que a espʼrança!</l>
               <l>Mais vivo que nós somos, fita</l>
               <l>Do Abysmo onde não ha mudança</l>
               <l>A terra afflicta.</l>
            </lg>
            <lg>
               <l>E se assim é; se, desde o Assombro</l>
               <l>Aonde a Morte as vidas leva,</l>
               <l>Vê esta patria, escombro a escombro,</l>
               <l>Cahir na treva;</l>
            </lg>
            <lg>
               <l>Se algum poder do que tivera</l>
               <l>Sua alma, que não vemos, tem,</l>
               <l>De longe ou perto — porque espera?</l>
               <l>Porque não vem?</l>
            </lg>
            <lg>
               <l>Em nova fórma ou novo alento,</l>
               <l>Que alheio pulso ou alma tome,</l>
               <l>Regresse como um pensamento,</l>
               <l>Alma de um nome!</l>
            </lg>
            <lg>
               <l>Regresse sem que a gente o veja,</l>
               <l>Regresse só que a gente o sinta —</l>
               <l>Impulso, luz, visão que reja</l>
               <l>E a alma presinta!</l>
            </lg>
            <lg>
               <l>E qualquer gladio adormecido,</l>
               <l>Servo do occulto impulso, accorde,</l>
               <l>E um novo heroe se sinta erguido</l>
               <l>Porque o recorde!</l>
            </lg>
            <lg>
               <l>Governa o servo e o jogral.</l>
               <l>O que iamos a ser morreu.</l>
               <l>Não teve aurora a matinal</l>
               <l>‘Strella do céu.</l>
            </lg>
            <lg>
               <l>Vivemos só de recordar.</l>
               <l>Na nossa alma entristecida</l>
               <l>Ha um som de reza a invocar</l>
               <l>A morta vida;</l>
            </lg>
            <lg>
               <l>E um mystico vislumbre chama</l>
               <l>O que, no plaino trespassado,</l>
               <l>Vive ainda em nós, longinqua chamma —</l>
               <l>O DESEJADO.</l>
            </lg>
            <lg>
               <l>Sim, só ha a espʼrança, como aquella</l>
               <l>— E quem sabe se a mesma? — quando</l>
               <l>Se foi de Aviz a ultima estrella</l>
               <l>No campo infando.</l>
            </lg>
            <lg>
               <l>Novo Alcacer-Kibir na noite!</l>
               <l>Novo castigo e mal do Fado!</l>
               <l>Porque peccado novo o açoite</l>
               <l>Assim é dado?</l>
            </lg>
            <lg>
               <l>Só resta a fé, que a sua memoria</l>
               <l>Nos nossos corações gravou,</l>
               <l>Que <rs type="name" key="P573" style="a">Deus</rs> não dá paga illusoria</l>
               <l>A quem amou.</l>
            </lg>
            <lg>
               <l>Flôr alta do paúl da grey,</l>
               <l>Antemanhã da Redempção,</l>
               <l>N’elle uma hora incarnou el-rey</l>
               <l>
                  <rs type="name" key="P21" style="b">Dom Sebastião</rs>.</l>
            </lg>
            <lg>
               <l>O sopro de ansia que nos leva</l>
               <l>A querer ser o que já fomos,</l>
               <l>E em nós vem como em uma treva,</l>
               <l>Em vãos assomos,</l>
            </lg>
            <lg>
               <l>Bater á porta ao nosso gesto,</l>
               <l>Fazer appelo ao nosso braço,</l>
               <l>Lembrar ao sangue nosso o doesto</l>
               <l>E o vil cansaço,</l>
            </lg>
            <lg>
               <l>Nelle um momento clareou,</l>
               <l>A noite antiga se seguiu,</l>
               <l>Mas que segredo é que ficou</l>
               <l>No escuro frio?</l>
            </lg>
            <pb n="3"/>
            <lg>
               <l>Que memoria, que luz passada</l>
               <l>Projecta, sombra, no futuro,</l>
               <l>Dá na alma? Que longinqua espada</l>
               <l>Brilha no escuro?</l>
            </lg>
            <lg>
               <l>Que nova luz virá raiar</l>
               <l>Da noite em que jazemos vis?</l>
               <l>Ó sombra amada, vem tornar</l>
               <l>A ansia feliz.</l>
            </lg>
            <lg>
               <l>Quem quer que sejas, lá no abysmo</l>
               <l>Onde a morte a vida conduz,</l>
               <l>Sê para nós um mysticismo</l>
               <l>A vaga luz</l>
            </lg>
            <lg>
               <l>Com que a noite erma inda vazia</l>
               <l>No frio alvor da antemanhã</l>
               <l>Sente, da espʼrança que ha no dia,</l>
               <l>Que não é vã.</l>
            </lg>
            <lg>
               <l>E amanhã, quando houver a Hora,</l>
               <l>Sendo <rs type="name" key="P573" style="a">Deus</rs> pago, <rs type="name" key="P573" style="a">Deus</rs> dirá</l>
               <l>Nova palavra redemptora</l>
               <l>Ao mal que ha,</l>
            </lg>
            <lg>
               <l>E um novo verbo occidental</l>
               <l>Incarnando em heroismo e gloria,</l>
               <l>Traga por seu broquel real</l>
               <l>Tua memoria!</l>
            </lg>
            <lg>
               <l>Precursor do que não sabemos,</l>
               <l>Passado de um futuro a abrir</l>
               <l>No assombro de portaes extremos</l>
               <l>Por descobrir,</l>
            </lg>
            <lg>
               <l>Sê estrada, gladio, fé, fanal,</l>
               <l>Pendão de gloria em gloria erguido!</l>
               <l>Tornas possivel Portugal</l>
               <l>Por teres sido!</l>
            </lg>
            <lg>
               <l>Não era extincta a antiga chamma</l>
               <l>Se tu e o amor puderam ser.</l>
               <l>Entre clarins te a gloria acclama,</l>
               <l>Morto a vencer!</l>
            </lg>
            <lg>
               <l>E, porque foste, confiando</l>
               <l>Em QUEM SERÁ porque tu foste,</l>
               <l>Ergamos a alma, e com o infando</l>
               <l>Sorrindo arroste,</l>
            </lg>
            <lg>
               <l>Até que <rs type="name" key="P573" style="a">Deus</rs> o laço solte</l>
               <l>Que prende á terra a aza que somos,</l>
               <l>E a curva novamente volte</l>
               <l>Ao que já fomos,</l>
            </lg>
            <lg>
               <l>E no ar de bruma que estremece</l>
               <l>(Clarim longinquo matinal!)</l>
               <l>
                  <rs type="name" key="P21">O DESEJADO</rs> emfim regresse</l>
               <l>A Portugal!</l>
            </lg>
            <signed rend="right">
               <rs type="name" key="FP" role="author" style="b">FERNANDO
                        PESSOA</rs>
            </signed>
         </div>
      </body>
   </text>
   <text type="reg">
      <body>
         <div>
            <pb n="2"/>
            <head>À MEMÓRIA<lb/>DO<lb/>PRESIDENTE<lb/>SIDÓNIO PAIS</head>
            <lg>
               <l>Longe da fama e das espadas,</l>
               <l>Alheio às turbas ele dorme.</l>
               <l>Em torno há claustros ou arcadas?</l>
               <l>Só a noite enorme.</l>
            </lg>
            <lg>
               <l>Porque para ele, já virado</l>
               <l>Para o lado onde está só Deus,</l>
               <l>São mais que Sombra e que Passado</l>
               <l>A terra e os céus.</l>
            </lg>
            <lg>
               <l>Ali o gesto, a astúcia, a lida,</l>
               <l>São já para ele, sem as ver,</l>
               <l>Vácuo de ação, sombra perdida,</l>
               <l>Sopro sem ser.</l>
            </lg>
            <lg>
               <l>Só com sua alma e com a treva,</l>
               <l>A alma gentil que nos amou</l>
               <l>Inda esse amor e ardor conserva?</l>
               <l>Tudo acabou?</l>
            </lg>
            <lg>
               <l>No mistério onde a Morte some</l>
               <l>Aquilo a que a alma chama a vida,</l>
               <l>Que resta dele a nós — só o nome</l>
               <l>E a fé perdida?</l>
            </lg>
            <lg>
               <l>Se Deus o havia de levar,</l>
               <l>Para que foi que no-lo trouxe —</l>
               <l>Cavaleiro leal, do olhar</l>
               <l>Altivo e doce?</l>
            </lg>
            <lg>
               <l>Soldado-rei que oculta sorte</l>
               <l>Como em braços da Pátria ergueu,</l>
               <l>E passou como o vento norte</l>
               <l>Sob o ermo céu.</l>
            </lg>
            <lg>
               <l>Mas a alma acesa não aceita</l>
               <l>Essa morte absoluta, o nada</l>
               <l>De quem foi Pátria, e fé eleita,</l>
               <l>E ungida espada.</l>
            </lg>
            <lg>
               <l>Se o amor crê que a Morte mente</l>
               <l>Quando a quem quer leva de novo,</l>
               <l>Quão mais crê o Rei ainda existente</l>
               <l>O amor de um povo!</l>
            </lg>
            <lg>
               <l>Quem ele foi sabe-o a Sorte,</l>
               <l>Sabe-o o Mistério e a sua lei.</l>
               <l>A Vida fê-lo herói, e a Morte</l>
               <l>O sagrou Rei!</l>
            </lg>
            <lg>
               <l>Não é com fé que nós não cremos</l>
               <l>Que ele não morra inteiramente.</l>
               <l>Ah, sobrevive! Ainda o teremos</l>
               <l>Em nossa frente.</l>
            </lg>
            <lg>
               <l>No oculto para o nosso olhar,</l>
               <l>No visível à nossa alma,</l>
               <l>Ainda sorri com o antigo ar</l>
               <l>De força calma.</l>
            </lg>
            <lg>
               <l>Ainda de longe nos anima,</l>
               <l>Ainda na alma nos conduz —</l>
               <l>Gládio de fé erguido acima</l>
               <l>Da nossa cruz!</l>
            </lg>
            <lg>
               <l>Nada sabemos do que oculta</l>
               <l>O véu igual de noite e dia.</l>
               <l>Mesmo ante a Morte a Fé exulta:</l>
               <l>Chora e confia.</l>
            </lg>
            <lg>
               <l>Apraz ao que em nós quer que seja</l>
               <l>Qual Deus quis nosso querer tosco,</l>
               <l>Crer que ele vela, benfazeja</l>
               <l>Sombra connosco.</l>
            </lg>
            <lg>
               <l>Não sai da alma nossa a fé</l>
               <l>De que, alhures que o mundo e o fado,</l>
               <l>Ele ainda pensa em nós e é</l>
               <l>O bem-amado.</l>
            </lg>
            <lg>
               <l>Tenhamos fé, porque ele foi.</l>
               <l>Deus não quer mal a quem o deu.</l>
               <l>Não passa como o vento o herói</l>
               <l>Sob o ermo céu.</l>
            </lg>
            <lg>
               <l>E amanhã, quando queira a Sorte,</l>
               <l>Quando findar a expiação,</l>
               <l>Ressurreto da falsa morte,</l>
               <l>Ele já não,</l>
            </lg>
            <lg>
               <l>Mas a ânsia nossa que encarnara,</l>
               <l>A alma de nós de que foi braço,</l>
               <l>Tornará, nova forma clara,</l>
               <l>Ao tempo e ao espaço.</l>
            </lg>
            <lg>
               <l>Tornará feito qualquer outro,</l>
               <l>Qualquer coisa de nós com ele;</l>
               <l>Porque o nome do herói morto</l>
               <l>Ainda compele;</l>
            </lg>
            <lg>
               <l>Ainda comanda, a armada ida</l>
               <l>Para os campos da Redenção,</l>
               <l>Às vezes leva à frente, erguida</l>
               <l>‘Spada, a Ilusão.</l>
            </lg>
            <lg>
               <l>E um raio só do ardente amor,</l>
               <l>Que emana só do nome seu,</l>
               <l>Dê sangue a um braço vingador,</l>
               <l>Se esmoreceu.</l>
            </lg>
            <lg>
               <l>Com mais armas que com Verdade</l>
               <l>Combate a alma por quem ama.</l>
               <l>É lenha só a Realidade:</l>
               <l>A fé é a chama.</l>
            </lg>
            <lg>
               <l>Mas ai, que a fé já não tem forma</l>
               <l>Na matéria e na cor da Vida,</l>
               <l>E, pensada, em dor se transforma</l>
               <l>E fé perdida!</l>
            </lg>
            <lg>
               <l>Pʼra que deu Deus a confiança</l>
               <l>A quem não ia dar o bem?</l>
               <l>Morgado da nossa esperança,</l>
               <l>A Morte o tem!</l>
            </lg>
            <lg>
               <l>Mas basta o nome e basta a glória</l>
               <l>Para ele estar connosco, e ser</l>
               <l>Carnal presença de memória</l>
               <l>A amanhecer;</l>
            </lg>
            <lg>
               <l>Espectro real feito de nós,</l>
               <l>Da nossa saudade e ânsia,</l>
               <l>Que fala com oculta voz</l>
               <l>Na alma, a distância;</l>
            </lg>
            <lg>
               <l>E a nossa própria dor se torna</l>
               <l>Uma vaga ânsia, um ‘sperar vago,</l>
               <l>Como a erma brisa que transtorna</l>
               <l>Um ermo lago.</l>
            </lg>
            <lg>
               <l>Não mente a alma ao coração.</l>
               <l>Se Deus o deu, Deus nos amou.</l>
               <l>Porque ele pode ser, Deus não</l>
               <l>Nos desprezou.</l>
            </lg>
            <lg>
               <l>Rei-nato, a sua realeza,</l>
               <l>Por não podê-la herdar dos seus</l>
               <l>Avós, com mística inteireza</l>
               <l>A herdou de Deus;</l>
            </lg>
            <lg>
               <l>E, por direta consonância</l>
               <l>Com a divina intervenção,</l>
               <l>Uma hora ergueu-nos alta a ânsia</l>
               <l>De salvação.</l>
            </lg>
            <lg>
               <l>Toldou-o a Sorte que o trouxera</l>
               <l>Outra vez com noturno véu.</l>
               <l>Deus pʼra que no-lo deu, se era</l>
               <l>Pʼra o tornar seu?</l>
            </lg>
            <lg>
               <l>Ah, tenhamos mais fé que a espʼrança!</l>
               <l>Mais vivo que nós somos, fita</l>
               <l>Do Abismo onde não há mudança</l>
               <l>A terra aflita.</l>
            </lg>
            <lg>
               <l>E se assim é; se, desde o Assombro</l>
               <l>Aonde a Morte as vidas leva,</l>
               <l>Vê esta pátria, escombro a escombro,</l>
               <l>Cair na treva;</l>
            </lg>
            <lg>
               <l>Se algum poder do que tivera</l>
               <l>Sua alma, que não vemos, tem,</l>
               <l>De longe ou perto — porque espera?</l>
               <l>Porque não vem?</l>
            </lg>
            <lg>
               <l>Em nova forma ou novo alento,</l>
               <l>Que alheio pulso ou alma tome,</l>
               <l>Regresse como um pensamento,</l>
               <l>Alma de um nome!</l>
            </lg>
            <lg>
               <l>Regresse sem que a gente o veja,</l>
               <l>Regresse só que a gente o sinta —</l>
               <l>Impulso, luz, visão que reja</l>
               <l>E a alma pressinta!</l>
            </lg>
            <lg>
               <l>E qualquer gládio adormecido,</l>
               <l>Servo do oculto impulso, acorde,</l>
               <l>E um novo herói se sinta erguido</l>
               <l>Porque o recorde!</l>
            </lg>
            <lg>
               <l>Governa o servo e o jogral.</l>
               <l>O que íamos a ser morreu.</l>
               <l>Não teve aurora a matinal</l>
               <l>‘Strela do céu.</l>
            </lg>
            <lg>
               <l>Vivemos só de recordar.</l>
               <l>Na nossa alma entristecida</l>
               <l>Há um som de reza a invocar</l>
               <l>A morta vida;</l>
            </lg>
            <lg>
               <l>E um místico vislumbre chama</l>
               <l>O que, no plaino trespassado,</l>
               <l>Vive ainda em nós, longínqua chama —</l>
               <l>O DESEJADO.</l>
            </lg>
            <lg>
               <l>Sim, só há a espʼrança, como aquela</l>
               <l>— E quem sabe se a mesma? — quando</l>
               <l>Se foi de Aviz a última estrela</l>
               <l>No campo infando.</l>
            </lg>
            <lg>
               <l>Novo Alcácer-Quibir na noite!</l>
               <l>Novo castigo e mal do Fado!</l>
               <l>Porque pecado novo o açoite</l>
               <l>Assim é dado?</l>
            </lg>
            <lg>
               <l>Só resta a fé, que a sua memória</l>
               <l>Nos nossos corações gravou,</l>
               <l>Que Deus não dá paga ilusória</l>
               <l>A quem amou.</l>
            </lg>
            <lg>
               <l>Flor alta do paul da grey,</l>
               <l>Antemanhã da Redenção,</l>
               <l>Nele uma hora encarnou el-rei</l>
               <l>Dom Sebastião.</l>
            </lg>
            <lg>
               <l>O sopro de ânsia que nos leva</l>
               <l>A querer ser o que já fomos,</l>
               <l>E em nós vem como em uma treva,</l>
               <l>Em vãos assomos,</l>
            </lg>
            <lg>
               <l>Bater à porta ao nosso gesto,</l>
               <l>Fazer apelo ao nosso braço,</l>
               <l>Lembrar ao sangue nosso o doesto</l>
               <l>E o vil cansaço,</l>
            </lg>
            <lg>
               <l>Nele um momento clareou,</l>
               <l>A noite antiga se seguiu,</l>
               <l>Mas que segredo é que ficou</l>
               <l>No escuro frio?</l>
            </lg>
            <pb n="3"/>
            <lg>
               <l>Que memória, que luz passada</l>
               <l>Projeta, sombra, no futuro,</l>
               <l>Dá na alma? Que longínqua espada</l>
               <l>Brilha no escuro?</l>
            </lg>
            <lg>
               <l>Que nova luz virá raiar</l>
               <l>Da noite em que jazemos vis?</l>
               <l>Ó sombra amada, vem tornar</l>
               <l>A ânsia feliz.</l>
            </lg>
            <lg>
               <l>Quem quer que sejas, lá no abismo</l>
               <l>Onde a morte a vida conduz,</l>
               <l>Sê para nós um misticismo</l>
               <l>A vaga luz</l>
            </lg>
            <lg>
               <l>Com que a noite erma ainda vazia</l>
               <l>No frio alvor da antemanhã</l>
               <l>Sente, da espʼrança que há no dia,</l>
               <l>Que não é vã.</l>
            </lg>
            <lg>
               <l>E amanhã, quando houver a Hora,</l>
               <l>Sendo Deus pago, Deus dirá</l>
               <l>Nova palavra redentora</l>
               <l>Ao mal que há,</l>
            </lg>
            <lg>
               <l>E um novo verbo ocidental</l>
               <l>Encarnando em heroísmo e glória,</l>
               <l>Traga por seu broquel real</l>
               <l>Tua memória!</l>
            </lg>
            <lg>
               <l>Precursor do que não sabemos,</l>
               <l>Passado de um futuro a abrir</l>
               <l>No assombro de portais extremos</l>
               <l>Por descobrir,</l>
            </lg>
            <lg>
               <l>Sê estrada, gládio, fé, fanal,</l>
               <l>Pendão de glória em glória erguido!</l>
               <l>Tornas possível Portugal</l>
               <l>Por teres sido!</l>
            </lg>
            <lg>
               <l>Não era extinta a antiga chama</l>
               <l>Se tu e o amor puderam ser.</l>
               <l>Entre clarins te a glória aclama,</l>
               <l>Morto a vencer!</l>
            </lg>
            <lg>
               <l>E, porque foste, confiando</l>
               <l>Em QUEM SERÁ porque tu foste,</l>
               <l>Ergamos a alma, e com o infando</l>
               <l>Sorrindo arroste,</l>
            </lg>
            <lg>
               <l>Até que Deus o laço solte</l>
               <l>Que prende à terra a aza que somos,</l>
               <l>E a curva novamente volte</l>
               <l>Ao que já fomos,</l>
            </lg>
            <lg>
               <l>E no ar de bruma que estremece</l>
               <l>(Clarim longínquo matinal!)</l>
               <l>O DESEJADO enfim regresse</l>
               <l>A Portugal!</l>
            </lg>
            <signed rend="right">FERNANDO PESSOA</signed>
         </div>
      </body>
   </text>
</TEI>
