<?xml version="1.0" encoding="UTF-8"?>
<?xml-model href="../schema/pessoaTEI.rng" type="application/xml" schematypens="http://relaxng.org/ns/structure/1.0"?>
<TEI xmlns="http://www.tei-c.org/ns/1.0">
   <teiHeader>
      <fileDesc>
         <titleStmt>
            <title>Para a memória de António Nobre</title>
            <author>
               <rs type="name" key="FP">Fernando Pessoa</rs>
            </author>
            <respStmt>
               <resp>Edição, Transcrição, Codificação</resp>
               <name>Jorge Uribe</name>
            </respStmt>
            <respStmt>
               <resp>Modelagem de dados, Codificação</resp>
               <name>Ulrike Henny-Krahmer</name>
            </respStmt>
            <respStmt>
               <resp>Atualização ortográfica</resp>
               <name>Inês Filipa Rebelo do Carmo</name>
            </respStmt>
            <respStmt>
               <resp>Consultoria</resp>
               <name>Institut für Dokumentologie und Editorik (IDE)</name>
            </respStmt>
         </titleStmt>
         <publicationStmt>
            <publisher>Universidade Nova de Lisboa, Instituto de Estudos de Literatura e
                    Tradição (IELT)</publisher>
            <publisher>Cologne Center for eHumanities (CCeH)</publisher>
            <date>2017</date>
            <availability status="free">
               <licence target="http://creativecommons.org/licenses/by/3.0/"/>
            </availability>
            <idno type="filename">Pessoa_Para_A_Memoria_de_Antonio_Nobre.xml</idno>
         </publicationStmt>
         <notesStmt>
            <note type="genre">
               <rs type="genre" key="prosa">Prosa</rs>
            </note>
         </notesStmt>
         <sourceDesc>
            <list type="work-index">
               <item>
                  <rs type="work" key="W197">Para a memória de António Nobre</rs>
               </item>
            </list>
            <biblStruct>
               <analytic>
                  <title level="a">Para a memória de António Nobre</title>
                  <author>
                     <rs type="name" key="FP">Fernando Pessoa</rs>
                  </author>
                  <textLang mainLang="pt" otherLangs="en"/>
               </analytic>
               <monogr>
                  <title level="j">
                     <rs type="periodical" key="J46">A Galera</rs>
                  </title>
                  <imprint>
                     <date when="1915-02-25">25 de fevereiro de 1915</date>
                  </imprint>
                  <biblScope unit="page">35</biblScope>
               </monogr>
            </biblStruct>
         </sourceDesc>
      </fileDesc>
      <encodingDesc>
         <variantEncoding method="parallel-segmentation" location="internal"/>
      </encodingDesc>
   </teiHeader>
   <facsimile xml:base="http://images.cceh.uni-koeln.de/pessoa/">
      <graphic url="prosa/Para_A_Memoria_de_Antonio_Nobre.jpg"/>
   </facsimile>
   <text type="orig" corresp="#W197">
      <body>
         <div>
            <head>PARA A MEMORIA DE <rs type="name" key="P53">ANTONIO NOBRE</rs>
            </head>
            <p rend="indent-first">QUANDO a hora do <hi rend="italic">ultimatum</hi> abriu em
                    Portugal, para não mais se fecharem, as portas do templo de <rs type="name" key="P590">Jano</rs>, o deus bifronte revelou-se na litteratura nas duas
                    maneiras correspondentes á dupla direcção do seu olhar. <hi rend="italic">
                  <rs type="name" key="P25">Junqueiro</rs>
               </hi> — o de <hi rend="italic">
                  <rs type="title">Patria</rs>
               </hi> e <hi rend="italic">
                  <rs type="title">Finis
                            Patriaem</rs>
               </hi> — foi a face que olha para o Futuro e se exalta. <rs type="name" key="P53">Antonio Nobre</rs> foi a face que olha para o Passado,
                    e se entristece.</p>
            <p rend="indent-first">De <rs type="name" key="P53">Antonio Nobre</rs> partem todas
                    as palavras com sentido lusitano que de então para cá teem sido pronunciadas.
                    Teem subido a um sentido mais alto e divino do que elle balbuciou. Mas elle foi
                    o primeiro a pôr em europeu este sentimento portuguez das almas e das cousas,
                    que tem pena, de que umas não sejam corpos, para lhe poder fazer festas, e de
                    que as outras não sejam gente, para poder fallar com ellas. O ingenuo pantheismo
                    da Raça, que tem carinhos de expontanea phrase para com as arvores e as pedras,
                    desabrochou n’elle melancolicamente. Elle veio no outomno e pelo crepusculo.
                    Pobre de quem o comprehende e ama!</p>
            <p rend="indent-first">O sublime n’elle é humilde, o orgulho ingenuo, e ha um sabôr
                    a infancia triste no mais adulto horror de seus tedios e das suas desesperanças.
                    Não o encontramos senão entre o desfolhar das rosas e nos jardins desertos. Os
                    seus braços esqueceram a alegria do gesto, e o seu sorriso é o rumor de uma
                    festa longinqua, em que nada de nós toma parte, salvo a imaginação.</p>
            <p rend="indent-first">Dos seus versos não se tira, felizmente, ensinamento nenhum.
                    Roça rente a muros nocturnos a desgraça das suas emoções. Esconde-se de alheios
                    olhos o proprio esplendor do seu desespero. Ás vezes, entre o principio e o fim
                    de um seu verso, intercala-se um cansaço, um encolher de hombros, uma angustia
                    ao mundo. O exercito dos seus sentimentos perdeu as bandeiras n’uma batalha que
                    nunca ousou travar.</p>
            <p rend="indent-first">As suas ternuras amuadas por si-proprio: as suas pequenas
                    corridas, de creança mal-ousada, até os portões da quinta, para retroceder,
                    esperando que ninguem houvesse visto: as suas meditações no limiar;... e as
                    aguas correntes no nosso ouvido: a longa convalescencia febril ainda por todos
                    os sentidos: e as tardes, os tanques da quinta, os caminhos onde o vento já não
                    ergue a poeira, o regresso de romarias, as ferias que se desmancham, taboa a
                    taboa, e o guardar nas gavetas secretas das cartas que nunca se mandaram... A
                    que sonhos de que Musa exilada pertenceu aquella vida de Poeta?...</p>
            <p rend="indent-first">Quando elle nasceu, nascemos todos nós. A tristeza que cada
                    um de nós traz comsigo, mesmo no sentido da sua alegria, é elle ainda, e a vida
                    d’elle, nunca perfeitamente real nem com certeza vivida, é, afinal, a summula da
                    vida que vivemos ― orphãos de pae e de màe, perdidos de <rs type="name" key="P573" style="a">Deus</rs> no meio da floresta, e chorando, chorando inutilmente,
                    sem outra consolação do que essa, infantil, de sabermos que é inutilmente que
                    choramos.</p>
            <signed rend="right">Fernando Pessoa</signed>
         </div>
      </body>
   </text>
   <text type="reg" corresp="#W197">
      <body>
         <div>
            <head>PARA A MEMÓRIA DE ANTÓNIO NOBRE</head>
            <p rend="indent-first">QUANDO a hora do <hi rend="italic">ultimatum</hi> abriu em
                    Portugal, para não mais se fecharem, as portas do templo de Jano, o deus bifronte revelou-se na literatura nas duas
                    maneiras correspondentes à dupla direção do seu olhar. <hi rend="italic">Junqueiro</hi> — o de <hi rend="italic">Pátria</hi> e <hi rend="italic">Finis
                            Patriaem</hi> — foi a face que olha para o Futuro e se exalta. António Nobre foi a face que olha para o Passado,
                    e se entristece.</p>
            <p rend="indent-first">De António Nobre partem todas
                    as palavras com sentido lusitano que de então para cá têm sido pronunciadas.
                    Têm subido a um sentido mais alto e divino do que ele balbuciou. Mas ele foi
                    o primeiro a pôr em europeu este sentimento português das almas e das coisas,
                    que tem pena, de que umas não sejam corpos, para lhe poder fazer festas, e de
                    que as outras não sejam gente, para poder falar com elas. O ingénuo panteísmo
                    da Raça, que tem carinhos de espontânea frase para com as árvores e as pedras,
                    desabrochou nele melancolicamente. Ele veio no outono e pelo crepúsculo.
                    Pobre de quem o compreende e ama!</p>
            <p rend="indent-first">O sublime nele é humilde, o orgulho ingénuo, e há um sabor
                    a infância triste no mais adulto horror de seus tédios e das suas desesperanças.
                    Não o encontramos senão entre o desfolhar das rosas e nos jardins desertos. Os
                    seus braços esqueceram a alegria do gesto, e o seu sorriso é o rumor de uma
                    festa longínqua, em que nada de nós toma parte, salvo a imaginação.</p>
            <p rend="indent-first">Dos seus versos não se tira, felizmente, ensinamento nenhum.
                    Roça rente a muros noturnos a desgraça das suas emoções. Esconde-se de alheios
                    olhos o próprio esplendor do seu desespero. Às vezes, entre o princípio e o fim
                    de um seu verso, intercala-se um cansaço, um encolher de ombros, uma angústia
                    ao mundo. O exército dos seus sentimentos perdeu as bandeiras numa batalha que
                    nunca ousou travar.</p>
            <p rend="indent-first">As suas ternuras amuadas por si próprio: as suas pequenas
                    corridas, de criança mal-ousada, até os portões da quinta, para retroceder,
                    esperando que ninguém houvesse visto: as suas meditações no limiar;... e as
                    águas correntes no nosso ouvido: a longa convalescença febril ainda por todos
                    os sentidos: e as tardes, os tanques da quinta, os caminhos onde o vento já não
                    ergue a poeira, o regresso de romarias, as férias que se desmancham, tábua a
                    tábua, e o guardar nas gavetas secretas das cartas que nunca se mandaram... A
                    que sonhos de que Musa exilada pertenceu aquela vida de Poeta?...</p>
            <p rend="indent-first">Quando ele nasceu, nascemos todos nós. A tristeza que cada
                    um de nós traz consigo, mesmo no sentido da sua alegria, é ele ainda, e a vida
                    dele, nunca perfeitamente real nem com certeza vivida, é, afinal, a súmula da
                    vida que vivemos ― órfãos de pai e de mãe, perdidos de Deus no meio da floresta, e chorando, chorando inutilmente,
                    sem outra consolação do que essa, infantil, de sabermos que é inutilmente que
                    choramos.</p>
            <signed rend="right">Fernando Pessoa</signed>
         </div>
      </body>
   </text>
</TEI>
