<?xml version="1.0" encoding="UTF-8"?>
<?xml-model href="../schema/pessoaTEI.rng" type="application/xml" schematypens="http://relaxng.org/ns/structure/1.0"?>
<TEI xmlns="http://www.tei-c.org/ns/1.0">
    <teiHeader>
        <fileDesc>
            <titleStmt>
                <title>Canção</title>
                <author>
                    <rs type="name" key="FP">Fernando Pessoa</rs>
                </author>
                <respStmt>
                    <resp>Edição, Transcrição</resp>
                    <name>Pedro Sepúlveda</name>
                </respStmt>
                <respStmt>
                    <resp>Transcrição</resp>
                    <name>Pablo Javier Pérez López</name>
                </respStmt>
                <respStmt>
                    <resp>Modelagem de dados, Codificação</resp>
                    <name>Ulrike Henny-Krahmer</name>
                </respStmt>
                <respStmt>
                    <resp>Codificação</resp>
                    <name>Sviatoslav Drach</name>
                </respStmt>
                <respStmt>
                    <resp>Codificação, Modernização ortográfica</resp>
                    <name>Inês Filipa Rebelo do Carmo</name>
                </respStmt>
                <respStmt>
                    <resp>Consultoria</resp>
                    <name>Institut für Dokumentologie und Editorik (IDE)</name>
                </respStmt>
            </titleStmt>
            <publicationStmt>
                <publisher>Universidade Nova de Lisboa, Instituto de Estudos de Literatura e
                    Tradição (IELT)</publisher>
                <publisher>Cologne Center for eHumanities (CCeH)</publisher>
                <date>2017</date>
                <availability status="free">
                    <licence target="http://creativecommons.org/licenses/by/3.0/"/>
                </availability>
                <idno type="filename">Pessoa_Cancao.xml</idno>
            </publicationStmt>
            <notesStmt>
                <note type="genre">
                    <rs type="genre" key="poesia">Poesia</rs>
                </note>
            </notesStmt>
            <sourceDesc>
                <list type="work-index">
                    <item><rs type="work" key="O1-7">Canção</rs></item>
                </list>
                <biblStruct>
                    <analytic>
                        <title level="a">Canção</title>
                        <author>
                            <rs type="name" key="FP">Fernando Pessoa</rs>
                        </author>
                        <textLang mainLang="pt"/>
                    </analytic>
                    <monogr>
                        <title level="j"><rs type="periodical" key="J33">Folhas de Arte</rs></title>
                        <imprint>
                            <date when="1924">1924</date>
                        </imprint>
                        <biblScope unit="issue">1</biblScope>
                    </monogr>
                </biblStruct>
            </sourceDesc>
        </fileDesc>
        <encodingDesc>
            <variantEncoding method="parallel-segmentation" location="internal"/>
        </encodingDesc>
    </teiHeader>
    <facsimile xml:base="http://images.cceh.uni-koeln.de/pessoa/">
        <graphic url="pub/pp-4944-a_0029_t0.jpg"/>
        <graphic url="pub/canaco.jpg"/>
    </facsimile>
    <text corresp="#O1-7" type="orig">
        <body>
            <div>
                <head>Canção</head>
                <lg>
                    <l>Sylphos ou gnomos tocam?...</l>
                    <l>Roçam nos pinheiraes</l>
                    <l>Sombras e bafos leves</l>
                    <l>De rythmos musicaes.</l>
                </lg>
                <lg>
                    <l>Ondulam como em voltas</l>
                    <l>De estradas não sei onde,</l>
                    <l>Ou como alguem que entre arvores</l>
                    <l>Ora se mostra ou esconde.</l>
                </lg>
                <lg>
                    <l>Fórma longinqua e incerta</l>
                    <l>Do que eu nunca terei...</l>
                    <l>Mal oiço, e quasi chóro,</l>
                    <l>Porque chóro não sei.</l>
                </lg>
                <lg>
                    <l>Tão tenue melodia</l>
                    <l>Que mal sei se ella existe</l>
                    <l>Ou se é só o crepusculo,</l>
                    <l>Os pinhaes e eu estar triste.</l>
                </lg>
                <lg>
                    <l>Mas cessa, como uma brisa</l>
                    <l>Esquece a fórma aos seus ais;</l>
                    <l>E agora não ha mais musica</l>
                    <l>Do que a dos pinheiraes.</l>
                </lg>
                <signed rend="right"><hi rend="italic"><rs type="name" key="FP" role="author"
                            style="b">Fernando Pessoa</rs></hi></signed>
            </div>
        </body>
    </text>
    <text type="reg">
        <body>
            <div>
                <head>Canção</head>
                <lg>
                    <l>Silfos ou gnomos tocam?...</l>
                    <l>Roçam nos pinheirais</l>
                    <l>Sombras e bafos leves</l>
                    <l>De ritmos musicais.</l>
                </lg>
                <lg>
                    <l>Ondulam como em voltas</l>
                    <l>De estradas não sei onde,</l>
                    <l>Ou como alguém que entre árvores</l>
                    <l>Ora se mostra ou esconde.</l>
                </lg>
                <lg>
                    <l>Forma longínqua e incerta</l>
                    <l>Do que eu nunca terei...</l>
                    <l>Mal oiço, e quase choro,</l>
                    <l>Porque choro não sei.</l>
                </lg>
                <lg>
                    <l>Tão ténue melodia</l>
                    <l>Que mal sei se ela existe</l>
                    <l>Ou se é só o crepúsculo,</l>
                    <l>Os pinhais e eu estar triste.</l>
                </lg>
                <lg>
                    <l>Mas cessa, como uma brisa</l>
                    <l>Esquece a forma aos seus ais;</l>
                    <l>E agora não há mais música</l>
                    <l>Do que a dos pinheirais.</l>
                </lg>
                <signed rend="right"><hi rend="italic">Fernando Pessoa</hi></signed>
            </div>
        </body>
    </text>
</TEI>
