<?xml version="1.0" encoding="UTF-8"?>
<?xml-model href="../schema/pessoaTEI.rng" type="application/xml" schematypens="http://relaxng.org/ns/structure/1.0"?>
<TEI xmlns="http://www.tei-c.org/ns/1.0">
   <teiHeader>
      <fileDesc>
         <titleStmt>
            <title>Tomamos a vila depois de um intenso bombardeamento</title>
            <author>
               <rs type="name" key="FP">Fernando Pessoa</rs>
            </author>
            <respStmt>
               <resp>Edição, Transcrição</resp>
               <name>Pedro Sepúlveda</name>
            </respStmt>
            <respStmt>
               <resp>Transcrição</resp>
               <name>Pablo Javier Pérez López</name>
            </respStmt>
            <respStmt>
               <resp>Modelagem de dados, Codificação</resp>
               <name>Ulrike Henny-Krahmer</name>
            </respStmt>
            <respStmt>
               <resp>Codificação</resp>
               <name>Sviatoslav Drach</name>
            </respStmt>
            <respStmt>
               <resp>Codificação, Atualização ortográfica</resp>
               <name>Inês Filipa Rebelo do Carmo</name>
            </respStmt>
            <respStmt>
               <resp>Consultoria</resp>
               <name>Institut für Dokumentologie und Editorik (IDE)</name>
            </respStmt>
         </titleStmt><editionStmt><p>Corpus version C2.1.0</p></editionStmt>
         <publicationStmt>
            <publisher>Universidade Nova de Lisboa, Instituto de Estudos de Literatura e
                    Tradição (IELT)</publisher>
            <publisher>Cologne Center for eHumanities (CCeH)</publisher>
            <date>2016</date>
            <availability status="free">
               <licence target="http://creativecommons.org/licenses/by/4.0/"/>
            </availability>
            <idno type="filename">Pessoa_Tomamos-a-Villa.xml</idno>
         </publicationStmt>
         <notesStmt>
            <note type="genre">
               <rs type="genre" key="poesia">Poesia</rs>
            </note>
         </notesStmt>
         <sourceDesc>
            <list type="work-index">
               <item>
                  <rs type="work" key="O1-35">Tomamos a vila depois de um intenso bombardeamento</rs>
               </item>
            </list>
            <biblStruct>
               <analytic>
                  <title level="a">Tomamos a vila depois de um intenso bombardeamento</title>
                  <author>
                     <rs type="name" key="FP">Fernando Pessoa</rs>
                  </author>
                  <textLang mainLang="pt"/>
               </analytic>
               <monogr>
                  <title level="j">
                     <rs type="periodical" key="J9">Notícias
                            Ilustrado</rs>
                  </title>
                  <imprint>
                     <date when="1929-07-14">14 de julho de 1929</date>
                  </imprint>
                  <biblScope unit="page">18</biblScope>
               </monogr>
            </biblStruct>
         </sourceDesc>
      </fileDesc>
      <encodingDesc>
         <variantEncoding method="parallel-segmentation" location="internal"/>
      </encodingDesc>
      <revisionDesc>
         <change when="2023-11-15" who="#FAF">
                    Added edition statement to the teiHeader
                </change>
      </revisionDesc>
   </teiHeader>
   <facsimile xml:base="http://images.cceh.uni-koeln.de/pessoa/">
      <graphic url="pub/FP147_1929-07-14_0018_Tamamos_a_vila.jpg"/>
   </facsimile>
   <text corresp="#O1-35" type="orig">
      <body>
         <div>
            <head>TOMAMOS A VILLA DEPOIS DE UM INTENSO BOMBARDEAMENTO</head>
            <lg>
               <l>A CREANÇA LOURA</l>
               <l>JAZ NO MEIO DA RUA.</l>
               <l>TEM AS TRIPAS DE FÓRA</l>
               <l>E POR UMA CORDA SUA</l>
               <l>UM COMBOIO QUE IGNORA.</l>
            </lg>
            <lg>
               <l>A CARA ESTÁ UM FEIXE</l>
               <l>DE SANGUE E DE NADA.</l>
               <l>LUZ UM PEQUENO PEIXE —</l>
               <l>DOS QUE BOIAM NAS BANHEIRAS —</l>
               <l>Á BEIRA DA ESTRADA.</l>
            </lg>
            <lg>
               <l>CAHE SOBRE A ESTRADA O ESCURO.</l>
               <l>LONGE, AINDA UMA LUZ DOURA</l>
               <l> A CREAÇÃO DO FUTURO...</l>
            </lg>
            <lg>
               <l>E O DA CREANÇA LOURA?</l>
            </lg>
            <signed rend="right">
               <hi rend="italic">
                  <rs type="name" key="FP" role="author" style="b">FERNANDO PESSOA</rs>
               </hi>
            </signed>
         </div>
      </body>
   </text>
   <text type="reg">
      <body>
         <div>
            <head>TOMAMOS A VILA DEPOIS DE UM INTENSO BOMBARDEAMENTO</head>
            <lg>
               <l>A CRIANÇA LOURA</l>
               <l>JAZ NO MEIO DA RUA.</l>
               <l>TEM AS TRIPAS DE FORA</l>
               <l>E POR UMA CORDA SUA</l>
               <l>UM COMBOIO QUE IGNORA.</l>
            </lg>
            <lg>
               <l>A CARA ESTÁ UM FEIXE</l>
               <l>DE SANGUE E DE NADA.</l>
               <l>LUZ UM PEQUENO PEIXE —</l>
               <l>DOS QUE BOIAM NAS BANHEIRAS —</l>
               <l>À BEIRA DA ESTRADA.</l>
            </lg>
            <lg>
               <l>CAI SOBRE A ESTRADA O ESCURO.</l>
               <l>LONGE, AINDA UMA LUZ DOURA</l>
               <l>A CRIAÇÃO DO FUTURO...</l>
            </lg>
            <lg>
               <l>E O DA CRIANÇA LOURA?</l>
            </lg>
            <signed rend="right">
               <hi rend="italic">FERNANDO PESSOA</hi>
            </signed>
         </div>
      </body>
   </text>
</TEI>
