<?xml version="1.0" encoding="UTF-8"?>
<?xml-model href="../schema/pessoaTEI.rng" type="application/xml" schematypens="http://relaxng.org/ns/structure/1.0"?>
<TEI xmlns="http://www.tei-c.org/ns/1.0">
    <teiHeader>
        <fileDesc>
            <titleStmt>
                <title>Versos de Fernando Pessoa (Minuete Invisível, Névoa)</title>
                <author>
                    <rs type="name" key="FP">Fernando Pessoa</rs>
                </author>
                <respStmt>
                    <resp>Edição, Transcrição, Codificação</resp>
                    <name>Pedro Sepúlveda</name>
                </respStmt>
                <respStmt>
                    <resp>Modelagem de dados, Codificação</resp>
                    <name>Ulrike Henny-Krahmer</name>
                </respStmt>
                <respStmt>
                    <resp>Codificação, Modernização ortográfica</resp>
                    <name>Inês Filipa Rebelo do Carmo</name>
                </respStmt>
                <respStmt>
                    <resp>Consultoria</resp>
                    <name>Institut für Dokumentologie und Editorik (IDE)</name>
                </respStmt>
            </titleStmt>
            <publicationStmt>
                <publisher>Universidade Nova de Lisboa, Instituto de Estudos de Literatura e
                    Tradição (IELT)</publisher>
                <publisher>Cologne Center for eHumanities (CCeH)</publisher>
                <date>2017</date>
                <availability status="free">
                    <licence target="http://creativecommons.org/licenses/by/3.0/"/>
                </availability>
                <idno type="filename">Pessoa_Nevoa.xml</idno>
            </publicationStmt>
            <notesStmt>
                <note type="summary">O poema ʺMinuete invisivelʺ foi anteriormente incluído em <ref
                        target="http://www.pessoadigital.pt/pt/pub/Pessoa_Episodios">ʺFicções do
                        Interludioʺ, parte do conjunto ʺEpisódiosʺ, <hi rend="italic">Portugal
                            Futurista</hi>, Novembro de 1917, pp. 21-23</ref>, com algumas
                    diferenças ortográficas.</note>
                <note type="genre">
                    <rs type="genre" key="poesia">Poesia</rs>
                </note>
            </notesStmt>
            <sourceDesc>
                <list type="work-index">
                    <item><rs type="work" key="W275">Névoa</rs></item>
                    <item><rs type="work" key="W276">Minuete Invisível</rs></item>
                    <item><rs type="work" key="W277">Versos de Fernando Pessoa</rs></item>
                </list>
                <biblStruct>
                    <analytic>
                        <title level="a">Versos de Fernando Pessoa (Minuete Invisível, Névoa)</title>
                        <author>
                            <rs type="name" key="FP">Fernando Pessoa</rs>
                        </author>
                        <textLang mainLang="pt"/>
                    </analytic>
                    <monogr>
                        <title level="j"><rs type="periodical" key="J78">Diário dos
                            Açores</rs></title>
                        <imprint>
                            <date when="1930-07-17">17 de julho de 1930</date>
                        </imprint>
                        <biblScope unit="page">1</biblScope>
                    </monogr>
                </biblStruct>
            </sourceDesc>
        </fileDesc>
        <encodingDesc>
            <variantEncoding method="parallel-segmentation" location="internal"/>
        </encodingDesc>
    </teiHeader>
    <facsimile xml:base="http://images.cceh.uni-koeln.de/pessoa/">
        <graphic url="pub/nevoa.jpg"/>
    </facsimile>
    <text corresp="W277" type="orig">
        <body>
            <div>
                <head><hi rend="underline">Versos de <rs type="name" key="FP" role="author"
                            style="b">Fernando Pessoa</rs></hi></head>
            </div>
            <div type="poem" corresp="W276">
                <head>Minuete invisivel</head>
                <lg>
                    <l>Elas são vaporosas,</l>
                    <l>Palidas sombras, as rosas</l>
                    <l>Nadas da hora lunar..</l>
                </lg>
                <lg>
                    <l>Veem, aereas, dançar</l>
                    <l>Como perfumes soltos</l>
                    <l>Entre os canteiros e os buxos...</l>
                    <l>Chora no som dos repuxos</l>
                    <l>O ritmo que ha nos seus vultos...</l>
                </lg>
                <lg>
                    <l>Passam e agitam a brisa...</l>
                    <l>Palida, a pompa indecisa</l>
                    <l>Da sua flébil demora</l>
                    <l>Paira em auréola á hóra...</l>
                </lg>
                <lg>
                    <l>Passam nos ritmos da sombra...</l>
                    <l>Ora é uma folha que tomba,</l>
                    <l>Ora uma brisa que treme</l>
                    <l>Sua leveza solene...</l>
                </lg>
                <lg>
                    <l>E assim vão indo, delindo</l>
                    <l>Seu perfil unico e lindo,</l>
                    <l>Seu vulto feito de todas,</l>
                    <l>Nas alamedas, em rodas,</l>
                    <l>No jardim livido e frio...</l>
                </lg>
                <lg>
                    <l>Passam sósinhas, a fio,</l>
                    <l>Como um fumo indo, a rarear,</l>
                    <l>Pelo ar longinquo e vazio,</l>
                    <l>Sob o, disperso pelo ar,</l>
                    <l>Palido palio lunar...</l>
                </lg>
            </div>
            <div type="poem" corresp="W275">
                <head>Névoa</head>
                <lg>
                    <l>A névoa involve a montanha,</l>
                    <l>Húmido, um frio desceu.</l>
                    <l>O que é esta mágua estranha</l>
                    <l>Que o coração me prendeu?</l>
                </lg>
                <lg>
                    <l>Parece ser a tristeza</l>
                    <l>De alguem de quem sou actor,</l>
                    <l>Com fantasiada viveza</l>
                    <l>Tornada já minha dôr.</l>
                </lg>
                <lg>
                    <l>Mas, não sei porquê, me doi</l>
                    <l>Qual se fôra eu a ilusão;</l>
                    <l>E ha névoa em tudo o que foi</l>
                    <l>E frio em meu coração.</l>
                </lg>
            </div>
        </body>
    </text>
    <text type="reg">
        <body>
            <div>
                <head><hi rend="underline">Versos de Fernando Pessoa</hi></head>
            </div>
            <div type="poem" corresp="W276">
                <head>Minuete invisível</head>
                <lg>
                    <l>Elas são vaporosas,</l>
                    <l>Pálidas sombras, as rosas</l>
                    <l>Nadas da hora lunar..</l>
                </lg>
                <lg>
                    <l>Vêm, aéreas, dançar</l>
                    <l>Como perfumes soltos</l>
                    <l>Entre os canteiros e os buxos...</l>
                    <l>Chora no som dos repuxos</l>
                    <l>O ritmo que há nos seus vultos...</l>
                </lg>
                <lg>
                    <l>Passam e agitam a brisa...</l>
                    <l>Pálida, a pompa indecisa</l>
                    <l>Da sua flébil demora</l>
                    <l>Paira em auréola à hora...</l>
                </lg>
                <lg>
                    <l>Passam nos ritmos da sombra...</l>
                    <l>Ora é uma folha que tomba,</l>
                    <l>Ora uma brisa que treme</l>
                    <l>Sua leveza solene...</l>
                </lg>
                <lg>
                    <l>E assim vão indo, delindo</l>
                    <l>Seu perfil único e lindo,</l>
                    <l>Seu vulto feito de todas,</l>
                    <l>Nas alamedas, em rodas,</l>
                    <l>No jardim lívido e frio...</l>
                </lg>
                <lg>
                    <l>Passam sozinhas, a fio,</l>
                    <l>Como um fumo indo, a rarear,</l>
                    <l>Pelo ar longínquo e vazio,</l>
                    <l>Sob o, disperso pelo ar,</l>
                    <l>Pálido pálio lunar...</l>
                </lg>
            </div>
            <div type="poem" corresp="W275">
                <head>Névoa</head>
                <lg>
                    <l>A névoa envolve a montanha,</l>
                    <l>Húmido, um frio desceu.</l>
                    <l>O que é esta mágoa estranha</l>
                    <l>Que o coração me prendeu?</l>
                </lg>
                <lg>
                    <l>Parece ser a tristeza</l>
                    <l>De alguém de quem sou ator,</l>
                    <l>Com fantasiada viveza</l>
                    <l>Tornada já minha dor.</l>
                </lg>
                <lg>
                    <l>Mas, não sei porquê, me dói</l>
                    <l>Qual se fora eu a ilusão;</l>
                    <l>E há névoa em tudo o que foi</l>
                    <l>E frio em meu coração.</l>
                </lg>
            </div>
        </body>
    </text>
</TEI>
