<?xml version="1.0" encoding="UTF-8"?>
<?xml-model href="../schema/pessoaTEI.rng" type="application/xml" schematypens="http://relaxng.org/ns/structure/1.0"?>
<TEI xmlns="http://www.tei-c.org/ns/1.0">
    <teiHeader>
        <fileDesc>
            <titleStmt>
                <title>Prece</title>
                <author>
                    <rs type="name" key="FP">Fernando Pessoa</rs>
                </author>
                <respStmt>
                    <resp>Edição, Transcrição, Codificação</resp>
                    <name>Pedro Sepúlveda</name>
                </respStmt>
                <respStmt>
                    <resp>Modelagem de dados, Codificação</resp>
                    <name>Ulrike Henny-Krahmer</name>
                </respStmt>
                <respStmt>
                    <resp>Codificação, Modernização ortográfica</resp>
                    <name>Inês Filipa Rebelo do Carmo</name>
                </respStmt>
                <respStmt>
                    <resp>Consultoria</resp>
                    <name>Institut für Dokumentologie und Editorik (IDE)</name>
                </respStmt>
            </titleStmt>
            <publicationStmt>
                <publisher>Universidade Nova de Lisboa, Instituto de Estudos de Literatura e
                    Tradição (IELT)</publisher>
                <publisher>Cologne Center for eHumanities (CCeH)</publisher>
                <date>2017</date>
                <availability status="free">
                    <licence target="http://creativecommons.org/licenses/by/3.0/"/>
                </availability>
                <idno type="filename">Pessoa_Prece.xml</idno>
            </publicationStmt>
            <notesStmt>
                <note type="summary">
                    <p>O poema “Prece“ foi incluído em <ref
                            target="http://www.pessoadigital.pt/pt/pub/Pessoa_Mar Portuguez">“Mar
                        Portuguez”</ref> (Contemporânea, Outubro de 1922; Leitura para todos, Junho de
                            1926 e Revolução, 16 de junho de 1933) e em <ref
                            target="http://www.pessoadigital.pt/pt/pub/Pessoa_Do_livro_Mensagem">“Do
                                livro Mensagem”</ref> (Diário de Lisboa, 14 de dezembro de 1934, p. 5),
                        assim como no livro <hi rend="italic">Mensagem</hi> (Lisboa: Parceria
                        António Maria Pereira, 1934), apresentando diferenças ortográficas e de
                        pontuação face a qualquer das restantes publicações.</p></note>
                <note type="genre">
                    <rs type="genre" key="poesia">Poesia</rs>
                </note>
            </notesStmt>
            <sourceDesc>
                <list type="work-index">
                    <item><rs type="work" key="W222">Prece</rs></item>
                    <item><rs type="work" key="W211">Mar Português</rs></item>
                    <item><rs type="work" key="W223">Mensagem</rs></item>
                </list>
                <biblStruct xml:id="Not_1929">
                    <analytic>
                        <title level="a">Prece</title>
                        <author>
                            <rs type="name" key="FP">Fernando Pessoa</rs>
                        </author>
                        <textLang mainLang="pt"/>
                    </analytic>
                    <monogr>
                        <title level="j"><rs type="periodical" key="J11">O “Notícias”
                            Ilustrado</rs></title>
                        <imprint>
                            <date when="1929-01-20">20 de janeiro de 1929</date>
                        </imprint>
                        <biblScope unit="page">7</biblScope>
                    </monogr>
                </biblStruct>
            </sourceDesc>
        </fileDesc>
        <encodingDesc>
            <variantEncoding method="parallel-segmentation" location="internal"/>
        </encodingDesc>
    </teiHeader>
    <facsimile xml:base="http://images.cceh.uni-koeln.de/pessoa/" corresp="#Not_1929">
        <graphic url="pub/prece.jpg"/>
    </facsimile>
    <text type="orig">
        <body>
            <div>
                <div type="poem" corresp="#W222">
                    <head rend="indent"><hi rend="italic">PRECE</hi></head>
                    <lg>
                        <l>Senhor, a noite veio e a alma é vil.</l>
                        <l>Tanta foi a tormenta e a vontade!</l>
                        <l>Restam-nos hoje, no silencio hostil,</l>
                        <l>O mar universal e a saudade.</l>
                    </lg>
                    <lg>
                        <l>Mas a chama, que a vida em nós creou,</l>
                        <l>Se ainda há vida ainda não é finda;</l>
                        <l>O frio morto em cinzas a ocultou;</l>
                        <l>A mão do vento póde erguê-la ainda.</l>
                    </lg>
                    <lg>
                        <l>Dá o sopro, a aragem — ou desgraça, ou ânsia —</l>
                        <l>Com que a chama do esforço se remóça,</l>
                        <l>E outra vez conquistemos a Distancia —</l>
                        <l>Do mar ou outra, mas que seja nossa.</l>
                    </lg>
                </div>
                <signed rend="right"><hi rend="italic"><rs type="name" key="FP" role="author"
                            style="b">FERNANDO PESSOA</rs>.</hi></signed>
            </div>
        </body>
    </text>
    <text type="reg">
        <body>
            <div>
                <div type="poem" corresp="#W222">
                    <head rend="indent"><hi rend="italic">PRECE</hi></head>
                    <lg>
                        <l>Senhor, a noite veio e a alma é vil.</l>
                        <l>Tanta foi a tormenta e a vontade!</l>
                        <l>Restam-nos hoje, no silêncio hostil,</l>
                        <l>O mar universal e a saudade.</l>
                    </lg>
                    <lg>
                        <l>Mas a chama, que a vida em nós criou,</l>
                        <l>Se ainda há vida ainda não é finda;</l>
                        <l>O frio morto em cinzas a ocultou;</l>
                        <l>A mão do vento pode erguê-la ainda.</l>
                    </lg>
                    <lg>
                        <l>Dá o sopro, a aragem — ou desgraça, ou ânsia —</l>
                        <l>Com que a chama do esforço se remoça,</l>
                        <l>E outra vez conquistemos a Distância —</l>
                        <l>Do mar ou outra, mas que seja nossa.</l>
                    </lg>
                </div>
                <signed rend="right"><hi rend="italic">FERNANDO PESSOA.</hi></signed>
            </div>
        </body>
    </text>
</TEI>
