<?xml version="1.0" encoding="UTF-8"?>
<?xml-model href="../schema/pessoaTEI.rng" type="application/xml" schematypens="http://relaxng.org/ns/structure/1.0"?>
<TEI xmlns="http://www.tei-c.org/ns/1.0">
   <teiHeader>
      <fileDesc>
         <titleStmt>
            <title>O indivíduo é que é gente</title>
            <author>
               <rs type="name" key="FP">Fernando Pessoa</rs>
            </author>
            <respStmt>
               <resp>Edição, Transcrição, Codificação</resp>
               <name>Jorge Uribe</name>
            </respStmt>
            <respStmt>
               <resp>Modelagem de dados, Codificação</resp>
               <name>Ulrike Henny-Krahmer</name>
            </respStmt>
            <respStmt>
               <resp>Atualização ortográfica</resp>
               <name>Inês Filipa Rebelo do Carmo</name>
            </respStmt>
            <respStmt>
               <resp>Consultoria</resp>
               <name>Institut für Dokumentologie und Editorik (IDE)</name>
            </respStmt>
         </titleStmt><editionStmt><p>Corpus version C2.1.0</p></editionStmt>
         <publicationStmt>
            <publisher>Universidade Nova de Lisboa, Instituto de Estudos de Literatura e Tradição
               (IELT)</publisher>
            <publisher>Cologne Center for eHumanities (CCeH)</publisher>
            <date>2017</date>
            <availability status="free">
               <licence target="http://creativecommons.org/licenses/by/4.0/"/>
            </availability>
            <idno type="filename">Pessoa_O_individuo.xml</idno>
         </publicationStmt>
         <notesStmt>
            <note type="genre">
               <rs type="genre" key="prosa">Prosa</rs>
            </note>
            <note type="summary" resp="#JU">Neste caso, é possível defender uma autoria pessoana
               deste breve reclame, publicado no <hi rend="italic">Sol</hi>, como assinalou José
               Barreto, afirmando tratar-se de «um texto caracteristicamente pessoano tanto na forma
               como no conteúdo» (<ref target="http://www.pessoadigital.pt/pt/bibliography/About_the_work_of_Fernando_Pessoa#Barreto_2012">Barreto 2012, p. 233</ref>). Como também assinala Barreto, são muitos os textos
               pessoanos que têm como assunto o individualismo, como por exemplo BNP 55-59, de um
               teor semelhante ao do texto publicado, embora inserido noutro contexto.</note>
         </notesStmt>
         <sourceDesc>
            <list type="work-index">
               <item>
                  <rs type="work" key="W274">O indivíduo é que é gente</rs>
               </item>
            </list>
            <biblStruct>
               <analytic>
                  <title level="a">O indivíduo é que é gente</title>
                  <author>
                     <rs type="name" key="FP">Fernando Pessoa</rs>
                  </author>
                  <textLang mainLang="pt" otherLangs="en"/>
               </analytic>
               <monogr>
                  <title level="j">
                     <rs type="periodical" key="J10">Sol: Bisemanário Republicano</rs>
                  </title>
                  <imprint>
                     <date when="1926-08-04">4 de agosto de 1926</date>
                  </imprint>
                  <biblScope unit="page">2</biblScope>
               </monogr>
            </biblStruct>
         </sourceDesc>
      </fileDesc>
      <encodingDesc>
         <variantEncoding method="parallel-segmentation" location="internal"/>
      </encodingDesc>
      <revisionDesc>
         <change when="2023-11-15" who="#FAF">
                    Added edition statement to the teiHeader
                </change>
      </revisionDesc>
   </teiHeader>
   <facsimile xml:base="http://images.cceh.uni-koeln.de/pessoa/">
      <graphic url="prosa/O_individuo.jpg"/>
   </facsimile>
   <text type="orig" corresp="#W274">
      <body>
         <div>
            <head>SENHORES REFORMADORES!</head>
            <head>O individuo é que é gente</head>
            <p rend="indent-first">Para reformar um paiz o principal é reformar os individuos que
               compõem esse paiz. De nada serve reformar a administração, as finanças, o magisterio
               se não se reformam, antes de mais nada, as pessoas que hão de orientar a
               administração, dirigir as finanças e exercer o magisterio. Toda a reforma é fútil se
               não atinge o individuo, unica verdadeira realidade social. Toda a reforma é inútil se
               não parte do individuo que atinge. Fortalecer um Estado é crear homens que fortaleçam
               esse Estado.</p>
         </div>
      </body>
   </text>
   <text type="reg" corresp="#W274">
      <body>
         <div>
            <head>SENHORES REFORMADORES!</head>
            <head>O indivíduo é que é gente</head>
            <p rend="indent-first">Para reformar um país o principal é reformar os indivíduos que
               compõem esse país. De nada serve reformar a administração, as finanças, o magistério
               se não se reformam, antes de mais nada, as pessoas que hão de orientar a
               administração, dirigir as finanças e exercer o magistério. Toda a reforma é fútil se
               não atinge o indivíduo, unica verdadeira realidade social. Toda a reforma é inútil se
               não parte do indivíduo que atinge. Fortalecer um Estado é criar homens que fortaleçam
               esse Estado.</p>
         </div>
      </body>
   </text>
</TEI>
