<?xml version="1.0" encoding="UTF-8"?>
<?xml-model href="../schema/pessoaTEI.rng" type="application/xml" schematypens="http://relaxng.org/ns/structure/1.0"?>
<TEI xmlns="http://www.tei-c.org/ns/1.0">
    <teiHeader>
        <fileDesc>
            <titleStmt>
                <title>Mar Portuguez</title>
                <author>
                    <rs type="name" key="FP">Fernando Pessoa</rs>
                </author>
                <respStmt>
                    <resp>Edição, Transcrição</resp>
                    <name>Pedro Sepúlveda</name>
                </respStmt>
                <respStmt>
                    <resp>Modelagem de dados, Codificação</resp>
                    <name>Ulrike Henny-Krahmer</name>
                </respStmt>
                <respStmt>
                    <resp>Codificação</resp>
                    <name>Pedro Sepúlveda</name>
                </respStmt>
                <respStmt>
                    <resp>Consultoria</resp>
                    <name>Institut für Dokumentologie und Editorik (IDE)</name>
                </respStmt>
            </titleStmt>
            <publicationStmt>
                <publisher>Universidade Nova de Lisboa, Instituto de Estudos de Literatura e
                    Tradição (IELT)</publisher>
                <publisher>Cologne Center for eHumanities (CCeH)</publisher>
                <date>2017</date>
                <availability status="free">
                    <licence target="http://creativecommons.org/licenses/by/3.0/"/>
                </availability>
                <idno type="filename">Pessoa_Mar_Portuguez.xml</idno>
            </publicationStmt>
            <sourceDesc>
                <list type="work-index">
                    <item><rs type="work">Mar Portuguez</rs></item>
                    <item><rs type="work">O Infante</rs></item>
                    <item><rs type="work">Horizonte</rs></item>
                    <item><rs type="work">Padrão</rs></item>
                    <item><rs type="work">O Morcego</rs></item>
                    <item><rs type="work">Epitaphio de Bartholomeu Dias</rs></item>
                    <item><rs type="work">Ironia</rs></item>
                    <item><rs type="work">Os Descobridores do Occidente</rs></item>
                    <item><rs type="work">Dança dos Titans</rs></item>
                    <item><rs type="work">Ascenção de Vasco da Gama</rs></item>
                    <item><rs type="work">A Ultima Nau</rs></item>
                    <item><rs type="work">Prece</rs></item>
                    <item><rs type="work">Mensagem</rs></item>
                </list>
                <biblStruct>
                    <analytic>
                        <title level="a">Mar Portuguez</title>
                        <author>
                            <rs type="name" key="FP">Fernando Pessoa</rs>
                        </author>
                        <textLang mainLang="pt"/>
                    </analytic>
                    <monogr>
                        <title level="j"><rs type="periodical" key="J11">Contemporânea</rs></title>
                        <imprint>
                            <date when="1922-10">Outubro de 1922</date>
                        </imprint>
                        <biblScope unit="issue">4</biblScope>
                        <biblScope unit="page">9-14</biblScope>
                    </monogr>
                    <note type="genre">
                        <rs type="genre" key="poesia">Poesia</rs>
                    </note>
                    <note type="summary"><p>O poema “Prece“, aqui incluído em “Mar Portuguez”, foi
                            republicado em <hi rend="italic">O “Notícias” Ilustrado</hi>, 20 de
                            Janeiro de 1929, p. 7, com diferenças ortográficas e de pontuação.
                            Apresentamos aqui as imagens de ambas as publicações.</p>
                        <p>Os poemas I, IV e XII foram republicados sob o título de conjunto <ref
                                target="http://www.pessoadigital.pt/pt/pub/Pessoa_Do_livro_Mensagem"
                                >“Do livro Mensagem” (Diário de Lisboa, 14 de Dezembro de 1934, p.
                                5)</ref>. Para além de diferenças ortográficas e de pontuação, o
                            poema IV é aí publicado sob o título “O Mostrengo”, apresentando
                            variantes em diversos versos. A sequência “Mar Portuguez” foi
                            republicada, sob o mesmo título, com diferenças ortográficas e de
                            pontuação, em <hi rend="italic">Revolução</hi>, 16 de Junho de 1933.
                            Aguardamos a disponibilização das imagens deste jornal. Foi ainda
                            republicada no livro <hi rend="italic">Mensagem</hi> (Lisboa: Parceria
                            António Maria Pereira, 1934), com variações ortográficas, de pontuação e
                            conteúdo dos poemas. O poema “Ironia” não foi incluído no livro, sendo
                            substituído por “Os Colombos”.</p></note>
                </biblStruct>
            </sourceDesc>
        </fileDesc>
    </teiHeader>
    <facsimile>
        <graphic url="pub/mar_portuguez.jpg"/>
        <graphic url="pub/mar_portuguezII.jpg"/>
        <graphic url="pub/mar_portuguezIII.jpg"/>
        <graphic url="pub/mar_portuguezIV.jpg"/>
        <graphic url="pub/mar_portuguezV.jpg"/>
        <graphic url="pub/mar_portuguezVI.jpg"/>
        <graphic url="pub/prece.jpg"/>
    </facsimile>
    <text>
        <body>
            <div>
                <head>MAR PORTUGUEZ</head>
                <div type="poem">
                    <head rend="indent">I</head>
                    <head rend="indent">O INFANTE</head>
                    <lg>
                        <l>Deus quer, o homem sonha, a obra nasce.</l>
                        <l>Deus quiz que a terra fôsse toda uma,</l>
                        <l>Que o mar unisse, já não separasse.</l>
                        <l>Sagrou-te, e foste desvendando a espuma,</l>
                    </lg>
                    <lg>
                        <l>E a orla branca foi de ilha em continente,</l>
                        <l>Clareou, correndo, até ao fim do mundo,</l>
                        <l>E viu-se a terra inteira, de repente,</l>
                        <l>Surgir, redonda, do azul profundo.</l>
                    </lg>
                    <lg>
                        <l>Quem te sagrou creou-te portuguez.</l>
                        <l>Do mar e nós em ti nos deu signal.</l>
                        <l>Cumpriu-se o Mar, e o Imperio se desfez.</l>
                        <l>Senhor, falta cumprir-se Portugal!</l>
                    </lg>
                </div>
                <div type="poem">
                    <head rend="indent">II</head>
                    <head rend="indent">HORIZONTE</head>
                    <lg>
                        <l>Ó mar anterior a nós, teus medos</l>
                        <l>Tinham coral e praias e arvoredos!</l>
                        <l>Desvendadas a noite e a cerração,</l>
                        <l>As tormentas passadas, e o mysterio,</l>
                        <l>Abria em flôr o Longe, e o Sul siderio</l>
                        <l>Splendia sobre as naus da iniciação.</l>
                    </lg>
                    <lg>
                        <l>Linha severa da longinqua costa —</l>
                        <l>Quando a nau se approxima, ergue-se a encosta</l>
                        <l>Em arvores onde o Longe nada tinha;</l>
                        <l>Mais perto abre-se a terra em sons e côres;</l>
                        <l>E no desembarcar ha aves, flôres,</l>
                        <l>Onde era só, de longe a abstracta linha.</l>
                    </lg>
                    <lg>
                        <l>O sonho é ver as fórmas invisiveis</l>
                        <l>Da distancia imprecisa, e, com sensiveis</l>
                        <l>Movimentos da esp’rança e da vontade,</l>
                        <l>Buscar na linha fria do horizonte</l>
                        <l>A arvore, a praia, a flôr, a ave, a fonte —</l>
                        <l>Os beijos merecidos da Verdade.</l>
                    </lg>
                </div>
                <div type="poem">
                    <head rend="indent">III</head>
                    <head rend="indent">PADRÃO</head>
                    <lg>
                        <l>O exforço é grande e o homem é pequeno.</l>
                        <l>Eu, Diogo Cão, navegador, deixei</l>
                        <l>Este padrão ao pé do areal moreno</l>
                        <l rend="indent">E para deante naveguei.</l>
                    </lg>
                    <lg>
                        <l>A alma é divina e a obra é imperfeita.</l>
                        <l>Este padrão signala ao vento e aos céus</l>
                        <l>Que, da obra ousada, é minha a parte feita:</l>
                        <l rend="indent">O por-fazer é só com Deus.</l>
                    </lg>
                    <lg>
                        <l>E ao immenso e possivel oceano</l>
                        <l>Ensinam estas quinas, que aqui vês,</l>
                        <l>Que o mar com fim será grego ou romano:</l>
                        <l rend="indent">O mar sem fim é portuguez.</l>
                    </lg>
                    <lg>
                        <l>E a cruz ao alto diz que o que me ha na alma</l>
                        <l>E faz a febre em mim de navegar</l>
                        <l>Só encontrará de Deus na eterna calma</l>
                        <l rend="indent">O porto sempre por achar.</l>
                    </lg>
                </div>
                <div type="poem">
                    <head rend="indent">IV</head>
                    <head rend="indent">O MORCEGO</head>
                    <lg>
                        <l>O morcego que está no fim do mar</l>
                        <l>Na noite de breu ergueu-se a voar,</l>
                        <l>Á roda da nau voou trez vezes,</l>
                        <l>Voou trez vezes a chiar,</l>
                        <l>E disse: «Quem é que ousou entrar</l>
                        <l>Nas minhas cavernas que não desvendo,</l>
                        <l>Meus tectos negros do fim do mundo?»</l>
                        <l>E o homem do leme disse, tremendo,</l>
                        <l rend="indent">«El-Rei Dom João Segundo!»</l>
                    </lg>
                    <lg>
                        <l>«De quem são as velas onde me róço?</l>
                        <l>De quem as quilhas que vejo e ouço?»</l>
                        <l>Disse o morcego, e rodou trez vezes,</l>
                        <l>Trez vezes rodou immundo e grosso,</l>
                        <l>«Quem vem poder o que só eu posso,</l>
                        <l>Que móro onde nunca ninguem me visse</l>
                        <l>E escorro os medos do mar sem fundo?»</l>
                        <l>E o homem do leme tremeu, e disse:</l>
                        <l rend="indent">«El-Rei Dom João Segundo!»</l>
                    </lg>
                    <lg>
                        <l>Trez vezes do leme as mãos ergueu,</l>
                        <l>Trez vezes ao leme as reprendeu,</l>
                        <l>E ao monstro que volta disse trez vezes,</l>
                        <l>«Aqui ao leme sou mais que eu:</l>
                        <l>Sou um Povo que quer o mar que é teu!</l>
                        <l>E mais que o morcego, que me a alma teme</l>
                        <l>E roda nas trevas do fim do mundo,</l>
                        <l>Manda a vontade, que me ata ao leme,</l>
                        <l rend="indent">D’El-Rei D. João Segundo!»</l>
                    </lg>
                </div>
                <div type="poem">
                    <head rend="indent">V</head>
                    <head rend="indent">EPITAPHIO DE BARTHOLOMEU DIAS</head>
                    <lg>
                        <l>Jaz aqui, na pequena praia extrema,</l>
                        <l>O Capitão do Fim. Dobrado o Assombro,</l>
                        <l>O mar é o mesmo: já ninguém o tema!</l>
                        <l>Atlas, mostra alto o mundo no seu hombro.</l>
                    </lg>
                </div>
                <div type="poem">
                    <head rend="indent">VI</head>
                    <head rend="indent">IRONIA</head>
                    <lg>
                        <l>Faz um a casa onde outro poz a pedra.</l>
                        <l>O gallego Colón, de Pontevedra,</l>
                        <l>Seguiu nos para onde nós não fomos.</l>
                        <l>Não vimos da nossa arvore esses pomos.</l>
                    </lg>
                    <lg>
                        <l>Um imperio ganhou para Castella,</l>
                        <l>Para si gloria merecida — aquella</l>
                        <l>De um grande longe aos mares conquistado.</l>
                        <l>Mas não ganhou o tel-o começado.</l>
                    </lg>
                </div>
                <div type="poem">
                    <head rend="indent">VII</head>
                    <head rend="indent">OS DESCOBRIDORES DO OCCIDENTE</head>
                    <lg>
                        <l>Com duas mãos, o Acto e o Destino,</l>
                        <l>Desvendámos. No mesmo gesto, ao ceu</l>
                        <l>Uma ergue o facho tremulo e divino</l>
                        <l>E a outra afasta o véu.</l>
                    </lg>
                    <lg>
                        <l>Fôsse a hora propicia ou a força fria</l>
                        <l>A mão que o Oeste a estes entregou,</l>
                        <l>Foi alma a Sciencia e corpo a Ousadia</l>
                        <l>Da mão que consummou.</l>
                    </lg>
                    <lg>
                        <l>Fôsse Acaso, ou Vontade, ou Temporal</l>
                        <l>A mão que a estes o Occidente abriu,</l>
                        <l>Foi Deus a alma e o corpo Portugal</l>
                        <l>Da mão que o conduziu.</l>
                    </lg>
                </div>
                <div type="poem">
                    <head rend="indent">VIII</head>
                    <head rend="indent">DANÇA DOS TITANS</head>
                    <lg>
                        <l>No valle clareia uma fogueira,</l>
                        <l>Uma dança sacode a terra inteira,</l>
                        <l>E sombras disformes e descompostas</l>
                        <l>Em clarões negros do valle vão</l>
                        <l>Subitamente pelas encostas</l>
                        <l>E vão perder-se na escuridão.</l>
                    </lg>
                    <lg>
                        <l>De quem é a dança que a noite aterra?</l>
                        <l>São os titans, os filhos da Terra,</l>
                        <l>Que dançam á morte do marinheiro</l>
                        <l>Que quiz cingir o materno vulto,</l>
                        <l>Ser circumnavegador primeiro,</l>
                        <l>Na praia ao longe por fim sepulto.</l>
                    </lg>
                    <lg>
                        <l>Dançam, nem sabem que a alma ousada</l>
                        <l>Do morto ainda commanda a armada,</l>
                        <l>Pulso sem corpo ao leme a guiar</l>
                        <l>As naus no resto do fim do espaço;</l>
                        <l>Que mesmo ausente soube cercar</l>
                        <l>A terra inteira com seu abraço!</l>
                    </lg>
                    <lg>
                        <l>Violou a terra. Mas elles não</l>
                        <l>O sabem, e dançam na escuridão;</l>
                        <l>E sombras disformes e descompostas,</l>
                        <l>Indo perder-se nos horizontes,</l>
                        <l>Galgam do valle pelas encostas</l>
                        <l>Dos mudos montes.</l>
                    </lg>
                </div>
                <div type="poem">
                    <head rend="indent">IX</head>
                    <head rend="indent">ASCENSÃO DE VASCO DA GAMA</head>
                    <lg>
                        <l>Os deuses da tormenta e os gigantes da terra</l>
                        <l>Suspendem de repente o odio da sua guerra</l>
                        <l>E pasmam. Pelo valle onde se ascende aos céus</l>
                        <l>Surge um silencio, e vae, da nevoa ondeando os veus,</l>
                        <l>Primeiro um movimento e depois um assombro.</l>
                        <l>Ladeiam-o, ao durar, os medos, hombro a hombro,</l>
                        <l>E ao longe o rastro ruge em nuvens e clarões.</l>
                        <l>Em baixo, onde a terra é, o pastor gela, e a flauta</l>
                        <l>Cahe-lhe, e em extase vê, á luz de mil trovões,</l>
                        <l>O céu abrir o abysmo á alma do Argonauta.</l>
                    </lg>
                </div>
                <div type="poem">
                    <head rend="indent">X</head>
                    <head rend="indent">MAR PORTUGUÊS</head>
                    <lg>
                        <l>Ó mar salgado, quanto do teu sal</l>
                        <l rend="indent">São lágrimas de Portugal!</l>
                        <l>Por te cruzarmos, quantas mães choraram,</l>
                        <l rend="indent">Quantos filhos em vão resaram!</l>
                        <l>Quantas noivas ficaram por casar</l>
                        <l rend="indent">Para que fôsses nosso, ó mar!</l>
                    </lg>
                    <lg>
                        <l>Valeu a pena? Tudo vale a pena</l>
                        <l rend="indent">Se a alma não é pequena!</l>
                        <l>Quem quer passar além do Bojador</l>
                        <l rend="indent">Tem que passar além da dor.</l>
                        <l>Deus ao mar o perigo e o abysmo deu,</l>
                        <l rend="indent">Mas nelle é que espelhou o céu.</l>
                    </lg>
                </div>
                <div type="poem">
                    <head rend="indent">XI</head>
                    <head rend="indent">A ULTIMA NAU</head>
                    <lg>
                        <l>Levando a bordo el-rei Dom Sebastião,</l>
                        <l>E erguendo, como um nome, alto, o pendão</l>
                        <l rend="indent">Do Imperio,</l>
                        <l>Foi-se a ultima nau, ao sol aziago</l>
                        <l>Erma, e entre choros de ansia e de presago</l>
                        <l rend="indent">Mysterio.</l>
                    </lg>
                    <lg>
                        <l>Não voltou mais. A que ilha indescoberta</l>
                        <l>Aportou? Volverá da sorte incerta</l>
                        <l rend="indent">Que teve?</l>
                        <l>Deus guarda o corpo e a fórma do futuro,</l>
                        <l>Mas sua luz projecta-o, sonho escuro</l>
                        <l rend="indent">E breve.</l>
                    </lg>
                    <lg>
                        <l>Ah, quanto mais ao povo a alma falta,</l>
                        <l>Mais a minh’alma atlantica se exalta</l>
                        <l rend="indent">E entorna,</l>
                        <l>E em mim, num mar que não tem tempo ou spaço,</l>
                        <l>Vejo entre a cerração teu vulto baço</l>
                        <l rend="indent">Que torna.</l>
                    </lg>
                    <lg>
                        <l>Não sei a hora, mas sei que ha a hora,</l>
                        <l>Demora-a Deus, chame-lhe a alma embora</l>
                        <l rend="indent">Mysterio.</l>
                        <l>Surges ao sol em mim, e a nevoa finda,</l>
                        <l>A mesma, e trazes o pendão ainda</l>
                        <l rend="indent">Do Imperio.</l>
                    </lg>
                </div>
                <div type="poem">
                    <head rend="indent">XII</head>
                    <head rend="indent">PRECE</head>
                    <lg>
                        <l>Senhor, a noite veiu e a alma é vil.</l>
                        <l>Tanta foi a tormenta e a vontade!</l>
                        <l>Restam-nos hoje, no silencio hostil,</l>
                        <l>O mar universal e a saudade.</l>
                    </lg>
                    <lg>
                        <l>Mas a chamma, que a vida em nós creou,</l>
                        <l>Se ainda ha vida ainda não é finda;</l>
                        <l>O frio morto em cinzas a occultou;</l>
                        <l>A mão do vento pode erguel-a ainda.</l>
                    </lg>
                    <lg>
                        <l>Dá o sopro, a aragem — ou desgraça ou ansia —,</l>
                        <l>Com que a chamma do exforço se remóça,</l>
                        <l>E outra vez conquistemos a Distancia —</l>
                        <l>Do mar ou outra, mas que seja nossa!</l>
                    </lg>
                </div>
                <signed rend="right">FERNANDO PESSOA.</signed>
            </div>
        </body>
    </text>
</TEI>
