<?xml version="1.0" encoding="UTF-8"?>
<?xml-model href="../schema/pessoaTEI.rng" type="application/xml" schematypens="http://relaxng.org/ns/structure/1.0"?>
<TEI xmlns="http://www.tei-c.org/ns/1.0">
   <teiHeader>
      <fileDesc>
         <titleStmt>
            <title>Fábula</title>
            <author>
               <rs type="name" key="FP">Fernando Pessoa</rs>
            </author>
            <respStmt>
               <resp>Edição, Transcrição, Codificação</resp>
               <name>Jorge Uribe</name>
            </respStmt>
            <respStmt>
               <resp>Modelagem de dados, Codificação</resp>
               <name>Ulrike Henny-Krahmer</name>
            </respStmt>
            <respStmt>
               <resp>Codificação, Modernização ortográfica</resp>
               <name>Inês Filipa Rebelo do Carmo</name>
            </respStmt>
            <respStmt>
               <resp>Consultoria</resp>
               <name>Institut für Dokumentologie und Editorik (IDE)</name>
            </respStmt>
         </titleStmt>
         <publicationStmt>
            <publisher>Universidade Nova de Lisboa, Instituto de Estudos de Literatura e
                    Tradição (IELT)</publisher>
            <publisher>Cologne Center for eHumanities (CCeH)</publisher>
            <date>2017</date>
            <availability status="free">
               <licence target="http://creativecommons.org/licenses/by/3.0/"/>
            </availability>
            <idno type="filename">Pessoa_Fabula.xml</idno>
         </publicationStmt>
         <notesStmt>
            <note type="genre">
               <rs type="genre" key="prosa">Prosa</rs>
            </note>
         </notesStmt>
         <sourceDesc>
            <list type="work-index">
               <item>
                  <rs type="work" key="W281">Fábula</rs>
               </item>
            </list>
            <biblStruct>
               <analytic>
                  <title level="a">Fábula</title>
                  <author>
                     <rs type="name" key="FP">Fernando Pessoa</rs>
                  </author>
                  <textLang mainLang="pt" otherLangs="en"/>
               </analytic>
               <monogr>
                  <title level="j">
                     <rs type="periodical" key="J45">O Jornal</rs>
                  </title>
                  <imprint>
                     <date when="1915-04-04">4 de abril de 1915</date>
                  </imprint>
                  <biblScope unit="page">3</biblScope>
               </monogr>
            </biblStruct>
         </sourceDesc>
      </fileDesc>
      <encodingDesc>
         <variantEncoding method="parallel-segmentation" location="internal"/>
      </encodingDesc>
   </teiHeader>
   <facsimile xml:base="http://images.cceh.uni-koeln.de/pessoa/">
      <graphic url="prosa/Fabula.jpg"/>
   </facsimile>
   <text type="orig" corresp="#W281">
      <body>
         <div>
            <head>Fabula</head>
            <p rend="indent-first">Num fabulario ainda por encontrar será um dia lida esta
                    fabula:</p>
            <p rend="indent-first">A uma bordadora d’um paiz longiquo foi encomendado pela sua
                    rainha que bordasse, sobre seda ou setim, entre folhas uma rosa branca. A
                    bordadora, como era muito joven, foi procurar por toda a parte aquela rosa
                    branca perfeitissima, em cuja semelhança bordasse a sua. Mas sucedia que umas
                    rosas eram menos belas do que lhe convinha, e que outras não eram brancas como
                    deviam ser. Gastou dias sobre dias, chorosas horas, buscando a rosa que imitasse
                    com seda, e, como nos paizes longinquos nunca deixa de haver pena de morte, ela
                    sabia bem que, pelas leis dos contos como este, não podiam deixar de a matar, se
                    ela não bordasse a rosa branca.</p>
            <p rend="indent-first">Por fim, não tendo melhor remedio, bordou, da memoria a rosa
                    branca que lhe haviam exigido. Depois de a bordar foi compara-la com as rosas
                    brancas que existem realmente nas roseiras. Sucedeu que todas as rosas brancas
                    se pareciam exatamente com a rosa que ela bordara, que cada uma delas era
                    exatamente aquela.</p>
            <p rend="indent-first">Ela levou o trabalho ao palacio e é de supor que casasse com
                    o principe.</p>
            <p rend="indent-first">No fabulario, onde vem, esta fabula não traz moralidade.
                    Mesmo porque, na edade de ouro, as fabulas não tinham moralidade nenhuma.</p>
            <signed rend="right"><rs type="name" role="author" key="FP">
               <choice>
                  <abbr>F<am>.</am> P<am>.</am>
                  </abbr>
                  <expan>F<ex>ernando</ex> P<ex>essôa</ex>
                  </expan>
               </choice>
            </rs></signed>
         </div>
      </body>
   </text>
   <text type="reg" corresp="#W281">
      <body>
         <div>
            <head>Fábula</head>
            <p rend="indent-first">Num fabulário ainda por encontrar será um dia lida esta
                    fábula:</p>
            <p rend="indent-first">A uma bordadora dum país longínquo foi encomendado pela sua
                    rainha que bordasse, sobre seda ou cetim, entre folhas uma rosa branca. A
                    bordadora, como era muito jovem, foi procurar por toda a parte aquela rosa
                    branca perfeitíssima, em cuja semelhança bordasse a sua. Mas sucedia que umas
                    rosas eram menos belas do que lhe convinha, e que outras não eram brancas como
                    deviam ser. Gastou dias sobre dias, chorosas horas, buscando a rosa que imitasse
                    com seda, e, como nos países longínquos nunca deixa de haver pena de morte, ela
                    sabia bem que, pelas leis dos contos como este, não podiam deixar de a matar, se
                    ela não bordasse a rosa branca.</p>
            <p rend="indent-first">Por fim, não tendo melhor remédio, bordou, da memória a rosa
                    branca que lhe haviam exigido. Depois de a bordar foi compará-la com as rosas
                    brancas que existem realmente nas roseiras. Sucedeu que todas as rosas brancas
                    se pareciam exatamente com a rosa que ela bordara, que cada uma delas era
                    exatamente aquela.</p>
            <p rend="indent-first">Ela levou o trabalho ao palácio e é de supor que casasse com
                    o príncipe.</p>
            <p rend="indent-first">No fabulário, onde vem, esta fábula não traz moralidade.
                    Mesmo porque, na idade de ouro, as fábulas não tinham moralidade nenhuma.</p>
            <signed rend="right">
               <choice>
                  <abbr>F<am>.</am> P<am>.</am>
                  </abbr>
                  <expan>F<ex>ernando</ex> P<ex>essoa</ex>
                  </expan>
               </choice>
            </signed>
         </div>
      </body>
   </text>
</TEI>
