<?xml version="1.0" encoding="UTF-8"?> <?xml-model href="../schema/pessoaTEI.rng" type="application/xml" schematypens="http://relaxng.org/ns/structure/1.0"?>
<TEI xmlns="http://www.tei-c.org/ns/1.0">
    <teiHeader>
        <fileDesc>
            <titleStmt>
                <title>O Andaime</title>
                <author>
                    <rs type="name" key="FP">Fernando Pessoa</rs>
                </author>
                <respStmt>
                    <resp>Edição, Transcrição</resp>
                    <name>Pedro Sepúlveda</name>
                </respStmt>
                <respStmt>
                    <resp>Transcrição</resp>
                    <name>Pablo Javier Pérez López</name>
                </respStmt>
                <respStmt>
                    <resp>Modelagem de dados, Codificação</resp>
                    <name>Ulrike Henny-Krahmer</name>
                </respStmt>
                <respStmt>
                    <resp>Codificação</resp>
                    <name>Sviatoslav Drach</name>
                </respStmt>
                <respStmt>
                    <resp>Consultoria</resp>
                    <name>Institut für Dokumentologie und Editorik (IDE)</name>
                </respStmt>
            </titleStmt>
            <publicationStmt>
                <publisher>Universidade Nova de Lisboa, Instituto de Estudos de Literatura e Tradição (IELT)</publisher>
                <publisher>Cologne Center for eHumanities (CCeH)</publisher>
                <date>2016</date>
                <availability status="restricted">
                    <licence target="http://creativecommons.org/licenses/by/3.0/"/>
                </availability>
                <idno type="filename">Pessoa_O-Andaime.xml</idno>
            </publicationStmt>
            <sourceDesc>
                <list type="work-index">
                    <item><rs type="work" key="O1-27">O Andaime</rs></item>
                </list>
                <biblStruct>
                    <analytic>
                        <title level="a">O Andaime</title>
                        <author>
                            <rs type="name" key="FP">Fernando Pessoa</rs>
                        </author>
                        <textLang mainLang="pt"/>
                    </analytic>
                    <monogr>
                        <title level="j"><rs type="periodical" key="J1">Presença</rs></title>
                        <imprint>
                            <date from="1931-03" to="1931-06">Março-Junho de 1931</date>
                        </imprint>
                        <biblScope unit="issue">31-32</biblScope>
                    </monogr>
                    <note type="genre">
                        <rs type="genre" key="poesia">Poesia</rs>
                    </note>
                </biblStruct>
            </sourceDesc>
        </fileDesc>
    </teiHeader>
    <facsimile>
        <graphic url="pub/res-1900-a_1931-1934_1931_n31-n32_0002.jpg"/>
    </facsimile>
    <text corresp="#O1-27">
        <body>
            <div>
                <head>O Andaime</head>
                <lg>
                    <l>O tempo que eu hei sonhado</l>
                    <l>Quantos anos foi de vida!</l>
                    <l>Ah, quanto do meu passado</l>
                    <l>Foi só a vida mentida</l>
                    <l>De um futuro imaginado!</l>
                </lg>
                <lg>
                    <l>Aqui à beira do rio</l>
                    <l>Sossego sem ter razão.</l>
                    <l>Este seu correr vazio</l>
                    <l>Figura, anónimo e frio,</l>
                    <l>A vida vivida em vão.</l>
                </lg>
                <lg>
                    <l>A sprança que pouco alcança!</l>
                    <l>Que desejo vale o ensejo?</l>
                    <l>E uma bola de criança</l>
                    <l>Sobe mais que a minha sprança,</l>
                    <l>Rola mais que o meu desejo.</l>
                </lg>
                <lg>
                    <l>Ondas do rio, tão leves</l>
                    <l>Que não sois ondas sequer,</l>
                    <l>Horas, dias, anos, breves</l>
                    <l> Passam — verduras ou neves</l>
                    <l>Que o mesmo sol faz morrer.</l>
                </lg>
                <lg>
                    <l>Gastei tudo que não tinha.</l>
                    <l>Sou mais velho do que sou.</l>
                    <l>A ilusão, que me mantinha,</l>
                    <l>Só no palco era rainha:</l>
                    <l>Despiu-se, e o reino acabou.</l>
                </lg>
                <lg>
                    <l>Leve som das águas lentas,</l>
                    <l>Gulosas da margem ida,</l>
                    <l>Que lembranças sonolentas </l>
                    <l>De esperanças nevoentas!</l>
                    <l>Que sonhos o sonho e a vida!</l>
                </lg>
                <lg>
                    <l>Que fiz de mim? Encontrei-me</l>
                    <l>Quando estava já perdido.</l>
                    <l>Impaciente deixei-me</l>
                    <l>Como a um louco que teime</l>
                    <l>No que lhe foi desmentido.</l>
                </lg>
                <lg>
                    <l>Som morto das águas mansas</l>
                    <l>Que correm por ter que ser,</l>
                    <l>Leva não só as lembranças,</l>
                    <l>Mas as mortas esperanças —</l>
                    <l>Mortas, porque hão de morrer.</l>
                </lg>
                <lg>
                    <l>Sou já o morto futuro.</l>
                    <l>Só um sonho me liga a mim —</l>
                    <l>O sonho atrasado e obscuro </l>
                    <l>Do que eu devera ser — muro</l>
                    <l>Do meu deserto jardim.</l>
                </lg>
                <lg>
                    <l>Ondas passadas, levai-me</l>
                    <l>Para o olvido do mar!</l>
                    <l>Ao que não serei legai-me,</l>
                    <l>Que cerquei com um andaime</l>
                    <l> A casa por fabricar.</l>
                </lg>
                <signed>FERNANDO PESSOA</signed>
            </div>
        </body>
    </text>
</TEI>
