<?xml version="1.0" encoding="UTF-8"?>
<?xml-model href="../schema/pessoaTEI.rng" type="application/xml" schematypens="http://relaxng.org/ns/structure/1.0"?>
<TEI xmlns="http://www.tei-c.org/ns/1.0">
    <teiHeader>
        <fileDesc>
            <titleStmt>
                <title>Canção de Outono</title>
                <author>
                    <rs type="name" key="FP">Fernando Pessoa</rs>
                </author>
                <respStmt>
                    <resp>Edição, Transcrição, Codificação</resp>
                    <name>Pedro Sepúlveda</name>
                </respStmt>
                <respStmt>
                    <resp>Modelagem de dados, Codificação</resp>
                    <name>Ulrike Henny-Krahmer</name>
                </respStmt>
                <respStmt>
                    <resp>Codificação, Atualização ortográfica</resp>
                    <name>Inês Filipa Rebelo do Carmo</name>
                </respStmt>
                <respStmt>
                    <resp>Consultoria</resp>
                    <name>Institut für Dokumentologie und Editorik (IDE)</name>
                </respStmt>
            </titleStmt>
            <publicationStmt>
                <publisher>Universidade Nova de Lisboa, Instituto de Estudos de Literatura e
                    Tradição (IELT)</publisher>
                <publisher>Cologne Center for eHumanities (CCeH)</publisher>
                <date>2017</date>
                <availability status="free">
                    <licence target="http://creativecommons.org/licenses/by/3.0/"/>
                </availability>
                <idno type="filename">Pessoa_Cancao_de_Outomno.xml</idno>
            </publicationStmt>
            <notesStmt>
                <note type="summary">Poema republicado, sem título, em <ref
                        target="http://www.pessoadigital.pt/pt/pub/Pessoa_Alguns-Poemas">“Alguns
                        Poemas / De um Cancioneiro”, Athena 3, Dezembro de 1924, pp. 82-88</ref>.
                    Para além de diferenças ortográficas, na segunda publicação o terceiro verso da
                    última estrofe é substituído por “E até do que hoje sou”.</note>
                <note type="genre">
                    <rs type="genre" key="poesia">Poesia</rs>
                </note>
            </notesStmt>
            <sourceDesc>
                <list type="work-index">
                    <item><rs type="work">Canção de Outono</rs></item>
                </list>
                <biblStruct>
                    <analytic>
                        <title level="a">Canção de Outono</title>
                        <author>
                            <rs type="name" key="FP">Fernando Pessoa</rs>
                        </author>
                        <textLang mainLang="pt"/>
                    </analytic>
                    <monogr>
                        <title level="j"><rs type="periodical" key="J31">Ilustração
                            Portuguesa</rs></title>
                        <imprint>
                            <date when="1922-01-28">28 de janeiro de 1922</date>
                        </imprint>
                        <biblScope unit="page">86</biblScope>
                    </monogr>
                </biblStruct>
            </sourceDesc>
        </fileDesc>
        <encodingDesc>
            <variantEncoding method="parallel-segmentation" location="internal"/>
        </encodingDesc>
    </teiHeader>
    <facsimile xml:base="http://images.cceh.uni-koeln.de/pessoa/">
        <graphic url="pub/cancao_de_outomno.jpg"/>
    </facsimile>
    <text type="orig">
        <body>
            <div>
                <head>CANÇÃO DE OUTOMNO</head>
                <lg>
                    <l>No entardecer da terra</l>
                    <l>O sopro do longo outomno</l>
                    <l>Amareleceu o chão.</l>
                    <l>Um vago vento erra,</l>
                    <l>Como um sonho mau num somno,</l>
                    <l>Na livida solidão.</l>
                </lg>
                <lg>
                    <l>Soergue as folhas, e pousa</l>
                    <l>As folhas, e volve e revolve,</l>
                    <l>E esváe-se inda outra vez.</l>
                    <l>Mas a folha não repousa,</l>
                    <l>E o vento livido volve</l>
                    <l>E expira na lividez.</l>
                </lg>
                <lg>
                    <l>Eu já não sou quem era;</l>
                    <l>O que eu sonhei, morri-o;</l>
                    <l>E mesmo o que hoje sou</l>
                    <l>Amanhã direi: Quem dera</l>
                    <l>Volver a sel-o!… Mais frio</l>
                    <l>O vento vago voltou.</l>
                </lg>
                <dateline>1910</dateline>
                <signed rend="right"><rs type="name" key="FP" role="author" style="b">FERNANDO
                        PESSOA</rs>.</signed>
            </div>
        </body>
    </text>
    <text type="reg">
        <body>
            <div>
                <head>CANÇÃO DE OUTONO</head>
                <lg>
                    <l>No entardecer da terra</l>
                    <l>O sopro do longo outono</l>
                    <l>Amareleceu o chão.</l>
                    <l>Um vago vento erra,</l>
                    <l>Como um sonho mau num sono,</l>
                    <l>Na lívida solidão.</l>
                </lg>
                <lg>
                    <l>Soergue as folhas, e pousa</l>
                    <l>As folhas, e volve e revolve,</l>
                    <l>E esvai-se inda outra vez.</l>
                    <l>Mas a folha não repousa,</l>
                    <l>E o vento lívido volve</l>
                    <l>E expira na lividez.</l>
                </lg>
                <lg>
                    <l>Eu já não sou quem era;</l>
                    <l>O que eu sonhei, morri-o;</l>
                    <l>E mesmo o que hoje sou</l>
                    <l>Amanhã direi: Quem dera</l>
                    <l>Volver a sê-lo!… Mais frio</l>
                    <l>O vento vago voltou.</l>
                </lg>
                <dateline>1910</dateline>
                <signed rend="right">FERNANDO PESSOA.</signed>
            </div>
        </body>
    </text>
</TEI>
