<?xml version="1.0" encoding="UTF-8"?> 
<?xml-model href="../schema/pessoaTEI.rng" type="application/xml" schematypens="http://relaxng.org/ns/structure/1.0"?>
<TEI xmlns="http://www.tei-c.org/ns/1.0">
    <teiHeader>
        <fileDesc>
            <titleStmt>
                <title>Impressões do Crepusculo</title>
                <author>
                    <rs type="name" key="FP">Fernando Pessoa</rs>
                </author>
                <respStmt>
                    <resp>Edição, Transcrição</resp>
                    <name>Pedro Sepúlveda</name>
                </respStmt>
                <respStmt>
                    <resp>Transcrição</resp>
                    <name>Pablo Javier Pérez López</name>
                </respStmt>
                <respStmt>
                    <resp>Modelagem de dados, Codificação</resp>
                    <name>Ulrike Henny-Krahmer</name>
                </respStmt>
                <respStmt>
                    <resp>Codificação</resp>
                    <name>Sviatoslav Drach</name>
                </respStmt>
                <respStmt>
                    <resp>Consultoria</resp>
                    <name>Institut für Dokumentologie und Editorik (IDE)</name>
                </respStmt>
            </titleStmt>
            <publicationStmt>
                <publisher>Universidade Nova de Lisboa, Instituto de Estudos de Literatura e
                    Tradição (IELT)</publisher>
                <publisher>Cologne Center for eHumanities (CCeH)</publisher>
                <date>2017</date>
                <availability status="free">
                    <licence target="http://creativecommons.org/licenses/by/3.0/"/>
                </availability>
                <idno type="filename">Pessoa_Impressoes-do-Crepusculo.xml</idno>
            </publicationStmt>
            <sourceDesc>
                <list type="work-index">
                    <item><rs type="work" key="O1-19">Impressões do Crepusculo</rs></item>
                    <item><rs type="work" key="O1-19-1">I</rs></item>
                    <item><rs type="work" key="O1-19-2">II</rs></item>
                </list>
                <biblStruct>
                    <analytic>
                        <title level="a">Impressões do Crepusculo</title>
                        <author>
                            <rs type="name" key="FP">Fernando Pessoa</rs>
                        </author>
                        <textLang mainLang="pt"/>
                    </analytic>
                    <monogr>
                        <title level="j"><rs type="periodical" key="J27">A Renascença</rs></title>
                        <imprint>
                            <date when="1914-02">Fevereiro de 1914</date>
                        </imprint>
                        <biblScope unit="issue">número único</biblScope>
                    </monogr>
                    <note type="genre">
                        <rs type="genre" key="poesia">Poesia</rs>
                    </note>
                </biblStruct>
            </sourceDesc>
        </fileDesc>
    </teiHeader>
    <facsimile>
        <graphic url="pub/res-2749-v_0017_t0.jpg"/>
    </facsimile>
    <text corresp="#O1-19">
        <body>
            <div>
                <head>Impressões do Crepusculo</head>
                <div type="poem" corresp="#O1-19-1">
                    <head>I</head>
                    <lg>
                        <l>Ó sino da minha aldeia,</l>
                        <l>Dolente na tarde calma,</l>
                        <l>Cada tua badalada</l>
                        <l>Sôa dentro da minh’alma.</l>
                    </lg>
                    <lg>
                        <l>E é tão lento o teu soar,</l>
                        <l>Tão como triste da vida,</l>
                        <l>Que já a primeira pancada</l>
                        <l>Tem um som de repetida.</l>
                    </lg>
                    <lg>
                        <l>Por mais que me tanjas perto</l>
                        <l>Quando passo triste e errante,</l>
                        <l>E’s para mim como um sonho —</l>
                        <l>Sôas-me sempre distante…</l>
                    </lg>
                    <lg>
                        <l>A cada pancada tua,</l>
                        <l>Vibrante no céu aberto,</l>
                        <l>Sinto mais longe o passado,</l>
                        <l>Sinto a saudade mais perto.</l>
                    </lg>
                </div>
                <div type="poem" corresp="#O1-19-2">
                    <head>II</head>
                    <lg>
                        <l>Pauis de roçarem ansias pela minh’alma em ouro...</l>
                        <l>Dobre longinquo de Outros Sinos... Empalidece o louro</l>
                        <l>Trigo na cinza do poente... Corre um frio carnal por minh’alma...</l>
                        <l>Tão sempre a mesma, a Hora!... Baloiçar de cimos de palma...</l>
                        <l>Silencio que as folhas fitam em nós... Outôno delgado</l>
                        <l>Dum canto de vaga ave... Azul esquecido em estagnado...</l>
                        <l>Oh que mudo grito de ansia põe garras na Hora!</l>
                        <l>Que pasmo de mim anseia por outra cousa que o que chora!</l>
                        <l>Estendo as mãos para além, mas ao estende-las já vejo</l>
                        <l>Que não é aquilo que quero aquilo que desejo... </l>
                        <l>Cimbalos de Imperfeição... Ó tão antiguidade</l>
                        <l>A Hora expulsa de si-Tempo! Onda de recúo que invade</l>
                        <l>O meu abandonar-me a mim-proprio até desfalecer,</l>
                        <l>E recordar tanto o Eu presente que me sinto esquecer!...</l>
                        <l>Fluido de auréola, transparente de Foi, ôco de têr-se...</l>
                        <l>O Misterio sabe-me a eu ser outro... Luar sobre o não contêr-se...</l>
                        <l>A sentinela é hirta — a lança que finca no chão</l>
                        <l>É mais alta do que ela... Pra que é tudo isto?... Dia chão...</l>
                        <l>Trepadeiras de desproposito lambendo de Hora os Aléns...</l>
                        <l>Horizontes fechando os olhos ao espaço em que são élos de erro...</l>
                        <l>Fanfarras de ópios de silencios futuros... Longes trens...</l>
                        <l>Portões vistos longe... atravez das arvores... tão de ferro!</l>
                    </lg>
                </div>
                <dateline>29 —Março — 1913</dateline>
                <signed>FERNANDO PESSÔA.</signed>
            </div>
        </body>
    </text>
</TEI>
