<?xml version="1.0" encoding="UTF-8"?>
<?xml-model href="../schema/pessoaTEI.rng" type="application/xml" schematypens="http://relaxng.org/ns/structure/1.0"?>
<TEI xmlns="http://www.tei-c.org/ns/1.0">
    <teiHeader>
        <fileDesc>
            <titleStmt>
                <title>Canção (ʺSol nulo dos dias vãosʺ)</title>
                <author>
                    <rs type="name" key="FP">Fernando Pessoa</rs>
                </author>
                <respStmt>
                    <resp>Edição, Transcrição</resp>
                    <name>Pedro Sepúlveda</name>
                </respStmt>
                <respStmt>
                    <resp>Transcrição</resp>
                    <name>Pablo Javier Pérez López</name>
                </respStmt>
                <respStmt>
                    <resp>Modelagem de dados, Codificação</resp>
                    <name>Ulrike Henny-Krahmer</name>
                </respStmt>
                <respStmt>
                    <resp>Codificação</resp>
                    <name>Sviatoslav Drach</name>
                </respStmt>
                <respStmt>
                    <resp>Codificação, Atualização ortográfica</resp>
                    <name>Inês Filipa Rebelo do Carmo</name>
                </respStmt>
                <respStmt>
                    <resp>Consultoria</resp>
                    <name>Institut für Dokumentologie und Editorik (IDE)</name>
                </respStmt>
            </titleStmt>
            <publicationStmt>
                <publisher>Universidade Nova de Lisboa, Instituto de Estudos de Literatura e
                    Tradição (IELT)</publisher>
                <publisher>Cologne Center for eHumanities (CCeH)</publisher>
                <date>2017</date>
                <availability status="free">
                    <licence target="http://creativecommons.org/licenses/by/3.0/"/>
                </availability>
                <idno type="filename">Pessoa_Cancao-Sol-nulo-dos-dias-vaos.xml</idno>
            </publicationStmt>
            <notesStmt>
                <note type="summary"><p>Poema republicado no conjunto <ref
                            target="http://www.pessoadigital.pt/pt/pub/Pessoa_Alguns-Poemas">ʺAlguns
                            Poemasʺ (Sacadura Cabral, Gladio, De um Cancioneiro), <hi rend="italic"
                                >Athena</hi>, n.º 3, Dezembro de 1924, pp. 81-88.</ref> e
                        isoladamente em <hi rend="italic">Cancioneiro do 1º Salão dos
                            Independentes</hi>, 1930, p. 22, apenas com uma pequena diferença
                        ortográfica em ambos os casos (ʺnulloʺ). Apresentamos aqui as imagens de
                        ambas as publicações isoladas do poema, seguindo a transcrição a ortografia
                        da primeira.</p></note>
                <note type="genre">
                    <rs type="genre" key="poesia">Poesia</rs>
                </note>
            </notesStmt>
            <sourceDesc>
                <list type="work-index">
                    <item><rs type="work" key="O1-8">Canção (ʺSol nulo dos dias vãosʺ)</rs></item>
                </list>
                <biblStruct>
                    <analytic>
                        <title level="a">Canção (ʺSol nulo dos dias vãosʺ)</title>
                        <author>
                            <rs type="name" key="FP">Fernando Pessoa</rs>
                        </author>
                        <textLang mainLang="pt"/>
                    </analytic>
                    <monogr>
                        <title level="j"><rs type="periodical" key="J31">Ilustração
                            Portuguesa</rs></title>
                        <imprint>
                            <date when="1922-02-11">11 de fevereiro de 1922</date>
                        </imprint>
                        <biblScope unit="page">129</biblScope>
                    </monogr>
                </biblStruct>
            </sourceDesc>
        </fileDesc>
        <encodingDesc>
            <variantEncoding method="parallel-segmentation" location="internal"/>
        </encodingDesc>
    </teiHeader>
    <facsimile xml:base="http://images.cceh.uni-koeln.de/pessoa/">
        <graphic url="pub/N834_0011_branca_t0.jpg"/>
        <graphic url="pub/cancao.jpg"/>
    </facsimile>
    <text corresp="#O1-8" type="orig">
        <body>
            <div>
                <head>CANÇÃO</head>
                <lg>
                    <l>Sol nulo dos dias vãos,</l>
                    <l>Cheios de lida e de calma,</l>
                    <l>Aquece ao menos as mãos</l>
                    <l>A quem não entras na alma!</l>
                </lg>
                <lg>
                    <l>Que ao menos a mão, roçando</l>
                    <l>A mão que por ela passe,</l>
                    <l>Com externo calor brando </l>
                    <l>O frio da alma disfarce!</l>
                </lg>
                <lg>
                    <l>Senhor, já que a dôr é nossa</l>
                    <l>E a fraqueza que ela tem,</l>
                    <l>Dá-nos ao menos a força</l>
                    <l>De a não mostrar a ninguem!</l>
                </lg>
                <signed rend="right"><rs type="name" key="FP" role="author" style="b">FERNANDO
                        PESSOA</rs></signed>
            </div>
        </body>
    </text>
    <text type="reg">
        <body>
            <div>
                <head>CANÇÃO</head>
                <lg>
                    <l>Sol nulo dos dias vãos,</l>
                    <l>Cheios de lida e de calma,</l>
                    <l>Aquece ao menos as mãos</l>
                    <l>A quem não entras na alma!</l>
                </lg>
                <lg>
                    <l>Que ao menos a mão, roçando</l>
                    <l>A mão que por ela passe,</l>
                    <l>Com externo calor brando </l>
                    <l>O frio da alma disfarce!</l>
                </lg>
                <lg>
                    <l>Senhor, já que a dor é nossa</l>
                    <l>E a fraqueza que ela tem,</l>
                    <l>Dá-nos ao menos a força</l>
                    <l>De a não mostrar a ninguém!</l>
                </lg>
                <signed rend="right">FERNANDO PESSOA</signed>
            </div>
        </body>
    </text>
</TEI>
