<?xml version="1.0" encoding="UTF-8"?>
<?xml-model href="../schema/pessoaTEI.rng" type="application/xml" schematypens="http://relaxng.org/ns/structure/1.0"?>
<TEI xmlns="http://www.tei-c.org/ns/1.0">
    <teiHeader>
        <fileDesc>
            <titleStmt>
                <title>Mar Português</title>
                <author>
                    <rs type="name" key="FP">Fernando Pessoa</rs>
                </author>
                <respStmt>
                    <resp>Edição, Transcrição, Codificação</resp>
                    <name>Pedro Sepúlveda</name>
                </respStmt>
                <respStmt>
                    <resp>Modelagem de dados, Codificação</resp>
                    <name>Ulrike Henny-Krahmer</name>
                </respStmt>
                <respStmt>
                    <resp>Codificação, Atualização ortográfica</resp>
                    <name>Inês Filipa Rebelo do Carmo</name>
                </respStmt>
                <respStmt>
                    <resp>Consultoria</resp>
                    <name>Institut für Dokumentologie und Editorik (IDE)</name>
                </respStmt>
            </titleStmt>
            <publicationStmt>
                <publisher>Universidade Nova de Lisboa, Instituto de Estudos de Literatura e
                    Tradição (IELT)</publisher>
                <publisher>Cologne Center for eHumanities (CCeH)</publisher>
                <date>2017</date>
                <availability status="free">
                    <licence target="http://creativecommons.org/licenses/by/3.0/"/>
                </availability>
                <idno type="filename">Pessoa_Mar_Portuguez.xml</idno>
            </publicationStmt>
            <notesStmt>
                <note type="summary"><p>A sequência “Mar Portuguez” foi publicada, sob o mesmo
                        título, com algumas diferenças ortográficas, de pontuação e conteúdo, em <hi
                            rend="italic">Contemporânea</hi>, n.º 4, Outubro de 1922, <hi
                            rend="italic">Leitura para todos – Revista mensal illustrada</hi>, n.º
                        83, Junho de 1926 e <hi rend="italic">Revolução</hi>, 16 de Junho de 1933.
                        Apresentamos as imagens dos dois primeiros jornais e aguardamos a
                        disponibilização das imagens do último. Foi ainda republicada no livro <hi
                            rend="italic">Mensagem</hi> (Lisboa: Parceria António Maria Pereira,
                        1934), igualmente com variações ortográficas, de pontuação e conteúdo. O
                        poema “Ironia” não foi incluído no livro, sendo substituído por “Os
                        Colombos”. O texto aqui apresentado privilegia nos casos de variantes
                        substantivas a versão de <hi rend="italic">Contemporânea</hi>, seguida
                        igualmente pelo autor no livro publicado.</p>
                    <p>O poema “Prece“ foi republicado em <ref
                            target="http://www.pessoadigital.pt/pt/pub/Pessoa_Prece"><hi
                                rend="italic">O “Notícias” Ilustrado</hi>, 20 de Janeiro de 1929, p.
                            7</ref>, com diferenças ortográficas e de pontuação.</p>
                    <p>Os poemas I, IV e XII foram republicados sob o título de conjunto <ref
                            target="http://www.pessoadigital.pt/pt/pub/Pessoa_Do_livro_Mensagem">“Do
                            livro Mensagem” (Diário de Lisboa, 14 de Dezembro de 1934, p. 5)</ref>.
                        Para além de diferenças ortográficas e de pontuação, o poema IV é aí
                        publicado sob o título “O Mostrengo”, apresentando variantes em diversos
                        versos.</p></note>
                <note type="genre">
                    <rs type="genre" key="poesia">Poesia</rs>
                </note>
            </notesStmt>
            <sourceDesc>
                <list type="work-index">
                    <item><rs type="work" key="W211">Mar Português</rs></item>
                    <item><rs type="work" key="W212">O Infante</rs></item>
                    <item><rs type="work" key="W213">Horizonte</rs></item>
                    <item><rs type="work" key="W214">Padrão</rs></item>
                    <item><rs type="work" key="W215">O Morcego</rs></item>
                    <item><rs type="work" key="W216">Epitáfio de Bartolomeu Dias</rs></item>
                    <item><rs type="work" key="W217">Ironia</rs></item>
                    <item><rs type="work" key="W218">Os Descobridores do Ocidente</rs></item>
                    <item><rs type="work" key="W219">Dança dos Titãs</rs></item>
                    <item><rs type="work" key="W220">Ascenção de Vasco da Gama</rs></item>
                    <item><rs type="work" key="W221">A Última Nau</rs></item>
                    <item><rs type="work" key="W222">Prece</rs></item>
                    <item><rs type="work" key="W223">Mensagem</rs></item>
                </list>
                <biblStruct xml:id="Contemporânea_1922">
                    <analytic>
                        <title level="a">Mar Português</title>
                        <author>
                            <rs type="name" key="FP">Fernando Pessoa</rs>
                        </author>
                        <textLang mainLang="pt"/>
                    </analytic>
                    <monogr>
                        <title level="j"><rs type="periodical" key="J11">Contemporânea</rs></title>
                        <imprint>
                            <date when="1922-10">outubro de 1922</date>
                        </imprint>
                        <biblScope unit="issue">4</biblScope>
                        <biblScope unit="page">9-14</biblScope>
                    </monogr>
                </biblStruct>
                <biblStruct xml:id="Leitura_1926">
                    <analytic>
                        <title level="a">Mar Português</title>
                        <author>
                            <rs type="name" key="FP">Fernando Pessoa</rs>
                        </author>
                        <textLang mainLang="pt"/>
                    </analytic>
                    <monogr>
                        <title level="j"><rs type="periodical" key="J91">Leitura para todos —
                                Revista mensal ilustrada</rs></title>
                        <imprint>
                            <date when="1926-06">junho de 1926</date>
                            <pubPlace>Rio de Janeiro</pubPlace>
                        </imprint>
                        <biblScope unit="issue">83</biblScope>
                        <biblScope unit="page">22-26</biblScope>
                    </monogr>
                </biblStruct>
                <biblStruct xml:id="Revolução_1933">
                    <analytic>
                        <title level="a">Mar Português</title>
                        <author>
                            <rs type="name" key="FP">Fernando Pessoa</rs>
                        </author>
                        <textLang mainLang="pt"/>
                    </analytic>
                    <monogr>
                        <title level="j"><rs type="periodical" key="J90">Revolução</rs></title>
                        <imprint>
                            <date when="1933-06-16">16 de junho de 1933</date>
                        </imprint>
                    </monogr>
                </biblStruct>
            </sourceDesc>
        </fileDesc>
        <encodingDesc>
            <variantEncoding method="parallel-segmentation" location="internal"/>
        </encodingDesc>
    </teiHeader>
    <facsimile xml:base="http://images.cceh.uni-koeln.de/pessoa/" corresp="#Contemporânea_1922">
        <graphic url="pub/mar_portuguez.jpg"/>
        <graphic url="pub/mar_portuguezII.jpg"/>
        <graphic url="pub/mar_portuguezIII.jpg"/>
        <graphic url="pub/mar_portuguezIV.jpg"/>
        <graphic url="pub/mar_portuguezV.jpg"/>
        <graphic url="pub/mar_portuguezVI.jpg"/>
    </facsimile>
    <facsimile xml:base="http://images.cceh.uni-koeln.de/pessoa/" corresp="#Leitura_1926">
        <graphic url="pub/Mar_Portuguez-Leitura_para_todos_RJ.jpg"/>
        <graphic url="pub/Mar_Portuguez-Leitura_para_todos_RJ_2.jpg"/>
        <graphic url="pub/Mar_Portuguez-Leitura_para_todos_RJ_3.jpg"/>
        <graphic url="pub/Mar_Portuguez-Leitura_para_todos_RJ_4.jpg"/>
        <graphic url="pub/Mar_Portuguez-Leitura_para_todos_RJ_5.jpg"/>
    </facsimile>
    <text corresp="#W211" type="orig">
        <body>
            <div>
                <pb n="9"/>
                <head>MAR PORTUGUEZ</head>
                <div type="poem" corresp="#W212">
                    <head rend="indent">I</head>
                    <head rend="indent">O INFANTE</head>
                    <lg>
                        <l><rs type="name" key="P573" style="a">Deus</rs> quer, o homem sonha, a obra
                            nasce.</l>
                        <l><rs type="name" key="P573" style="a">Deus</rs> quiz que a terra fosse toda uma,</l>
                        <l>Que o mar unisse, já não separasse.</l>
                        <l>Sagrou-te, e foste desvendando a espuma,</l>
                    </lg>
                    <lg>
                        <l>E a orla branca foi de ilha em continente,</l>
                        <l>Clareou, correndo, até ao fim do mundo,</l>
                        <l>E viu-se a terra inteira, de repente,</l>
                        <l>Surgir, redonda, do azul profundo.</l>
                    </lg>
                    <lg>
                        <l>Quem te sagrou creou-te portuguez.</l>
                        <l>Do mar e nós em ti nos deu signal.</l>
                        <l>Cumpriu-se o Mar, e o Imperio se desfez.</l>
                        <l>Senhor, falta cumprir-se Portugal!</l>
                    </lg>
                </div>
                <div type="poem" corresp="#W213">
                    <head rend="indent">II</head>
                    <head rend="indent">HORIZONTE</head>
                    <lg>
                        <l>Ó mar anterior a nós, teus medos</l>
                        <l>Tinham coral e praias e arvoredos!</l>
                        <l>Desvendadas a noite e a cerração,</l>
                        <l>As tormentas passadas, e o mysterio,</l>
                        <l>Abria em flor o Longe, e o Sul siderio</l>
                        <l>Splendia sobre as náos da iniciação.</l>
                    </lg>
                    <lg>
                        <l>Linha severa da longinqua costa —</l>
                        <l>Quando a náo se approxima, ergue-se a encosta</l>
                        <l>Em arvores onde o Longe nada tinha;</l>
                        <l>Mais perto abre-se a terra em sons e côres;</l>
                        <l>E no desembarcar ha aves, flores,</l>
                        <l>Onde <app>
                                <lem wit="#Contemporânea_1922">era</lem>
                                <rdg wit="#Leitura_1926">será</rdg>
                            </app> só, de longe a abstracta linha.</l>
                    </lg>
                    <pb n="10"/>
                    <lg>
                        <l>O sonho é ver as formas invisiveis</l>
                        <l>Da distancia imprecisa, e, com sensiveis</l>
                        <l>Movimentos da esp’rança e da vontade,</l>
                        <l>Buscar na linha fria do horizonte</l>
                        <l>A arvore, a praia, a flor, a ave, a fonte —</l>
                        <l>Os beijos merecidos da Verdade.</l>
                    </lg>
                </div>
                <div type="poem" corresp="#W214">
                    <head rend="indent">III</head>
                    <head rend="indent">PADRÃO</head>
                    <lg>
                        <l>O exforço é grande e o homem é pequeno.</l>
                        <l>Eu, <rs type="name" key="P608">Diogo Cão</rs>, navegador, deixei</l>
                        <l>Este padrão ao pé do areal moreno</l>
                        <l rend="indent">E para deante naveguei.</l>
                    </lg>
                    <lg>
                        <l>A alma é divina e a obra é imperfeita.</l>
                        <l>Este padrão signala ao vento e aos céos</l>
                        <l>Que, da obra ousada, é minha a parte feita<app>
                                <lem wit="#Leitura_1926">;</lem>
                                <rdg wit="#Contemporânea_1922">:</rdg>
                            </app></l>
                        <l rend="indent">O por-fazer é só com <rs type="name" key="P573" style="a"
                            >Deus</rs>.</l>
                    </lg>
                    <lg>
                        <l>E ao immenso e possivel oceano</l>
                        <l>Ensinam estas quinas, que aqui vês,</l>
                        <l>Que o mar com fim será grego ou romano:</l>
                        <l rend="indent">O mar sem fim é portuguez.</l>
                    </lg>
                    <lg>
                        <l>E a cruz ao alto diz que o que me ha na alma</l>
                        <l>E faz a febre em mim de navegar</l>
                        <l>Só encontrará de <rs type="name" key="P573" style="a">Deus</rs> na eterna calma</l>
                        <l rend="indent">O porto sempre por achar.</l>
                    </lg>
                </div>
                <div type="poem" corresp="#W215">
                    <head rend="indent">IV</head>
                    <head rend="indent">O MORCEGO</head>
                    <lg>
                        <l>O morcego que está no fim do mar</l>
                        <l>Na noite de breu ergueu-se a voar,</l>
                        <l>Á roda da nao voou trez vezes,</l>
                        <l>Voou tres vezes a chiar,</l>
                        <l>E disse: "Quem é que ousou entrar</l>
                        <l>Nas minhas cavernas que não desvendo,</l>
                        <l>Meus tectos negros do fim do mundo?"</l>
                        <l>E o homem do leme disse tremendo,</l>
                        <l rend="indent">"El-Rei <rs type="name" key="P594">Dom João
                            Segundo</rs>!"</l>
                    </lg>
                    <pb n="11"/>
                    <lg>
                        <l>"De quem são as velas onde me róço?</l>
                        <l>De quem as quilhas que vejo e ouço?"</l>
                        <l>Disse o morcego, e rodou tres vezes,</l>
                        <l>Tres vezes rodou immundo e grosso,</l>
                        <l>"Quem vem poder o que só eu posso,</l>
                        <l>Que móro onde nunca ninguem me visse</l>
                        <l>E escorro os medos do mar sem fundo?"</l>
                        <l>E o homem do leme tremeu, e disse:</l>
                        <l rend="indent">«El-Rei <rs type="name" key="P594">Dom João
                            Segundo</rs>!»</l>
                    </lg>
                    <lg>
                        <l>Tres vezes do leme as mãos ergueu,</l>
                        <l>Tres vezes ao leme as reprendeu,</l>
                        <l>E ao monstro que volta disse tres vezes,</l>
                        <l>"Aqui ao leme sou mais que eu:</l>
                        <l>Sou um Povo que quer o mar que é teu!</l>
                        <l>E mais que o morcego, que me a alma teme</l>
                        <l>E roda nas trevas do fim do mundo,</l>
                        <l>Manda a vontade, que me ata ao leme,</l>
                        <l rend="indent">D’El-Rei <rs type="name" key="P594">Dom João
                            Segundo</rs>!"</l>
                    </lg>
                </div>
                <div type="poem" corresp="#W216">
                    <head rend="indent">V</head>
                    <head rend="indent">EPITAPHIO DE <rs type="name" key="P477">BARTHOLOMEU
                            DIAS</rs></head>
                    <lg>
                        <l>Jaz aqui, na pequena praia extrema,</l>
                        <l>O Capitão do Fim. Dobrado o Assombro,</l>
                        <l>O mar é o mesmo: já ninguem o tema!</l>
                        <l><rs type="name" key="P609">Atlas</rs>, mostra alto o mundo no seu
                            hombro.</l>
                    </lg>
                </div>
                <div type="poem" corresp="#W217">
                    <head rend="indent">VI</head>
                    <head rend="indent">IRONIA</head>
                    <lg>
                        <l>Faz um a casa onde outro poz a pedra.</l>
                        <l>O gallego <rs type="name" key="P20" style="b">Colón</rs>, de
                            Pontevedra,</l>
                        <l>Seguiu-nos para onde nós não fomos.</l>
                        <l>Não vimos da nossa arvore esses pomos.</l>
                    </lg>
                    <lg>
                        <l>Um imperio ganhou para Castella,</l>
                        <l>Para si gloria merecida — aquella</l>
                        <l>De um grande longe aos mares conquistado.</l>
                        <l>Mas não ganhou o tel-o começado.</l>
                    </lg>
                </div>
                <div type="poem" corresp="#W218">
                    <pb n="12"/>
                    <head rend="indent">VII</head>
                    <head rend="indent">OS DESCOBRIDORES DO OCCIDENTE</head>
                    <lg>
                        <l>Com duas mãos, o Acto e o Destino,</l>
                        <l>Desvendámos. No mesmo gesto, ao céo</l>
                        <l>Uma ergue o facho tremulo e divino,</l>
                        <l rend="indent">E a outra afasta o véo.</l>
                    </lg>
                    <lg>
                        <l>Fosse <app>
                                <lem wit="#Contemporânea_1922">a hora propicia ou a força fria</lem>
                                <rdg wit="#Leitura_1926">acaso, ou vontade, ou temporal,</rdg>
                            </app></l>
                        <l>A mão que o Oeste a estes entregou,</l>
                        <l>Foi alma a Sciencia e <app>
                                <lem wit="#Contemporânea_1922"/>
                                <rdg wit="#Leitura_1926">o</rdg>
                            </app> corpo a Ousadia</l>
                        <l rend="indent">Da mão que consummou.</l>
                    </lg>
                    <lg>
                        <l>Fosse <app>
                                <lem wit="#Contemporânea_1922">Acaso, ou Vontade, ou Temporal</lem>
                                <rdg wit="#Leitura_1926">acaso, ou vontade, ou temporal,</rdg>
                            </app></l>
                        <l>A mão que a estes o Occidente abriu,</l>
                        <l>Foi <rs type="name" key="P573" style="a">Deus</rs> a alma e o corpo Portugal</l>
                        <l rend="indent">Da mão que o conduziu.</l>
                    </lg>
                </div>
                <div type="poem" corresp="#W219">
                    <head rend="indent">VIII</head>
                    <head rend="indent">DANÇA DOS TITANS</head>
                    <lg>
                        <l>No valle clareia uma fogueira,</l>
                        <l>Uma dansa sacode a terra inteira,</l>
                        <l>E sombras disformes e descompostas</l>
                        <l>Em clarões negros do valle vão</l>
                        <l>Subitamente pelas encostas</l>
                        <l>E vão perder-se na escuridão.</l>
                    </lg>
                    <lg>
                        <l>De quem é a dansa que a noite aterra?</l>
                        <l>São os titans, os filhos da Terra,</l>
                        <l>Que dançam á morte do marinheiro</l>
                        <l>Que quiz cingir o materno vulto,</l>
                        <l>Ser circumnavegador primeiro,</l>
                        <l>Na praia ao longe por fim sepulto.</l>
                    </lg>
                    <lg>
                        <l>Dansam, nem sabem que a alma ousada</l>
                        <l>Do morto ainda commanda a armada,</l>
                        <l>Pulso sem corpo ao leme a guiar</l>
                        <l>As náos no resto do fim do espaço;</l>
                        <l>Que mesmo ausente soube cercar</l>
                        <l>A terra inteira com seu abraço!</l>
                    </lg>
                    <lg>
                        <l>Violou a terra. Mas elles não</l>
                        <l>O sabem, e dansam na escuridão;</l>
                        <l>E sombras disformes e descompostas,</l>
                        <l>Indo perder-se nos horizontes,</l>
                        <l>Galgam do valle pelas encostas</l>
                        <l>Dos mudos montes.</l>
                    </lg>
                </div>
                <div type="poem" corresp="#W220">
                    <pb n="13"/>
                    <head rend="indent">IX</head>
                    <head rend="indent">ASCENSÃO DE <rs type="name" key="P610">VASCO DA
                        GAMA</rs></head>
                    <lg>
                        <l>Os deuses da tormenta e os gigantes da terra</l>
                        <l>Suspendem de repente o odio da sua guerra</l>
                        <l>E pasmam. Pelo valle onde se ascende aos céos</l>
                        <l>Surge um silencio, e vae, da nevoa ondeando os véos,</l>
                        <l>Primeiro um movimento e depois um assombro.</l>
                        <l>Ladeiam-o, ao durar, os medos, hombro a hombro,</l>
                        <l>E ao longe o rastro ruge em nuvens e clarões.</l>
                        <l>Em baixo, onde a terra é, o pastor gela, e a flauta</l>
                        <l>Cae-lhe, e em extase vê, á luz de mil trovões,</l>
                        <l>O céo abrir o abysmo á alma do Argonauta.</l>
                    </lg>
                </div>
                <div type="poem" corresp="#W221">
                    <head rend="indent">X</head>
                    <head rend="indent">MAR PORTUGUÊS</head>
                    <lg>
                        <l>Ó mar salgado, quanto do teu sal</l>
                        <l rend="indent">São lagrimas de Portugal!</l>
                        <l>Por te cruzarmos, quantas mães choraram,</l>
                        <l rend="indent">Quantos filhos em vão rezaram!</l>
                        <l>Quantas noivas ficaram por casar</l>
                        <l rend="indent">Para que fosses nosso, ó mar!</l>
                    </lg>
                    <lg>
                        <l>Valeu a pena? Tudo vale a pena</l>
                        <l rend="indent">Se a alma não é pequena!</l>
                        <l>Quem quer passar além do Bojador</l>
                        <l rend="indent">Tem que passar além da dor.</l>
                        <l><rs type="name" key="P573" style="a">Deus</rs> ao mar o perigo e o abysmo deu,</l>
                        <l rend="indent">Mas nelle é que espelhou o céo.</l>
                    </lg>
                </div>
                <div type="poem" corresp="#W222">
                    <head rend="indent">XI</head>
                    <head rend="indent">A ULTIMA NAO</head>
                    <lg>
                        <l>Levando a bordo <app>
                                <lem wit="#Leitura_1926">El-Rei</lem>
                                <rdg wit="#Contemporânea_1922">el-rei</rdg>
                            </app>
                            <rs type="name" key="P21" style="b">Dom Sebastião</rs>,</l>
                        <l>E erguendo, como um nome, alto, o pendão<app>
                                <lem wit="#Leitura_1926"/>
                                <rdg wit="#Contemporânea_1922">,</rdg>
                            </app></l>
                        <l rend="indent">Do Imperio,</l>
                        <l>Foi-se a ultima náo, ao sol aziago</l>
                        <l>Erma, e entre choros de ansia e de presago</l>
                        <l rend="indent">Mysterio.</l>
                    </lg>
                    <pb n="14"/>
                    <lg>
                        <l>Não voltou mais. A que ilha indescoberta</l>
                        <l>Aportou? Volverá da sorte incerta</l>
                        <l rend="indent">Que teve?</l>
                        <l><rs type="name" key="P573" style="a">Deus</rs> guarda o corpo e a fórma do
                            futuro,</l>
                        <l>Mas sua luz projecta-o<app>
                                <lem wit="#Contemporânea_1922">,</lem>
                                <rdg wit="#Leitura_1926"/>
                            </app> sonho escuro</l>
                        <l rend="indent">E breve.</l>
                    </lg>
                    <lg>
                        <l>Ah, quanto mais ao povo a alma falta,</l>
                        <l>Mais a minh’alma atlantica se exalta</l>
                        <l rend="indent">E entorna,</l>
                        <l>E em mim, num mar que não tem tempo ou spaço,</l>
                        <l>Vejo<app>
                                <lem wit="#Leitura_1926">,</lem>
                                <rdg wit="#Contemporânea_1922"/>
                            </app> entre a cerração<app>
                                <lem wit="#Leitura_1926">,</lem>
                                <rdg wit="#Contemporânea_1922"/>
                            </app> teu vulto baço</l>
                        <l rend="indent">Que torna.</l>
                    </lg>
                    <lg>
                        <l>Não sei a hora, mas sei que ha a hora,</l>
                        <l>Demore-a <rs type="name" key="P573" style="a">Deus</rs>, chame-lhe a alma
                            embora</l>
                        <l rend="indent">Mysterio.</l>
                        <l>Surges ao sol em mim, e a nevoa finda,</l>
                        <l>A mesma, e trazes o pendão ainda</l>
                        <l rend="indent">Do Imperio.</l>
                    </lg>
                </div>
                <div type="poem" corresp="#W223">
                    <head rend="indent">XII</head>
                    <head rend="indent">PRECE</head>
                    <lg>
                        <l>Senhor, a noite veiu e a alma é vil.</l>
                        <l>Tanta foi a tormenta e a vontade!</l>
                        <l>Restam-nos hoje, no silencio hostil,</l>
                        <l>O mar universal e a saudade.</l>
                    </lg>
                    <lg>
                        <l>Mas a chama, que a vida em nós creou,</l>
                        <l>Se ainda ha vida ainda não é finda;</l>
                        <l>O frio morto em cinzas a occultou;</l>
                        <l>A mão do vento póde erguel-a ainda.</l>
                    </lg>
                    <lg>
                        <l>Dá o sopro, a aragem — ou desgraça ou ansia —</l>
                        <l>Com que a chama do esforço se remóça,</l>
                        <l>E outra vez conquistemos a Distancia —</l>
                        <l>Do mar ou outra, mas que seja nossa!</l>
                    </lg>
                </div>
                <signed rend="right"><rs type="name" key="FP" role="author" style="b">FERNANDO
                        PESSOA</rs></signed>
            </div>
        </body>
    </text>
    <text type="reg">
        <body>
            <div>
                <pb n="9"/>
                <head>MAR PORTUGUÊS</head>
                <div type="poem" corresp="#W212">
                    <head rend="indent">I</head>
                    <head rend="indent">O INFANTE</head>
                    <lg>
                        <l>Deus quer, o homem sonha, a obra nasce.</l>
                        <l>Deus quis que a terra fosse toda uma,</l>
                        <l>Que o mar unisse, já não separasse.</l>
                        <l>Sagrou-te, e foste desvendando a espuma,</l>
                    </lg>
                    <lg>
                        <l>E a orla branca foi de ilha em continente,</l>
                        <l>Clareou, correndo, até ao fim do mundo,</l>
                        <l>E viu-se a terra inteira, de repente,</l>
                        <l>Surgir, redonda, do azul profundo.</l>
                    </lg>
                    <lg>
                        <l>Quem te sagrou criou-te português.</l>
                        <l>Do mar e nós em ti nos deu sinal.</l>
                        <l>Cumpriu-se o Mar, e o Império se desfez.</l>
                        <l>Senhor, falta cumprir-se Portugal!</l>
                    </lg>
                </div>
                <div type="poem" corresp="#W213">
                    <head rend="indent">II</head>
                    <head rend="indent">HORIZONTE</head>
                    <lg>
                        <l>Ó mar anterior a nós, teus medos</l>
                        <l>Tinham coral e praias e arvoredos!</l>
                        <l>Desvendadas a noite e a cerração,</l>
                        <l>As tormentas passadas, e o mistério,</l>
                        <l>Abria em flor o Longe, e o Sul sidério</l>
                        <l>Esplendia sobre as naus da iniciação.</l>
                    </lg>
                    <lg>
                        <l>Linha severa da longínqua costa —</l>
                        <l>Quando a nau se aproxima, ergue-se a encosta</l>
                        <l>Em árvores onde o Longe nada tinha;</l>
                        <l>Mais perto abre-se a terra em sons e cores;</l>
                        <l>E no desembarcar há aves, flores,</l>
                        <l>Onde <app>
                                <lem wit="#Contemporânea_1922">era</lem>
                                <rdg wit="#Leitura_1926">será</rdg>
                            </app> só, de longe a abstrata linha.</l>
                    </lg>
                    <pb n="10"/>
                    <lg>
                        <l>O sonho é ver as formas invisíveis</l>
                        <l>Da distância imprecisa, e, com sensíveis</l>
                        <l>Movimentos da esp’rança e da vontade,</l>
                        <l>Buscar na linha fria do horizonte</l>
                        <l>A árvore, a praia, a flor, a ave, a fonte —</l>
                        <l>Os beijos merecidos da Verdade.</l>
                    </lg>
                </div>
                <div type="poem" corresp="#W214">
                    <head rend="indent">III</head>
                    <head rend="indent">PADRÃO</head>
                    <lg>
                        <l>O esforço é grande e o homem é pequeno.</l>
                        <l>Eu, Diogo Cão, navegador, deixei</l>
                        <l>Este padrão ao pé do areal moreno</l>
                        <l rend="indent">E para diante naveguei.</l>
                    </lg>
                    <lg>
                        <l>A alma é divina e a obra é imperfeita.</l>
                        <l>Este padrão assinala ao vento e aos céus</l>
                        <l>Que, da obra ousada, é minha a parte feita<app>
                                <lem wit="#Leitura_1926">;</lem>
                                <rdg wit="#Contemporânea_1922">:</rdg>
                            </app></l>
                        <l rend="indent">O por-fazer é só com Deus.</l>
                    </lg>
                    <lg>
                        <l>E ao imenso e possível oceano</l>
                        <l>Ensinam estas quinas, que aqui vês,</l>
                        <l>Que o mar com fim será grego ou romano:</l>
                        <l rend="indent">O mar sem fim é português.</l>
                    </lg>
                    <lg>
                        <l>E a cruz ao alto diz que o que me há na alma</l>
                        <l>E faz a febre em mim de navegar</l>
                        <l>Só encontrará de Deus na eterna calma</l>
                        <l rend="indent">O porto sempre por achar.</l>
                    </lg>
                </div>
                <div type="poem" corresp="#W215">
                    <head rend="indent">IV</head>
                    <head rend="indent">O MORCEGO</head>
                    <lg>
                        <l>O morcego que está no fim do mar</l>
                        <l>Na noite de breu ergueu-se a voar,</l>
                        <l>À roda da nau voou três vezes,</l>
                        <l>Voou três vezes a chiar,</l>
                        <l>E disse: ʺQuem é que ousou entrar</l>
                        <l>Nas minhas cavernas que não desvendo,</l>
                        <l>Meus tetos negros do fim do mundo?ʺ</l>
                        <l>E o homem do leme disse tremendo,</l>
                        <l rend="indent">ʺEl-Rei Dom João Segundo!ʺ</l>
                    </lg>
                    <pb n="11"/>
                    <lg>
                        <l>ʺDe quem são as velas onde me roço?</l>
                        <l>De quem as quilhas que vejo e ouço?ʺ</l>
                        <l>Disse o morcego, e rodou três vezes,</l>
                        <l>Três vezes rodou imundo e grosso,</l>
                        <l>ʺQuem vem poder o que só eu posso,</l>
                        <l>Que moro onde nunca ninguém me visse</l>
                        <l>E escorro os medos do mar sem fundo?ʺ</l>
                        <l>E o homem do leme tremeu, e disse:</l>
                        <l rend="indent">«El-Rei Dom João Segundo!»</l>
                    </lg>
                    <lg>
                        <l>Três vezes do leme as mãos ergueu,</l>
                        <l>Três vezes ao leme as reprendeu,</l>
                        <l>E ao monstro que volta disse três vezes,</l>
                        <l>ʺAqui ao leme sou mais que eu:</l>
                        <l>Sou um Povo que quer o mar que é teu!</l>
                        <l>E mais que o morcego, que me a alma teme</l>
                        <l>E roda nas trevas do fim do mundo,</l>
                        <l>Manda a vontade, que me ata ao leme,</l>
                        <l rend="indent">D’El-Rei Dom João Segundo!ʺ</l>
                    </lg>
                </div>
                <div type="poem" corresp="#W216">
                    <head rend="indent">V</head>
                    <head rend="indent">EPITÁFIO DE BARTOLOMEU DIAS</head>
                    <lg>
                        <l>Jaz aqui, na pequena praia extrema,</l>
                        <l>O Capitão do Fim. Dobrado o Assombro,</l>
                        <l>O mar é o mesmo: já ninguem o tema!</l>
                        <l>Atlas, mostra alto o mundo no seu ombro.</l>
                    </lg>
                </div>
                <div type="poem" corresp="#W217">
                    <head rend="indent">VI</head>
                    <head rend="indent">IRONIA</head>
                    <lg>
                        <l>Faz um a casa onde outro pôs a pedra.</l>
                        <l>O galego Colón, de Pontevedra,</l>
                        <l>Seguiu-nos para onde nós não fomos.</l>
                        <l>Não vimos da nossa árvore esses pomos.</l>
                    </lg>
                    <lg>
                        <l>Um império ganhou para Castela,</l>
                        <l>Para si glória merecida — aquela</l>
                        <l>De um grande longe aos mares conquistado.</l>
                        <l>Mas não ganhou o tê-lo começado.</l>
                    </lg>
                </div>
                <div type="poem" corresp="#W218">
                    <pb n="12"/>
                    <head rend="indent">VII</head>
                    <head rend="indent">OS DESCOBRIDORES DO OCIDENTE</head>
                    <lg>
                        <l>Com duas mãos, o Ato e o Destino,</l>
                        <l>Desvendámos. No mesmo gesto, ao céu</l>
                        <l>Uma ergue o facho trémulo e divino,</l>
                        <l rend="indent">E a outra afasta o véu.</l>
                    </lg>
                    <lg>
                        <l>Fosse <app>
                                <lem wit="#Contemporânea_1922">a hora propícia ou a força fria</lem>
                                <rdg wit="#Leitura_1926">acaso, ou vontade, ou temporal,</rdg>
                            </app></l>
                        <l>A mão que o Oeste a estes entregou,</l>
                        <l>Foi alma a Ciência e <app>
                                <lem wit="#Contemporânea_1922"/>
                                <rdg wit="#Leitura_1926">o</rdg>
                            </app> corpo a Ousadia</l>
                        <l rend="indent">Da mão que consumou.</l>
                    </lg>
                    <lg>
                        <l>Fosse <app>
                                <lem wit="#Contemporânea_1922">Acaso, ou Vontade, ou Temporal</lem>
                                <rdg wit="#Leitura_1926">acaso, ou vontade, ou temporal,</rdg>
                            </app></l>
                        <l>A mão que a estes o Ocidente abriu,</l>
                        <l>Foi Deus a alma e o corpo Portugal</l>
                        <l rend="indent">Da mão que o conduziu.</l>
                    </lg>
                </div>
                <div type="poem" corresp="#W219">
                    <head rend="indent">VIII</head>
                    <head rend="indent">DANÇA DOS TITÃS</head>
                    <lg>
                        <l>No vale clareia uma fogueira,</l>
                        <l>Uma dança sacode a terra inteira,</l>
                        <l>E sombras disformes e descompostas</l>
                        <l>Em clarões negros do vale vão</l>
                        <l>Subitamente pelas encostas</l>
                        <l>E vão perder-se na escuridão.</l>
                    </lg>
                    <lg>
                        <l>De quem é a dança que a noite aterra?</l>
                        <l>São os titãs, os filhos da Terra,</l>
                        <l>Que dançam à morte do marinheiro</l>
                        <l>Que quis cingir o materno vulto,</l>
                        <l>Ser circum-navegador primeiro,</l>
                        <l>Na praia ao longe por fim sepulto.</l>
                    </lg>
                    <lg>
                        <l>Dançam, nem sabem que a alma ousada</l>
                        <l>Do morto ainda comanda a armada,</l>
                        <l>Pulso sem corpo ao leme a guiar</l>
                        <l>As naus no resto do fim do espaço;</l>
                        <l>Que mesmo ausente soube cercar</l>
                        <l>A terra inteira com seu abraço!</l>
                    </lg>
                    <lg>
                        <l>Violou a terra. Mas eles não</l>
                        <l>O sabem, e dançam na escuridão;</l>
                        <l>E sombras disformes e descompostas,</l>
                        <l>Indo perder-se nos horizontes,</l>
                        <l>Galgam do vale pelas encostas</l>
                        <l>Dos mudos montes.</l>
                    </lg>
                </div>
                <div type="poem" corresp="#W220">
                    <pb n="13"/>
                    <head rend="indent">IX</head>
                    <head rend="indent">ASCENSÃO DE VASCO DA GAMA</head>
                    <lg>
                        <l>Os deuses da tormenta e os gigantes da terra</l>
                        <l>Suspendem de repente o ódio da sua guerra</l>
                        <l>E pasmam. Pelo vale onde se ascende aos céus</l>
                        <l>Surge um silêncio, e vai, da névoa ondeando os véus,</l>
                        <l>Primeiro um movimento e depois um assombro.</l>
                        <l>Ladeiam-no, ao durar, os medos, ombro a ombro,</l>
                        <l>E ao longe o rastro ruge em nuvens e clarões.</l>
                        <l>Em baixo, onde a terra é, o pastor gela, e a flauta</l>
                        <l>Cai-lhe, e em êxtase vê, à luz de mil trovões,</l>
                        <l>O céu abrir o abismo à alma do Argonauta.</l>
                    </lg>
                </div>
                <div type="poem" corresp="#W221">
                    <head rend="indent">X</head>
                    <head rend="indent">MAR PORTUGUÊS</head>
                    <lg>
                        <l>Ó mar salgado, quanto do teu sal</l>
                        <l rend="indent">São lágrimas de Portugal!</l>
                        <l>Por te cruzarmos, quantas mães choraram,</l>
                        <l rend="indent">Quantos filhos em vão rezaram!</l>
                        <l>Quantas noivas ficaram por casar</l>
                        <l rend="indent">Para que fosses nosso, ó mar!</l>
                    </lg>
                    <lg>
                        <l>Valeu a pena? Tudo vale a pena</l>
                        <l rend="indent">Se a alma não é pequena!</l>
                        <l>Quem quer passar além do Bojador</l>
                        <l rend="indent">Tem que passar além da dor.</l>
                        <l>Deus ao mar o perigo e o abismo deu,</l>
                        <l rend="indent">Mas nele é que espelhou o céu.</l>
                    </lg>
                </div>
                <div type="poem" corresp="#W222">
                    <head rend="indent">XI</head>
                    <head rend="indent">A ÚLTIMA NAU</head>
                    <lg>
                        <l>Levando a bordo <app>
                                <lem wit="#Leitura_1926">El-Rei</lem>
                                <rdg wit="#Contemporânea_1922">el-rei</rdg>
                            </app> Dom Sebastião,</l>
                        <l>E erguendo, como um nome, alto, o pendão<app>
                                <lem wit="#Leitura_1926"/>
                                <rdg wit="#Contemporânea_1922">,</rdg>
                            </app></l>
                        <l rend="indent">Do Império,</l>
                        <l>Foi-se a última nau, ao sol aziago</l>
                        <l>Erma, e entre choros de ânsia e de pressago</l>
                        <l rend="indent">Mistério.</l>
                    </lg>
                    <pb n="14"/>
                    <lg>
                        <l>Não voltou mais. A que ilha indescoberta</l>
                        <l>Aportou? Volverá da sorte incerta</l>
                        <l rend="indent">Que teve?</l>
                        <l>Deus guarda o corpo e a forma do futuro,</l>
                        <l>Mas sua luz projeta-o<app>
                                <lem wit="#Contemporânea_1922">,</lem>
                                <rdg wit="#Leitura_1926"/>
                            </app> sonho escuro</l>
                        <l rend="indent">E breve.</l>
                    </lg>
                    <lg>
                        <l>Ah, quanto mais ao povo a alma falta,</l>
                        <l>Mais a minhʼalma atlântica se exalta</l>
                        <l rend="indent">E entorna,</l>
                        <l>E em mim, num mar que não tem tempo ou espaço,</l>
                        <l>Vejo<app>
                                <lem wit="#Leitura_1926">,</lem>
                                <rdg wit="#Contemporânea_1922"/>
                            </app> entre a cerração<app>
                                <lem wit="#Leitura_1926">,</lem>
                                <rdg wit="#Contemporânea_1922"/>
                            </app> teu vulto baço</l>
                        <l rend="indent">Que torna.</l>
                    </lg>
                    <lg>
                        <l>Não sei a hora, mas sei que há a hora,</l>
                        <l>Demore-a Deus, chame-lhe a alma embora</l>
                        <l rend="indent">Mistério.</l>
                        <l>Surges ao sol em mim, e a névoa finda,</l>
                        <l>A mesma, e trazes o pendão ainda</l>
                        <l rend="indent">Do Império.</l>
                    </lg>
                </div>
                <div type="poem" corresp="#W223">
                    <head rend="indent">XII</head>
                    <head rend="indent">PRECE</head>
                    <lg>
                        <l>Senhor, a noite veio e a alma é vil.</l>
                        <l>Tanta foi a tormenta e a vontade!</l>
                        <l>Restam-nos hoje, no silêncio hostil,</l>
                        <l>O mar universal e a saudade.</l>
                    </lg>
                    <lg>
                        <l>Mas a chama, que a vida em nós criou,</l>
                        <l>Se ainda há vida ainda não é finda;</l>
                        <l>O frio morto em cinzas a ocultou;</l>
                        <l>A mão do vento pode erguê-la ainda.</l>
                    </lg>
                    <lg>
                        <l>Dá o sopro, a aragem — ou desgraça ou ânsia —</l>
                        <l>Com que a chama do esforço se remoça,</l>
                        <l>E outra vez conquistemos a Distância —</l>
                        <l>Do mar ou outra, mas que seja nossa!</l>
                    </lg>
                </div>
                <signed rend="right">FERNANDO PESSOA</signed>
            </div>
        </body>
    </text>
</TEI>
