<?xml version="1.0" encoding="UTF-8"?>
<?xml-model href="../schema/pessoaTEI.rng" type="application/xml" schematypens="http://relaxng.org/ns/structure/1.0"?>
<TEI xmlns="http://www.tei-c.org/ns/1.0">
    <teiHeader>
        <fileDesc>
            <titleStmt>
                <title>Guia-me a Só Razão</title>
                <author>
                    <rs type="name" key="FP">Fernando Pessoa</rs>
                </author>
                <respStmt>
                    <resp>Edição, Transcrição</resp>
                    <name>Pedro Sepúlveda</name>
                </respStmt>
                <respStmt>
                    <resp>Transcrição</resp>
                    <name>Pablo Javier Pérez López</name>
                </respStmt>
                <respStmt>
                    <resp>Modelagem de dados, Codificação</resp>
                    <name>Ulrike Henny-Krahmer</name>
                </respStmt>
                <respStmt>
                    <resp>Codificação</resp>
                    <name>Sviatoslav Drach</name>
                </respStmt>
                <respStmt>
                    <resp>Consultoria</resp>
                    <name>Institut für Dokumentologie und Editorik (IDE)</name>
                </respStmt>
                <respStmt>
                    <resp>Modernização ortográfica</resp>
                    <name>Inês Filipa Rebelo do Carmo</name>
                </respStmt>
            </titleStmt>
            <publicationStmt>
                <publisher>Universidade Nova de Lisboa, Instituto de Estudos de Literatura e
                    Tradição (IELT)</publisher>
                <publisher>Cologne Center for eHumanities (CCeH)</publisher>
                <date>2017</date>
                <availability status="free">
                    <licence target="http://creativecommons.org/licenses/by/3.0/"/>
                </availability>
                <idno type="filename">Pessoa_Guia-me-a-so-razao.xml</idno>
            </publicationStmt>
            <notesStmt>
                <note type="genre">
                    <rs type="genre" key="poesia">Poesia</rs>
                </note>
            </notesStmt>
            <sourceDesc>
                <list type="work-index">
                    <item><rs type="work" key="O1-17">Guia-me a Só Razão</rs></item>
                </list>
                <biblStruct>
                    <analytic>
                        <title level="a">Guia-me a Só Razão</title>
                        <author>
                            <rs type="name" key="FP">Fernando Pessoa</rs>
                        </author>
                        <textLang mainLang="pt"/>
                    </analytic>
                    <monogr>
                        <title level="j"><rs type="periodical" key="J13">Descobrimento</rs></title>
                        <imprint>
                            <date when="1932">1932</date>
                        </imprint>
                        <biblScope unit="issue">4</biblScope>
                    </monogr>
                </biblStruct>
            </sourceDesc>
        </fileDesc>
        <encodingDesc>
            <variantEncoding method="parallel-segmentation" location="internal"/>
        </encodingDesc>
    </teiHeader>
    <facsimile xml:base="http://images.cceh.uni-koeln.de/pessoa/">
        <graphic url="pub/j-2334-b_0529_t0.jpg"/>
    </facsimile>
    <text corresp="#O1-17" type="orig">
        <body>
            <div>
                <head>[Guia-me a só razão]</head>
                <lg>
                    <l>Guia-me a só razão.</l>
                    <l>Não me deram mais guia.</l>
                    <l>Alumia-me em vão?</l>
                    <l>Só ela me alumia.</l>
                </lg>
                <lg>
                    <l>Tivesse Quem criou</l>
                    <l>O mundo desejado </l>
                    <l>Que eu fôsse outro que sou,</l>
                    <l>Ter-me-hia outro criado.</l>
                </lg>
                <lg>
                    <l>Deu-me olhos para ver.</l>
                    <l>Ólho, vejo, acredito.</l>
                    <l>Como ousarei dizer:</l>
                    <l>« Cego, fôra eu bendito » ?</l>
                </lg>
                <lg>
                    <l>Como o olhar, a razão</l>
                    <l><rs type="name" key="P573">Deus</rs> me deu, para ver</l>
                    <l>Para além da visão —</l>
                    <l>Olhar de conhecer.</l>
                </lg>
                <lg>
                    <l>Se ver é enganar-me,</l>
                    <l>Pensar um descaminho,</l>
                    <l>Não sei. <rs type="name" key="P573">Deus</rs> os quis dar-me</l>
                    <l>Por verdade e caminho.</l>
                </lg>
            </div>
        </body>
    </text>
    <text type="reg">
        <body>
            <div>
                <head>[Guia-me a só razão]</head>
                <lg>
                    <l>Guia-me a só razão.</l>
                    <l>Não me deram mais guia.</l>
                    <l>Alumia-me em vão?</l>
                    <l>Só ela me alumia.</l>
                </lg>
                <lg>
                    <l>Tivesse Quem criou</l>
                    <l>O mundo desejado </l>
                    <l>Que eu fosse outro que sou,</l>
                    <l>Ter-me-ia outro criado.</l>
                </lg>
                <lg>
                    <l>Deu-me olhos para ver.</l>
                    <l>Olho, vejo, acredito.</l>
                    <l>Como ousarei dizer:</l>
                    <l>«Cego, fora eu bendito»?</l>
                </lg>
                <lg>
                    <l>Como o olhar, a razão</l>
                    <l>Deus me deu, para ver</l>
                    <l>Para além da visão —</l>
                    <l>Olhar de conhecer.</l>
                </lg>
                <lg>
                    <l>Se ver é enganar-me,</l>
                    <l>Pensar um descaminho,</l>
                    <l>Não sei. Deus os quis dar-me</l>
                    <l>Por verdade e caminho.</l>
                </lg>
            </div>
        </body>
    </text>
</TEI>
