<?xml version="1.0" encoding="UTF-8"?>
<?xml-model href="../schema/pessoaTEI.rng" type="application/xml" schematypens="http://relaxng.org/ns/structure/1.0"?>
<TEI xmlns="http://www.tei-c.org/ns/1.0">
    <teiHeader>
        <fileDesc>
            <titleStmt>
                <title><rs type="work" key="W370">"Mensagem" por Fernando Pessoa ("Os Campos")</rs></title>
                <author>
                    <rs type="name" key="FP">Fernando Pessoa</rs>
                </author>
                <respStmt>
                    <resp>Edição, Transcrição, Codificação</resp>
                    <name>Pedro Sepúlveda</name>
                </respStmt>
                <respStmt>
                    <resp>Modelagem de dados, Codificação</resp>
                    <name>Ulrike Henny-Krahmer</name>
                </respStmt>
                <respStmt>
                    <resp>Atualização ortográfica</resp>
                    <name>Inês Filipa Rebelo do Carmo</name>
                </respStmt>
                <respStmt>
                    <resp>Consultoria</resp>
                    <name>Institut für Dokumentologie und Editorik (IDE)</name>
                </respStmt>
            </titleStmt>
            <publicationStmt>
                <publisher>Universidade Nova de Lisboa, Instituto de Estudos de Literatura e
                    Tradição (IELT)</publisher>
                <publisher>Cologne Center for eHumanities (CCeH)</publisher>
                <date>2017</date>
                <availability status="free">
                    <licence target="http://creativecommons.org/licenses/by/3.0/"/>
                </availability>
                <idno type="filename">Pessoa_Mensagem_por_Fernando_Pessoa.xml</idno>
            </publicationStmt>
            <notesStmt>
                <note type="genre">
                    <rs type="genre" key="poesia">Poesia</rs>
                </note>
                <note type="summary">Estes poemas são republicações do livro <ref
                        target="http://www.pessoadigital.pt/de/pub/Pessoa_Mensagem"><hi
                            rend="italic">Mensagem</hi></ref></note>
            </notesStmt>
            <sourceDesc>
                <list type="work-index">
                    <item><rs type="work" key="W368">O Dos Castelos</rs></item>
                    <item><rs type="work" key="W369">D. Afonso Henriques</rs></item>
                </list>
                <biblStruct>
                    <analytic>
                        <title level="a">"Mensagem" por Fernando Pessoa ("Os Campos")</title>
                        <author>
                            <rs type="name" key="FP">Fernando Pessoa</rs>
                        </author>
                        <textLang mainLang="pt"/>
                    </analytic>
                    <monogr>
                        <title level="j"><rs type="periodical" key="J9">O "Notícias"
                            Ilustrado</rs></title>
                        <imprint>
                            <date when="1935-01-06">6 de janeiro de 1935</date>
                        </imprint>
                        <biblScope unit="page">5</biblScope>
                    </monogr>
                </biblStruct>
            </sourceDesc>
        </fileDesc>
        <encodingDesc>
            <variantEncoding method="parallel-segmentation" location="internal"/>
        </encodingDesc>
    </teiHeader>
    <facsimile xml:base="http://images.cceh.uni-koeln.de/pessoa/">
        <graphic url="pub/o_dos_castelos.jpg"/>
    </facsimile>
    <text type="orig">
        <body>
            <div>
                <head>„MENSAGEM„</head>
                <head>POR <rs type="name" key="FP" role="author" style="b">FERNANDO
                    PESSOA</rs></head>
                <div type="poem">
                    <head>OS CAMPOS</head>
                    <head rend="indent">O DOS CASTELOS</head>
                    <lg>
                        <l>A Europa jaz, posta nos cotovellos:</l>
                        <l>De Oriente a Occidente jaz, fitando,</l>
                        <l>E toldam-lhe românticos cabellos</l>
                        <l>Olhos gregos, lembrando.</l>
                    </lg>
                    <lg>
                        <l>O cotovello esquerdo é recuado;</l>
                        <l>O direito é em angulo disposto.</l>
                        <l>Aquelle diz Italia onde é pousado;</l>
                        <l>Este diz Inglaterra onde, afastado,</l>
                        <l>A mão sustenta, em que se apoia o rosto.</l>
                    </lg>
                    <lg>
                        <l>Fita, com olhar sphyngico e fatal,</l>
                        <l>O Occidente, futuro do passado.</l>
                    </lg>
                    <lg>
                        <l>O rosto com que fita é Portugal.</l>
                    </lg>
                </div>
                <div type="poem">
                    <head><rs type="name" key="P653">D. AFONSO HENRIQUES</rs></head>
                    <lg>
                        <l>Pae, foste cavalleiro.</l>
                        <l>Hoje a vigilia é nossa.</l>
                        <l>Dá-nos o exemplo inteiro</l>
                        <l>E a tua inteira força!</l>
                    </lg>
                    <lg>
                        <l>Dá, contra a hora em que, errada,</l>
                        <l>Novos infieis vençam,</l>
                        <l>A benção como espada,</l>
                        <l>A espada como benção!</l>
                    </lg>
                </div>
            </div>
        </body>
    </text>
    <text type="reg">
        <body>
            <div>
                <head>„MENSAGEM„</head>
                <head>POR FERNANDO PESSOA</head>
                <div type="poem">
                    <head>OS CAMPOS</head>
                    <head rend="indent">O DOS CASTELOS</head>
                    <lg>
                        <l>A Europa jaz, posta nos cotovelos:</l>
                        <l>De Oriente a Ocidente jaz, fitando,</l>
                        <l>E toldam-lhe românticos cabelos</l>
                        <l>Olhos gregos, lembrando.</l>
                    </lg>
                    <lg>
                        <l>O cotovelo esquerdo é recuado;</l>
                        <l>O direito é em ângulo disposto.</l>
                        <l>Aquele diz Itália onde é pousado;</l>
                        <l>Este diz Inglaterra onde, afastado,</l>
                        <l>A mão sustenta, em que se apoia o rosto.</l>
                    </lg>
                    <lg>
                        <l>Fita, com olhar esfíngico e fatal,</l>
                        <l>O Ocidente, futuro do passado.</l>
                    </lg>
                    <lg>
                        <l>O rosto com que fita é Portugal.</l>
                    </lg>
                </div>
                <div type="poem">
                    <head>D. AFONSO HENRIQUES</head>
                    <lg>
                        <l>Pai, foste cavaleiro.</l>
                        <l>Hoje a vigília é nossa.</l>
                        <l>Dá-nos o exemplo inteiro</l>
                        <l>E a tua inteira força!</l>
                    </lg>
                    <lg>
                        <l>Dá, contra a hora em que, errada,</l>
                        <l>Novos infiéis vençam,</l>
                        <l>A bênção como espada,</l>
                        <l>A espada como bênção!</l>
                    </lg>
                </div>
            </div>
        </body>
    </text>
</TEI>
