<?xml version="1.0" encoding="UTF-8"?>
<?xml-model href="../schema/pessoaTEI.rng" type="application/xml" schematypens="http://relaxng.org/ns/structure/1.0"?>
<TEI xmlns="http://www.tei-c.org/ns/1.0">
    <teiHeader>
        <fileDesc>
            <titleStmt>
                <title>O Último Sortilégio</title>
                <author>
                    <rs type="name" key="FP">Fernando Pessoa</rs>
                </author>
                <respStmt>
                    <resp>Edição, Transcrição</resp>
                    <name>Pedro Sepúlveda</name>
                </respStmt>
                <respStmt>
                    <resp>Transcrição</resp>
                    <name>Pablo Javier Pérez López</name>
                </respStmt>
                <respStmt>
                    <resp>Modelagem de dados, Codificação</resp>
                    <name>Ulrike Henny-Krahmer</name>
                </respStmt>
                <respStmt>
                    <resp>Codificação</resp>
                    <name>Sviatoslav Drach</name>
                </respStmt>
                <respStmt>
                    <resp>Codificação, Modernização ortográfica</resp>
                    <name>Inês Filipa Rebelo do Carmo</name>
                </respStmt>
                <respStmt>
                    <resp>Consultoria</resp>
                    <name>Institut für Dokumentologie und Editorik (IDE)</name>
                </respStmt>
            </titleStmt>
            <publicationStmt>
                <publisher>Universidade Nova de Lisboa, Instituto de Estudos de Literatura e
                    Tradição (IELT)</publisher>
                <publisher>Cologne Center for eHumanities (CCeH)</publisher>
                <date>2017</date>
                <availability status="free">
                    <licence target="http://creativecommons.org/licenses/by/3.0/"/>
                </availability>
                <idno type="filename">Pessoa_O-Ultimo-Sortilegio.xml</idno>
            </publicationStmt>
            <notesStmt>
                <note type="genre">
                    <rs type="genre" key="poesia">Poesia</rs>
                </note>
            </notesStmt>
            <sourceDesc>
                <list type="work-index">
                    <item><rs type="work" key="O1-30">O Último Sortilégio</rs></item>
                </list>
                <biblStruct>
                    <analytic>
                        <title level="a">O Último Sortilégio</title>
                        <author>
                            <rs type="name" key="FP">Fernando Pessoa</rs>
                        </author>
                        <textLang mainLang="pt"/>
                    </analytic>
                    <monogr>
                        <title level="j"><rs type="periodical" key="J1">Presença</rs></title>
                        <imprint>
                            <pubPlace/>
                            <date when="1930-12">dezembro de 1930</date>
                        </imprint>
                        <biblScope unit="issue">29</biblScope>
                        <biblScope unit="page">4</biblScope>
                    </monogr>
                </biblStruct>
            </sourceDesc>
        </fileDesc>
        <encodingDesc>
            <variantEncoding method="parallel-segmentation" location="internal"/>
        </encodingDesc>
    </teiHeader>
    <facsimile xml:base="http://images.cceh.uni-koeln.de/pessoa/">
        <graphic url="pub/res-1900-a-1930-11-n29_0004_4_t0.jpg"/>
    </facsimile>
    <text corresp="#O1-30" type="orig">
        <body>
            <div>
                <head>O ULTIMO SORTILEGIO</head>
                <lg>
                    <l>«<hi rend="bold">J</hi>á repeti o antigo encantamento,</l>
                    <l>E a grande Deusa aos olhos se negou.</l>
                    <l>Já repeti, nas pausas do amplo vento,</l>
                    <l>As orações cuja alma é um ser fecundo.</l>
                    <l>Nada me o abysmo deu ou o céu mostrou.</l>
                    <l>Só o vento volta onde estou toda e só,</l>
                    <l>E tudo dorme no confuso mundo.</l>
                </lg>
                <lg>
                    <l>«<hi rend="bold">O</hi>utrora meu condão fadava as sarças</l>
                    <l>E a minha evocação do solo erguia</l>
                    <l>Presenças concentradas das que esparsas</l>
                    <l>Dormem nas fórmas naturaes das cousas.</l>
                    <l>Outrora a minha voz acontecia.</l>
                    <l>Fadas e elfos, se eu chamasse, via,</l>
                    <l>E as folhas da floresta eram lustrosas.</l>
                </lg>
                <lg>
                    <l>«<hi rend="bold">M</hi>inha varinha, com que da vontade</l>
                    <l>Fallava ás existencias essenciaes,</l>
                    <l>Já não conhece a minha realidade.</l>
                    <l>Já, se o circulo traço, não ha nada.</l>
                    <l>Murmura o vento alheio extinctos ais,</l>
                    <l>E ao luar que sobe além dos mattagaes</l>
                    <l>Não sou mais do que os bosques ou a estrada.</l>
                </lg>
                <lg>
                    <l>«<hi rend="bold">J</hi>á me fallece o dom com que me amavam.</l>
                    <l>Já me não tórno a fórma e o fim da vida</l>
                    <l>A quantos que, buscando-os, me buscavam.</l>
                    <l>Já, praia, o mar dos braços não me innunda.</l>
                    <l>Nem já me vejo ao sol saudado erguida.</l>
                    <l>Ou, em extase mágico perdida,</l>
                    <l>Ao luar, á bocca da caverna funda.</l>
                </lg>
                <lg>
                    <l>«<hi rend="bold">J</hi>á as sacras potencias infernaes,</l>
                    <l>Que, dormentes sem deuses nem destino,</l>
                    <l>Á substancia das cousas são eguaes,</l>
                    <l>Não ouvem minha voz ou os nomes seus.</l>
                    <l>A musica partiu-se do meu hymno.</l>
                    <l>Já meu furor astral não é divino</l>
                    <l>Nem meu corpo pensado é já um deus.</l>
                </lg>
                <lg>
                    <l>«<hi rend="bold">E</hi> as longinquas deidades do atro poço,</l>
                    <l>Que tantas vezes, pallida, evoquei</l>
                    <l>Com a raiva de amar em alvoroço,</l>
                    <l>Inevocadas hoje ante mim estão.</l>
                    <l>Como, sem que as amasse, eu as chamei,</l>
                    <l>Agora, que não amo, as tenho, e sei</l>
                    <l>Que meu vendido ser consumirão.</l>
                </lg>
                <lg>
                    <l>«<hi rend="bold">T</hi>u, porém, Sol, cujo ouro me foi presa,</l>
                    <l>Tu, Lua, cuja prata converti,</l>
                    <l>Se já não podeis dar-me essa belleza</l>
                    <l>Que tantas vezes tive por querer,</l>
                    <l>Ao menos meu ser findo dividi — </l>
                    <l>Meu ser essencial se perca em si,</l>
                    <l>Só meu corpo sem mim fique alma e ser!</l>
                </lg>
                <lg>
                    <l>«<hi rend="bold">C</hi>onverta-me a minha ultima magia</l>
                    <l>Numa estatua de mim em corpo vivo!</l>
                    <l>Morra quem sou, mas quem me fiz e havia,</l>
                    <l>Anonyma presença que se beija,</l>
                    <l>Carne do meu abstracto amor captivo,</l>
                    <l>Seja a morte de mim em que revivo;</l>
                    <l>E tal qual fui, não sendo nada, eu seja!»</l>
                </lg>
                <signed rend="center"><rs type="name" key="FP" role="author" style="b">FERNANDO
                        PESSOA</rs></signed>
            </div>
        </body>
    </text>
    <text type="reg">
        <body>
            <div>
                <head>O ÚLTIMO SORTILÉGIO</head>
                <lg>
                    <l>«<hi rend="bold">J</hi>á repeti o antigo encantamento,</l>
                    <l>E a grande Deusa aos olhos se negou.</l>
                    <l>Já repeti, nas pausas do amplo vento,</l>
                    <l>As orações cuja alma é um ser fecundo.</l>
                    <l>Nada me o abismo deu ou o céu mostrou.</l>
                    <l>Só o vento volta onde estou toda e só,</l>
                    <l>E tudo dorme no confuso mundo.</l>
                </lg>
                <lg>
                    <l>«<hi rend="bold">O</hi>utrora meu condão fadava as sarças</l>
                    <l>E a minha evocação do solo erguia</l>
                    <l>Presenças concentradas das que esparsas</l>
                    <l>Dormem nas formas naturais das coisas.</l>
                    <l>Outrora a minha voz acontecia.</l>
                    <l>Fadas e elfos, se eu chamasse, via,</l>
                    <l>E as folhas da floresta eram lustrosas.</l>
                </lg>
                <lg>
                    <l>«<hi rend="bold">M</hi>inha varinha, com que da vontade</l>
                    <l>Falava às existências essenciais,</l>
                    <l>Já não conhece a minha realidade.</l>
                    <l>Já, se o círculo traço, não há nada.</l>
                    <l>Murmura o vento alheio extintos ais,</l>
                    <l>E ao luar que sobe além dos matagais</l>
                    <l>Não sou mais do que os bosques ou a estrada.</l>
                </lg>
                <lg>
                    <l>«<hi rend="bold">J</hi>á me falece o dom com que me amavam.</l>
                    <l>Já me não torno a forma e o fim da vida</l>
                    <l>A quantos que, buscando-os, me buscavam.</l>
                    <l>Já, praia, o mar dos braços não me inunda.</l>
                    <l>Nem já me vejo ao sol saudado erguida.</l>
                    <l>Ou, em êxtase mágico perdida,</l>
                    <l>Ao luar, à boca da caverna funda.</l>
                </lg>
                <lg>
                    <l>«<hi rend="bold">J</hi>á as sacras potências infernais,</l>
                    <l>Que, dormentes sem deuses nem destino,</l>
                    <l>À substância das coisas são iguais,</l>
                    <l>Não ouvem minha voz ou os nomes seus.</l>
                    <l>A música partiu-se do meu hino.</l>
                    <l>Já meu furor astral não é divino</l>
                    <l>Nem meu corpo pensado é já um deus.</l>
                </lg>
                <lg>
                    <l>«<hi rend="bold">E</hi> as longínquas deidades do atro poço,</l>
                    <l>Que tantas vezes, pálida, evoquei</l>
                    <l>Com a raiva de amar em alvoroço,</l>
                    <l>Inevocadas hoje ante mim estão.</l>
                    <l>Como, sem que as amasse, eu as chamei,</l>
                    <l>Agora, que não amo, as tenho, e sei</l>
                    <l>Que meu vendido ser consumirão.</l>
                </lg>
                <lg>
                    <l>«<hi rend="bold">T</hi>u, porém, Sol, cujo ouro me foi presa,</l>
                    <l>Tu, Lua, cuja prata converti,</l>
                    <l>Se já não podeis dar-me essa beleza</l>
                    <l>Que tantas vezes tive por querer,</l>
                    <l>Ao menos meu ser findo dividi — </l>
                    <l>Meu ser essencial se perca em si,</l>
                    <l>Só meu corpo sem mim fique alma e ser!</l>
                </lg>
                <lg>
                    <l>«<hi rend="bold">C</hi>onverta-me a minha última magia</l>
                    <l>Numa estátua de mim em corpo vivo!</l>
                    <l>Morra quem sou, mas quem me fiz e havia,</l>
                    <l>Anónima presença que se beija,</l>
                    <l>Carne do meu abstrato amor cativo,</l>
                    <l>Seja a morte de mim em que revivo;</l>
                    <l>E tal qual fui, não sendo nada, eu seja!»</l>
                </lg>
                <signed rend="center">FERNANDO PESSOA</signed>
            </div>
        </body>
    </text>
</TEI>
