<?xml version="1.0" encoding="UTF-8"?>
<?xml-model href="../schema/pessoaTEI.rng" type="application/xml" schematypens="http://relaxng.org/ns/structure/1.0"?>
<TEI xmlns="http://www.tei-c.org/ns/1.0">
   <teiHeader>
      <fileDesc>
         <titleStmt>
            <title>"A quadra é o vaso de flores que o povo" — <hi rend="italic">Missal de Trovas</hi>, de António
               Ferro e Augusto Cunha</title>
            <author>
               <rs type="name" key="FP">Fernando Pessoa</rs>
            </author>
            <respStmt>
               <resp>Edição, Transcrição, Codificação</resp>
               <name>Jorge Uribe</name>
            </respStmt>
            <respStmt>
               <resp>Edição, Transcrição, Codificação, Atualização ortográfica</resp>
               <name>Inês Filipa Rebelo do Carmo</name>
            </respStmt>
            <respStmt>
               <resp>Modelagem de dados, Codificação</resp>
               <name>Ulrike Henny-Krahmer</name>
            </respStmt>
            <respStmt>
               <resp>Consultoria</resp>
               <name>Institut für Dokumentologie und Editorik (IDE)</name>
            </respStmt>
         </titleStmt>
         <publicationStmt>
            <publisher>Universidade Nova de Lisboa, Instituto de Estudos de Literatura e Tradição
               (IELT)</publisher>
            <publisher>Cologne Center for eHumanities (CCeH)</publisher>
            <date>2021</date>
            <availability status="free">
               <licence target="http://creativecommons.org/licenses/by/3.0/"/>
            </availability>
            <idno type="filename">Pessoa_A_Quadra_Missal_de_Trovas.xml</idno>
         </publicationStmt>
         <notesStmt>
            <note type="genre">
               <rs type="genre" key="prosa">Prosa</rs>
            </note>
         </notesStmt>
         <sourceDesc>
            <list type="work-index">
               <item>
                  <rs type="work" key="W317">"A quadra é o vaso de flores que o povo" — Missal de Trovas, de António
                     Ferro e Augusto Cunha</rs>
               </item>
            </list>
            <biblStruct>
               <analytic>
                  <title level="a">"A quadra é o vaso de flores que o povo"</title>
                  <author>
                     <rs type="name" key="FP">Fernando Pessoa</rs>
                  </author>
                  <textLang mainLang="pt"/>
               </analytic>
               <monogr>
                  <title level="m">Missal de Trovas</title>
                  <author><rs type="name" key="P716">António Ferro</rs></author>
                  <author><rs type="name" key="P717">Augusto Cunha</rs></author>
                  <imprint>
                     <date when="1914">1914</date>
                     <pubPlace>Lisboa</pubPlace>
                     <publisher>Livraria Ferreira</publisher>
                     <biblScope unit="page">1 p.</biblScope>
                  </imprint>
               </monogr>
            </biblStruct>
         </sourceDesc>
      </fileDesc>
      <encodingDesc>
         <variantEncoding method="parallel-segmentation" location="internal"/>
      </encodingDesc>
   </teiHeader>
   <facsimile xml:base="http://images.cceh.uni-koeln.de/pessoa/">
      <graphic url="prosa/Pessoa_A_Quadra_Missal_de_Trovas.jpg"/>
   </facsimile>
   <text type="orig" corresp="#W317">
      <body>
         <p>A quadra é o vaso de flores que o povo põe á janela da sua Alma.</p>
         <p rend="indent-first">Da orbita triste do vaso obscuro a graça exilada das flôres atreve o
            seu olhar de alegria.</p>
         <p rend="indent-first">Quem faz quadras portuguezas comunga a alma do Povo, humildemente de
            nós todos e errante dentro de si propria.</p>
         <p rend="indent-first">Os autores d'este livro realizaram as suas quadras com destreza
            luzitana e fidelidade ao instinctivo e desatado da alma pouplar.</p>
         <p rend="indent-first">Elogial-os mais seria elogial-os menos.</p>
         <p>17-IV-1914</p>
         <signed rend="right"><rs type="name" role="author" key="FP" style="b">Fernando
            Pessoa</rs>.</signed>
      </body>
   </text>
   <text type="reg" corresp="#W317">
      <body>
         <p>A quadra é o vaso de flores que o povo põe à janela da sua Alma.</p>
         <p rend="indent-first">Da órbita triste do vaso obscuro a graça exilada das flores atreve o
            seu olhar de alegria.</p>
         <p rend="indent-first">Quem faz quadras portuguesas comunga a alma do Povo, humildemente de
            nós todos e errante dentro de si própria.</p>
         <p rend="indent-first">Os autores deste livro realizaram as suas quadras com destreza
            lusitana e fidelidade ao instintivo e desatado da alma pouplar.</p>
         <p rend="indent-first">Elogiá-los mais seria elogiá-los menos.</p>
         <p>17-IV-1914</p>
         <signed rend="right"><rs type="name" role="author" key="FP" style="b">Fernando
            Pessoa</rs>.</signed>
      </body>
   </text>
</TEI>
