<?xml version="1.0" encoding="UTF-8"?>
<?xml-model href="../schema/pessoaTEI.rng" type="application/xml" schematypens="http://relaxng.org/ns/structure/1.0"?>
<TEI xmlns="http://www.tei-c.org/ns/1.0">
   <teiHeader>
      <fileDesc>
         <titleStmt>
            <title>Crónica literária (ʺOrpheuʺ)</title>
            <author>
               <rs type="name" key="FP">Fernando Pessoa</rs>
            </author>
            <respStmt>
               <resp>Edição, Transcrição, Codificação</resp>
               <name>Jorge Uribe</name>
            </respStmt>
            <respStmt>
               <resp>Modelagem de dados, Codificação</resp>
               <name>Ulrike Henny-Krahmer</name>
            </respStmt>
            <respStmt>
               <resp>Codificação, Atualização ortográfica</resp>
               <name>Inês Filipa Rebelo do Carmo</name>
            </respStmt>
            <respStmt>
               <resp>Consultoria</resp>
               <name>Institut für Dokumentologie und Editorik (IDE)</name>
            </respStmt>
         </titleStmt>
         <publicationStmt>
            <publisher>Universidade Nova de Lisboa, Instituto de Estudos de Literatura e
                    Tradição (IELT)</publisher>
            <publisher>Cologne Center for eHumanities (CCeH)</publisher>
            <date>2017</date>
            <availability status="free">
               <licence target="http://creativecommons.org/licenses/by/3.0/"/>
            </availability>
            <idno type="filename">Pessoa_Cronica_literaria_Orfeu.xml</idno>
         </publicationStmt>
         <notesStmt>
            <note type="genre">
               <rs type="genre" key="prosa">Prosa</rs>
            </note>
         </notesStmt>
         <sourceDesc>
            <list type="work-index">
               <item>
                  <rs type="work" key="W267">Crónica literária (ʺOrpheuʺ)</rs>
               </item>
            </list>
            <biblStruct>
               <analytic>
                  <title level="a">Crónica literária (ʺOrpheuʺ)</title>
                  <author>
                     <rs type="name" key="FP">Fernando Pessoa</rs>
                  </author>
                  <textLang mainLang="pt" otherLangs="en"/>
               </analytic>
               <monogr>
                  <title level="j">
                     <rs type="periodical" key="J45">O Jornal</rs>
                  </title>
                  <imprint>
                     <date when="1915-04-06">6 de abril de 1915</date>
                  </imprint>
                  <biblScope unit="page">1</biblScope>
               </monogr>
            </biblStruct>
         </sourceDesc>
      </fileDesc>
      <encodingDesc>
         <variantEncoding method="parallel-segmentation" location="internal"/>
      </encodingDesc>
   </teiHeader>
   <facsimile xml:base="http://images.cceh.uni-koeln.de/pessoa/">
      <graphic url="prosa/Cronica_literaria_Orfeu.jpg"/>
   </facsimile>
   <text type="orig" corresp="#W267">
      <body>
         <div>
            <head>Cronica literaria</head>
            <bibl rend="right indent-second">
               <hi rend="bold">
                  <hi rend="italic">
                     <rs type="periodical" key="J12">ORFEU</rs> — Revista Trímestral de
                     Literatura. — No. 1 (Janeiro-fevereiro-março) — Depósitarios, Livraria
                            Brazileira, de Monteiro <choice><abbr>&amp;</abbr><expan>e</expan></choice> C.e, Lisbôa.</hi>
               </hi>
            </bibl>
            <p rend="indent-first">Como se dê o caso de sermos colaborador desta revista, e
               como, caso — não a querendo por isso criticar — preferissemos dar uma idéa da
                    sua orientação, fatalmente consumiriamos um impossivel numero de colunas,
                    limitar-nos-hemos a algumas observações, que não constituirão critica nem
                    explicação, mas que visam apenas a orientar no assunto os espiritos curiosos e
                    para quem meia palavra baste.</p>
            <p rend="indent-first">Como o leitor não sabe, o movimento romantico inglês foi
                    iniciado definidamente pela publicação, em 1798, das <rs type="title">
                  <hi rend="italic">Lyrical Ballads</hi>
               </rs> de <rs type="name" key="P162">Wordsworth</rs> e <rs type="name" key="P163">Coleridge</rs>. Este livro ―
                    que contém dois dos maiores poemas de todas as literaturas, o <rs type="title">
                  <hi rend="italic">Ancient Mariner</hi>
               </rs> de <rs type="name" key="P163">Coleridge</rs> e a <rs type="title">
                  <hi rend="italic">Tintern
                            Abbey</hi>
               </rs> de <rs type="name" key="P162">Wordsworth</rs> ― teve por
                    toda a Inglaterra um êxito de gargalhada. Entre os que mais riram destacou-se 
               <rs type="name" key="P248">Byron</rs>, que no <rs type="periodical">English
                        Bards and Scotch Reviewers</rs>, deu a qualquer dos poetas das <rs type="title">
                  <hi rend="italic">Ballads</hi>
               </rs> uma desagradavel
                    preeminencia no ridiculo. Até ao fim da vida <rs type="name" key="P248">Lord
                        Byron</rs> teve sempre mais ou menos sob satira esses dois poetas; mas
               acontece que a sua terceira faze, que é o seu maior — senão o seu unico — titulo
                    de gloria, foi escrita sob a influencia dêsses dois. Escussamos de historiar
                    como o meio inglês se foi adaptando, e como <rs type="name" key="P162">Wordsworth</rs> acabou <hi rend="italic">Poet Laureate</hi>; 
               o caso de <rs type="name" key="P248">Byron</rs>, que morreu antes dêssa adaptação estar
                    feita, resume tudo o que, de ensinamento, estes factos possam sugerir.</p>
            <p rend="indent-first">Nas sóbrias laudas do seu <hi rend="italic">Essay
                        Suplementary</hi> a edição de 1815 das <rs type="title">
                  <hi rend="italic">Lyrical Ballads</hi>
               </rs>, <rs type="name" key="P162">Wordsworth</rs>
                    escreveu estes periodos:</p>
            <p rend="indent-first">«Se ha conclusão que, mais do que qualquer outra, nos seja
                    imposta pela revista, que fizemos, da sorte e do destino das poeticas, é a
                    seguinte: que todo o autor, na proporção em que é grande e ao mesmo tempo
                    <hi rend="italic">original</hi>, tem tido sempre que criar o sentimento estético pelo qual ha de ser
                    apreciado; assim foi sempre e assim continuará a ser... Para o que é
                    propriamente seu, ele terá, não só que limpar, senão que muitas vezes que abrir,
                    o seu proprio caminho; estará no caso de <rs type="name" key="P524">Anibal</rs>
                    entre os Alpes.»</p>
            <p rend="indent-first">Estas palavras pertencem já a Eternidade. Chamamos sobre elas
                    a atenção e o raciocinio do leitor. Não lhe diremos se é nossa opinião ou não,
                    que haja homens de genio entre os colabores de <rs type="periodical" key="J12">Orfeu</rs>. Isso não o auxiliaria a compreender, nem alteraria a decisão do
                    futuro.</p>
            <signed rend="right"><rs type="name" role="author" key="FP" style="a">Fernando Pessôa</rs></signed>
         </div>
      </body>
   </text>
   <text type="reg" corresp="#W267">
      <body>
         <div>
            <head>Crónica literária</head>
            <bibl rend="right indent-second">
               <hi rend="bold">
                  <hi rend="italic">
                     ORFEU — Revista Trimestral de
                     Literatura. — No. 1 (Janeiro-fevereiro-março) — Depositários, Livraria
                            Brasileira, de Monteiro <choice><abbr>&amp;</abbr><expan>e</expan></choice> C.e, Lisboa.</hi>
               </hi>
            </bibl>
            <p rend="indent-first">Como se dê o caso de sermos colaborador desta revista, e
               como, caso — não a querendo por isso criticar — preferíssemos dar uma ideia da
                    sua orientação, fatalmente consumiríamos um impossível número de colunas,
                    limitar-nos-emos a algumas observações, que não constituirão crítica nem
                    explicação, mas que visam apenas a orientar no assunto os espíritos curiosos e
                    para quem meia palavra baste.</p>
            <p rend="indent-first">Como o leitor não sabe, o movimento romântico inglês foi
                    iniciado definidamente pela publicação, em 1798, das <hi rend="italic">Lyrical Ballads</hi> de Wordsworth e Coleridge. Este livro ―
                    que contém dois dos maiores poemas de todas as literaturas, o <hi rend="italic">Ancient Mariner</hi> de Coleridge e a <hi rend="italic">Tintern
                            Abbey</hi> de Wordsworth ― teve por
                    toda a Inglaterra um êxito de gargalhada. Entre os que mais riram destacou-se
                        Byron, que no English
                        Bards and Scotch Reviewers, deu a qualquer dos poetas das <hi rend="italic">Ballads</hi> uma desagradável
                    preeminência no ridículo. Até ao fim da vida Lord
                        Byron teve sempre mais ou menos sob sátira esses dois poetas; mas
                        acontece que a sua terceira fase, que é o seu maior — senão o seu único — título
                    de glória, foi escrita sob a influência desses dois. Escusamos de historiar
                    como o meio inglês se foi adaptando, e como Wordsworth acabou <hi rend="italic">Poet Laureate</hi>; o caso de Byron, que morreu antes dessa adaptação estar
                    feita, resume tudo o que, de ensinamento, estes factos possam sugerir.</p>
            <p rend="indent-first">Nas sóbrias laudas do seu <hi rend="italic">Essay
                        Suplementary</hi> a edição de 1815 das <hi rend="italic">Lyrical Ballads</hi>, Wordsworth
                    escreveu estes períodos:</p>
            <p rend="indent-first">«Se há conclusão que, mais do que qualquer outra, nos seja
                    imposta pela revista, que fizemos, da sorte e do destino das poéticas, é a
                    seguinte: que todo o autor, na proporção em que é grande e ao mesmo tempo
                    <hi rend="italic">original</hi>, tem tido sempre que criar o sentimento estético pelo qual há de ser
                    apreciado; assim foi sempre e assim continuará a ser... Para o que é
                    propriamente seu, ele terá, não só que limpar, senão que muitas vezes que abrir,
                    o seu próprio caminho; estará no caso de Aníbal
                    entre os Alpes.»</p>
            <p rend="indent-first">Estas palavras pertencem já à Eternidade. Chamamos sobre elas
                    a atenção e o raciocínio do leitor. Não lhe diremos se é nossa opinião ou não,
                    que haja homens de génio entre os colabores de Orfeu. Isso não o auxiliaria a compreender, nem alteraria a decisão do
                    futuro.</p>
            <signed rend="right">Fernando Pessoa</signed>
         </div>
      </body>
   </text>
</TEI>
