<?xml version="1.0" encoding="UTF-8"?>
<?xml-model href="../schema/pessoaTEI.rng" type="application/xml" schematypens="http://relaxng.org/ns/structure/1.0"?>
<TEI xmlns="http://www.tei-c.org/ns/1.0">
    <teiHeader>
        <fileDesc>
            <titleStmt>
                <title>O Menino da Sua Mãe</title>
                <author>
                    <rs type="name" key="FP">Fernando Pessoa</rs>
                </author>
                <respStmt>
                    <resp>Edição, Transcrição, Codificação</resp>
                    <name>Pedro Sepúlveda</name>
                </respStmt>
                <respStmt>
                    <resp>Transcrição</resp>
                    <name>Pablo Javier Pérez López</name>
                </respStmt>
                <respStmt>
                    <resp>Modelagem de dados, Codificação</resp>
                    <name>Ulrike Henny-Krahmer</name>
                </respStmt>
                <respStmt>
                    <resp>Codificação</resp>
                    <name>Sviatoslav Drach</name>
                </respStmt>
                <respStmt>
                    <resp>Codificação, Atualização ortográfica</resp>
                    <name>Inês Filipa Rebelo do Carmo</name>
                </respStmt>
                <respStmt>
                    <resp>Consultoria</resp>
                    <name>Institut für Dokumentologie und Editorik (IDE)</name>
                </respStmt>
            </titleStmt>
            <publicationStmt>
                <publisher>Universidade Nova de Lisboa, Instituto de Estudos de Literatura e
                    Tradição (IELT)</publisher>
                <publisher>Cologne Center for eHumanities (CCeH)</publisher>
                <date>2017</date>
                <availability status="free">
                    <licence target="http://creativecommons.org/licenses/by/3.0/"/>
                </availability>
                <idno type="filename">Pessoa_O-Menino-da-sua-Mae.xml</idno>
            </publicationStmt>
            <notesStmt>
                <note type="summary">Poema publicado em <hi rend="italic">Contemporânea</hi>, Maio
                    de 1926, <hi rend="italic">O ʺNotíciasʺ Ilustrado</hi>, 11 de Novembro de 1928 e
                    em <hi rend="italic">Cancioneiro do 1º Salão dos Independentes</hi>, 1930. Na
                    primeira republicação encontram-se diferenças de pontuação e ortografia, assim
                    como uma variante do início do quarto verso da penúltima estrofe. A segunda
                    republicação apresenta apenas diferenças de ortografia e pontuação face à
                    primeira publicação. Apresentamos as imagens das três publicações. O texto
                    fixado segue, em termos substantivos e de pontuação, o da primeira
                    publicação.</note>
                <note type="genre">
                    <rs type="genre" key="poesia">Poesia</rs>
                </note>
            </notesStmt>
            <sourceDesc>
                <list type="work-index">
                    <item><rs type="work" key="W233">O Menino da Sua Mãe</rs></item>
                </list>
                <biblStruct xml:id="Contemporânea_1926">
                    <analytic>
                        <title level="a">O Menino da Sua Mãe</title>
                        <author>
                            <rs type="name" key="FP">Fernando Pessoa</rs>
                        </author>
                        <textLang mainLang="pt"/>
                    </analytic>
                    <monogr>
                        <title level="j"><rs type="periodical" key="J11">Contemporânea</rs></title>
                        <imprint>
                            <date when="1926-05">maio de 1926</date>
                        </imprint>
                        <biblScope unit="volume">3.ª série</biblScope>
                        <biblScope unit="issue">1</biblScope>
                        <biblScope unit="page">47</biblScope>
                    </monogr>
                </biblStruct>
                <biblStruct xml:id="Notícias_1928">
                    <analytic>
                        <title level="a">O Menino da sua Mãe</title>
                        <author>
                            <rs type="name" key="FP">Fernando Pessoa</rs>
                        </author>
                        <textLang mainLang="pt"/>
                    </analytic>
                    <monogr>
                        <title level="j"><rs type="periodical" key="J9">O ʺNotíciasʺ
                            Ilustrado</rs></title>
                        <imprint>
                            <date when="1928-11-11">11 de Novembro de 1928</date>
                        </imprint>
                        <biblScope unit="page">7</biblScope>
                    </monogr>
                </biblStruct>
                <biblStruct xml:id="Cancioneiro_1930">
                    <analytic>
                        <title level="a">O Menino da sua Mãe</title>
                        <author>
                            <rs type="name" key="FP">Fernando Pessoa</rs>
                        </author>
                        <textLang mainLang="pt"/>
                    </analytic>
                    <monogr>
                        <title level="j">Cancioneiro do 1º Salão dos Independentes</title>
                        <imprint>
                            <date when="1930">1930</date>
                        </imprint>
                        <biblScope unit="page">21</biblScope>
                    </monogr>
                </biblStruct>
            </sourceDesc>
        </fileDesc>
        <encodingDesc>
            <variantEncoding method="parallel-segmentation" location="internal"/>
        </encodingDesc>
    </teiHeader>
    <facsimile xml:base="http://images.cceh.uni-koeln.de/pessoa/" corresp="#Contemporânea_1926">
        <graphic url="pub/178423_0860_47_t0.jpg"/>
    </facsimile>
    <facsimile xml:base="http://images.cceh.uni-koeln.de/pessoa/" corresp="#Notícias_1928">
        <graphic url="pub/o_menino_de_sua_mae.jpg"/>
    </facsimile>
    <facsimile xml:base="http://images.cceh.uni-koeln.de/pessoa/" corresp="#Cancioneiro_1930">
        <graphic url="pub/o_menino_de_sua_maeII.jpg"/>
    </facsimile>
    <text corresp="#W233" type="orig">
        <body>
            <div>
                <head>O MENINO DA SUA MÃE</head>
                <lg>
                    <l>No plaino abandonado</l>
                    <l>Que a morna brisa aquece,</l>
                    <l>De balas traspassado —</l>
                    <l><app>
                            <lem wit="#Contemporânea_1926 #Cancioneiro_1930">Duas,</lem>
                            <rdg wit="#Notícias_1928">— Duas</rdg>
                        </app> de lado a lado —<app>
                            <lem wit="#Contemporânea_1926 #Cancioneiro_1930">,</lem>
                            <rdg wit="#Notícias_1928"/>
                        </app></l>
                    <l>Jaz morto, e arrefece.</l>
                </lg>
                <lg>
                    <l>Raia-lhe a farda o sangue.</l>
                    <l>De braços estendidos,</l>
                    <l>Alvo, louro, exangue,</l>
                    <l>Fita com olhar langue</l>
                    <l>E cego os céus perdidos.</l>
                </lg>
                <lg>
                    <l>Tão jovem! que jovem era!</l>
                    <l><app>
                            <lem wit="#Contemporânea_1926 #Cancioneiro_1930">(Agora que idade
                                tem?)</lem>
                            <rdg wit="#Notícias_1928">Agora que edade tem?</rdg>
                        </app></l>
                    <l>Filho único, a mãe lhe dera </l>
                    <l>Um nome e o mantivera<app>
                            <lem wit="#Contemporânea_1926 #Cancioneiro_1930">:</lem>
                            <rdg wit="#Notícias_1928"> —</rdg>
                        </app></l>
                    <l>«O menino da sua mãe.»</l>
                </lg>
                <lg>
                    <l>Caiu-lhe da algibeira</l>
                    <l>A cigarreira breve.</l>
                    <l>Dera-<app>
                            <lem wit="#Contemporânea_1926 #Notícias_1928">lhʼa</lem>
                            <rdg wit="#Cancioneiro_1930">lhe</rdg>
                        </app> a mãe. Está inteira</l>
                    <l>E boa a cigarreira.</l>
                    <l>Ele é que já não serve.</l>
                </lg>
                <lg>
                    <l>De outra algibeira, alada</l>
                    <l>Ponta a roçar o solo,</l>
                    <l>A brancura embainhada</l>
                    <l><app>
                            <lem wit="#Contemporânea_1926 #Cancioneiro_1930">De um lenço</lem>
                            <rdg wit="#Notícias_1928">Do lenço</rdg>
                        </app>... Deu-lhʼo a criada</l>
                    <l>Velha<app>
                            <lem wit="#Contemporânea_1926 #Cancioneiro_1930"/>
                            <rdg wit="#Notícias_1928">,</rdg>
                        </app> que o trouxe ao colo.</l>
                </lg>
                <lg>
                    <l>Lá longe, em casa, há a prece:</l>
                    <l><app>
                            <lem wit="#Contemporânea_1926 #Notícias_1928">«Que volte cedo, e
                                bem!»</lem>
                            <rdg wit="#Cancioneiro_1930">Que volte cedo, e bem!</rdg>
                        </app></l>
                    <l>(Malhas que o lmpério tece!)</l>
                    <l>Jaz morto<app>
                            <lem wit="#Contemporânea_1926 #Notícias_1928">,</lem>
                            <rdg wit="#Cancioneiro_1930"/>
                        </app> e apodrece<app>
                            <lem wit="#Contemporânea_1926 #Notícias_1928">,</lem>
                            <rdg wit="#Cancioneiro_1930"/>
                        </app></l>
                    <l>O menino da sua mãe.</l>
                </lg>
                <signed rend="right"><rs type="name" key="FP" role="author" style="b">FERNANDO
                        PESSOA</rs></signed>
            </div>
        </body>
    </text>
    <text type="reg">
        <body>
            <div>
                <head>O MENINO DA SUA MÃE</head>
                <lg>
                    <l>No plaino abandonado</l>
                    <l>Que a morna brisa aquece,</l>
                    <l>De balas traspassado —</l>
                    <l><app>
                            <lem wit="#Contemporânea_1926 #Cancioneiro_1930">Duas,</lem>
                            <rdg wit="#Notícias_1928">— Duas</rdg>
                        </app> de lado a lado —<app>
                            <lem wit="#Contemporânea_1926 #Cancioneiro_1930">,</lem>
                            <rdg wit="#Notícias_1928"/>
                        </app></l>
                    <l>Jaz morto, e arrefece.</l>
                </lg>
                <lg>
                    <l>Raia-lhe a farda o sangue.</l>
                    <l>De braços estendidos,</l>
                    <l>Alvo, louro, exangue,</l>
                    <l>Fita com olhar langue</l>
                    <l>E cego os céus perdidos.</l>
                </lg>
                <lg>
                    <l>Tão jovem! que jovem era!</l>
                    <l><app>
                            <lem wit="#Contemporânea_1926 #Cancioneiro_1930">(Agora que idade
                                tem?)</lem>
                            <rdg wit="#Notícias_1928">Agora que idade tem?</rdg>
                        </app></l>
                    <l>Filho único, a mãe lhe dera </l>
                    <l>Um nome e o mantivera<app>
                            <lem wit="#Contemporânea_1926 #Cancioneiro_1930">:</lem>
                            <rdg wit="#Notícias_1928"> —</rdg>
                        </app></l>
                    <l>«O menino da sua mãe.»</l>
                </lg>
                <lg>
                    <l>Caiu-lhe da algibeira</l>
                    <l>A cigarreira breve.</l>
                    <l>Dera-<app>
                            <lem wit="#Contemporânea_1926 #Notícias_1928">lha</lem>
                            <rdg wit="#Cancioneiro_1930">lhe</rdg>
                        </app> a mãe. Está inteira</l>
                    <l>E boa a cigarreira.</l>
                    <l>Ele é que já não serve.</l>
                </lg>
                <lg>
                    <l>De outra algibeira, alada</l>
                    <l>Ponta a roçar o solo,</l>
                    <l>A brancura embainhada</l>
                    <l><app>
                            <lem wit="#Contemporânea_1926 #Cancioneiro_1930">De um lenço</lem>
                            <rdg wit="#Notícias_1928">Do lenço</rdg>
                        </app>... Deu-lho a criada</l>
                    <l>Velha<app>
                            <lem wit="#Contemporânea_1926 #Cancioneiro_1930"/>
                            <rdg wit="#Notícias_1928">,</rdg>
                        </app> que o trouxe ao colo.</l>
                </lg>
                <lg>
                    <l>Lá longe, em casa, há a prece:</l>
                    <l><app>
                            <lem wit="#Contemporânea_1926 #Notícias_1928">«Que volte cedo, e
                                bem!»</lem>
                            <rdg wit="#Cancioneiro_1930">Que volte cedo, e bem!</rdg>
                        </app></l>
                    <l>(Malhas que o lmpério tece!)</l>
                    <l>Jaz morto<app>
                            <lem wit="#Contemporânea_1926 #Notícias_1928">,</lem>
                            <rdg wit="#Cancioneiro_1930"/>
                        </app> e apodrece<app>
                            <lem wit="#Contemporânea_1926 #Notícias_1928">,</lem>
                            <rdg wit="#Cancioneiro_1930"/>
                        </app></l>
                    <l>O menino da sua mãe.</l>
                </lg>
                <signed rend="right">FERNANDO PESSOA</signed>
            </div>
        </body>
    </text>
</TEI>
