<?xml version="1.0" encoding="UTF-8"?> <?xml-model href="../schema/pessoaTEI.rng" type="application/xml" schematypens="http://relaxng.org/ns/structure/1.0"?>
<TEI xmlns="http://www.tei-c.org/ns/1.0">
    <teiHeader>
        <fileDesc>
            <titleStmt>
                <title>Episodios</title>
                <author>
                    <rs type="name" key="FP">Fernando Pessoa</rs>
                </author>
                <respStmt>
                    <resp>Edição, Transcrição</resp>
                    <name>Pedro Sepúlveda</name>
                </respStmt>
                <respStmt>
                    <resp>Transcrição</resp>
                    <name>Pablo Javier Pérez López</name>
                </respStmt>
                <respStmt>
                    <resp>Modelagem de dados, Codificação</resp>
                    <name>Ulrike Henny-Krahmer</name>
                </respStmt>
                <respStmt>
                    <resp>Codificação</resp>
                    <name>Sviatoslav Drach</name>
                </respStmt>
                <respStmt>
                    <resp>Consultoria</resp>
                    <name>Institut für Dokumentologie und Editorik (IDE)</name>
                </respStmt>
            </titleStmt>
            <publicationStmt>
                <publisher>Universidade Nova de Lisboa, Instituto de Estudos de Literatura e
                    Tradição (IELT)</publisher>
                <publisher>Cologne Center for eHumanities (CCeH)</publisher>
                <date>2016</date>
                <availability status="restricted">
                    <licence target="http://creativecommons.org/licenses/by/3.0/"/>
                </availability>
                <idno type="filename">Pessoa_Episodios.xml</idno>
            </publicationStmt>
            <sourceDesc>
                <list type="work-index">
                    <item><rs type="work" key="O1-13">Episodios</rs></item>
                    <item><rs type="work" key="O1-13-1">A Mumia</rs></item>
                    <item><rs type="work" key="O1-13-2">Ficcões do Interludio</rs></item>
                </list>
                <biblStruct>
                    <analytic>
                        <title level="a">Episodios</title>
                        <author>
                            <rs type="name" key="FP">Fernando Pessoa</rs>
                        </author>
                        <textLang mainLang="pt"/>
                    </analytic>
                    <monogr>
                        <title level="j"><rs type="periodical" key="J29">Portugal
                            Futurista</rs></title>
                        <imprint>
                            <date when="1917-11">Novembro de 1917</date>
                        </imprint>
                        <biblScope/>
                    </monogr>
                    <note type="genre">
                        <rs type="genre" key="poesia">Poesia</rs>
                    </note>
                </biblStruct>
            </sourceDesc>
        </fileDesc>
    </teiHeader>
    <facsimile>
        <graphic url="pub/res-1898-a_0031_21_t0.jpg"/>
        <graphic url="pub/res-1898-a_0032_22_t0.jpg"/>
        <graphic url="pub/res-1898-a_0033_23_t0.jpg"/>
    </facsimile>
    <text corresp="#O1-13">
        <body>
            <div>
                <head>EPISODIOS</head>
                <div type="poem" corresp="#O1-13-1">
                    <head>A Mumia</head>
                    <div type="poem">
                        <head>I</head>
                        <lg>
                            <l>Andei leguas de sombra </l>
                            <l>Dentro em meu pensamento. </l>
                            <l>Floresceu ás avessas </l>
                            <l>Meu ocio com sem-nexo,</l>
                            <l>E apagaram-se as lampadas</l>
                            <l>Na alcova cambaleante.</l>
                        </lg>
                        <lg>
                            <l>Tudo prestes se volve </l>
                            <l>Um deserto macio </l>
                            <l>Visto pelo meu tacto </l>
                            <l>Dos velludos da alcova, </l>
                            <l>Não pela minha vista.</l>
                        </lg>
                        <lg>
                            <l>Ha um oasis no Incerto</l>
                            <l>E, como uma suspeita </l>
                            <l>De luz por não-ha-frinchas, </l>
                            <l>Passa uma caravana.</l>
                        </lg>
                        <lg>
                            <l>Esquece-me de subito</l>
                            <l>Como é o espaço, e o tempo </l>
                            <l>Em vez de horizontal </l>
                            <l>É vertical.</l>
                        </lg>
                        <lg>
                            <l>A alcova </l>
                            <l>Desce não sei por onde </l>
                            <l>Até não me encontrar.</l>
                            <l>Ascende um leve fumo </l>
                            <l>Das minhas sensações.</l>
                            <l>Deixo de me incluir </l>
                            <l>Dentro de mim. Não ha</l>
                            <l>Cá-dentro nem lá-fóra.</l>
                        </lg>
                        <lg>
                            <l>E o deserto está agora </l>
                            <l>Virado para baixo.</l>
                            <l/>
                            <l>A noção de mover-me </l>
                            <l>Esqueceu-se do meu nome.</l>
                        </lg>
                        <lg>
                            <l>Na alma meu corpo pesa-me.</l>
                            <l>Sinto-me um reposteiro </l>
                            <l>Pendurado na sala</l>
                            <l>Onde jaz alguem morto.</l>
                        </lg>
                        <lg>
                            <l>Qualquer cousa cahiu</l>
                            <l>E tiniu no infinito.</l>
                        </lg>
                    </div>
                    <div type="poem">
                        <head>II</head>
                        <lg>
                            <l>Na sombra Cleopatra jaz morta.</l>
                            <l>Chove.</l>
                        </lg>
                        <lg>
                            <l>Embandeiraram o barco de maneira errada.</l>
                            <l>Chove sempre.</l>
                        </lg>
                        <lg>
                            <l>Para que olhas tu a cidade longinqua?</l>
                            <l>Tua alma é a cidade longinqua.</l>
                            <l>Chove friamente.</l>
                        </lg>
                        <lg>
                            <l>E quanto á mãe que embala ao collo um filho morto — </l>
                            <l>Todos nós embalamos ao collo um filho morto. </l>
                            <l>Chove, chove.</l>
                        </lg>
                        <lg>
                            <l>O sorriso triste que sobra a teus labios cansados,</l>
                            <l>Vejo o no gesto com que os teus dedos não deixam</l>
                            <l>os teus anneis.</l>
                        </lg>
                        <lg>
                            <l>Porque é que chove?</l>
                        </lg>
                    </div>
                    <div type="poem">
                        <head>III</head>
                        <lg>
                            <l>De quem é o olhar</l>
                            <l>Que espreita por meus olhos?</l>
                            <l>Quando penso que vejo,</l>
                            <l>Quem continúa vendo</l>
                            <l>Emquanto estou pensando?</l>
                            <l>Por que caminhos seguem,</l>
                            <l>Não os meus tristes passos,</l>
                            <l>Mas a realidade</l>
                            <l>De eu ter passos commigo?</l>
                        </lg>
                        <lg>
                            <l>Ás vezes, na penumbra </l>
                            <l>Do meu quarto, quando eu</l>
                            <l>Para mim proprio mesmo </l>
                            <l>Em alma mal existo,</l>
                            <l>Toma um outro sentido </l>
                            <l>Em mim o Universo —</l>
                            <l>É uma nodoa esbatida </l>
                            <l>De eu ser consciente sobre </l>
                            <l>Minha idéa das cousas.</l>
                        </lg>
                        <lg>
                            <l>Se accenderem as velas </l>
                            <l>E não houver apenas </l>
                            <l>A vaga luz de fóra —</l>
                            <l>Não sei que candieiro</l>
                            <l>Acceso onde na rua —</l>
                            <l>Terei foscos desejos </l>
                            <l>De nunca haver mais nada</l>
                            <l> No Universo e na Vida </l>
                            <l>De que o obscuro momento </l>
                            <l>Que é minha vida agora:</l>
                        </lg>
                        <lg>
                            <l>Um momento affluente</l>
                            <l>D’um rio sempre a ir </l>
                            <l>Esquecer-se de ser,</l>
                            <l>Espaço mysterioso </l>
                            <l>Entre espaços desertos </l>
                            <l>Cujo sentido é nullo </l>
                            <l>E sem ser nada a nada.</l>
                        </lg>
                        <lg>
                            <l>E assim a hora passa </l>
                            <l>Metaphysicamente.</l>
                        </lg>
                    </div>
                    <div type="poem">
                        <head>IV</head>
                        <lg>
                            <l>As minhas ansiedades cahem </l>
                            <l>Por uma escada abaixo.</l>
                            <l>Os meus desejos balouçam-se </l>
                            <l>Em meio de um jardim vertical.</l>
                        </lg>
                        <lg>
                            <l>Na Mumia a posição é absolutamente exacta.</l>
                        </lg>
                        <lg>
                            <l>Musica longinqua,</l>
                            <l>Musica excessivamente longinqua;</l>
                            <l>Para que a Vida passe </l>
                            <l>E colher esqueça aos gestos.</l>
                        </lg>
                    </div>
                    <div type="poem">
                        <head>V</head>
                        <lg>
                            <l>Porque abrem as cousas alas para eu passar?</l>
                            <l>Tenho medo de passar entre ellas, tão paradas conscientes</l>
                            <l>Tenho medo de as deixar atraz de mim a tirarem a Mascara</l>
                            <l>Mas ha sempre cousas atraz de mim.</l>
                            <l>Sinto a sua ausencia de olhos fitar-me, e estremeço.</l>
                        </lg>
                        <lg>
                            <l>Sem se mexerem, as paredes vibram-me sentido. </l>
                            <l>Fallam commigo sem voz de dizerem-me as cadeiras</l>
                            <l>Os desenhos do panno da meza teem vida, cada um é um abysmo</l>
                            <l>Luze a sorrir com visiveis labios invisiveis </l>
                            <l>A porta abrindo-se conscientemente </l>
                            <l>Sem que a mão seja mais que o caminho para abrir-se</l>
                        </lg>
                        <lg>
                            <l>De onde é que estão olhando para mim?</l>
                            <l>Que cousas incapazes de olhar estão olhando para mim</l>
                            <l>Quem espreita de tudo?</l>
                        </lg>
                        <lg>
                            <l>As arestas fitam-me.</l>
                            <l>Sorriem realmente as paredes lisas.</l>
                        </lg>
                        <lg>
                            <l>Sensação de ser só a minha espinha.</l>
                            <l>As espadas.</l>
                        </lg>
                    </div>
                </div>
                <div type="poem" corresp="#O1-13-2">
                    <head>Ficções do Interludio</head>
                    <div type="poem" corresp="#O1-13-2-1">
                        <head>I</head>
                        <head>Plenilunio</head>
                        <lg>
                            <l>As horas pela alameda</l>
                            <l>Arrastam vestes de seda,</l>
                        </lg>
                        <lg>
                            <l>Vestes de seda sonhada</l>
                            <l>Pela alameda alongada</l>
                        </lg>
                        <lg>
                            <l>Sob o azular do luar...</l>
                            <l>E ouve-se no ar a expirar </l>
                        </lg>
                        <lg>
                            <l>A expirar mas nunca expira </l>
                            <l>Uma flauta que delira;</l>
                        </lg>
                        <lg>
                            <l>Que é mais a idéa de ouvil-a</l>
                            <l>Que ouvil-a quasi tranquilla</l>
                        </lg>
                        <lg>
                            <l>Pelo ar a ondear e a ir...</l>
                        </lg>
                        <lg>
                            <l>Silencio a tremeluzir...</l>
                        </lg>
                    </div>
                    <div type="poem" corresp="#O1-13-2-2">
                        <head>II</head>
                        <head>Saudade dada</head>
                        <lg>
                            <l>Em horas inda louras, lindas</l>
                            <l>Clorindas e Belindas, brandas,</l>
                            <l>Brincam no tempo das berlindas,</l>
                            <l>As vindas vendo das varandas.</l>
                            <l>De onde ouvem vir a rir as vindas</l>
                            <l>Fitam a fio as frias bandas.</l>
                        </lg>
                        <lg>
                            <l>Mas em torno á tarde se entorna</l>
                            <l>A atordoar o ar que arde</l>
                            <l>Que a eterna tarde já não torna!</l>
                            <l>E em tom de atoarda todo o alarde</l>
                            <l>Do adornado ardor transtorna</l>
                            <l>No ar de torpor da tarda tarde.</l>
                        </lg>
                        <lg>
                            <l>E há nevoentos desencantos</l>
                            <l>Dos encantos dos pensamentos</l>
                            <l>Nos santos lentos dos recantos</l>
                            <l>Dos bentos cantos dos conventos...</l>
                            <l>Prantos de intentos, lentos, tantos</l>
                            <l>Que encantam os attentos ventos.</l>
                        </lg>
                    </div>
                    <div type="poem" corresp="#O1-13-2-3">
                        <head>III</head>
                        <head>Pierrot bebado</head>
                        <lg>
                            <l>Nas ruas da feira,</l>
                            <l>Da feira deserta,</l>
                            <l>Só a lua cheia</l>
                            <l>Branqueia e clareia</l>
                            <l>As ruas da feira</l>
                            <l>Na noite entreaberta.</l>
                        </lg>
                        <lg>
                            <l>Só a lua alva</l>
                            <l>Branqueia e clareia</l>
                            <l>A paysagem calva</l>
                            <l>De abandono e alva</l>
                            <l>Alegria alheia.</l>
                        </lg>
                        <lg>
                            <l>Bebada branqueia</l>
                            <l>Como pela areia</l>
                            <l>Nas ruas da feira,</l>
                            <l>Da feira deserta,</l>
                            <l>Na noite já cheia</l>
                            <l>De sombra entreaberta.</l>
                        </lg>
                        <lg>
                            <l>A lua branqueia</l>
                            <l>Nas ruas da feira</l>
                            <l>Deserta e incerta...</l>
                        </lg>
                    </div>
                    <div type="poem" corresp="#O1-13-2-3">
                        <head>IV</head>
                        <head>Minuete invisivel</head>
                        <lg>
                            <l>Ellas são vaporosas,</l>
                            <l>Pallidas sombras, as rosas</l>
                            <l>Nadas da hora lunar..</l>
                        </lg>
                        <lg>
                            <l>Veem, aereas, dançar</l>
                            <l>Como perfumes soltos</l>
                            <l>Entre os canteiros e os buxos...</l>
                            <l>Chora no som dos repuxos</l>
                            <l>O rhythmo que ha nos seus vultos...</l>
                        </lg>
                        <lg>
                            <l>Passam e agitam a brisa...</l>
                            <l>Pallida, a pompa indecisa</l>
                            <l>Da sua flebil demora</l>
                            <l>Paira em aureola á hora...</l>
                        </lg>
                        <lg>
                            <l>Passam nos rhythmos da sombra...</l>
                            <l>Ora é uma folha que tomba,</l>
                            <l>Ora uma brisa que treme</l>
                            <l>Sua leveza solemne...</l>
                        </lg>
                        <lg>
                            <l>E assim vão indo, delindo</l>
                            <l>Seu perfil unico e lindo,</l>
                            <l>Seu vulto feito de todas,</l>
                            <l>Nas alamedas, em rodas,</l>
                            <l>No jardim livido e frio...</l>
                        </lg>
                        <lg>
                            <l>Passam sósinhas, a fio,</l>
                            <l>Como um fumo indo, a rarear,</l>
                            <l>Pelo ar longinquo e vazio,</l>
                            <l>Sob o, disperso pelo ar,</l>
                            <l>Pallido pallio lunar...</l>
                        </lg>
                    </div>
                    <div type="poem" corresp="#O1-13-2-4">
                        <head>V</head>
                        <head>Hiemal</head>
                        <lg>
                            <l>Balladas de uma outra terra, alliadas</l>
                            <l>Ás saudades das fadas, amadas por gnomos idos,</l>
                            <l>Retinem lividas ainda aos ouvidos</l>
                            <l>Dos luares das altas noites aladas...</l>
                            <l>Pelos canaes barcas erradas</l>
                            <l>Segredam-se rumos descridos...</l>
                        </lg>
                        <lg>
                            <l>E tresloucadas ou casadas com o som das balladas,</l>
                            <l>As fadas são bellas, e as estrellas</l>
                            <l>São dellas... Eil-as alheadas...</l>
                        </lg>
                        <lg>
                            <l>E são fumos os rumos das barcas sonhadas,</l>
                            <l>Nos canaes fataes eguaes de erradas,</l>
                            <l>As barcas parcas das fadas,</l>
                            <l>Das fadas aladas e hiemais</l>
                            <l>E caladas...</l>
                        </lg>
                        <lg>
                            <l>Toadas afastadas, irreais, de balladas...</l>
                            <l>Ais...</l>
                        </lg>
                    </div>
                </div>
            </div>
        </body>
    </text>
</TEI>
