<?xml version="1.0" encoding="UTF-8"?> 
<?xml-model href="../schema/pessoaTEI.rng" type="application/xml" schematypens="http://relaxng.org/ns/structure/1.0"?>
<TEI xmlns="http://www.tei-c.org/ns/1.0">
    <teiHeader>
        <fileDesc>
            <titleStmt>
                <title>Gomes Leal</title>
                <author>
                    <rs type="name" key="FP">Fernando Pessoa</rs>
                </author>
                <respStmt>
                    <resp>Edição, Transcrição</resp>
                    <name>Pedro Sepúlveda</name>
                </respStmt>
                <respStmt>
                    <resp>Transcrição</resp>
                    <name>Pablo Javier Pérez López</name>
                </respStmt>
                <respStmt>
                    <resp>Modelagem de dados, Codificação</resp>
                    <name>Ulrike Henny-Krahmer</name>
                </respStmt>
                <respStmt>
                    <resp>Codificação</resp>
                    <name>Sviatoslav Drach</name>
                </respStmt>
                <respStmt>
                    <resp>Consultoria</resp>
                    <name>Institut für Dokumentologie und Editorik (IDE)</name>
                </respStmt>
            </titleStmt>
            <publicationStmt>
                <publisher>Universidade Nova de Lisboa, Instituto de Estudos de Literatura e
                    Tradição (IELT)</publisher>
                <publisher>Cologne Center for eHumanities (CCeH)</publisher>
                <date>2017</date>
                <availability status="free">
                    <licence target="http://creativecommons.org/licenses/by/3.0/"/>
                </availability>
                <idno type="filename">Pessoa_Gomes-Leal.xml</idno>
            </publicationStmt>
            <sourceDesc>
                <list type="work-index">
                    <item><rs type="work" key="O1-16">Gomes Leal</rs></item>
                </list>
                <biblStruct>
                    <analytic>
                        <title level="a">Gomes Leal</title>
                        <author>
                            <rs type="name" key="FP">Fernando Pessoa</rs>
                        </author>
                        <textLang mainLang="pt"/>
                    </analytic>
                    <monogr>
                        <title level="j"><rs type="periodical" key="J9">Notícias
                            Ilustrado</rs></title>
                        <imprint>
                            <date when="1928-10-28">28 de Outubro de 1928</date>
                        </imprint>
                        <biblScope unit="page">7</biblScope>
                    </monogr>
                    <note type="genre">
                        <rs type="genre" key="poesia">Poesia</rs>
                    </note>
                </biblStruct>
            </sourceDesc>
        </fileDesc>
    </teiHeader>
    <facsimile>
        <graphic url="pub/FP147_1928-10-28_0007_Gomes_Leal.jpg"/>
    </facsimile>
    <text corresp="#O1-16">
        <body>
            <div>
                <head>GOMES LEAL</head>
                <lg>
                    <l>Sagra, sinistro, a alguns o astro baço.</l>
                    <l>Seus trez anneis irreversiveis são </l>
                    <l>A desgraça, a amargura, a solidão...</l>
                    <l>Oito luas fataes fitam do espaço.</l>
                </lg>
                <lg>
                    <l>Este, poeta, Apollo em seu regaço</l>
                    <l>A Saturno entregou. A plumbea mão</l>
                    <l>Lhe ergueu ao alto o afflicto coração,</l>
                    <l>E, erguido, o apertou, sangrando lasso.</l>
                </lg>
                <lg>
                    <l>Inuteis oito luas da loucura</l>
                    <l>Quando a cinctura triplice denota</l>
                    <l>Solidão, e desgraça, e amargura!</l>
                </lg>
                <lg>
                    <l>Mas da noite sem fim um rastro brota,</l>
                    <l>Vestigio de maligna formosura...</l>
                    <l>É a lua além de Deus, algida e ignota.</l>
                </lg>
                <signed>FERNANDO PESSOA</signed>
            </div>
        </body>
    </text>
</TEI>
