<?xml version="1.0" encoding="UTF-8"?>
<?xml-model href="../schema/pessoaTEI.rng" type="application/xml" schematypens="http://relaxng.org/ns/structure/1.0"?>
<TEI xmlns="http://www.tei-c.org/ns/1.0">
    <teiHeader>
        <fileDesc>
            <titleStmt>
                <title>Chuva Oblíqua</title>
                <author>
                    <rs type="name" key="FP">Fernando Pessoa</rs>
                </author>
                <respStmt>
                    <resp>Edição, Transcrição</resp>
                    <name>Pedro Sepúlveda</name>
                </respStmt>
                <respStmt>
                    <resp>Transcrição</resp>
                    <name>Pablo Javier Pérez López</name>
                </respStmt>
                <respStmt>
                    <resp>Modelagem de dados, Codificação</resp>
                    <name>Ulrike Henny-Krahmer</name>
                </respStmt>
                <respStmt>
                    <resp>Codificação</resp>
                    <name>Sviatoslav Drach</name>
                </respStmt>
                <respStmt>
                    <resp>Codificação, Modernização ortográfica</resp>
                    <name>Inês Filipa Rebelo do Carmo</name>
                </respStmt>
                <respStmt>
                    <resp>Consultoria</resp>
                    <name>Institut für Dokumentologie und Editorik (IDE)</name>
                </respStmt>
            </titleStmt>
            <publicationStmt>
                <publisher>Universidade Nova de Lisboa, Instituto de Estudos de Literatura e
                    Tradição (IELT)</publisher>
                <publisher>Cologne Center for eHumanities (CCeH)</publisher>
                <date>2017</date>
                <availability status="free">
                    <licence target="http://creativecommons.org/licenses/by/3.0/"/>
                </availability>
                <idno type="filename">Pessoa_Chuva-Obliqua.xml</idno>
            </publicationStmt>
            <notesStmt>
                <note type="genre">
                    <rs type="genre" key="poesia">Poesia</rs>
                </note>
            </notesStmt>
            <sourceDesc>
                <list type="work-index">
                    <item><rs type="work" key="O1-9">Chuva Oblíqua</rs></item>
                </list>
                <biblStruct>
                    <analytic>
                        <title level="a">Chuva Oblíqua. Poemas Interseccionistas</title>
                        <author>
                            <rs type="name" key="FP">Fernando Pessoa</rs>
                        </author>
                        <textLang mainLang="pt"/>
                    </analytic>
                    <monogr>
                        <title level="j"><rs type="periodical" key="J12">Orpheu</rs></title>
                        <imprint>
                            <date when="1915-06">junho de 1915</date>
                        </imprint>
                        <biblScope unit="issue">2</biblScope>
                        <biblScope unit="page">160-164</biblScope>
                    </monogr>
                </biblStruct>
            </sourceDesc>
        </fileDesc>
        <encodingDesc>
            <variantEncoding method="parallel-segmentation" location="internal"/>
        </encodingDesc>
    </teiHeader>
    <facsimile xml:base="http://images.cceh.uni-koeln.de/pessoa/">
        <graphic url="pub/res-2750-v_1915-04_0090_159_t0.jpg"/>
        <graphic url="pub/res-2750-v_1915-04_0092_161_t0.jpg"/>
        <graphic url="pub/res-2750-v_1915-04_0093_162_t0.jpg"/>
        <graphic url="pub/res-2750-v_1915-04_0094_163_t0.jpg"/>
        <graphic url="pub/res-2750-v_1915-04_0095_164_t0.jpg"/>
    </facsimile>
    <text corresp="#O1-9" type="orig">
        <body>
            <div>
                <head>CHUVA OBLÍQUA</head>
                <head>_____</head>
                <head type="sub">POEMAS INTERSECCIONISTAS DE <rs type="name" key="FP" role="author"
                        style="b">FERNANDO PESSOA</rs></head>
                <div type="poem">
                    <head>I</head>
                    <lg>
                        <l>Atravessa esta paysagem o meu sonho dʼum porto infinito</l>
                        <l>E a côr das flôres é transparente de as velas de grandes navios</l>
                        <l>Que largam do caes arrastando nas aguas por sombra</l>
                        <l>Os vultos ao sol dʼaquellas arvores antigas...</l>
                    </lg>
                    <lg>
                        <l>O porto que sonho é sombrio e pallido</l>
                        <l>E esta paysagem é cheia de sol dʼeste lado...</l>
                        <l>Mas no meu espirito o sol dʼeste dia é porto sombrio</l>
                        <l>E os navios que sahem do porto são estas arvores ao sol...</l>
                    </lg>
                    <lg>
                        <l>Liberto em duplo, abandonei-me da paysagem abaixo...</l>
                        <l>O vulto do caes é a estrada nitida e calma </l>
                        <l>Que se levanta e se ergue como um muro,</l>
                        <l>E os navios passam por dentro dos troncos das arvores</l>
                        <l>Com uma horizontalidade vertical,</l>
                        <l>E deixam cahir amarras na agua pelas folhas uma a uma dentro...</l>
                    </lg>
                    <lg>
                        <l>Não sei quem me sonho...</l>
                        <l>Súbito toda a agua do mar do porto é transparente</l>
                        <l>E vejo no fundo, como uma estampa enorme que lá estivesse
                            des¬dobrada,</l>
                        <l>Esta paysagem toda, renque de arvores, estrada a arder em aquelle
                            porto,</l>
                        <l>E a sombra dʼuma náu mais antiga que o porto que passa</l>
                        <l>Entre o meu sonho do porto e o meu vêr esta paysagem</l>
                        <l>E chega ao pé de mim, e entra por mim dentro,</l>
                        <l>E passa para o outro lado da minha alma...</l>
                    </lg>
                </div>
                <div type="poem">
                    <head>II</head>
                    <lg>
                        <l>Illumina-se a egreja por dentro da chuva dʼeste dia,</l>
                        <l>E cada vela que se acende é mais chuva a bater na vidraça...</l>
                    </lg>
                    <lg>
                        <l>Alegra-me ouvir a chuva porque ella é o templo estar acceso,</l>
                        <l>E as vidraças da egreja vistas de fóra são o som da chuva ouvido por
                            dentro...</l>
                    </lg>
                    <lg>
                        <l>O esplendôr do altar-mór é o eu não poder quasi vêr os montes</l>
                        <l>Atravez da chuva que é ouro tão solemne na toalha do altar...</l>
                        <l>Sôa o canto do côro, latino e vento a sacudir-me a vidraça</l>
                        <l> E sente se chiar a agua no facto de haver côro...</l>
                    </lg>
                    <lg>
                        <l>A missa é um automovel que passa</l>
                        <l>Atravez dos fieis que se ajoelham em hoje ser um dia triste...</l>
                        <l>Subito vento sacode em esplendôr maior </l>
                        <l>A festa da cathedral e o ruido da chuva absorve tudo</l>
                        <l>Até só se ouvir a voz do padre agua perder-se ao longe</l>
                        <l>Com o som de rodas de automovel...</l>
                    </lg>
                    <lg>
                        <l>E apagam-se as luzes da egreja</l>
                        <l>Na chuva que cessa...</l>
                    </lg>
                </div>
                <div type="poem">
                    <head>III</head>
                    <lg>
                        <l>A Grande Esphynge do Egypto sonha por este papel dentro...</l>
                        <l>Escrevo — e ella apparece me atravez da minha mão transparente </l>
                        <l>E ao canto do papel erguem-se as pyramides...</l>
                    </lg>
                    <lg>
                        <l>Escrevo — perturbo-me de vêr o bico da minha penna</l>
                        <l>Ser o perfil do <rs type="name" key="P595">rei Cheops</rs>...</l>
                        <l>De repente paro...</l>
                        <l>Escureceu tudo... Caio por um abysmo feito de tempo...</l>
                        <l>Estou soterrado sob as pyramides a escrever versos á luz clara dʼeste
                            candieiro</l>
                        <l>E todo o Egypto me esmaga de alto atravez dos traços que faço com a
                            penna...</l>
                    </lg>
                    <lg>
                        <l>Ouço a Esphynge rir por dentro</l>
                        <l>O som da minha penna a correr no papel...</l>
                        <l>Atravessa o eu não poder vel-a uma mão enorme,</l>
                        <l>Varre tudo para o canto do tecto que fica por detraz de mim,</l>
                        <l>E sobre o papel onde escrevo, entre elle e a penna que escreve</l>
                        <l>Jaz o cadaver do <rs type="name" key="P595">rei Cheops</rs>, olhando me
                            com olhos muito abertos,</l>
                        <l>E entre os nossos olhares que se cruzam corre o Nilo</l>
                        <l>E uma alegria de barcos embandeirados erra</l>
                        <l>Numa diagonal diffusa</l>
                        <l>Entre mim e o que eu penso...</l>
                    </lg>
                    <lg>
                        <l>Funeraes do <rs type="name" key="P595">rei Cheops</rs> em ouro velho e
                            Mim!...</l>
                    </lg>
                </div>
                <div type="poem">
                    <head>IV</head>
                    <lg>
                        <l>Que pandeiretas o silencio dʼeste quarto!...</l>
                        <l>As paredes estão na Andaluzia...</l>
                        <l>Ha danças sensuaes no brilho fixo da luz...</l>
                    </lg>
                    <lg>
                        <l>De repente todo o espaço pára...,</l>
                        <l>Pára, escorrega, desembrulha-se...,</l>
                        <l>E num canto do tecto, muito mais longe do que elle está,</l>
                        <l>Abrem mãos brancas janellas secretas</l>
                        <l>E ha ramos de violetas cahindo</l>
                        <l>De haver uma noite de primavera lá fóra</l>
                        <l>Sobre o eu estar de olhos fechados...</l>
                    </lg>
                </div>
                <div type="poem">
                    <head>V</head>
                    <lg>
                        <l>Lá fóra vae um redemoinho de sol os cavallos do carroussel...</l>
                        <l>Arvores, pedras, montes, bailam parados dentro de mim...</l>
                        <l>Noite absoluta na feira illuminada, luar no dia de sol lá fóra,</l>
                        <l>E as luzes todas da feira fazem ruido dos muros do quintal...</l>
                        <l>Ranchos de raparigas de bilha á cabeça</l>
                        <l>Que passam lá fóra, cheias de estar sob o sol,</l>
                        <l>Cruzam-se com grandes grupos peganhentos de gente que anda na feira,</l>
                        <l>Gente toda misturada com as luzes das barracas, com a noite e com o
                            luar,</l>
                        <l>E os dois grupos encontram-se e penetram-se</l>
                        <l>Até formarem só um que é os dois...</l>
                        <l>A feira e as luzes da feira e a gente que anda na feira,</l>
                        <l>E a noite que pega na feira e a levanta no ar,</l>
                        <l>Andam por cima das copas das arvores cheias de sol,</l>
                        <l>Andam visivelmente por baixo dos penedos que luzem ao sol,</l>
                        <l>Apparecem do outro lado das bilhas que as raparigas levam á cabeça,</l>
                        <l>E toda esta paysagem de primavera é a lua sobre a feira,</l>
                        <l>E toda a feira com ruidos e luzes é o chão d’este dia de sol...</l>
                    </lg>
                    <lg>
                        <l>De repente alguem sacode esta hora dupla como numa peneira</l>
                        <l>E, misturado, o pó das duas realidades cahe</l>
                        <l>Sobre as minhas mãos cheias de desenhos de portos</l>
                        <l>Com grandes naus que se vão e não pensam em voltar...</l>
                        <l>Pó de ouro branco e negro sobre os meus dedos...</l>
                        <l>As minhas mãos são os passos dʼaquella rapariga que abandona a feira,</l>
                        <l>Sósinha e contente como o dia de hoje...</l>
                    </lg>
                </div>
                <div type="poem">
                    <head>VI</head>
                    <lg>
                        <l>O maestro sacode a batuta,</l>
                        <l>E languida e triste a musica rompe...</l>
                        <l>Lembra-me a minha infancia, aquelle dia</l>
                        <l>Em que eu brincava ao pé dʼum muro de quintal</l>
                        <l>Atirando-lhe com uma bola que tinha d’um lado</l>
                        <l>O deslisar dʼum cão verde, e do outro lado</l>
                        <l>Um cavallo azul a correr com um jockey amarello...</l>
                    </lg>
                    <lg>
                        <l>Prosegue a musica, e eis na minha infancia</l>
                        <l>De repente entre mim e o maestro, muro branco,</l>
                        <l>Vae e vem a bola, ora um cão verde,</l>
                        <l>Ora um cavallo azul com um jockey amarello...</l>
                    </lg>
                    <lg>
                        <l>Todo o theatro é o meu quintal, a minha infancia</l>
                        <l>Está em todos os logares, e a bola vem a tocar musica</l>
                        <l>Uma musica triste e vaga que passeia no meu quintal</l>
                        <l>Vestida de cão verde tornando-se jockey amarello...</l>
                        <l>(Tão rapida gira a bola entre mim e os músicos...)</l>
                    </lg>
                    <lg>
                        <l>Atiro-a de encontro á minha infancia e ella</l>
                        <l>Atravessa o theatro todo que está aos meus pés </l>
                        <l>A brincar com um jockey amarello e um cão verde </l>
                        <l>E um cavallo azul que apparece por cima do muro </l>
                        <l>Do meu quintal... E a musica atira com bolas </l>
                        <l>Á minha infancia... E o muro do quintal é feito de gestos </l>
                        <l>De batuta e rotações confusas de cães verdes </l>
                        <l>E cavallos azues e jockeys amarellos...</l>
                    </lg>
                    <lg>
                        <l>Todo o theatro é um muro branco de musica</l>
                        <l>Por onde um cão verde corre atraz da minha saudade</l>
                        <l>Da minha infancia, cavallo azul com um jockey amarello...</l>
                    </lg>
                    <lg>
                        <l>E dʼum lado para o outro, da direita para a esquerda,</l>
                        <l>Dʼonde ha arvores e entre os ramos ao pé da copa</l>
                        <l>Com orchestras a tocar musica,</l>
                        <l>Para onde ha filas de bolas na loja onde a comprei</l>
                        <l>E o homem da loja sorri entre as memorias da minha infancia...</l>
                    </lg>
                    <lg>
                        <l>E a musica cessa como um muro que desaba,</l>
                        <l>A bola rola pelo despenhadeiro dos meus sonhos interrompidos,</l>
                        <l>E do alto dum cavallo azul, o maestro, jockey amarello tornando-se
                            preto,</l>
                    </lg>
                    <lg>
                        <l>Agradece, pousando a batuta em cima da fuga dʼum muro,</l>
                        <l>E curva-se, sorrindo, com uma bola branca em cima da cabeça,</l>
                        <l>Bola branca que lhe desapparece pelas costas abaixo...</l>
                    </lg>
                </div>
                <dateline rend="right">8 de Março de 1914.</dateline>
                <signed rend="right"><rs type="name" key="FP" role="author" style="a">FERNANDO
                        PESSÔA</rs>.</signed>
            </div>
        </body>
    </text>
    <text type="reg">
        <body>
            <div>
                <head>CHUVA OBLÍQUA</head>
                <head>_____</head>
                <head type="sub">POEMAS INTERSECIONISTAS DE FERNANDO PESSOA</head>
                <div type="poem">
                    <head>I</head>
                    <lg>
                        <l>Atravessa esta paisagem o meu sonho dum porto infinito</l>
                        <l>E a cor das flores é transparente de as velas de grandes navios</l>
                        <l>Que largam do cais arrastando nas águas por sombra</l>
                        <l>Os vultos ao sol daquelas árvores antigas...</l>
                    </lg>
                    <lg>
                        <l>O porto que sonho é sombrio e pálido</l>
                        <l>E esta paisagem é cheia de sol deste lado...</l>
                        <l>Mas no meu espírito o sol deste dia é porto sombrio</l>
                        <l>E os navios que saem do porto são estas árvores ao sol...</l>
                    </lg>
                    <lg>
                        <l>Liberto em duplo, abandonei-me da paisagem abaixo...</l>
                        <l>O vulto do cais é a estrada nítida e calma </l>
                        <l>Que se levanta e se ergue como um muro,</l>
                        <l>E os navios passam por dentro dos troncos das árvores</l>
                        <l>Com uma horizontalidade vertical,</l>
                        <l>E deixam cair amarras na água pelas folhas uma a uma dentro...</l>
                    </lg>
                    <lg>
                        <l>Não sei quem me sonho...</l>
                        <l>Súbito toda a água do mar do porto é transparente</l>
                        <l>E vejo no fundo, como uma estampa enorme que lá estivesse
                            desdobrada,</l>
                        <l>Esta paisagem toda, renque de árvores, estrada a arder em aquele
                            porto,</l>
                        <l>E a sombra duma nau mais antiga que o porto que passa</l>
                        <l>Entre o meu sonho do porto e o meu ver esta paisagem</l>
                        <l>E chega ao pé de mim, e entra por mim dentro,</l>
                        <l>E passa para o outro lado da minha alma...</l>
                    </lg>
                </div>
                <div type="poem">
                    <head>II</head>
                    <lg>
                        <l>Ilumina-se a igreja por dentro da chuva deste dia,</l>
                        <l>E cada vela que se acende é mais chuva a bater na vidraça...</l>
                    </lg>
                    <lg>
                        <l>Alegra-me ouvir a chuva porque ela é o templo estar aceso,</l>
                        <l>E as vidraças da igreja vistas de fora são o som da chuva ouvido por
                            dentro...</l>
                    </lg>
                    <lg>
                        <l>O esplendor do altar-mor é o eu não poder quase ver os montes</l>
                        <l>Através da chuva que é ouro tão solene na toalha do altar...</l>
                        <l>Soa o canto do coro, latino e vento a sacudir-me a vidraça</l>
                        <l> E sente-se chiar a água no facto de haver coro...</l>
                    </lg>
                    <lg>
                        <l>A missa é um automóvel que passa</l>
                        <l>Através dos fiéis que se ajoelham em hoje ser um dia triste...</l>
                        <l>Súbito vento sacode em esplendor maior </l>
                        <l>A festa da catedral e o ruído da chuva absorve tudo</l>
                        <l>Até só se ouvir a voz do padre água perder-se ao longe</l>
                        <l>Com o som de rodas de automóvel...</l>
                    </lg>
                    <lg>
                        <l>E apagam-se as luzes da igreja</l>
                        <l>Na chuva que cessa...</l>
                    </lg>
                </div>
                <div type="poem">
                    <head>III</head>
                    <lg>
                        <l>A Grande Esfinge do Egipto sonha por este papel dentro...</l>
                        <l>Escrevo — e ela aparece-me através da minha mão transparente </l>
                        <l>E ao canto do papel erguem-se as pirâmides...</l>
                    </lg>
                    <lg>
                        <l>Escrevo — perturbo-me de ver o bico da minha pena</l>
                        <l>Ser o perfil do rei Quéops...</l>
                        <l>De repente paro...</l>
                        <l>Escureceu tudo... Caio por um abismo feito de tempo...</l>
                        <l>Estou soterrado sob as pirâmides a escrever versos à luz clara deste
                            candeeiro</l>
                        <l>E todo o Egipto me esmaga de alto através dos traços que faço com a
                            pena...</l>
                    </lg>
                    <lg>
                        <l>Ouço a Esfinge rir por dentro</l>
                        <l>O som da minha pena a correr no papel...</l>
                        <l>Atravessa o eu não poder vê-la uma mão enorme,</l>
                        <l>Varre tudo para o canto do teto que fica por detrás de mim,</l>
                        <l>E sobre o papel onde escrevo, entre ele e a pena que escreve</l>
                        <l>Jaz o cadáver do rei Quéops, olhando-me com olhos muito abertos,</l>
                        <l>E entre os nossos olhares que se cruzam corre o Nilo</l>
                        <l>E uma alegria de barcos embandeirados erra</l>
                        <l>Numa diagonal difusa</l>
                        <l>Entre mim e o que eu penso...</l>
                    </lg>
                    <lg>
                        <l>Funerais do rei Quéops em ouro velho e Mim!...</l>
                    </lg>
                </div>
                <div type="poem">
                    <head>IV</head>
                    <lg>
                        <l>Que pandeiretas o silêncio deste quarto!...</l>
                        <l>As paredes estão na Andaluzia...</l>
                        <l>Há danças sensuais no brilho fixo da luz...</l>
                    </lg>
                    <lg>
                        <l>De repente todo o espaço para...,</l>
                        <l>Para, escorrega, desembrulha-se...,</l>
                        <l>E num canto do teto, muito mais longe do que ele está,</l>
                        <l>Abrem mãos brancas janelas secretas</l>
                        <l>E há ramos de violetas caindo</l>
                        <l>De haver uma noite de primavera lá fora</l>
                        <l>Sobre o eu estar de olhos fechados...</l>
                    </lg>
                </div>
                <div type="poem">
                    <head>V</head>
                    <lg>
                        <l>Lá fora vai um redemoinho de sol os cavalos do carrossel...</l>
                        <l>Árvores, pedras, montes, bailam parados dentro de mim...</l>
                        <l>Noite absoluta na feira iluminada, luar no dia de sol lá fora,</l>
                        <l>E as luzes todas da feira fazem ruído dos muros do quintal...</l>
                        <l>Ranchos de raparigas de bilha à cabeça</l>
                        <l>Que passam lá fora, cheias de estar sob o sol,</l>
                        <l>Cruzam-se com grandes grupos peganhentos de gente que anda na feira,</l>
                        <l>Gente toda misturada com as luzes das barracas, com a noite e com o
                            luar,</l>
                        <l>E os dois grupos encontram-se e penetram-se</l>
                        <l>Até formarem só um que é os dois...</l>
                        <l>A feira e as luzes da feira e a gente que anda na feira,</l>
                        <l>E a noite que pega na feira e a levanta no ar,</l>
                        <l>Andam por cima das copas das árvores cheias de sol,</l>
                        <l>Andam visivelmente por baixo dos penedos que luzem ao sol,</l>
                        <l>Aparecem do outro lado das bilhas que as raparigas levam à cabeça,</l>
                        <l>E toda esta paisagem de primavera é a lua sobre a feira,</l>
                        <l>E toda a feira com ruídos e luzes é o chão deste dia de sol...</l>
                    </lg>
                    <lg>
                        <l>De repente alguém sacode esta hora dupla como numa peneira</l>
                        <l>E, misturado, o pó das duas realidades cai</l>
                        <l>Sobre as minhas mãos cheias de desenhos de portos</l>
                        <l>Com grandes naus que se vão e não pensam em voltar...</l>
                        <l>Pó de ouro branco e negro sobre os meus dedos...</l>
                        <l>As minhas mãos são os passos daquela rapariga que abandona a feira,</l>
                        <l>Sozinha e contente como o dia de hoje...</l>
                    </lg>
                </div>
                <div type="poem">
                    <head>VI</head>
                    <lg>
                        <l>O maestro sacode a batuta,</l>
                        <l>E lânguida e triste a música rompe...</l>
                        <l>Lembra-me a minha infância, aquele dia</l>
                        <l>Em que eu brincava ao pé dum muro de quintal</l>
                        <l>Atirando-lhe com uma bola que tinha dum lado</l>
                        <l>O deslizar dum cão verde, e do outro lado</l>
                        <l>Um cavalo azul a correr com um jockey amarelo...</l>
                    </lg>
                    <lg>
                        <l>Prossegue a música, e eis na minha infância</l>
                        <l>De repente entre mim e o maestro, muro branco,</l>
                        <l>Vai e vem a bola, ora um cão verde,</l>
                        <l>Ora um cavalo azul com um jockey amarelo...</l>
                    </lg>
                    <lg>
                        <l>Todo o teatro é o meu quintal, a minha infância</l>
                        <l>Está em todos os lugares, e a bola vem a tocar música</l>
                        <l>Uma música triste e vaga que passeia no meu quintal</l>
                        <l>Vestida de cão verde tornando-se jockey amarelo...</l>
                        <l>(Tão rápida gira a bola entre mim e os músicos...)</l>
                    </lg>
                    <lg>
                        <l>Atiro-a de encontro à minha infância e ela</l>
                        <l>Atravessa o teatro todo que está aos meus pés </l>
                        <l>A brincar com um jockey amarelo e um cão verde </l>
                        <l>E um cavalo azul que aparece por cima do muro </l>
                        <l>Do meu quintal... E a música atira com bolas </l>
                        <l>À minha infância... E o muro do quintal é feito de gestos </l>
                        <l>De batuta e rotações confusas de cães verdes </l>
                        <l>E cavalos azuis e jockeys amarelos...</l>
                    </lg>
                    <lg>
                        <l>Todo o teatro é um muro branco de música</l>
                        <l>Por onde um cão verde corre atrás da minha saudade</l>
                        <l>Da minha infância, cavalo azul com um jockey amarelo...</l>
                    </lg>
                    <lg>
                        <l>E dum lado para o outro, da direita para a esquerda,</l>
                        <l>Donde há árvores e entre os ramos ao pé da copa</l>
                        <l>Com orquestras a tocar música,</l>
                        <l>Para onde há filas de bolas na loja onde a comprei</l>
                        <l>E o homem da loja sorri entre as memórias da minha infância...</l>
                    </lg>
                    <lg>
                        <l>E a música cessa como um muro que desaba,</l>
                        <l>A bola rola pelo despenhadeiro dos meus sonhos interrompidos,</l>
                        <l>E do alto dum cavalo azul, o maestro, jockey amarelo tornando-se
                            preto,</l>
                    </lg>
                    <lg>
                        <l>Agradece, pousando a batuta em cima da fuga dum muro,</l>
                        <l>E curva-se, sorrindo, com uma bola branca em cima da cabeça,</l>
                        <l>Bola branca que lhe desaparece pelas costas abaixo...</l>
                    </lg>
                </div>
                <dateline rend="right">8 de março de 1914.</dateline>
                <signed rend="right">FERNANDO PESSOA.</signed>
            </div>
        </body>
    </text>
</TEI>
