<?xml version="1.0" encoding="UTF-8"?>
<?xml-model href="../schema/pessoaTEI.rng" type="application/xml" schematypens="http://relaxng.org/ns/structure/1.0"?>
<TEI xmlns="http://www.tei-c.org/ns/1.0">
   <teiHeader>
      <fileDesc>
         <titleStmt>
            <title>Carta ao autor de ʺSácháʺ</title>
            <author>
               <rs type="name" key="FP">Fernando Pessoa</rs>
            </author>
            <respStmt>
               <resp>Edição, Transcrição, Codificação</resp>
               <name>Jorge Uribe</name>
            </respStmt>
            <respStmt>
               <resp>Modelagem de dados, Codificação</resp>
               <name>Ulrike Henny-Krahmer</name>
            </respStmt>
            <respStmt>
               <resp>Codificação, Atualização ortográfica</resp>
               <name>Inês Filipa Rebelo do Carmo</name>
            </respStmt>
            <respStmt>
               <resp>Consultoria</resp>
               <name>Institut für Dokumentologie und Editorik (IDE)</name>
            </respStmt>
         </titleStmt><editionStmt><p>Corpus version C2.1.0</p></editionStmt>
         <publicationStmt>
            <publisher>Universidade Nova de Lisboa, Instituto de Estudos de Literatura e
                    Tradição (IELT)</publisher>
            <publisher>Cologne Center for eHumanities (CCeH)</publisher>
            <date>2017</date>
            <availability status="free">
               <licence target="http://creativecommons.org/licenses/by/4.0/"/>
            </availability>
            <idno type="filename">Pessoa_Carta_ao_author_de_S.xml</idno>
         </publicationStmt>
         <notesStmt>
            <note type="genre">
               <rs type="genre" key="prosa">Prosa</rs>
            </note>
         </notesStmt>
         <sourceDesc>
            <list type="work-index">
               <item>
                  <rs type="work" key="W239">Carta ao autor de ʺSácháʺ</rs>
               </item>
            </list>
            <biblStruct>
               <analytic>
                  <title level="a">Carta ao autor de ʺSácháʺ</title>
                  <author>
                     <rs type="name" key="FP">Fernando Pessoa</rs>
                  </author>
                  <textLang mainLang="pt" otherLangs="en"/>
               </analytic>
               <monogr>
                  <title level="j">
                     <rs type="periodical" key="J11">Contemporânea</rs>
                  </title>
                  <imprint>
                     <date when="1923-02">fevereiro de 1923</date>
                  </imprint>
                  <biblScope unit="issue">8</biblScope>
                  <biblScope unit="page">93-95</biblScope>
               </monogr>
            </biblStruct>
         </sourceDesc>
      </fileDesc>
      <encodingDesc>
         <variantEncoding method="parallel-segmentation" location="internal"/>
      </encodingDesc>
      <revisionDesc>
         <change when="2023-11-15" who="#FAF">
                    Added edition statement to the teiHeader
                </change>
      </revisionDesc>
   </teiHeader>
   <facsimile xml:base="http://images.cceh.uni-koeln.de/pessoa/">
      <graphic url="prosa/Carta_author_de_Sacha_1.jpg"/>
      <graphic url="prosa/Carta_author_de_Sacha_2.jpg"/>
      <graphic url="prosa/Carta_author_de_Sacha_3.jpg"/>
   </facsimile>
   <text type="orig" corresp="#W239">
      <body>
         <div>
            <pb n="93"/>
            <head>CARTA AO AUTHOR DE "<rs type="title">SÁCHÁ</rs>"</head>
            <salute rend="right">Meu querido <rs type="name" key="P483">Francisco
                    Manuel</rs>:</salute>
            <p rend="indent-first">
               <hi rend="bold">ACABO</hi> de conviver, como se fôsse consigo, com a leitura da
                    sua novella-film «<rs type="title">Sáchá</rs>». Olhei-lhe os episodios, mais que
                    os li. Atravessei-os como quem passa por gente. E tive o prazer de que foi
                    acompanhando-o que fiz essa travessia <hi rend="italic">bariolée.</hi>
            </p>
            <p rend="indent-first">Não direi, da sua novella, que ella é notavel como
                    litteratura. Digo, porém, que é notavel como elegancia. A sua intenção,
                    supponho, não foi que ella fôsse outra cousa. Fez v. bem, que o proprio da
                    elegancia é não aspirar senão a sel-o.</p>
            <p rend="indent-first">Raros, de entre os que escrevem, podem ser verdadeiramente
                    escriptores ― isto é, escriptores superiormente, artistas pela palavra escripta.
                    O exercicio superior das lettras exige, como toda a especialidade superior, uma
                    predisposição complexa, e uma preparação complexa tambem. Quanto á
                    predisposição, nada ha que dizer senão que ou se nasce com ella, ou de todo se
                    não possue. Quanto á preparação, poucos ha, mesmo entre os de certo modo
                    predispostos, que supportem sem inconstancia a disciplina que devem querer
                    impôr-se. E, mesmo assim, uma predisposição, embora grande, e uma preparação,
                    embora constante, ha mistér que tenham sido, equilibrada a primeira, e começada
                    a segunda, por uma educação feliz na infancia; o que procede de circumstancias
                    em que nem a herança organica, nem a escolha propria, são elementos causaes. Nem
                    deve esquecer que a influencia do meio, em que vive o escriptor já adulto,
                    collabora no resultado. Com tantos e tão diversos elementos construe o Destino,
                    assim em litteratura como em outro qualquer modo da intelligencia, o accidente
                    final a que se chama o genio.</p>
            <p rend="indent-first">Em grande numero dos que escrevem, portanto, ou o escrever é
                    um simples vehiculo de idéas, e elles serão philosophos, porém não são
                    escri<pc>-</pc>
               <pb n="94"/>ptores; ou a litteratura é uma profissão, que exercem, e não serão elles
                    artistas, senão artifices; ou o que escrevem é conscientemente uma distracção de
                    seu espirito, escripta para que se entretenham os outros com aquillo, com que o
                    proprio author se entreteve. Não fallo dos que escrevem fóra d’estas trez
                    razões, e suppondo que são escriptores verdadeiros. Esses, que são a maioria,
                    não são nada.</p>
            <p rend="indent-first">N’estes trez typos do escriptor, que propriamente o não é, um
                    só resultado litterario nos pode prender o espirito ― a approximação, que haja
                    em suas obras, da verdadeira litteratura. No pensador isto dá-se quando a força
                    da intenção aquece, por sua mesma violencia, a phrase e a palavra, e a
                    eloquencia surge como voz do pensamento. No artifice das lettras isto acontece
                    quando a habilidade do fazedor simula de perto, pela acção justa de um instincto
                    mimetico, o escrupulo do artista. No «entretido» isto resulta quando, sendo a
                    sua personalidade intelligentemente interessante, elle consegue transpôl-a
                    inconscientemente para o que escreve; não tanto escrevendo, quanto fallando-nos
                    por escripto.</p>
            <p rend="indent-first">V. e o seu «<rs type="title">Sáchá</rs>» estão no caso d’esta
                    terceira especie. Como v. tem uma personalidade decorativamente rica, havia com
                    que interessar, logo que fôsse espontaneo na manifestação d’ella. E v. foi
                    espontaneo: escreveu sem pensar que escrevia, escreveu pensando só em si.
                    Porisso pôde confiar aos quadros da sua novella o segredo subtil de quem é.
                    Porisso a fallou, mais que a escreveu; e os episodios da sua narrativa imprecisa
                    participam da sua propria graça e da sua elegancia inimitavel.</p>
            <p rend="indent-first">A sua personalidade futil, feminil, escandalosamente
                    europeia, complicadamente sociavel, predestinada póro a póro para todas as
                    astucias da elegancia e todas as subtilezas de conhecel-o, transparece
                    coloridamente no seu livro. E, se n’elle v. faz tão naturalmente, com um
                    conhecimento tão authentico e organico, a cinematographia local do
                    semi-cosmopolitismo elegante, producto da invasão das aristocracias pela grande
                    finança, e em o qual as maneiras são cada vez mais um accidente da moda, e a
                    futilidade cada vez mais uma funcção do aborrecimento, não é senão porque tudo
                    isso vive em si, e porque essa atmosphera social é uma componente do seu
                    espirito.</p>
            <p rend="indent-first">E, ainda que não houvesse estas razões geraes para que v.
                    encantasse, revelando-se, haveria outras, particulares, e que sobremaneira
                    prendem (pela ironia, para comnosco, do contraste) os espiritos da minha indole.
                    Não são essas razões motivos para que todos appreciem o «<rs type="title">Sáchá</rs>»; porisso digo que são particulares, e as dou apenas como
                    minhas.</p>
            <p rend="indent-first">A mim, espirito especulativo e metaphysico, e porisso triste
                    e desgracioso, fascina-me a attracção do seu constraste commigo. V., sendo como
                    é, põe elegancia em tudo; eu, ainda que fôsse elegante em alguma cousa, de tal
                    modo o seria que o não seria. O emprego excessivo e absorvente da intelligencia,
                    o abuso da sinceridade, o escrupulo da justiça, a preoccupa<pc>-</pc>
               <pb n="95"/>ção da analyse, que
                    nada acceita como se pudesse ser o que se mostra, são qualidades que poderão um
                    dia tornar-me notavel; privam, porém, de toda especie de elegancia, porque não
                    permittem nenhuma illusão de felicidade.</p>
            <p rend="indent-first">Os espiritos constituidos como o meu nascem velhos e vivem
                    vencidos. A mais esplendorosa mocidade physica, se por acaso a temos, não chega
                    nunca ao nosso espirito; a maior celebridade tem sempre para nós um sabor
                    soturno de derrota, um laivo cruel de inutilidade e de erro. Força é que tomemos
                    tudo a serio: a futilidade, portanto, é-nos extrangeira. Porisso, ao tornar-nos
                    conscientes, adquirimos para com ella, que por natureza é moça, uma das
                    attitudes dos velhos para com a mocidade: nos peores de indole, a amargura e o
                    despeito do excluido; nos melhores, o carinho triste do saudoso. Tive, creio, a
                    felicidade unica de, tendo que ser d’estes , não ser dos peores. Porisso me
                    fascina, como disse, o contraste de v. commigo; da sua mocidade ingenita, da sua
                    futilidade triumphal, com o meu cansaço innato de predestinado á derrota, ainda
                    que ella possa chamar-se victoria.</p>
            <p rend="indent-first">V. nasceu vencedor, porque as fadas no seu nascimento,
                    enganaram a fada maligna. Não venceu v. como os que vencem pela victoria, com o
                    conseguimento, que sempre pesa porque existe; com o exforço, que é sempre vil
                    porque fatiga; com o merecimento, que é racional e porisso sem vida. O seu fado
                    foi mais menino. Coube-lhe a victoria como vida, que não como victoria.
                    Deram-lhe amorosamente como berço o que aos melhores de nós, que nos
                    maltratamos, de mau grado cabe como tumba.</p>
            <p rend="indent-first">Desejo-lhe, meu querido <rs type="name" key="P483">Francisco
                        Manuel</rs>, que nunca passe do seu ar e dos seus gestos a mocidade que o
                    Destino lhe concedeu, como a um jovem deus, não como episodio passageiro e
                    mortal da edade, senão como segredo da vida e carne do proprio sentimento.</p>
            <p rend="indent-first">Guardo do que v. escreveu a memoria dispersa e nitida que
                    fica dos perfumes. Não é a reminiscencia de uma cousa espiritual, porém não o é
                    de uma cousa da materia. Vive no intervallo das cousas que podem definir-se. É
                    uma aura, uma atmosphera, uma agrado indistincto, uma presença para quem
                    sorrimos. Neste caso é v. mesmo.</p>
            <p rend="indent-first">Tudo mais é philosophia.</p>
            <signed rend="right">
               <rs type="name" role="author" key="FP" style="b">FERNANDO PESSOA</rs>
            </signed>
         </div>
      </body>
   </text>
   <text type="reg" corresp="#W239">
      <body>
         <div>
            <pb n="93"/>
            <head>CARTA AO AUTOR DE "SÁCHÁ"</head>
            <salute rend="right">Meu querido Francisco
                    Manuel:</salute>
            <p rend="indent-first">
               <hi rend="bold">ACABO</hi> de conviver, como se fosse consigo, com a leitura da
                    sua novela-filme «Sáchá». Olhei-lhe os episódios, mais que
                    os li. Atravessei-os como quem passa por gente. E tive o prazer de que foi
                    acompanhando-o que fiz essa travessia <hi rend="italic">bariolée.</hi>
            </p>
            <p rend="indent-first">Não direi, da sua novela, que ela é notável como
                    literatura. Digo, porém, que é notável como elegância. A sua intenção,
                    suponho, não foi que  fosse outra coisa. Fez v. bem, que o próprio da
                    elegância é não aspirar senão a sê-lo.</p>
            <p rend="indent-first">Raros, de entre os que escrevem, podem ser verdadeiramente
                    escritores ― isto é, escritores superiormente, artistas pela palavra escrita.
                    O exercício superior das letras exige, como toda a especialidade superior, uma
                    predisposição complexa, e uma preparação complexa também. Quanto à
                    predisposição, nada há que dizer senão que ou se nasce com ela, ou de todo se
                    não possui. Quanto à preparação, poucos há, mesmo entre os de certo modo
                    predispostos, que suportem sem inconstância a disciplina que devem querer
                    impor-se. E, mesmo assim, uma predisposição, embora grande, e uma preparação,
                    embora constante, há mister que tenham sido, equilibrada a primeira, e começada
                    a segunda, por uma educação feliz na infância; o que procede de circunstâncias
                    em que nem a herança orgânica, nem a escolha própria, são elementos causais. Nem
                    deve esquecer que a influência do meio, em que vive o escritor já adulto,
                    colabora no resultado. Com tantos e tão diversos elementos constrói o Destino,
                    assim em literatura como em outro qualquer modo da inteligência, o acidente
                    final a que se chama o génio.</p>
            <p rend="indent-first">Em grande número dos que escrevem, portanto, ou o escrever é
                    um simples veículo de ideias, e eles serão filósofos, porém não são
                    escri<pc>-</pc>
               <pb n="94"/>tores; ou a literatura é uma profissão, que exercem, e não serão eles
                    artistas, senão artífices; ou o que escrevem é conscientemente uma distração de
                    seu espírito, escrita para que se entretenham os outros com aquilo, com que o
                    próprio autor se entreteve. Não falo dos que escrevem fora destas três
                    razões, e supondo que são escritores verdadeiros. Esses, que são a maioria,
                    não são nada.</p>
            <p rend="indent-first">Nestes três tipos do escritor, que propriamente o não é, um
                    só resultado literário nos pode prender o espírito ― a aproximação, que haja
                    em suas obras, da verdadeira literatura. No pensador isto dá-se quando a força
                    da intenção aquece, por sua mesma violência, a frase e a palavra, e a
                    eloquência surge como voz do pensamento. No artífice das letras isto acontece
                    quando a habilidade do fazedor simula de perto, pela ação justa de um instinto
                    mimético, o escrúpulo do artista. No «entretido» isto resulta quando, sendo a
                    sua personalidade inteligentemente interessante, ele consegue transpô-la
                    inconscientemente para o que escreve; não tanto escrevendo, quanto falando-nos
                    por escrito.</p>
            <p rend="indent-first">V. e o seu «Sáchá» estão no caso desta
                    terceira espécie. Como v. tem uma personalidade decorativamente rica, havia com
                    que interessar, logo que fosse espontâneo na manifestação dela. E v. foi
                    espontâneo: escreveu sem pensar que escrevia, escreveu pensando só em si.
                    Por isso pôde confiar aos quadros da sua novela o segredo subtil de quem é.
                    Por isso a falou, mais que a escreveu; e os episódios da sua narrativa imprecisa
                    participam da sua própria graça e da sua elegância inimitável.</p>
            <p rend="indent-first">A sua personalidade fútil, feminil, escandalosamente
                    europeia, complicadamente sociável, predestinada poro a poro para todas as
                    astúcias da elegância e todas as subtilezas de conhecê-lo, transparece
                    coloridamente no seu livro. E, se nele v. faz tão naturalmente, com um
                    conhecimento tão autêntico e orgânico, a cinematografia local do
                    semicosmopolitismo elegante, produto da invasão das aristocracias pela grande
                    finança, e em o qual as maneiras são cada vez mais um acidente da moda, e a
                    futilidade cada vez mais uma função do aborrecimento, não é senão porque tudo
                    isso vive em si, e porque essa atmosfera social é uma componente do seu
                    espírito.</p>
            <p rend="indent-first">E, ainda que não houvesse estas razões gerais para que v.
                    encantasse, revelando-se, haveria outras, particulares, e que sobremaneira
                    prendem (pela ironia, para connosco, do contraste) os espíritos da minha índole.
                    Não são essas razões motivos para que todos apreciem o «Sáchá»; por isso digo que são particulares, e as dou apenas como
                    minhas.</p>
            <p rend="indent-first">A mim, espírito especulativo e metafísico, e por isso triste
                    e desgracioso, fascina-me a atração do seu contraste comigo. V., sendo como
                    é, põe elegância em tudo; eu, ainda que fosse elegante em alguma coisa, de tal
                    modo o seria que o não seria. O emprego excessivo e absorvente da inteligência,
                    o abuso da sinceridade, o escrúpulo da justiça, a preocupa<pc>-</pc>
               <pb n="95"/>ção da análise, que
                    nada aceita como se pudesse ser o que se mostra, são qualidades que poderão um
                    dia tornar-me notável; privam, porém, de toda espécie de elegância, porque não
                    permitem nenhuma ilusão de felicidade.</p>
            <p rend="indent-first">Os espíritos constituídos como o meu nascem velhos e vivem
                    vencidos. A mais esplendorosa mocidade física, se por acaso a temos, não chega
                    nunca ao nosso espírito; a maior celebridade tem sempre para nós um sabor
                    soturno de derrota, um laivo cruel de inutilidade e de erro. Força é que tomemos
                    tudo a sério: a futilidade, portanto, é-nos estrangeira. Por isso, ao tornar-nos
                    conscientes, adquirimos para com ela, que por natureza é moça, uma das
                    atitudes dos velhos para com a mocidade: nos piores de índole, a amargura e o
                    despeito do excluído; nos melhores, o carinho triste do saudoso. Tive, creio, a
                    felicidade única de, tendo que ser destes, não ser dos piores. Por isso me
                    fascina, como disse, o contraste de v. comigo; da sua mocidade ingénita, da sua
                    futilidade triunfal, com o meu cansaço inato de predestinado à derrota, ainda
                    que ela possa chamar-se vitória.</p>
            <p rend="indent-first">V. nasceu vencedor, porque as fadas no seu nascimento,
                    enganaram a fada maligna. Não venceu v. como os que vencem pela vitória, com o
                    conseguimento, que sempre pesa porque existe; com o esforço, que é sempre vil
                    porque fatiga; com o merecimento, que é racional e por isso sem vida. O seu fado
                    foi mais menino. Coube-lhe a vitória como vida, que não como vitória.
                    Deram-lhe amorosamente como berço o que aos melhores de nós, que nos
                    maltratamos, de mau grado cabe como tumba.</p>
            <p rend="indent-first">Desejo-lhe, meu querido Francisco
                        Manuel, que nunca passe do seu ar e dos seus gestos a mocidade que o
                    Destino lhe concedeu, como a um jovem deus, não como episódio passageiro e
                    mortal da idade, senão como segredo da vida e carne do próprio sentimento.</p>
            <p rend="indent-first">Guardo do que v. escreveu a memória dispersa e nítida que
                    fica dos perfumes. Não é a reminiscência de uma coisa espiritual, porém não o é
                    de uma coisa da matéria. Vive no intervalo das coisas que podem definir-se. É
                    uma aura, uma atmosfera, uma agrado indistinto, uma presença para quem
                    sorrimos. Neste caso é v. mesmo.</p>
            <p rend="indent-first">Tudo mais é filosofia.</p>
            <signed rend="right">FERNANDO PESSOA</signed>
         </div>
      </body>
   </text>
</TEI>
