<?xml version="1.0" encoding="UTF-8"?>
<?xml-model href="../schema/pessoaTEI.rng" type="application/xml" schematypens="http://relaxng.org/ns/structure/1.0"?>
<TEI xmlns="http://www.tei-c.org/ns/1.0">
    <teiHeader>
        <fileDesc>
            <titleStmt>
                <title>Isto</title>
                <author>
                    <rs type="name" key="FP">Fernando Pessoa</rs>
                </author>
                <respStmt>
                    <resp>Edição, Transcrição</resp>
                    <name>Pedro Sepúlveda</name>
                </respStmt>
                <respStmt>
                    <resp>Transcrição</resp>
                    <name>Pablo Javier Pérez López</name>
                </respStmt>
                <respStmt>
                    <resp>Modelagem de dados, Codificação</resp>
                    <name>Ulrike Henny-Krahmer</name>
                </respStmt>
                <respStmt>
                    <resp>Codificação</resp>
                    <name>Sviatoslav Drach</name>
                </respStmt>
                <respStmt>
                    <resp>Codificação, Modernização ortográfica</resp>
                    <name>Inês Filipa Rebelo do Carmo</name>
                </respStmt>
                <respStmt>
                    <resp>Consultoria</resp>
                    <name>Institut für Dokumentologie und Editorik (IDE)</name>
                </respStmt>
            </titleStmt>
            <publicationStmt>
                <publisher>Universidade Nova de Lisboa, Instituto de Estudos de Literatura e
                    Tradição (IELT)</publisher>
                <publisher>Cologne Center for eHumanities (CCeH)</publisher>
                <date>2017</date>
                <availability status="free">
                    <licence target="http://creativecommons.org/licenses/by/3.0/"/>
                </availability>
                <idno type="filename">Pessoa_Isto.xml</idno>
            </publicationStmt>
            <notesStmt>
                <note type="genre">
                    <rs type="genre" key="poesia">Poesia</rs>
                </note>
            </notesStmt>
            <sourceDesc>
                <list type="work-index">
                    <item><rs type="work" key="O1-22">Isto</rs></item>
                </list>
                <biblStruct>
                    <analytic>
                        <title level="a">Isto</title>
                        <author>
                            <rs type="name" key="FP">Fernando Pessoa</rs>
                        </author>
                        <textLang mainLang="pt"/>
                    </analytic>
                    <monogr>
                        <title level="j"><rs type="periodical" key="J1">Presença</rs></title>
                        <imprint>
                            <date when="1933-04">abril de 1933</date>
                        </imprint>
                        <biblScope unit="issue">38</biblScope>
                        <biblScope unit="page">7</biblScope>
                    </monogr>
                </biblStruct>
            </sourceDesc>
        </fileDesc>
        <encodingDesc>
            <variantEncoding method="parallel-segmentation" location="internal"/>
        </encodingDesc>
    </teiHeader>
    <facsimile xml:base="http://images.cceh.uni-koeln.de/pessoa/">
        <graphic url="pub/res-1900-a_1931-1934_1933_n38_0001.jpg"/>
    </facsimile>
    <text corresp="#O1-22" type="orig">
        <body>
            <div>
                <head>ISTO</head>
                <lg>
                    <l>Dizem que finjo ou minto</l>
                    <l>Tudo que escrevo. Não.</l>
                    <l>Eu simplesmente sinto</l>
                    <l>Com a imaginação.</l>
                    <l>Não uso o coração.</l>
                </lg>
                <lg>
                    <l>Tudo que sonho ou passo,</l>
                    <l>O que me falha ou finda,</l>
                    <l>É como que um terraço</l>
                    <l>Sôbre outra cousa ainda.</l>
                    <l>Essa cousa é que é linda.</l>
                </lg>
                <lg>
                    <l>Porisso escrevo em meio</l>
                    <l>Do que não está ao pé,</l>
                    <l>Livre do meu enleio,</l>
                    <l>Sério do que não é.</l>
                    <l>Sentir? Sinta quem lê!</l>
                </lg>
                <signed><rs type="name" key="FP" role="author" style="b">FERNANDO
                    PESSOA</rs></signed>
            </div>
        </body>
    </text>
    <text type="reg">
        <body>
            <div>
                <head>ISTO</head>
                <lg>
                    <l>Dizem que finjo ou minto</l>
                    <l>Tudo que escrevo. Não.</l>
                    <l>Eu simplesmente sinto</l>
                    <l>Com a imaginação.</l>
                    <l>Não uso o coração.</l>
                </lg>
                <lg>
                    <l>Tudo que sonho ou passo,</l>
                    <l>O que me falha ou finda,</l>
                    <l>É como que um terraço</l>
                    <l>Sobre outra coisa ainda.</l>
                    <l>Essa coisa é que é linda.</l>
                </lg>
                <lg>
                    <l>Por isso escrevo em meio</l>
                    <l>Do que não está ao pé,</l>
                    <l>Livre do meu enleio,</l>
                    <l>Sério do que não é.</l>
                    <l>Sentir? Sinta quem lê!</l>
                </lg>
                <signed>FERNANDO PESSOA</signed>
            </div>
        </body>
    </text>
</TEI>
