<?xml version="1.0" encoding="UTF-8"?>
<?xml-model href="../schema/pessoaTEI.rng" type="application/xml" schematypens="http://relaxng.org/ns/structure/1.0"?>
<TEI xmlns="http://www.tei-c.org/ns/1.0">
   <teiHeader>
      <fileDesc>
         <titleStmt>
            <title>Qualquer Música</title>
            <author>
               <rs type="name" key="FP">Fernando Pessoa</rs>
            </author>
            <respStmt>
               <resp>Edição, Transcrição</resp>
               <name>Pedro Sepúlveda</name>
            </respStmt>
            <respStmt>
               <resp>Transcrição</resp>
               <name>Pablo Javier Pérez López</name>
            </respStmt>
            <respStmt>
               <resp>Modelagem de dados, Codificação</resp>
               <name>Ulrike Henny-Krahmer</name>
            </respStmt>
            <respStmt>
               <resp>Codificação</resp>
               <name>Sviatoslav Drach</name>
            </respStmt>
            <respStmt>
               <resp>Codificação, Atualização ortográfica</resp>
               <name>Inês Filipa Rebelo do Carmo</name>
            </respStmt>
            <respStmt>
               <resp>Consultoria</resp>
               <name>Institut für Dokumentologie und Editorik (IDE)</name>
            </respStmt>
         </titleStmt><editionStmt><p>Corpus version C2.1.0</p></editionStmt>
         <publicationStmt>
            <publisher>Universidade Nova de Lisboa, Instituto de Estudos de Literatura e
                    Tradição (IELT)</publisher>
            <publisher>Cologne Center for eHumanities (CCeH)</publisher>
            <date>2017</date>
            <availability status="free">
               <licence target="http://creativecommons.org/licenses/by/4.0/"/>
            </availability>
            <idno type="filename">Pessoa_Qualquer-Musica.xml</idno>
         </publicationStmt>
         <notesStmt>
            <note type="genre">
               <rs type="genre" key="poesia">Poesia</rs>
            </note>
         </notesStmt>
         <sourceDesc>
            <list type="work-index">
               <item>
                  <rs type="work" key="O1-31">Qualquer Música</rs>
               </item>
            </list>
            <biblStruct>
               <analytic>
                  <title level="a">Qualquer Música</title>
                  <author>
                     <rs type="name" key="FP">Fernando Pessoa</rs>
                  </author>
                  <textLang mainLang="pt"/>
               </analytic>
               <monogr>
                  <title level="j">
                     <rs type="periodical" key="J1">Presença</rs>
                  </title>
                  <imprint>
                     <date when="1928-03-15">15 de março de 1928</date>
                  </imprint>
                  <biblScope unit="issue">10</biblScope>
                  <biblScope unit="page">2</biblScope>
               </monogr>
            </biblStruct>
         </sourceDesc>
      </fileDesc>
      <encodingDesc>
         <variantEncoding method="parallel-segmentation" location="internal"/>
      </encodingDesc>
      <revisionDesc>
         <change when="2023-11-15" who="#FAF">
                    Added edition statement to the teiHeader
                </change>
      </revisionDesc>
   </teiHeader>
   <facsimile xml:base="http://images.cceh.uni-koeln.de/pessoa/">
      <graphic url="pub/res-1900-a-1928-03-n10_0002_2_t0.jpg"/>
   </facsimile>
   <text corresp="#O1-31" type="orig">
      <body>
         <div>
            <head>QUALQUER MÚSICA...</head>
            <lg>
               <l>Qualquer música, ah, qualquer,</l>
               <l>Logo que me tire da alma</l>
               <l>Esta incerteza que quer</l>
               <l>Qualquer impossivel calma!</l>
            </lg>
            <lg>
               <l>Qualquer musica — guitarra,</l>
               <l>Viola, harmónio, realejo...</l>
               <l>Um canto que se desgarra...</l>
               <l>Um sonho em que nada vejo...</l>
            </lg>
            <lg>
               <l>Qualquer coisa que não vida!</l>
               <l>Jota, fado, a confusão</l>
               <l>Da última dança vivida...</l>
               <l>Que eu não sinta o coração!</l>
            </lg>
            <signed>
               <hi rend="italic">
                  <rs type="name" key="FP" role="author" style="b">Fernando
                            Pessoa</rs>
               </hi>.</signed>
         </div>
      </body>
   </text>
   <text type="reg">
      <body>
         <div>
            <head>QUALQUER MÚSICA...</head>
            <lg>
               <l>Qualquer música, ah, qualquer,</l>
               <l>Logo que me tire da alma</l>
               <l>Esta incerteza que quer</l>
               <l>Qualquer impossível calma!</l>
            </lg>
            <lg>
               <l>Qualquer música — guitarra,</l>
               <l>Viola, harmónio, realejo...</l>
               <l>Um canto que se desgarra...</l>
               <l>Um sonho em que nada vejo...</l>
            </lg>
            <lg>
               <l>Qualquer coisa que não vida!</l>
               <l>Jota, fado, a confusão</l>
               <l>Da última dança vivida...</l>
               <l>Que eu não sinta o coração!</l>
            </lg>
            <signed>
               <hi rend="italic">Fernando Pessoa</hi>.</signed>
         </div>
      </body>
   </text>
</TEI>
