<?xml version="1.0" encoding="UTF-8"?>
<?xml-model href="../schema/pessoaTEI.rng" type="application/xml" schematypens="http://relaxng.org/ns/structure/1.0"?>
<TEI xmlns="http://www.tei-c.org/ns/1.0">
    <teiHeader>
        <fileDesc>
            <titleStmt>
                <title>Iniciação</title>
                <author>
                    <rs type="name" key="FP">Fernando Pessoa</rs>
                </author>
                <respStmt>
                    <resp>Edição, Transcrição</resp>
                    <name>Pedro Sepúlveda</name>
                </respStmt>
                <respStmt>
                    <resp>Transcrição</resp>
                    <name>Pablo Javier Pérez López</name>
                </respStmt>
                <respStmt>
                    <resp>Modelagem de dados, Codificação</resp>
                    <name>Ulrike Henny-Krahmer</name>
                </respStmt>
                <respStmt>
                    <resp>Codificação</resp>
                    <name>Sviatoslav Drach</name>
                </respStmt>
                <respStmt>
                    <resp>Codificação, Atualização ortográfica</resp>
                    <name>Inês Filipa Rebelo do Carmo</name>
                </respStmt>
                <respStmt>
                    <resp>Consultoria</resp>
                    <name>Institut für Dokumentologie und Editorik (IDE)</name>
                </respStmt>
            </titleStmt>
            <publicationStmt>
                <publisher>Universidade Nova de Lisboa, Instituto de Estudos de Literatura e
                    Tradição (IELT)</publisher>
                <publisher>Cologne Center for eHumanities (CCeH)</publisher>
                <date>2017</date>
                <availability status="free">
                    <licence target="http://creativecommons.org/licenses/by/3.0/"/>
                </availability>
                <idno type="filename">Pessoa_Iniciacao.xml</idno>
            </publicationStmt>
            <notesStmt>
                <note type="genre">
                    <rs type="genre" key="poesia">Poesia</rs>
                </note>
            </notesStmt>
            <sourceDesc>
                <list type="work-index">
                    <item><rs type="work" key="O1-20">Iniciação</rs></item>
                </list>
                <biblStruct>
                    <analytic>
                        <title level="a">Iniciação</title>
                        <author>
                            <rs type="name" key="FP">Fernando Pessoa</rs>
                        </author>
                        <textLang mainLang="pt"/>
                    </analytic>
                    <monogr>
                        <title level="j"><rs type="periodical" key="J1">Presença</rs></title>
                        <imprint>
                            <date from="1932-03" to="1932-05">março — maio de 1932</date>
                        </imprint>
                        <biblScope unit="issue">35</biblScope>
                        <biblScope unit="page">2</biblScope>
                    </monogr>
                </biblStruct>
            </sourceDesc>
        </fileDesc>
        <encodingDesc>
            <variantEncoding method="parallel-segmentation" location="internal"/>
        </encodingDesc>
    </teiHeader>
    <facsimile xml:base="http://images.cceh.uni-koeln.de/pessoa/">
        <graphic url="pub/res-1900-a_1931-1934_1932_n35_0001.jpg"/>
    </facsimile>
    <text corresp="#O1-20" type="orig">
        <body>
            <div>
                <head>INICIAÇÃO</head>
                <lg>
                    <l>Não dormes sob os ciprestes,</l>
                    <l>Pois não ha sono no mundo.</l>
                    <l>·····················</l>
                    <l>O corpo é a sombra das vestes</l>
                    <l>Que encobrem teu ser profundo.</l>
                </lg>
                <lg>
                    <l>Vem a noite, que é a morte</l>
                    <l>E a sombra acabou sem ser.</l>
                    <l>Vais na noite só recorte </l>
                    <l>Igual a ti sem querer. </l>
                </lg>
                <lg>
                    <l>Mas na Estalagem do Assombro</l>
                    <l>Tiram-te os Anjos a capa.</l>
                    <l>Segues sem capa no ombro,</l>
                    <l>Com o pouco que te tapa. </l>
                </lg>
                <lg>
                    <l>Então Arcanjos da Estrada</l>
                    <l>Despem-te e deixam-te nu.</l>
                    <l>Não tens vestes, não tens nada:</l>
                    <l>Tens só teu corpo, que és tu.</l>
                </lg>
                <lg>
                    <l>Por fim, na funda caverna,</l>
                    <l>Os Deuses despem-te mais.</l>
                    <l>Teu corpo cessa, alma externa,</l>
                    <l>Mas vês que são teus iguais.</l>
                    <l>………………………..</l>
                    <l>A sombra das tuas vestes</l>
                    <l>Ficou entre nós na Sorte.</l>
                    <l>Não estás morto entre ciprestes.</l>
                    <l>………………………..</l>
                    <l>Neófito, não ha morte.</l>
                </lg>
                <signed><rs type="name" key="FP" role="author" style="b">FERNANDO
                    PESSOA</rs></signed>
            </div>
        </body>
    </text>
    <text type="reg">
        <body>
            <div>
                <head>INICIAÇÃO</head>
                <lg>
                    <l>Não dormes sob os ciprestes,</l>
                    <l>Pois não há sono no mundo.</l>
                    <l>·····················</l>
                    <l>O corpo é a sombra das vestes</l>
                    <l>Que encobrem teu ser profundo.</l>
                </lg>
                <lg>
                    <l>Vem a noite, que é a morte</l>
                    <l>E a sombra acabou sem ser.</l>
                    <l>Vais na noite só recorte </l>
                    <l>Igual a ti sem querer.</l>
                </lg>
                <lg>
                    <l>Mas na Estalagem do Assombro</l>
                    <l>Tiram-te os Anjos a capa.</l>
                    <l>Segues sem capa no ombro,</l>
                    <l>Com o pouco que te tapa. </l>
                </lg>
                <lg>
                    <l>Então Arcanjos da Estrada</l>
                    <l>Despem-te e deixam-te nu.</l>
                    <l>Não tens vestes, não tens nada:</l>
                    <l>Tens só teu corpo, que és tu.</l>
                </lg>
                <lg>
                    <l>Por fim, na funda caverna,</l>
                    <l>Os Deuses despem-te mais.</l>
                    <l>Teu corpo cessa, alma externa,</l>
                    <l>Mas vês que são teus iguais.</l>
                    <l>………………………..</l>
                    <l>A sombra das tuas vestes</l>
                    <l>Ficou entre nós na Sorte.</l>
                    <l>Não estás morto entre ciprestes.</l>
                    <l>………………………..</l>
                    <l>Neófito, não há morte.</l>
                </lg>
                <signed>FERNANDO PESSOA</signed>
            </div>
        </body>
    </text>
</TEI>
