<?xml version="1.0" encoding="UTF-8"?> <?xml-model href="../schema/pessoaTEI.rng" type="application/xml" schematypens="http://relaxng.org/ns/structure/1.0"?>
<TEI xmlns="http://www.tei-c.org/ns/1.0">
    <teiHeader>
        <fileDesc>
            <titleStmt>
                <title>Passos da Cruz</title>
                <author>
                    <rs type="person" key="FP">Fernando Pessoa</rs>
                </author>
                <respStmt>
                    <resp>Edição, Transcrição</resp>
                    <name>Pedro Sepúlveda</name>
                </respStmt>
                <respStmt>
                    <resp>Transcrição</resp>
                    <name>Pablo Javier Pérez López</name>
                </respStmt>
                <respStmt>
                    <resp>Modelagem de dados, Codificação</resp>
                    <name>Ulrike Henny</name>
                </respStmt>
                <respStmt>
                    <resp>Codificação</resp>
                    <name>Sviatoslav Drach</name>
                </respStmt>
                <respStmt>
                    <resp>Consultoria</resp>
                    <name>Institut für Dokumentologie und Editorik (IDE)</name>
                </respStmt>
            </titleStmt>
            <publicationStmt>
                <publisher>Universidade Nova de Lisboa, Instituto de Estudos de Literatura e Tradição (IELT)</publisher>
                <publisher>Cologne Center for eHumanities (CCeH)</publisher>
                <date>2016</date>
                <availability>
                    <licence target="http://creativecommons.org/licenses/by/3.0/"/>
                </availability>
                <idno type="filename">Pessoa_Passos-da-Cruz.xml</idno>
            </publicationStmt>
            <sourceDesc>
                <list type="work-index">
                    <item><rs type="work" key="O1-32">Passos da Cruz</rs></item>
                </list>
                <biblStruct>
                    <analytic>
                        <title level="a">Passos da Cruz</title>
                        <author>
                            <rs type="person" key="FP">Fernando Pessoa</rs>
                        </author>
                        <textLang mainLang="pt"/>
                    </analytic>
                    <monogr>
                        <title level="j"><rs type="journal" key="J24">Centauro</rs></title>
                        <imprint>
                            <pubPlace/>
                            <date when="1916-12">Dezembro de 1916</date>
                        </imprint>
                        <biblScope unit="issue">número único</biblScope>
                    </monogr>
                    <note type="genre">
                        <rs type="genre" key="poesia">Poesia</rs>
                    </note>
                </biblStruct>
            </sourceDesc>
        </fileDesc>
    </teiHeader>
    <facsimile>
        <graphic url="pub/j-2702-2-b_0065_t0.jpg"/>
        <graphic url="pub/j-2702-2-b_0067_t0.jpg"/>
        <graphic url="pub/j-2702-2-b_0068_t0.jpg"/>
        <graphic url="pub/j-2702-2-b_0069_t0.jpg"/>
        <graphic url="pub/j-2702-2-b_0070_t0.jpg"/>
        <graphic url="pub/j-2702-2-b_0071_t0.jpg"/>
        <graphic url="pub/j-2702-2-b_0072_t0.jpg"/>
        <graphic url="pub/j-2702-2-b_0073_t0.jpg"/>
        <graphic url="pub/j-2702-2-b_0074_t0.jpg"/>
        <graphic url="pub/j-2702-2-b_0075_t0.jpg"/>
        <graphic url="pub/j-2702-2-b_0076_t0.jpg"/>
        <graphic url="pub/j-2702-2-b_0077_t0.jpg"/>
        <graphic url="pub/j-2702-2-b_0078_t0.jpg"/>
        <graphic url="pub/j-2702-2-b_0079_t0.jpg"/>
        <graphic url="pub/j-2702-2-b_0079_t0.jpg"/>
        <graphic url="pub/j-2702-2-b_0080_t0.jpg"/>
    </facsimile>
    <text corresp="#O1-32">
        <body>
            <div>
                <head>Passos da Cruz</head>
                <head type="sub">QUATORZE SONETOS<lb/> DE<lb/> FERNANDO PESSOA</head>
                <div type="poem">
                    <head>I</head>
                    <lg>
                        <l>Esqueço-me das horas transviadas...</l>
                        <l>O outomno móra maguas nos outeiros </l>
                        <l>E põe um rôxo vago nos ribeiros...</l>
                        <l>Hostia de assombro a alma, e toda estradas...</l>
                    </lg>
                    <lg>
                        <l>Aconteceu-me esta paysagem, fadas </l>
                        <l>De sepulcros a orgiaco... Trigueiros </l>
                        <l>Os céus da tua face, e os derradeiros </l>
                        <l>Tons do poente segredam nas arcadas...</l>
                    </lg>
                    <lg>
                        <l>No claustro sequestrando a lucidez </l>
                        <l>Um espasmo apagado em odio á ansia </l>
                        <l>Põe dias de ilhas vistas do convez</l>
                    </lg>
                    <lg>
                        <l>No meu cansaço perdido entre os gêlos,</l>
                        <l>E a côr do outomno é um funeral de appelos </l>
                        <l>Pela estrada da minha dissonância. ..</l>
                    </lg>
                </div>
                <div type="poem">
                    <head>II</head>
                    <lg>
                        <l>Ha um poeta em mim que Deus me disse... </l>
                        <l>A primavera esquece nos barrancos </l>
                        <l>As grinaldas que trouxe dos arrancos </l>
                        <l>Da sua ephémera e espectral ledice...</l>
                    </lg>
                    <lg>
                        <l>Pelo prado orvalhado a meninice</l>
                        <l>Faz soar a alegria os seus tamancos... </l>
                        <l>Pobre de anseios teu ficar nos bancos </l>
                        <l>Olhando a hora como quem sorrisse...</l>
                    </lg>
                    <lg>
                        <l>Florir do dia a capiteis de Luz...</l>
                        <l>Violinos do silêncio enternecidos...</l>
                        <l>Tedio onde o só ter tedio nos seduz...</l>
                    </lg>
                    <lg>
                        <l>Minha alma beija o quadro que pintou...</l>
                        <l>Sento-me ao pé dos séculos perdidos </l>
                        <l>E scismo o seu perfil de inércia e vôo. . .</l>
                    </lg>
                </div>
                <div type="poem">
                    <head>III</head>
                    <lg>
                        <l>Adagas cujas joias velhas galas...</l>
                        <l>Opalesci amar-me entre mãos raras,</l>
                        <l>E, fluido a febres entre um lembrar de aras,</l>
                        <l>O convez sem ninguem cheio de malas...</l>
                    </lg>
                    <lg>
                        <l>O intimo silencio das opalas </l>
                        <l>Conduz orientes até joias caras,</l>
                        <l>E o meu anseio vae nas rotas claras</l>
                        <l>De um grande sonho cheio de ocio e salas...</l>
                    </lg>
                    <lg>
                        <l>Passa o cortejo imperial, e ao longe </l>
                        <l>O povo só pelo cessar das lanças </l>
                        <l>Sabe que passa o seu tyranno, e estruge</l>
                    </lg>
                    <lg>
                        <l>Sua ovação, e erguem as creanças...</l>
                        <l>Mas no teclado as tuas mãos pararam </l>
                        <l>E indefinidamente repousaram...</l>
                    </lg>
                </div>
                <div type="poem">
                    <head>IV</head>
                    <lg>
                        <l>Ó tocadora de harpa, se eu beijasse </l>
                        <l>Teu gesto, sem beijar as tuas mãos!,</l>
                        <l>E, beijando-o, descesse plos desvãos </l>
                        <l>Do sonho, até que emfim eu o encontrasse</l>
                    </lg>
                    <lg>
                        <l>Tornado Puro Gesto, gesto-face </l>
                        <l>Da medalha sinistra — reis christãos </l>
                        <l>Ajoelhando, inimigos e irmãos,</l>
                        <l>Quando processional o andor passasse!...</l>
                    </lg>
                    <lg>
                        <l>Teu gesto que arrepanha e se extasia...</l>
                        <l>O teu gesto completo, lua fria</l>
                        <l>Subindo, e em baixo, negros, os juncaes...</l>
                    </lg>
                    <lg>
                        <l>Caverna em stalactites o teu gesto...</l>
                        <l>Não poder eu prendê-lo, fazer mais</l>
                        <l>Que vê-lo e que perdê-lo!... E o sonho é o resto...</l>
                    </lg>
                </div>
                <div type="poem">
                    <head>V</head>
                    <lg>
                        <l>Tenue, roçando sedas pelas horas,</l>
                        <l>Teu vulto ciciante passa e esquece,</l>
                        <l>E dia a dia addias para prece </l>
                        <l>O rito cujo rythmo só decoras...</l>
                        <l>Um mar longinquo e proximo humedece </l>
                        <l>Teus labios onde, mais que em ti, descoras... </l>
                        <l>E, alada, leve, sobre a dôr que choras,</l>
                        <l>Sem qu’rer saber de ti a tarde desce...</l>
                    </lg>
                    <lg>
                        <l>Erra no ante-luar a voz dos tanques...</l>
                        <l>Na quinta immensa gorgolejam aguas,</l>
                        <l>Na treva vaga ao meu ter dôr estanques...</l>
                    </lg>
                    <lg>
                        <l>Meu império é das horas desiguaes,</l>
                        <l>E dei meu gesto lasso ás algas máguas </l>
                        <l>Que há para além de sermos outomnaes...</l>
                    </lg>
                </div>
                <div type="poem">
                    <head>VI</head>
                    <lg>
                        <l>Venho de longe e trago no perfil,</l>
                        <l>Em fórma nevoenta e afastada,</l>
                        <l>O perfil de outro ser que desagrada </l>
                        <l>Ao meu actual recorte humano e vil.</l>
                    </lg>
                    <lg>
                        <l>Outr’ora fui talvez, não Boabdil,</l>
                        <l>Mas o seu mero ultimo olhar, da estrada </l>
                        <l>Dado ao deixado vulto de Granada, </l>
                        <l>Recorte frio sob o unido anil...</l>
                    </lg>
                    <lg>
                        <l>Hoje sou a saudade imperial </l>
                        <l>Do que já na distancia de mim vi...</l>
                        <l>Eu proprio sou aquillo que perdi...</l>
                    </lg>
                    <lg>
                        <l>E nesta estrada para Desigual </l>
                        <l>Florem em esguia gloria marginal </l>
                        <l>Os girasóes do imperio que morri...</l>
                    </lg>
                </div>
                <div type="poem">
                    <head>VII</head>
                    <lg>
                        <l>Fôsse eu apenas, não sei onde ou como,</l>
                        <l>Uma cousa existente sem viver,</l>
                        <l>Noite de Vida sem amanhecer</l>
                        <l>Entre as syrtes do meu dourado assomo...</l>
                        <l>Fada maliciosa ou incerto gnomo </l>
                        <l>Fadado houvesse de não pertencer </l>
                        <l>Meu intuito gloriola com ter </l>
                        <l>A arvore do meu uso o unico pômo...</l>
                    </lg>
                    <lg>
                        <l>Fosse eu uma metaphora sómente</l>
                        <l>Escripta nalgum livro insubsistente</l>
                        <l>D’um poeta antigo, de alma em outras gammas,</l>
                    </lg>
                    <lg>
                        <l>Mas doente, e, num crepusculo de espadas, </l>
                        <l>Morrendo entre bandeiras desfraldadas </l>
                        <l>Na ultima tarde de um imperio em chammas...</l>
                    </lg>
                </div>
                <div type="poem">
                    <head>VIII</head>
                    <lg>
                        <l>Ignorado ficasse o meu destino </l>
                        <l>Entre pallios (e a ponte sempre á vista),</l>
                        <l>E annel concluso a chispas de amethysta </l>
                        <l>A phrase falha do meu posthumo hymno...</l>
                    </lg>
                    <lg>
                        <l>Florescesse em meu glabro desatino </l>
                        <l>O hymeneu das escadas da conquista </l>
                        <l>Cuja preguiça, arrecadada, dista </l>
                        <l>Almas do meu impulso cristallino...</l>
                    </lg>
                    <lg>
                        <l>Meus ocios ricos assim fôssem, villas </l>
                        <l>Pelo campo romano, e a toga traça </l>
                        <l>No meu soslaio anónymas (desgraça</l>
                    </lg>
                    <lg>
                        <l>A vida) curvas sob mãos intranquillas...</l>
                        <l>E tudo sem Cleopatra teria </l>
                        <l>Findado perto de onde raia o dia...</l>
                    </lg>
                </div>
                <div type="poem">
                    <head>IX</head>
                    <lg>
                        <l>Meu coração é um portico partido </l>
                        <l>Dando excessivamente sobre o mar.</l>
                        <l>Vejo em minha alma as velas vãs passar </l>
                        <l>E cada vela passa num sentido.</l>
                    </lg>
                    <lg>
                        <l>Um soslaio de sombras e ruido </l>
                        <l>Na transparente solidão do ar</l>
                        <l>Evoca estrellas sobre a noite estar </l>
                        <l>Em affastados ceus o pórtico ido...</l>
                    </lg>
                    <lg>
                        <l>E em palmares de Antilhas entrevistas </l>
                        <l>Atravez de, com mãos eis apartados </l>
                        <l>Os sonhos, cortinados de amethystas,</l>
                    </lg>
                    <lg>
                        <l>Imperfeito o sabor de compensando </l>
                        <l>O grande espaço entre os tropheus alçados </l>
                        <l>Ao centro do triumpho em ruido e bando...</l>
                    </lg>
                </div>
                <div type="poem">
                    <head>X</head>
                    <lg>
                        <l>Aconteceu-me do alto do infinito </l>
                        <l>Esta vida. Atravez de nevoeiros,</l>
                        <l>Do meu proprio ermo ser fumos primeiros, </l>
                        <l>Vim ganhando, e atravez estranhos ritos</l>
                    </lg>
                    <lg>
                        <l>De sombra e luz occasional, e gritos </l>
                        <l>Vagos ao longe, e assomos passageiros </l>
                        <l>De saudade incognita, luzeiros </l>
                        <l>De divino, este ser fosco e proscripto...</l>
                    </lg>
                    <lg>
                        <l>Cahiu chuva em passados que fui eu.</l>
                        <l>Houve planicies de céu baixo e neve </l>
                        <l>Nalguma cousa de alma do que é meu.</l>
                    </lg>
                    <lg>
                        <l>Narrei-me á sombra e não me achei sentido. </l>
                        <l>Hoje sei-me o deserto onde Deus teve </l>
                        <l>Outr’ora a sua capital de olvido...</l>
                    </lg>
                </div>
                <div type="poem">
                    <head>XI</head>
                    <lg>
                        <l>Não sou eu quem descrevo. Eu sou a tela </l>
                        <l>E occulta mão colora alguem em mim.</l>
                        <l>Puz a alma no nexo de perdê-la </l>
                        <l>E o meu principio floresceu em Fim.</l>
                    </lg>
                    <lg>
                        <l>Que importa o tédio que dentro em mim gela,</l>
                        <l>E o leve outomno, e as galas, e o marfim,</l>
                        <l>E a congruência da alma que se vela </l>
                        <l>Com os sonhados pallios de setim?</l>
                    </lg>
                    <lg>
                        <l>Disperso... E a hora como um leque fecha-se...</l>
                        <l>Minha alma é um arco tendo ao fundo o mar...</l>
                        <l>O tédio? A mágua? A vida? O sonho? Deixa-se…</l>
                    </lg>
                    <lg>
                        <l>E, abrindo as azas sobre Renovar,</l>
                        <l>A erma sombra do vôo começado </l>
                        <l>Pestaneja no campo abandonado...</l>
                    </lg>
                </div>
                <div type="poem">
                    <head>XII</head>
                    <lg>
                        <l>Ella ia, tranquilla pastorinha,</l>
                        <l>Pela estrada da minha imperfeição.</l>
                        <l>Seguia-a, como um gesto de perdão,</l>
                        <l>O seu rebanho, a saudade minha...</l>
                    </lg>
                    <lg>
                        <l>«Em longes terras hás de ser rainha»</l>
                        <l>Um dia lhe disseram, mas em vão. . .</l>
                        <l>Seu vulto perde-se na escuridão...</l>
                        <l>Só sua sombra ante meus pés caminha...</l>
                    </lg>
                    <lg>
                        <l>Deus te dê lyrios em vez desta hora,</l>
                        <l>E em terras longe do que eu hoje sinto </l>
                        <l>Serás, rainha não, mas só pastora —</l>
                    </lg>
                    <lg>
                        <l>Só sempre a mesma pastorinha a ir,</l>
                        <l>E eu serei teu regresso, esse indistincto </l>
                        <l>Abysmo entre o meu sonho e o meu porvir...</l>
                    </lg>
                </div>
                <div type="poem">
                    <head>XIII</head>
                    <lg>
                        <l>Emissário de um rei desconhecido,</l>
                        <l>Eu cumpro informes instruções de além,</l>
                        <l>E as bruscas phrases que aos meus labios vêm </l>
                        <l>Sôam-me a um outro e anómalo sentido...</l>
                        <l>Inconscientemente me divido</l>
                        <l>Entre mim e a missão que o meu ser tem,</l>
                        <l>E a gloria do meu Rei dá-me o desdem </l>
                        <l>Por este humano povo entre quem lido...</l>
                    </lg>
                    <lg>
                        <l>Não sei se existe o Rei que me mandou.</l>
                        <l>Minha missão será eu a esquecer,</l>
                        <l>Meu orgulho o deserto em que em mim estou...</l>
                    </lg>
                    <lg>
                        <l>Mas há! eu sinto-me altas tradições </l>
                        <l>De antes de tempo e espaço e vida e ser...</l>
                        <l>Já viram Deus as minhas sensações...</l>
                    </lg>
                </div>
                <div type="poem">
                    <head>XIV</head>
                    <lg>
                        <l>Como uma voz de fonte que cessasse</l>
                        <l>(E uns para os outros nossos vãos olhares</l>
                        <l>Se admiraram), pra além dos meus palmares</l>
                        <l>De sonho, a voz que do meu tédio nasce</l>
                    </lg>
                    <lg>
                        <l>Parou... Appareceu já sem disfarce</l>
                        <l>De musica longiqua, azas nos ares,</l>
                        <l>O mysterio silente como os mares,</l>
                        <l>Quando morreu o vento e a calma pasce...</l>
                    </lg>
                    <lg>
                        <l>A paysagem longiqua só existe</l>
                        <l>Para haver nella um silencio em descida</l>
                        <l>Pra o mysterio, silencio a que a hora assiste...</l>
                    </lg>
                    <lg>
                        <l>E, perto ou longe, grande lago mudo,</l>
                        <l>O mundo, o informe mundo onde há a vida...</l>
                        <l>E Deus, a Grande Ogiva ao fim de tudo...</l>
                    </lg>
                </div>
                <signed>FERNANDO PESSOA.</signed>
            </div>
        </body>
    </text>
</TEI>
