<?xml version="1.0" encoding="UTF-8"?>
<?xml-model href="../schema/pessoaTEI.rng" type="application/xml" schematypens="http://relaxng.org/ns/structure/1.0"?>
<TEI xmlns="http://www.tei-c.org/ns/1.0">
   <teiHeader>
      <fileDesc>
         <titleStmt>
            <title>Dez minutos com Fernando Pessoa</title>
            <author>
               <rs type="name" key="FP">Fernando Pessoa</rs>
            </author>
            <respStmt>
               <resp>Edição, Transcrição, Codificação</resp>
               <name>Jorge Uribe</name>
            </respStmt>
            <respStmt>
               <resp>Modelagem de dados, Codificação</resp>
               <name>Ulrike Henny-Krahmer</name>
            </respStmt>
            <respStmt>
               <resp>Codificação, Atualização ortográfica</resp>
               <name>Inês Filipa Rebelo do Carmo</name>
            </respStmt>
            <respStmt>
               <resp>Consultoria</resp>
               <name>Institut für Dokumentologie und Editorik (IDE)</name>
            </respStmt>
         </titleStmt>
         <publicationStmt>
            <publisher>Universidade Nova de Lisboa, Instituto de Estudos de Literatura e Tradição
               (IELT)</publisher>
            <publisher>Cologne Center for eHumanities (CCeH)</publisher>
            <date>2017</date>
            <availability status="free">
               <licence target="http://creativecommons.org/licenses/by/3.0/"/>
            </availability>
            <idno type="filename">Pessoa_Dez_minutos.xml</idno>
         </publicationStmt>
         <notesStmt>
            <note type="genre">
               <rs type="genre" key="prosa">Prosa</rs>
            </note>
         </notesStmt>
         <sourceDesc>
            <list type="work-index">
               <item>
                  <rs type="work" key="W255">Dez minutos com Fernando Pessoa</rs>
               </item>
            </list>
            <biblStruct>
               <analytic>
                  <title level="a">Dez minutos com Fernando Pessoa</title>
                  <author>
                     <rs type="name" key="FP">Fernando Pessoa</rs>
                  </author>
                  <textLang mainLang="pt" otherLangs="en"/>
               </analytic>
               <monogr>
                  <title level="j">
                     <rs type="periodical" key="J85">Suplemento Literário do Diário de Lisboa</rs>
                  </title>
                  <imprint>
                     <date when="1934-12-14">14 de dezembro de 1934</date>
                  </imprint>
                  <biblScope unit="page">5</biblScope>
               </monogr>
            </biblStruct>
         </sourceDesc>
      </fileDesc>
      <encodingDesc>
         <variantEncoding method="parallel-segmentation" location="internal"/>
      </encodingDesc>
      <profileDesc>
         <handNotes>
            <handNote xml:id="H_Suplemento_Literario">Texto não redigido por Pessoa mas pelos
               jornalistas.</handNote>
            <handNote xml:id="H_FP">Texto redigido por Pessoa.</handNote>
         </handNotes>
      </profileDesc>
   </teiHeader>
   <facsimile xml:base="http://images.cceh.uni-koeln.de/pessoa/">
      <graphic url="prosa/Dez_minutos.jpg"/>
   </facsimile>
   <text type="orig" corresp="#W255">
      <body>
         <div>
            <head>
               <handShift new="#H_Suplemento_Literario"/>Dez minutos com <rs type="name"
                  role="author" key="FP">Fernando Pessoa</rs>
            </head>
            <argument>
               <p rend="indent-first">A calva socratica, os olhos de corvo de <rs type="name"
                  key="P87">Edgar Poe</rs>, e um bigode rizivel, chaplinesco ― eis a traços tão
                  forte como precizos a mascara de <rs type="name" role="topic" key="FP">Fernando
                     Pessoa</rs>. Encontramo-lo friorento e encharcado desta chuva cruel de dezembro
                  a uma mesa do Martinho da Arcada, ultima estampa romantica dos cafés do seculo XX.
                  É ali que vivem agora os derradeiros abencerragens do «<rs type="periodical"
                     key="J12">Orfeu</rs>». A lira não se partiu. Ecôa ainda, mas menos barbara,
                  trazida da velha Grecia, no peito duma sereia. Até a foz romana do Tejo, <rs
                     type="name" key="FP">Fernando Pessoa</rs> tem três almas, baptizadas na pia
                  lustral da estetica nova: <rs type="name" role="topic" key="AdC">Alvaro de
                     Campos</rs>, o das odes, convulsivo de dinamismo, <rs type="name" role="topic"
                     key="RR">Ricardo Reis</rs>, o classico, que trabalha maravilhosamente a proza,
                  descobrindo na cinza dos tumulos, tesouros de imagens, e <rs type="name"
                     role="topic" key="AC">Alberto Caeiro</rs>, o super-clasico, magestoso como um
                  principe. Mas desta vez fala <rs type="name" key="FP">Fernando Pessoa</rs> ― em
                  «pessoa». O titulo da sua obra recente, «Mensagem», está entre nós, como um hifen
                  de amizade literaria. Porque o titulo?</p>
               <p rend="indent-first">O poeta desce a escada de Jacob, lentamente, coberto de
                  neblinas e de signos misteriosos. A sua inteligencia geometriza palavras, que vai
                  rectificando empóz. A sua confidencia é quasi soturna, tragica de inspiração
                  intima:</p>
            </argument>
            <p rend="indent-first">
               <said who="#FP">― «<rs type="title">Mensagem</rs>» é um livro nacionalista, e,
                  portanto, na tradição cristã representada primeiro pela busca do Santo Graal, e
                  depois pela esperança do <rs type="name" key="P21">Encoberto</rs>.</said>
            </p>
            <p rend="indent-first">É dificil de entender, mas os poetas falam como as cavernas com
               boca de misterio. De resto os versos são oiro de lingua, fortes como tempestades.</p>
            <p rend="indent-first">
               <said who="#H_Suplemento_Literario">― É um livro novo?</said>
            </p>
            <p rend="indent-first">
               <said who="#FP">― Escrito em mim ha muito tempo. Ha poemas que são de 1914, quasi do
                  tempo de «<rs type="periodical" key="J12">Orfeu</rs>».</said>
            </p>
            <p rend="indent-first">
               <said who="#H_Suplemento_Literario">― Mas estes são agora mais classicos, digamos.
                  Versos de almas tranquilas...</said>
            </p>
            <p rend="indent-first">
               <said who="#FP">― Talvez? É que eu tenho varias maneiras de escrever ― nunca uma.</said>
            </p>
            <p rend="indent-first">
               <said who="#H_Suplemento_Literario">― E como establece o contacto com o deserto branco
                  do papel?</said>
            </p>
            <p rend="indent-first">Pessoa, numa nuvem do opio:</p>
            <p rend="indent-first">
               <said who="#FP">― Por impulso, por intuição, que depois altero. O autor dá lugar ao
                  critico, mas este sabe o que aquele quiz fazer...</said>
            </p>
            <p rend="indent-first">
               <said who="#H_Suplemento_Literario">― A sua «<rs type="title">Mensagem</rs>»...</said>
            </p>
            <p rend="indent-first">
               <said who="#FP">― Projectar no momento presente uma coisa que vem atravez de Portugal,
                  desde os romances de cavalaria. Quiz marcar o destino imperial de Portugal, esse
                  imperio que perpassou através de <rs type="name" key="P21">D. Sebastião</rs>, e
                  que continua, «ha-de ser».</said>
            </p>
            <p rend="indent-first">
               <rs type="name" key="FP">Fernando Pessoa</rs>, recolhe-se. Disse tudo. Sobe a escada
               de Jacob e desaparece á nossa vista, num ceu constelado de enigmas e de belas imagens
                  <rs type="name" key="P109">Ferreira Gomes</rs> que está ao nosso lado olha-nos com
               misterio. Que é do poeta?</p>
            <signed rend="right">
               <choice>
                  <abbr>A<am>.</am> P<am>.</am>
                  </abbr>
                  <expan resp="#JU">A<ex>rtur</ex> P<ex>ortela</ex>
                  </expan>
               </choice>
            </signed>
         </div>
      </body>
   </text>
   <text type="reg" corresp="#W255">
      <body>
         <div>
            <head>
               <handShift new="#H_Suplemento_Literario"/>Dez minutos com Fernando Pessoa</head>
            <argument>
               <p rend="indent-first">A calva socrática, os olhos de corvo de Edgar Poe, e um bigode
                  risível, chaplinesco ―  eis a traços tão forte como precisos a máscara de Fernando
                  Pessoa. Encontramo-lo friorento e encharcado desta chuva cruel de dezembro a uma
                  mesa do Martinho da Arcada, última estampa romântica dos cafés do século XX. É ali
                  que vivem agora os derradeiros abencerragens do «Orfeu». A lira não se partiu.
                  Ecoa ainda, mas menos bárbara, trazida da velha Grécia, no peito duma sereia. Até
                  a foz romana do Tejo, Fernando Pessoa tem três almas, batizadas na pia lustral da
                  estética nova: Álvaro de Campos, o das odes, convulsivo de dinamismo, Ricardo
                  Reis, o clássico, que trabalha maravilhosamente a prosa, descobrindo na cinza dos
                  túmulos, tesouros de imagens, e Alberto Caeiro, o superclássico, majestoso como um
                  príncipe. Mas desta vez fala Fernando Pessoa ― em «pessoa». O título da sua obra
                  recente, «Mensagem», está entre nós, como um hífen de amizade literária. Porquê o
                  título?</p>
               <p rend="indent-first">O poeta desce a escada de Jacob, lentamente, coberto de
                  neblinas e de signos misteriosos. A sua inteligência geometriza palavras, que vai
                  retificando empós. A sua confidência é quase soturna, trágica de inspiração
                  íntima:</p>
            </argument>
            <p rend="indent-first">
               <said who="#FP">― «Mensagem» é um livro nacionalista, e, portanto, na tradição cristã
                  representada primeiro pela busca do Santo Graal, e depois pela esperança do
                  Encoberto.</said>
            </p>
            <p rend="indent-first">É difícil de entender, mas os poetas falam como as cavernas com
               boca de mistério. De resto os versos são oiro de língua, fortes como tempestades.</p>
            <p rend="indent-first">
               <said who="#H_Suplemento_Literario">― É um livro novo?</said>
            </p>
            <p rend="indent-first">
               <said who="#FP">― Escrito em mim há muito tempo. Há poemas que são de 1914, quase do
                  tempo de «Orfeu».</said>
            </p>
            <p rend="indent-first">
               <said who="#H_Suplemento_Literario">― Mas estes são agora mais clássicos, digamos.
                  Versos de almas tranquilas...</said>
            </p>
            <p rend="indent-first">
               <said who="#FP">― Talvez? É que eu tenho várias maneiras de escrever ― nunca uma.</said>
            </p>
            <p rend="indent-first">
               <said who="#H_Suplemento_Literario">― E como estabelece o contacto com o deserto branco
                  do papel?</said>
            </p>
            <p rend="indent-first">Pessoa, numa nuvem do ópio:</p>
            <p rend="indent-first">
               <said who="#FP">― Por impulso, por intuição, que depois altero. O autor dá lugar ao
                  crítico, mas este sabe o que aquele quis fazer...</said>
            </p>
            <p rend="indent-first">
               <said who="#H_Suplemento_Literario">― A sua «Mensagem»...</said>
            </p>
            <p rend="indent-first">
               <said who="#FP">― Projetar no momento presente uma coisa que vem através de Portugal,
                  desde os romances de cavalaria. Quis marcar o destino imperial de Portugal, esse
                  império que perpassou através de D. Sebastião, e que continua, «há de ser».</said>
            </p>
            <p rend="indent-first">Fernando Pessoa, recolhe-se. Disse tudo. Sobe a escada de Jacob e
               desaparece à nossa vista, num céu constelado de enigmas e de belas imagens Ferreira
               Gomes que está ao nosso lado olha-nos com mistério. Que é do poeta?</p>
            <signed rend="right">
               <choice>
                  <abbr>A<am>.</am> P<am>.</am>
                  </abbr>
                  <expan resp="#JU">A<ex>rtur</ex> P<ex>ortela</ex>
                  </expan>
               </choice>
            </signed>
         </div>
      </body>
   </text>
</TEI>
