<?xml version="1.0" encoding="UTF-8"?>
<?xml-model href="../schema/pessoaTEI.rng" type="application/xml" schematypens="http://relaxng.org/ns/structure/1.0"?>
<TEI xmlns="http://www.tei-c.org/ns/1.0">
    <teiHeader>
        <fileDesc>
            <titleStmt>
                <title>Hora Absurda</title>
                <author>
                    <rs type="name" key="FP">Fernando Pessoa</rs>
                </author>
                <respStmt>
                    <resp>Edição, Transcrição</resp>
                    <name>Pedro Sepúlveda</name>
                </respStmt>
                <respStmt>
                    <resp>Transcrição</resp>
                    <name>Pablo Javier Pérez López</name>
                </respStmt>
                <respStmt>
                    <resp>Modelagem de dados, Codificação</resp>
                    <name>Ulrike Henny-Krahmer</name>
                </respStmt>
                <respStmt>
                    <resp>Codificação</resp>
                    <name>Sviatoslav Drach</name>
                </respStmt>
                <respStmt>
                    <resp>Codificação, Atualização ortográfica</resp>
                    <name>Inês Filipa Rebelo do Carmo</name>
                </respStmt>
                <respStmt>
                    <resp>Consultoria</resp>
                    <name>Institut für Dokumentologie und Editorik (IDE)</name>
                </respStmt>
            </titleStmt>
            <publicationStmt>
                <publisher>Universidade Nova de Lisboa, Instituto de Estudos de Literatura e
                    Tradição (IELT)</publisher>
                <publisher>Cologne Center for eHumanities (CCeH)</publisher>
                <date>2017</date>
                <availability status="free">
                    <licence target="http://creativecommons.org/licenses/by/3.0/"/>
                </availability>
                <idno type="filename">Pessoa_Hora-Absurda.xml</idno>
            </publicationStmt>
            <notesStmt>
                <note type="genre">
                    <rs type="genre" key="poesia">Poesia</rs>
                </note>
            </notesStmt>
            <sourceDesc>
                <list type="work-index">
                    <item><rs type="work" key="O1-18">Hora Absurda</rs></item>
                </list>
                <biblStruct>
                    <analytic>
                        <title level="a">Hora Absurda</title>
                        <author>
                            <rs type="name" key="FP">Fernando Pessoa</rs>
                        </author>
                        <textLang mainLang="pt"/>
                    </analytic>
                    <monogr>
                        <title level="j"><rs type="periodical" key="J32">Exílio</rs></title>
                        <imprint>
                            <date when="1916-04">abril de 1916</date>
                        </imprint>
                        <biblScope unit="page">13-16</biblScope>
                    </monogr>
                </biblStruct>
            </sourceDesc>
        </fileDesc>
        <encodingDesc>
            <variantEncoding method="parallel-segmentation" location="internal"/>
        </encodingDesc>
    </teiHeader>
    <facsimile xml:base="http://images.cceh.uni-koeln.de/pessoa/">
        <graphic url="pub/res-2751-v _0019_t0.jpg"/>
        <graphic url="pub/res-2751-v _0020_t0.jpg"/>
        <graphic url="pub/res-2751-v _0021_t0.jpg"/>
        <graphic url="pub/res-2751-v _0022_t0.jpg"/>
    </facsimile>
    <text corresp="#O1-18" type="orig">
        <body>
            <div>
                <pb n="13"/>
                <head>HORA ABSURDA</head>
                <lg>
                    <l>O teu silencio é uma nau com todas as velas pandas...</l>
                    <l>Brandas, as brisas brincam nas flammulas, teu sorriso...</l>
                    <l>E o teu sorriso no teu silencio é as escadas e as andas</l>
                    <l>Com que me finjo mais alto e ao pé de qualquer paraiso...</l>
                </lg>
                <lg>
                    <l>Meu coração é uma amphora que cahe e que se parte...</l>
                    <l>O teu silencio recolhe-o e guarda-o, partido, a um canto...</l>
                    <l>Minha idéa de ti é um cadaver que o mar traz á praia…, e emtanto</l>
                    <l>Tu és a tela irreal em que érro em côr a minha arte...</l>
                </lg>
                <lg>
                    <l>Abre todas as portas e que o vento varra a idéa</l>
                    <l>Que temos de que um fumo perfuma de ocio os salões...</l>
                    <l>Minha alma é uma caverna enchida p’la maré cheia,</l>
                    <l>E a minha idéa de te sonhar uma caravana de histriões...</l>
                </lg>
                <lg>
                    <l>Chove ouro baço, mas não no lá-fóra... É em mim... Sou a Hora,</l>
                    <l>E a Hora é de assombros e toda ella escombros d’ella...</l>
                    <l>Na minha atenção ha uma viuva pobre que nunca chora...</l>
                    <l>No meu céu interior nunca houve uma unica estrella...</l>
                </lg>
                <lg>
                    <l>Hoje o céu é pesado como a idéa de nunca chegar a um porto...</l>
                    <l>A chuva miuda é vazia... A Hora sabe a ter sido...</l>
                    <l>Não haver qualquer cousa como leitos para as naus!... Absorto </l>
                    <l>Em se alhear de si, teu olhar é uma praga sem sentido...</l>
                </lg>
                <lg>
                    <l>Todas as minhas horas são feitas de jaspe negro,</l>
                    <l>Minhas ancias todas talhadas num marmore que não ha,</l>
                    <l>Não é alegria nem dor esta dor com que me alégro,</l>
                    <l>E a minha bondade inversa não é nem bôa nem má...</l>
                </lg>
                <pb n="14"/>
                <lg>
                    <l>Os feixes dos lictores abriram-se á beira dos caminhos...</l>
                    <l>Os pendões das victorias medievaes nem chegaram ás cruzadas...</l>
                    <l>Puzeram in-folios uteis entre as pedras das barricadas...</l>
                    <l>E a herva cresceu nas vias-ferreas com viços damninhos...</l>
                </lg>
                <lg>
                    <l>Ah, como esta hora é velha!... E todas as naus partiram!...</l>
                    <l>Na praia só um cabo morto e uns restos de vela fallam</l>
                    <l>Do Longe, das horas do Sul, de onde os nossos sonhos tiram</l>
                    <l>Aquella angustia de sonhar mais que até para si calam...</l>
                </lg>
                <lg>
                    <l>O palacio está em ruinas... Dóe ver no parque o abandono</l>
                    <l>Da fonte sem repuxo... Ninguem ergue o olhar da estrada</l>
                    <l>E sente saudades de si ante aquelle logar-outomno...</l>
                    <l>Esta paysagem é um manuscripto com a phrase mais bella cortada...</l>
                </lg>
                <lg>
                    <l>A doida partiu todos os candelabros glabros,</l>
                    <l>Sujou de humano o lago com cartas rasgadas, muitas...</l>
                    <l>E a minha alma é aquella luz que não mais haverá nos candelabros...</l>
                    <l>E que querem ao lado aziago minhas ansias, brisas fortuitas?...</l>
                </lg>
                <lg>
                    <l>Porque me afflijo e me enfermo?... Deitam-se nuas ao luar</l>
                    <l>Todas as nymphas... Veiu o sol e já tinham partido...</l>
                    <l>O teu silencio que me embala é a idéa de naufragar,</l>
                    <l>E a idéa de a tua voz soar a lyra d’um <rs type="name" key="P604" style="a">Apollo</rs>
                        fingido...</l>
                </lg>
                <lg>
                    <l>Já não ha caudas de pavões todas olhos nos jardins de outr’ora...</l>
                    <l>As proprias sombras estão mais tristes... Ainda</l>
                    <l>Ha rastos de vestes de aias (parece) no chão, e ainda chora</l>
                    <l>Um como que echo de passos pela alameda que eis finda...</l>
                </lg>
                <lg>
                    <l>Todos os occasos fundiram-se na minha alma...</l>
                    <l>As relvas de todos os prados foram frescas sob meus pés frios...</l>
                    <l>Seccou em teu olhar a idéa de te julgares calma,</l>
                    <l>E eu ver isso em ti é um porto sem navios...</l>
                </lg>
                <lg>
                    <l>Ergueram-se a um tempo todos os remos... Pelo ouro das searas </l>
                    <l>Passou uma saudade de não serem o mar... Em frente </l>
                    <l>Ao meu throno de alheamento ha gestos com pedras raras...</l>
                    <l>Minha alma é uma lampada que se apagou e ainda está quente...</l>
                </lg>
                <pb n="15"/>
                <lg>
                    <l>Ah, e o teu silencio é um perfil de pincaro ao sol!</l>
                    <l>Todas as princezas sentirem o seio opprimido...</l>
                    <l>Da ultima janella do castello só um girasol</l>
                    <l>Se vê, e o sonhar que ha outros põe brumas no nosso sentido...</l>
                </lg>
                <lg>
                    <l>Sermos, e não sermos mais!... Ó leões nascidos na jaula!...</l>
                    <l>Repique de sinos para além, no Outro Valle... Perto?...</l>
                    <l>Arde o collegio e uma creança ficou fechada na aula...</l>
                    <l>Porque não ha de ser o Norte o Sul?... O que está descoberto?...</l>
                </lg>
                <lg>
                    <l>E eu deliro... De repente pauso no que penso... Fito-te </l>
                    <l>E o teu silencio é uma cegueira minha... Fito-te e sonho...</l>
                    <l>Ha coisas rubras e cobras no modo como medito-te,</l>
                    <l>E a tua idéa sabe á lembrança de um sabor de medonho...</l>
                </lg>
                <lg>
                    <l>Para que não ter por ti desprezo? Porque não perdel-o?...</l>
                    <l>Ah, deixa que eu te ignore... O teu silencio é um leque —</l>
                    <l>Um leque fechado, um leque que aberto seria tão bello, tão bello,</l>
                    <l>Mas mais bello é não o abrir, para que a Hora não peque...</l>
                </lg>
                <lg>
                    <l>Gelaram todas as mãos cruzadas sobre todos os peitos...</l>
                    <l>Murcharam mais flores do que as que havia no jardim...</l>
                    <l>O meu amar-te é uma cathedral de silencios eleitos,</l>
                    <l>E os meus sonhos uma escada sem principio mas com fim...</l>
                </lg>
                <lg>
                    <l>Alguem vae entrar pela porta... Sente-se o ar sorrir...</l>
                    <l>Tecedeiras viuvas gosam as mortalhas de virgens que tecem...</l>
                    <l>Ah, o teu tedio é uma estatua de uma mulher que ha de vir,</l>
                    <l>O perfume que os crysantemos teriam, se o tivessem...</l>
                </lg>
                <lg>
                    <l>É preciso destruir o proposito de todas as pontes,</l>
                    <l>Vestir de alheamento as paysagens de todas as terras,</l>
                    <l>Endireitar á força a curva dos horisontes,</l>
                    <l>E gemer por ter de viver, como um ruido brusco de serras...</l>
                </lg>
                <lg>
                    <l>Ha tão pouca gente que ame as paysagens que não existem!...</l>
                    <l>Saber que continuará a haver o mesmo mundo amanhã — como nos
                        desalégra!...</l>
                    <l>Que o meu ouvir o teu silencio não seja nuvens que attristem</l>
                    <l>O teu sorriso, anjo exilado, e o teu tedio, auréola negra...</l>
                </lg>
                <pb n="16"/>
                <lg>
                    <l>Suave, como ter mãe e irmãs, a tarde rica desce...</l>
                    <l>Não chove já, e o vasto céu é um grande sorriso imperfeito...</l>
                    <l>A minha consciencia de ter consciencia de ti é uma prece,</l>
                    <l>E o meu saber-te a sorrir é uma flôr murcha a meu peito...</l>
                </lg>
                <lg>
                    <l>Ah, se fôssemos duas figuras num longinquo vitral!...</l>
                    <l>Ah, se fôssemos as duas côres de uma bandeira de gloria!...</l>
                    <l>Estatua acéphala posta a um canto, poeirenta pia baptismal,</l>
                    <l>Pendão de vencidos tendo escripto ao centro este lemma — <hi rend="italic"
                            >Victoria!</hi></l>
                </lg>
                <lg>
                    <l>O que é que me tortura?... Se até a tua face calma </l>
                    <l>Só me enche de tedios e de opios de ocios medonhos!...</l>
                    <l>Não sei... Eu sou um doido que estranha a sua propria alma...</l>
                    <l>Eu fui amado em effigie num paiz para além dos sonhos...</l>
                </lg>
                <dateline>Lisboa, 4 de Julho de 1913.</dateline>
                <signed rend="right"><rs type="name" key="FP" role="author" style="a">FERNANDO
                        PESSÔA</rs>.</signed>
            </div>
        </body>
    </text>
    <text type="reg">
        <body>
            <div>
                <pb n="13"/>
                <head>HORA ABSURDA</head>
                <lg>
                    <l>O teu silêncio é uma nau com todas as velas pandas...</l>
                    <l>Brandas, as brisas brincam nas flâmulas, teu sorriso...</l>
                    <l>E o teu sorriso no teu silêncio é as escadas e as andas</l>
                    <l>Com que me finjo mais alto e ao pé de qualquer paraíso...</l>
                </lg>
                <lg>
                    <l>Meu coração é uma ânfora que cai e que se parte...</l>
                    <l>O teu silêncio recolhe-o e guarda-o, partido, a um canto...</l>
                    <l>Minha ideia de ti é um cadáver que o mar traz à praia…, e entanto</l>
                    <l>Tu és a tela irreal em que erro em cor a minha arte...</l>
                </lg>
                <lg>
                    <l>Abre todas as portas e que o vento varra a ideia</l>
                    <l>Que temos de que um fumo perfuma de ócio os salões...</l>
                    <l>Minha alma é uma caverna enchida p’la maré cheia,</l>
                    <l>E a minha ideia de te sonhar uma caravana de histriões...</l>
                </lg>
                <lg>
                    <l>Chove ouro baço, mas não no lá-fora... É em mim... Sou a Hora,</l>
                    <l>E a Hora é de assombros e toda ela escombros dela...</l>
                    <l>Na minha atenção há uma viúva pobre que nunca chora...</l>
                    <l>No meu céu interior nunca houve uma única estrela...</l>
                </lg>
                <lg>
                    <l>Hoje o céu é pesado como a ideia de nunca chegar a um porto...</l>
                    <l>A chuva miúda é vazia... A Hora sabe a ter sido...</l>
                    <l>Não haver qualquer coisa como leitos para as naus!... Absorto </l>
                    <l>Em se alhear de si, teu olhar é uma praga sem sentido...</l>
                </lg>
                <lg>
                    <l>Todas as minhas horas são feitas de jaspe negro,</l>
                    <l>Minhas ânsias todas talhadas num mármore que não há,</l>
                    <l>Não é alegria nem dor esta dor com que me alegro,</l>
                    <l>E a minha bondade inversa não é nem boa nem má...</l>
                </lg>
                <pb n="14"/>
                <lg>
                    <l>Os feixes dos lictores abriram-se à beira dos caminhos...</l>
                    <l>Os pendões das vitórias medievais nem chegaram às cruzadas...</l>
                    <l>Puseram in-fólios úteis entre as pedras das barricadas...</l>
                    <l>E a erva cresceu nas vias-férreas com viços daninhos...</l>
                </lg>
                <lg>
                    <l>Ah, como esta hora é velha!... E todas as naus partiram!...</l>
                    <l>Na praia só um cabo morto e uns restos de vela falam</l>
                    <l>Do Longe, das horas do Sul, de onde os nossos sonhos tiram</l>
                    <l>Aquela angústia de sonhar mais que até para si calam...</l>
                </lg>
                <lg>
                    <l>O palácio está em ruínas... Dói ver no parque o abandono</l>
                    <l>Da fonte sem repuxo.. . Ninguém ergue o olhar da estrada</l>
                    <l>E sente saudades de si ante aquele lugar-outono...</l>
                    <l>Esta paisagem é um manuscrito com a frase mais bela cortada...</l>
                </lg>
                <lg>
                    <l>A doida partiu todos os candelabros glabros,</l>
                    <l>Sujou de humano o lago com cartas rasgadas, muitas...</l>
                    <l>E a minha alma é aquela luz que não mais haverá nos candelabros...</l>
                    <l>E que querem ao lado aziago minhas ânsias, brisas fortuitas?...</l>
                </lg>
                <lg>
                    <l>Porque me aflijo e me enfermo?... Deitam-se nuas ao luar</l>
                    <l>Todas as ninfas... Veio o sol e já tinham partido...</l>
                    <l>O teu silêncio que me embala é a ideia de naufragar,</l>
                    <l>E a ideia de a tua voz soar a lira dum Apolo fingido...</l>
                </lg>
                <lg>
                    <l>Já não há caudas de pavões todas olhos nos jardins de outrora...</l>
                    <l>As próprias sombras estão mais tristes... Ainda</l>
                    <l>Há rastos de vestes de aias (parece) no chão, e ainda chora</l>
                    <l>Um como que eco de passos pela alameda que eis finda...</l>
                </lg>
                <lg>
                    <l>Todos os ocasos fundiram-se na minha alma...</l>
                    <l>As relvas de todos os prados foram frescas sob meus pés frios ..</l>
                    <l>Secou em teu olhar a ideia de te julgares calma,</l>
                    <l>E eu ver isso em ti é um porto sem navios...</l>
                </lg>
                <lg>
                    <l>Ergueram-se a um tempo todos os remos... Pelo ouro das searas </l>
                    <l>Passou uma saudade de não serem o mar... Em frente </l>
                    <l>Ao meu trono de alheamento há gestos com pedras raras...</l>
                    <l>Minha alma é uma lâmpada que se apagou e ainda está quente...</l>
                </lg>
                <pb n="15"/>
                <lg>
                    <l>Ah, e o teu silêncio é um perfil de píncaro ao sol!</l>
                    <l>Todas as princesas sentirem o seio oprimido...</l>
                    <l>Da última janela do castelo só um girassol</l>
                    <l>Se vê, e o sonhar que há outros põe brumas no nosso sentido...</l>
                </lg>
                <lg>
                    <l>Sermos, e não sermos mais!... Ó leões nascidos na jaula!...</l>
                    <l>Repique de sinos para além, no Outro Vale... Perto?...</l>
                    <l>Arde o colégio e uma criança ficou fechada na aula...</l>
                    <l>Porque não há de ser o Norte o Sul?... O que está descoberto?...</l>
                </lg>
                <lg>
                    <l>E eu deliro... De repente pauso no que penso... Fito-te </l>
                    <l>E o teu silêncio é uma cegueira minha... Fito-te e sonho...</l>
                    <l>Há coisas rubras e cobras no modo como medito-te,</l>
                    <l>E a tua ideia sabe à lembrança de um sabor de medonho...</l>
                </lg>
                <lg>
                    <l>Para que não ter por ti desprezo? Porque não perdê-lo?...</l>
                    <l>Ah, deixa que eu te ignore... O teu silêncio é um leque —</l>
                    <l>Um leque fechado, um leque que aberto seria tão belo, tão belo,</l>
                    <l>Mas mais belo é não o abrir, para que a Hora não peque...</l>
                </lg>
                <lg>
                    <l>Gelaram todas as mãos cruzadas sobre todos os peitos...</l>
                    <l>Murcharam mais flores do que as que havia no jardim...</l>
                    <l>O meu amar-te é uma catedral de silêncios eleitos,</l>
                    <l>E os meus sonhos uma escada sem princípio mas com fim...</l>
                </lg>
                <lg>
                    <l>Alguém vai entrar pela porta... Sente-se o ar sorrir...</l>
                    <l>Tecedeiras viúvas gozam as mortalhas de virgens que tecem...</l>
                    <l>Ah, o teu tédio é uma estátua de uma mulher que há de vir,</l>
                    <l>O perfume que os crisântemos teriam, se o tivessem...</l>
                </lg>
                <lg>
                    <l>É preciso destruir o propósito de todas as pontes,</l>
                    <l>Vestir de alheamento as paisagens de todas as terras,</l>
                    <l>Endireitar à força a curva dos horizontes,</l>
                    <l>E gemer por ter de viver, como um ruído brusco de serras...</l>
                </lg>
                <lg>
                    <l>Há tão pouca gente que ame as paisagens que não existem!...</l>
                    <l>Saber que continuará a haver o mesmo mundo amanhã — como nos
                        desalegra!...</l>
                    <l>Que o meu ouvir o teu silêncio não seja nuvens que atristem</l>
                    <l>O teu sorriso, anjo exilado, e o teu tédio, auréola negra...</l>
                </lg>
                <pb n="16"/>
                <lg>
                    <l>Suave, como ter mãe e irmãs, a tarde rica desce...</l>
                    <l>Não chove já, e o vasto céu é um grande sorriso imperfeito...</l>
                    <l>A minha consciência de ter consciência de ti é uma prece,</l>
                    <l>E o meu saber-te a sorrir é uma flor murcha a meu peito...</l>
                </lg>
                <lg>
                    <l>Ah, se fôssemos duas figuras num longínquo vitral!...</l>
                    <l>Ah, se fôssemos as duas cores de uma bandeira de glória!...</l>
                    <l>Estátua acéfala posta a um canto, poeirenta pia baptismal,</l>
                    <l>Pendão de vencidos tendo escrito ao centro este lema — <hi rend="italic"
                            >Vitória!</hi></l>
                </lg>
                <lg>
                    <l>O que é que me tortura?... Se até a tua face calma </l>
                    <l>Só me enche de tédios e de ópios de ócios medonhos! ...</l>
                    <l>Não sei... Eu sou um doido que estranha a sua própria alma...</l>
                    <l>Eu fui amado em efígie num país para além dos sonhos...</l>
                </lg>
                <dateline>Lisboa, 4 de julho de 1913.</dateline>
                <signed rend="right">FERNANDO PESSOA.</signed>
            </div>
        </body>
    </text>
</TEI>
