<?xml version="1.0" encoding="UTF-8"?>
<?xml-model href="../schema/pessoaTEI.rng" type="application/xml" schematypens="http://relaxng.org/ns/structure/1.0"?>
<TEI xmlns="http://www.tei-c.org/ns/1.0">
    <teiHeader>
        <fileDesc>
            <titleStmt>
                <title>Gládio</title>
                <author>
                    <rs type="name" key="FP">Fernando Pessoa</rs>
                </author>
                <respStmt>
                    <resp>Edição, Transcrição, Codificação</resp>
                    <name>Pedro Sepúlveda</name>
                </respStmt>
                <respStmt>
                    <resp>Modelagem de dados, Codificação</resp>
                    <name>Ulrike Henny-Krahmer</name>
                </respStmt>
                <respStmt>
                    <resp>Codificação, Modernização ortográfica</resp>
                    <name>Inês Filipa Rebelo do Carmo</name>
                </respStmt>
                <respStmt>
                    <resp>Consultoria</resp>
                    <name>Institut für Dokumentologie und Editorik (IDE)</name>
                </respStmt>
            </titleStmt>
            <publicationStmt>
                <publisher>Universidade Nova de Lisboa, Instituto de Estudos de Literatura e
                    Tradição (IELT)</publisher>
                <publisher>Cologne Center for eHumanities (CCeH)</publisher>
                <date>2017</date>
                <availability status="free">
                    <licence target="http://creativecommons.org/licenses/by/3.0/"/>
                </availability>
                <idno type="filename">Pessoa_Gladio.xml</idno>
            </publicationStmt>
            <notesStmt>
                <note type="summary"><p>O poema ʺGladioʺ foi publicado anteriormente em <ref
                            target="http://www.pessoadigital.pt/pt/pub/Pessoa_Alguns-Poemas">ʺAlguns
                            Poemasʺ (Sacadura Cabral, Gladio, De um Cancioneiro), <hi rend="italic"
                                >Athena</hi>, n.º 3, Dezembro de 1924, pp. 81-88.</ref> Para além de
                        diferenças ortográficas, esta publicação apresenta a correção de uma gralha
                        da primeira, lendo-se no início do terceiro verso da segunda estrofe ʺE esta
                        febre de Alémʺ. Foi também incluído no livro <hi rend="italic">Mensagem</hi>
                        (Lisboa: Parceria António Maria Pereira, 1934), sob o título ʺD. Fernando,
                        Infante de Portugalʺ, com diferenças ortográficas, de pontuação e ao nível
                        do emprego das maiúsculas, lendo-se no terceiro verso da primeira estrofe
                        ʺem honraʺ em lugar de ʺem genioʺ.</p>
                </note>
                <note type="genre">
                    <rs type="genre" key="poesia">Poesia</rs>
                </note>
            </notesStmt>
            <sourceDesc>
                <list type="work-index">
                    <item><rs type="work" key="W235">Gládio</rs></item>
                </list>
                <biblStruct>
                    <analytic>
                        <title level="a">Gládio</title>
                        <author>
                            <rs type="name" key="FP">Fernando Pessoa</rs>
                        </author>
                        <textLang mainLang="pt"/>
                    </analytic>
                    <monogr>
                        <title level="j">Cancioneiro do 1º Salão dos Independentes</title>
                        <imprint>
                            <date when="1930">1930</date>
                        </imprint>
                        <biblScope unit="page">21-22</biblScope>
                    </monogr>
                </biblStruct>
            </sourceDesc>
        </fileDesc>
        <encodingDesc>
            <variantEncoding method="parallel-segmentation" location="internal"/>
        </encodingDesc>
    </teiHeader>
    <facsimile xml:base="http://images.cceh.uni-koeln.de/pessoa/">
        <graphic url="pub/gladioii.jpg"/>
        <graphic url="pub/gladio.jpg"/>
    </facsimile>
    <text corresp="W235" type="orig">
        <body>
            <div>
                <head>GLADIO</head>
                <ab rend="right" type="dedication"><hi rend="italic">ao <rs type="name" key="P42"
                            style="a">Alberto Da Cunha Dias</rs>.</hi></ab>
                <lg>
                    <l>Deu-me <rs type="name" key="P573">Deus</rs> o Seu gladio, porque eu faça</l>
                    <l>A sua santa guerra.</l>
                    <l>Sagrou-me Seu em genio e em desgraça</l>
                    <l>Ás horas em que um frio vento passa</l>
                    <l>Por sôbre a fria terra.</l>
                </lg>
                <lg>
                    <l>Poz-me as mãos sôbre os hombros, e dourou-me</l>
                    <l>A fronte com o olhar;</l>
                    <l>E esta febre de Além, que me consome,</l>
                    <l>E este querer-justiça são Seu nome</l>
                    <l>Dentro em mim a vibrar.</l>
                </lg>
                <lg>
                    <l>E eu vou, e a luz do gladio erguido dá</l>
                    <l>Em minha face calma.</l>
                    <l>Cheio de <rs type="name" key="P573">Deus</rs>, não temo o que virá,</l>
                    <l>Pois, venha o que vier, nunca será</l>
                    <l>Maior do que a minha alma!</l>
                </lg>
            </div>
        </body>
    </text>
    <text type="reg">
        <body>
            <div>
                <head>GLÁDIO</head>
                <ab rend="right" type="dedication"><hi rend="italic">ao Alberto Da Cunha
                    Dias.</hi></ab>
                <lg>
                    <l>Deu-me Deus o Seu gládio, porque eu faça</l>
                    <l>A sua santa guerra.</l>
                    <l>Sagrou-me Seu em génio e em desgraça</l>
                    <l>Às horas em que um frio vento passa</l>
                    <l>Por sobre a fria terra.</l>
                </lg>
                <lg>
                    <l>Pôs-me as mãos sobre os ombros, e dourou-me</l>
                    <l>A fronte com o olhar;</l>
                    <l>E esta febre de Além, que me consome,</l>
                    <l>E este querer-justiça são Seu nome</l>
                    <l>Dentro em mim a vibrar.</l>
                </lg>
                <lg>
                    <l>E eu vou, e a luz do gládio erguido dá</l>
                    <l>Em minha face calma.</l>
                    <l>Cheio de Deus, não temo o que virá,</l>
                    <l>Pois, venha o que vier, nunca será</l>
                    <l>Maior do que a minha alma!</l>
                </lg>
            </div>
        </body>
    </text>
</TEI>
