<?xml version="1.0" encoding="UTF-8"?> <?xml-model href="../schema/pessoaTEI.rng" type="application/xml" schematypens="http://relaxng.org/ns/structure/1.0"?>
<TEI xmlns="http://www.tei-c.org/ns/1.0">
    <teiHeader>
        <fileDesc>
            <titleStmt>
                <title>Tomamos a Villa Depois de um intenso
                        Bombardeamento</title>
                <author>
                    <rs type="person" key="FP">Fernando Pessoa</rs>
                </author>
                <respStmt>
                    <resp>Edição, Transcrição</resp>
                    <name>Pedro Sepúlveda</name>
                </respStmt>
                <respStmt>
                    <resp>Transcrição</resp>
                    <name>Pablo Javier Pérez López</name>
                </respStmt>
                <respStmt>
                    <resp>Modelagem de dados, Codificação</resp>
                    <name>Ulrike Henny</name>
                </respStmt>
                <respStmt>
                    <resp>Codificação</resp>
                    <name>Sviatoslav Drach</name>
                </respStmt>
                <respStmt>
                    <resp>Consultoria</resp>
                    <name>Institut für Dokumentologie und Editorik (IDE)</name>
                </respStmt>
            </titleStmt>
            <publicationStmt>
                <publisher>Universidade Nova de Lisboa, Instituto de Estudos de Literatura e Tradição (IELT)</publisher>
                <publisher>Cologne Center for eHumanities (CCeH)</publisher>
                <date>2016</date>
                <availability>
                    <licence target="http://creativecommons.org/licenses/by/3.0/"/>
                </availability>
                <idno type="filename">Pessoa_Tomamos-a-Villa.xml</idno>
            </publicationStmt>
            <sourceDesc>
                <list type="work-index">
                    <item><rs type="work" key="O1-35">Tomamos a Villa Depois de um intenso
                        Bombardeamento</rs></item>
                </list>
                <biblStruct>
                    <analytic>
                        <title level="a">Tomamos a Villa Depois de um intenso Bombardeamento</title>
                        <author>
                            <rs type="person" key="FP">Fernando Pessoa</rs>
                        </author>
                        <textLang mainLang="pt"/>
                    </analytic>
                    <monogr>
                        <title level="j"><rs type="journal" key="J9">Notícias Ilustrado</rs></title>
                        <imprint>
                            <date when="1929-07-14">14 de Julho de 1929</date>
                        </imprint>
                    </monogr>
                    <note type="genre">
                        <rs type="genre" key="poesia">Poesia</rs>
                    </note>
                </biblStruct>
            </sourceDesc>
        </fileDesc>
    </teiHeader>
    <facsimile>
        <graphic url="pub/FP147_1929-07-14_0018_Tamamos_a_vila.jpg"/>
    </facsimile>
    <text corresp="#O1-35">
        <body>
            <div>
                <head>TOMAMOS A VILLA DEPOIS DE UM INTENSO BOMBARDEAMENTO</head>
                <lg>
                    <l>A CREANÇA LOURA</l>
                    <l>JAZ NO MEIO DA RUA.</l>
                    <l>TEM AS TRIPAS DE FÓRA</l>
                    <l>E POR UMA CORDA SUA</l>
                    <l>UM COMBOIO QUE IGNORA.</l>
                </lg>
                <lg>
                    <l>A CARA ESTÁ UM FEIXE</l>
                    <l>DE SANGUE E DE NADA.</l>
                    <l>LUZ UM PEQUENO PEIXE —</l>
                    <l>DOS QUE BOIAM NAS BANHEIRAS —</l>
                    <l>Á BEIRA DA ESTRADA.</l>
                </lg>
                <lg>
                    <l>CAHE SOBRE A ESTRADA O ESCURO.</l>
                    <l>LONGE, AINDA UMA LUZ DOURA</l>
                    <l> A CREAÇÃO DO FUTURO...</l>
                </lg>
                <lg>
                    <l>E O DA CREANÇA LOURA?</l>
                </lg>
                <signed><hi rend="italic">FERNANDO PESSOA</hi></signed>
            </div>
        </body>
    </text>
</TEI>
