<?xml version="1.0" encoding="UTF-8"?>
<?xml-model href="../schema/pessoaTEI.rng" type="application/xml" schematypens="http://relaxng.org/ns/structure/1.0"?>
<TEI xmlns="http://www.tei-c.org/ns/1.0">
   <teiHeader>
      <fileDesc>
         <titleStmt>
            <title>O nosso inquérito sobre o fado</title>
            <author>
               <rs type="name" key="FP">Fernando Pessoa</rs>
            </author>
            <respStmt>
               <resp>Edição, Transcrição, Codificação</resp>
               <name>Jorge Uribe</name>
            </respStmt>
            <respStmt>
               <resp>Modelagem de dados, Codificação</resp>
               <name>Ulrike Henny-Krahmer</name>
            </respStmt>
            <respStmt>
               <resp>Codificação, Atualização ortográfica</resp>
               <name>Inês Filipa Rebelo do Carmo</name>
            </respStmt>
            <respStmt>
               <resp>Consultoria</resp>
               <name>Institut für Dokumentologie und Editorik (IDE)</name>
            </respStmt>
         </titleStmt>
         <publicationStmt>
            <publisher>Universidade Nova de Lisboa, Instituto de Estudos de Literatura e
                    Tradição (IELT)</publisher>
            <publisher>Cologne Center for eHumanities (CCeH)</publisher>
            <date>2017</date>
            <availability status="free">
               <licence target="http://creativecommons.org/licenses/by/3.0/"/>
            </availability>
            <idno type="filename">Pessoa_Inquerito_Fado.xml</idno>
         </publicationStmt>
         <notesStmt>
            <note type="genre">
               <rs type="genre" key="prosa">Prosa</rs>
            </note>
         </notesStmt>
         <sourceDesc>
            <list type="work-index">
               <item>
                  <rs type="work" key="W240">O nosso inquérito sobre o fado</rs>
               </item>
            </list>
            <biblStruct>
               <analytic>
                  <title level="a">O nosso inquérito sobre o fado</title>
                  <author>
                     <rs type="name" key="FP">Fernando Pessoa</rs>
                  </author>
                  <textLang mainLang="pt" otherLangs="en"/>
               </analytic>
               <monogr>
                  <title level="j">
                     <rs type="periodical" key="J9">O ʺNotíciasʺ
                            Ilustrado</rs>
                  </title>
                  <imprint>
                     <date when="1929-04-14">14 de abril de 1929</date>
                  </imprint>
                  <biblScope unit="page">14</biblScope>
               </monogr>
            </biblStruct>
         </sourceDesc>
      </fileDesc>
      <encodingDesc>
         <variantEncoding method="parallel-segmentation" location="internal"/>
      </encodingDesc>
      <profileDesc>
         <handNotes>
            <handNote xml:id="H_Noticias_Ilustrado">Texto não redigido por Pessoa mas pelos
                    jornalistas.</handNote>
            <handNote xml:id="H_FP">Texto redigido por Pessoa.</handNote>
         </handNotes>
      </profileDesc>
   </teiHeader>
   <facsimile xml:base="http://images.cceh.uni-koeln.de/pessoa/">
      <graphic url="prosa/Inquerito_Fado_10.jpg"/>
      <graphic url="prosa/Inquerito_Fado_11.jpg"/>
      <graphic url="prosa/Inquerito_Fado_12.jpg"/>
      <graphic url="prosa/Inquerito_Fado_13.jpg"/>
      <graphic url="prosa/Inquerito_Fado_14.jpg"/>
   </facsimile>
   <text type="orig" corresp="#W240">
      <body>
         <div>
            <head>
               <handShift new="#H_Noticias_Ilustrado"/>O NOSSO INQUERITO SOBRE O FADO</head>
            <argument rend="center">
               <p>O FADO SERÁ OU NÃO UMA CANÇÃO NACIONAL? — OS SEUS INTUITOS SÃO MORALISADORES,
                        OU PELO CONTRARIO ANTINGIRÃO UMA FEIÇÃO DISSOLVENTE? — HA VANTAGEM EM DAR AO
                        FADO O DESENVOLVIMENTO NECESSARIO A ELEGE-LO COMO UMA ESPECIALISAÇÃO
                        ARTISTICA, ETNICA, OU MUSICAL? — TURISTICO, POETICO, SAUDOSISTA, INVOCATIVO,
                        REGIONAL, REPRESENTA O FADO UMA EXPRESSÃO DE BELEZA, DE PROPAGANDA, DE
                        ATRAÇÃO NACIONAL?</p>
               <p>TEEM A PALAVRA, ESCRIPTORES E ARTISTAS:</p>
            </argument>
            <p rend="indent-first">
               <handShift new="#H_FP"/>Toda a poesia ― e a canção é uma
                    poesia ajudada ― reflete o que a alma não tem. Porisso a canção dos povos
                    tristes é alegre, e a canção dos povos alegres é triste.</p>
            <p rend="indent-first">O fado, porém, não é alegre nem triste. É um episodio de
                    intervalo. Formou-o a alma portuguesa quando não existia e desejava tudo sem ter
                    força para o desejar.</p>
            <p rend="indent-first">As almas fortes atribuem tudo ao Destino; só os fracos
                    confiam na vontade propria, porque ela não existe.</p>
            <p rend="indent-first">O fado é o cansaço da alma forte, o olhar de desprezo de
               Portugal ao <rs type="name" key="P573" style="a">Deus</rs> em que creu e tambem o
                    abandonou.</p>
            <p rend="indent-first">No fado os Deuses regressam legitimos e longinquos. É êsse o
                    segundo sentido da figura de El-Rei <rs type="name" key="P21" style="b">D.
                        Sebastião</rs>.</p>
            <signed rend="right"><rs type="name" role="author" key="FP" style="b">Fernando Pessoa</rs></signed>
         </div>
      </body>
   </text>
   <text type="reg" corresp="#W240">
      <body>
         <div>
            <head>
               <handShift new="#H_Noticias_Ilustrado"/>O NOSSO INQUÉRITO SOBRE O FADO</head>
            <argument rend="center">
               <p>O FADO SERÁ OU NÃO UMA CANÇÃO NACIONAL? — OS SEUS INTUITOS SÃO MORALIZADORES,
                        OU PELO CONTRÁRIO ANTINGIRÃO UMA FEIÇÃO DISSOLVENTE? — HÁ VANTAGEM EM DAR AO
                        FADO O DESENVOLVIMENTO NECESSÁRIO A ELEGÊ-LO COMO UMA ESPECIALIZAÇÃO
                        ARTÍSTICA, ÉTNICA, OU MUSICAL? — TURÍSTICO, POÉTICO, SAUDOSISTA, INVOCATIVO,
                        REGIONAL, REPRESENTA O FADO UMA EXPRESSÃO DE BELEZA, DE PROPAGANDA, DE
                        ATRAÇÃO NACIONAL?</p>
               <p>TÊM A PALAVRA, ESCRITORES E ARTISTAS:</p>
            </argument>
            <p rend="indent-first">
               <handShift new="#H_FP"/>Toda a poesia ― e a canção é uma
                    poesia ajudada ― reflete o que a alma não tem. Por isso a canção dos povos
                    tristes é alegre, e a canção dos povos alegres é triste.</p>
            <p rend="indent-first">O fado, porém, não é alegre nem triste. É um episódio de
                    intervalo. Formou-o a alma portuguesa quando não existia e desejava tudo sem ter
                    força para o desejar.</p>
            <p rend="indent-first">As almas fortes atribuem tudo ao Destino; só os fracos
                    confiam na vontade própria, porque ela não existe.</p>
            <p rend="indent-first">O fado é o cansaço da alma forte, o olhar de desprezo de
                    Portugal ao Deus em que creu e também o
                    abandonou.</p>
            <p rend="indent-first">No fado os Deuses regressam legítimos e longínquos. É esse o
                    segundo sentido da figura de El-Rei D.
                        Sebastião.</p>
            <signed rend="right">Fernando Pessoa</signed>
         </div>
      </body>
   </text>
</TEI>
