<?xml version="1.0" encoding="UTF-8"?> <?xml-model href="../schema/pessoaTEI.rng" type="application/xml" schematypens="http://relaxng.org/ns/structure/1.0"?>
<TEI xmlns="http://www.tei-c.org/ns/1.0">
    <teiHeader>
        <fileDesc>
            <titleStmt>
                <title>Natal (“Natal. Na provincia neva”)</title>
                <author>
                    <rs type="name" key="FP">Fernando Pessoa</rs>
                </author>
                <respStmt>
                    <resp>Edição, Transcrição</resp>
                    <name>Pedro Sepúlveda</name>
                </respStmt>
                <respStmt>
                    <resp>Transcrição</resp>
                    <name>Pablo Javier Pérez López</name>
                </respStmt>
                <respStmt>
                    <resp>Modelagem de dados, Codificação</resp>
                    <name>Ulrike Henny-Krahmer</name>
                </respStmt>
                <respStmt>
                    <resp>Codificação</resp>
                    <name>Sviatoslav Drach</name>
                </respStmt>
                <respStmt>
                    <resp>Consultoria</resp>
                    <name>Institut für Dokumentologie und Editorik (IDE)</name>
                </respStmt>
            </titleStmt>
            <publicationStmt>
                <publisher>Universidade Nova de Lisboa, Instituto de Estudos de Literatura e Tradição (IELT)</publisher>
                <publisher>Cologne Center for eHumanities (CCeH)</publisher>
                <date>2016</date>
                <availability status="restricted">
                    <licence target="http://creativecommons.org/licenses/by/3.0/"/>
                </availability>
                <idno type="filename">Natal-Na-provincia-neva.xml</idno>
            </publicationStmt>
            <sourceDesc>
                <list type="work-index">
                    <item><rs type="work" key="O1-26">Natal (“Natal. Na provincia neva”)</rs></item>
                </list>
                <biblStruct>
                    <analytic>
                        <title level="a">Natal (“Natal. Na provincia neva”)</title>
                        <author>
                            <rs type="name" key="FP">Fernando Pessoa</rs>
                        </author>
                        <textLang mainLang="pt"/>
                    </analytic>
                    <monogr>
                        <title level="j"><rs type="periodical" key="J9">Notícias ilustrado</rs></title>
                        <imprint>
                            <date when="1928-12-30">30 de Dezembro de 1928</date>
                        </imprint>
                        <biblScope></biblScope>
                    </monogr>
                    <note type="genre">
                        <rs type="genre" key="poesia">Poesia</rs>
                    </note>
                </biblStruct>
            </sourceDesc>
        </fileDesc>
    </teiHeader>
    <facsimile>
        <graphic url="pub/FP147_1928-12-30_0015_Natal.jpg"/>
    </facsimile>
    <text corresp="#O1-26">
        <body>
            <div>
                <head>Natal</head>
                <lg>
                    <l>Natal. Na provincia neva.</l>
                    <l>Nos lares aconchegados</l>
                    <l>Um sentimento conserva</l>
                    <l>Os sentimentos passados.</l>
                </lg>
                <lg>
                    <l>Coração opposto ao mundo,</l>
                    <l>Como a familia é verdade!</l>
                    <l>Meu pensamento é profundo,</l>
                    <l>Estou só, e sonho saudade.</l>
                </lg>
                <lg>
                    <l>E como é branca de graça</l>
                    <l>A paisagem que não sei,</l>
                    <l>Vista de traz da vidraça</l>
                    <l>Do lar que nunca terei!</l>
                </lg>
                <signed>FERNANDO PESSOA</signed>
            </div>
        </body>
    </text>
</TEI>
