<?xml version="1.0" encoding="UTF-8"?>
<?xml-model href="../schema/pessoaTEI.rng" type="application/xml" schematypens="http://relaxng.org/ns/structure/1.0"?>
<TEI xmlns="http://www.tei-c.org/ns/1.0">
    <teiHeader>
        <fileDesc>
            <titleStmt>
                <title>Ode (ʺPara ser grande, sê inteiro: nadaʺ)</title>
                <author>
                    <rs type="name" key="RR">Ricardo Reis</rs>
                </author>
                <respStmt>
                    <resp>Edição, Transcrição</resp>
                    <name>Pedro Sepúlveda</name>
                </respStmt>
                <respStmt>
                    <resp>Transcrição</resp>
                    <name>Pablo Javier Pérez López</name>
                </respStmt>
                <respStmt>
                    <resp>Modelagem de dados, Codificação</resp>
                    <name>Ulrike Henny-Krahmer</name>
                </respStmt>
                <respStmt>
                    <resp>Codificação</resp>
                    <name>Alena Geduldig</name>
                </respStmt>
                <respStmt>
                    <resp>Codificação, Atualização ortográfica</resp>
                    <name>Inês Filipa Rebelo do Carmo</name>
                </respStmt>
                <respStmt>
                    <resp>Consultoria</resp>
                    <name>Institut für Dokumentologie und Editorik (IDE)</name>
                </respStmt>
            </titleStmt>
            <publicationStmt>
                <publisher>Universidade Nova de Lisboa, Instituto de Estudos de Literatura e
                    Tradição (IELT)</publisher>
                <publisher>Cologne Center for eHumanities (CCeH)</publisher>
                <date>2017</date>
                <availability status="free">
                    <licence target="http://creativecommons.org/licenses/by/3.0/"/>
                </availability>
                <idno type="filename">Reis_Para_ser_grande_se_inteiro_nada.xml</idno>
            </publicationStmt>
            <notesStmt>
                <note type="genre">
                    <rs type="genre" key="poesia">Poesia</rs>
                </note>
            </notesStmt>
            <sourceDesc>
                <list type="work-index">
                    <item><rs type="work" key="O3-4">Para ser grande, sê inteiro: nada</rs></item>
                </list>
                <biblStruct>
                    <analytic>
                        <title level="a">Ode</title>
                        <author>
                            <rs type="name" key="RR">Ricardo Reis</rs>
                        </author>
                        <textLang mainLang="pt"/>
                    </analytic>
                    <monogr>
                        <title level="j">
                            <rs type="periodical" key="J1">Presença</rs>
                        </title>
                        <imprint>
                            <date when="1933-02">fevereiro de 1933</date>
                        </imprint>
                        <biblScope unit="issue">37</biblScope>
                        <biblScope unit="page">8</biblScope>
                    </monogr>
                </biblStruct>
            </sourceDesc>
        </fileDesc>
        <encodingDesc>
            <variantEncoding method="parallel-segmentation" location="internal"/>
        </encodingDesc>
    </teiHeader>
    <facsimile xml:base="http://images.cceh.uni-koeln.de/pessoa/">
        <graphic url="pub/res-1900-a_1931-1934_1933_n37_0001.jpg"/>
    </facsimile>
    <text corresp="#O3-4" type="orig">
        <body>
            <div>
                <head>ODE</head>
                <lg>
                    <l>Para ser grande, sê inteiro: nada</l>
                    <l rend="indent">Teu exagera ou exclui.</l>
                    <l>Sê todo em cada coisa. Põe quanto és</l>
                    <l rend="indent">No mínimo que fazes,</l>
                    <l>Assim em cada lago a lua tôda</l>
                    <l rend="indent">Brilha, porque alta vive.</l>
                </lg>
                <signed><rs type="name" key="RR" role="author">RICARDO REIS</rs></signed>
            </div>
        </body>
    </text>
    <text type="reg">
        <body>
            <div>
                <head>ODE</head>
                <lg>
                    <l>Para ser grande, sê inteiro: nada</l>
                    <l rend="indent">Teu exagera ou exclui.</l>
                    <l>Sê todo em cada coisa. Põe quanto és</l>
                    <l rend="indent">No mínimo que fazes,</l>
                    <l>Assim em cada lago a lua toda</l>
                    <l rend="indent">Brilha, porque alta vive.</l>
                </lg>
                <signed>RICARDO REIS</signed>
            </div>
        </body>
    </text>
</TEI>
