<?xml version="1.0" encoding="UTF-8"?>
<?xml-model href="../schema/pessoaTEI.rng" type="application/xml" schematypens="http://relaxng.org/ns/structure/1.0"?>
<TEI xmlns="http://www.tei-c.org/ns/1.0">
    <teiHeader>
        <fileDesc>
            <titleStmt>
                <title>Odes, Livro Primeiro</title>
                <author>
                    <rs type="name" key="RR">Ricardo Reis</rs>
                </author>
                <respStmt>
                    <resp>Edição, Transcrição</resp>
                    <name>Pedro Sepúlveda</name>
                </respStmt>
                <respStmt>
                    <resp>Transcrição</resp>
                    <name>Pablo Javier Pérez López</name>
                </respStmt>
                <respStmt>
                    <resp>Modelagem de dados, Codificação</resp>
                    <name>Ulrike Henny-Krahmer</name>
                </respStmt>
                <respStmt>
                    <resp>Codificação</resp>
                    <name>Alena Geduldig</name>
                </respStmt>
                <respStmt>
                    <resp>Codificação, Atualização ortográfica</resp>
                    <name>Inês Filipa Rebelo do Carmo</name>
                </respStmt>
                <respStmt>
                    <resp>Consultoria</resp>
                    <name>Institut für Dokumentologie und Editorik (IDE)</name>
                </respStmt>
            </titleStmt>
            <publicationStmt>
                <publisher>Universidade Nova de Lisboa, Instituto de Estudos de Literatura e
                    Tradição (IELT)</publisher>
                <publisher>Cologne Center for eHumanities (CCeH)</publisher>
                <date>2017</date>
                <availability status="free">
                    <licence target="http://creativecommons.org/licenses/by/3.0/"/>
                </availability>
                <idno type="filename">Reis_Odes_Livro_Primeiro.xml</idno>
            </publicationStmt>
            <notesStmt>
                <note type="genre">
                    <rs type="genre" key="poesia">Poesia</rs>
                </note>
            </notesStmt>
            <sourceDesc>
                <list type="work-index">
                    <item><rs type="work" key="O3-5">Odes, Livro Primeiro</rs></item>
                    <item><rs type="work" key="O3-5-1">I</rs></item>
                    <item><rs type="work" key="O3-5-2">II</rs></item>
                    <item><rs type="work" key="O3-5-3">III</rs></item>
                    <item><rs type="work" key="O3-5-4">IV</rs></item>
                    <item><rs type="work" key="O3-5-5">V</rs></item>
                    <item><rs type="work" key="O3-5-6">VI</rs></item>
                    <item><rs type="work" key="O3-5-7">VII</rs></item>
                    <item><rs type="work" key="O3-5-8">VIII</rs></item>
                    <item><rs type="work" key="O3-5-9">IX</rs></item>
                    <item><rs type="work" key="O3-5-10">X</rs></item>
                    <item><rs type="work" key="O3-5-11">XI</rs></item>
                    <item><rs type="work" key="O3-5-12">XII</rs></item>
                    <item><rs type="work" key="O3-5-13">XIII</rs></item>
                    <item><rs type="work" key="O3-5-14">XIV</rs></item>
                    <item><rs type="work" key="O3-5-15">XV</rs></item>
                    <item><rs type="work" key="O3-5-16">XVI</rs></item>
                    <item><rs type="work" key="O3-5-17">XVII</rs></item>
                    <item><rs type="work" key="O3-5-18">XVIII</rs></item>
                    <item><rs type="work" key="O3-5-19">XIX</rs></item>
                    <item><rs type="work" key="O3-5-20">XX</rs></item>
                </list>
                <biblStruct>
                    <analytic>
                        <title level="a">Odes, Livro Primeiro</title>
                        <author>
                            <rs type="name" key="RR">Ricardo Reis</rs>
                        </author>
                        <textLang mainLang="pt"/>
                    </analytic>
                    <monogr>
                        <title level="j"><rs type="periodical" key="J2">Athena</rs></title>
                        <imprint>
                            <date when="1924-10">outubro de 1924</date>
                        </imprint>
                        <biblScope unit="issue">1</biblScope>
                        <biblScope unit="page">19-24</biblScope>
                    </monogr>
                </biblStruct>
            </sourceDesc>
        </fileDesc>
        <encodingDesc>
            <variantEncoding method="parallel-segmentation" location="internal"/>
        </encodingDesc>
    </teiHeader>
    <facsimile xml:base="http://images.cceh.uni-koeln.de/pessoa/">
        <graphic url="pub/res-3319-v-1924-10_0025_19_t0.jpg"/>
        <graphic url="pub/res-3319-v-1924-10_0026_20_t0.jpg"/>
        <graphic url="pub/res-3319-v-1924-10_0027_21_t0.jpg"/>
        <graphic url="pub/res-3319-v-1924-10_0028_22_t0.jpg"/>
        <graphic url="pub/res-3319-v-1924-10_0029_23_t0.jpg"/>
        <graphic url="pub/res-3319-v-1924-10_0030_24_t0.jpg"/>
    </facsimile>
    <text corresp="#O3-5" type="orig">
        <body>
            <div>
                <head>ODES</head>
                <head>LIVRO PRIMEIRO</head>
                <div type="poem" corresp="#O3-5-1">
                    <head>I</head>
                    <lg>
                        <l>Seguro assento na columna firme</l>
                        <l rend="indent">Dos versos em que fico,</l>
                        <l>Nem temo o influxo innumero futuro</l>
                        <l rend="indent">Dos tempos e do olvido;</l>
                        <l>Que a mente, quando, fixa, em si contempla</l>
                        <l rend="indent">Os reflexos do mundo,</l>
                        <l>D’elles se plasma torna, e á arte o mundo</l>
                        <l rend="indent">Cria, que não a mente.</l>
                        <l>Assim na placa o externo instante grava</l>
                        <l rend="indent">Seu ser, durando nella.</l>
                    </lg>
                </div>
                <div type="poem" corresp="#O3-5-2">
                    <head>II</head>
                    <lg>
                        <l>As rosas amo dos jardins de <rs type="name" key="P612" style="a">Adonis</rs>,</l>
                        <l>Essas volucres amo, <rs type="name" key="P626" style="a">Lydia</rs>,
                            rosas,</l>
                        <l rend="indent">Que em o dia em que nascem.</l>
                        <l rend="indent">Em esse dia morrem.</l>
                        <l>A luz para ellas é eterna, porque</l>
                        <l>Nascem nascido já o sol, e acabam</l>
                        <l rend="indent">Antes que <rs type="name" key="P604" style="a">Apollo</rs> deixe</l>
                        <l rend="indent">O seu curso visivel.</l>
                        <l>Assim façamos nossa vida <hi rend="italic">um dia</hi>,</l>
                        <l>Inscientes, <rs type="name" key="P626" style="a">Lydia</rs>,
                            voluntariamente</l>
                        <l rend="indent">Que ha noite antes e após</l>
                        <l rend="indent">O pouco que durâmos.</l>
                    </lg>
                </div>
                <div type="poem" corresp="#O3-5-3">
                    <head>III</head>
                    <lg>
                        <l>O mar jaz; gemem em segredo os ventos</l>
                        <l rend="indent">Em <rs type="name" key="P613" style="a">Eolo</rs>
                            captivos;</l>
                        <l>Só com as pontas do tridente as vastas</l>
                        <l rend="indent">Aguas franze <rs type="name" key="P614">Neptuno</rs>;</l>
                        <l>E a praia é alva e cheia de pequenos</l>
                        <l rend="indent">Brilhos sob o sol claro.</l>
                        <l>Inutilmente parecemos grandes.</l>
                        <l rend="indent">Nada, no alheio mundo,</l>
                        <l>Nossa vista grandeza reconhece</l>
                        <l rend="indent">Ou com razão nos serve.</l>
                        <l>Si aqui de um manso mar meu fundo indicio</l>
                        <l rend="indent">Trez ondas o apagam,</l>
                        <l>Que me fará o mar que na atra praia</l>
                        <l rend="indent">Echoa de <rs type="name" key="P615">Saturno</rs>?</l>
                    </lg>
                </div>
                <div type="poem" corresp="#O3-5-4">
                    <head>IV</head>
                    <lg>
                        <l>Não consentem os deuses mais que a vida.</l>
                        <l>Tudo pois refusemos, que nos alce</l>
                        <l rend="indent">A irrespiraveis pincaros,</l>
                        <l rend="indent">Perennes sem ter flores.</l>
                        <l>Só de acceitar tenhamos a sciencia,</l>
                        <l>E, emquanto bate o sangue em nossas fontes,</l>
                        <l rend="indent">Nem se engelha comnosco</l>
                        <l rend="indent">O mesmo amor, duremos,</l>
                        <l>Como vidros, ás luzes transparentes</l>
                        <l>E deixando escorrer a chuva triste,</l>
                        <l rend="indent">Só mornos ao sol quente,</l>
                        <l rend="indent">E reflectindo um pouco.</l>
                    </lg>
                </div>
                <div type="poem" corresp="#O3-5-5">
                    <head>V</head>
                    <lg>
                        <l rend="indent">Como si cada beijo</l>
                        <l rend="indent">Fôra de despedida,</l>
                        <l>Minha <rs type="name" key="P625">Chloe</rs>, beijemo-nos, amando.</l>
                        <l rend="indent">Talvez que já nos toque</l>
                        <l rend="indent">No hombro a mão, que chama</l>
                        <l>Á barca que não vem senão vazia;</l>
                        <l rend="indent">E que no mesmo feixe</l>
                        <l rend="indent">Ata o que mutuos fomos</l>
                        <l>E a alheia somma universal da vida.</l>
                    </lg>
                </div>
                <div type="poem" corresp="#O3-5-6">
                    <head>VI</head>
                    <lg>
                        <l>O rythmo antigo que ha em pés descalços,</l>
                        <l>Esse rythmo das nymphas repetido,</l>
                        <l rend="indent">Quando sob o arvoredo</l>
                        <l rend="indent">Batem o som da dança,</l>
                        <l>Vós na alva praia relembrae, fazendo,</l>
                        <l>Que scura a spuma deixa; vós, infantes,</l>
                        <l rend="indent">Que inda não tendes cura</l>
                        <l rend="indent">De ter cura, reponde</l>
                        <l>Ruidosa a roda, emquanto arqueia <rs type="name" key="P604" style="a"
                            >Apollo</rs>,</l>
                        <l>Como um ramo alto, a curva azul que doura,</l>
                        <l rend="indent">E a perenne maré</l>
                        <l rend="indent">Flue, enchente ou vasante.</l>
                    </lg>
                </div>
                <div type="poem" corresp="#O3-5-7">
                    <head>VII</head>
                    <lg>
                        <l>Ponho na altiva mente o fixo exforço</l>
                        <l rend="indent">Da altura, e á sorte deixo,</l>
                        <l rend="indent">E a suas leis, o verso;</l>
                        <l>Que, quando é alto e regio o pensamento,</l>
                        <l rend="indent">Subdita a phrase o busca</l>
                        <l rend="indent">E o scravo rythmo o serve.</l>
                    </lg>
                </div>
                <div type="poem" corresp="#O3-5-8">
                    <head>VIII</head>
                    <lg>
                        <l>Quam breve tempo é a mais longa vida</l>
                        <l>E a juventude nella! Ah <rs type="name" key="P625">Chloe</rs>, <rs
                                type="name" key="P625">Chloe</rs>,</l>
                        <l rend="indent">Si não amo, nem bebo,</l>
                        <l rend="indent">Nem sem querer não penso,</l>
                        <l>Pesa-me a lei inimploravel, doe-me</l>
                        <l>A hora invita, o tempo que não cessa,</l>
                        <l rend="indent">E aos ouvidos me sobe</l>
                        <l rend="indent">Dos juncos o ruido</l>
                        <l>Na occulta margem onde os lirios frios</l>
                        <l>Da infera leiva crescem, e a corrente</l>
                        <l rend="indent">Não sabe onde é o dia,</l>
                        <l rend="indent">Sussurro gemebundo.</l>
                    </lg>
                </div>
                <div type="poem" corresp="#O3-5-9">
                    <head>IX</head>
                    <lg>
                        <l>Coroae-me de rosas,</l>
                        <l>Coroae-me em verdade</l>
                        <l rend="indent">De rosas —</l>
                        <l>Rosas que se apagam</l>
                        <l>Em fronte a apagar-se</l>
                        <l rend="indent">Tam cedo!</l>
                        <l>Coroae-me de rosas</l>
                        <l>E de folhas breves.</l>
                        <l rend="indent">E basta.</l>
                    </lg>
                </div>
                <div type="poem" corresp="#O3-5-10">
                    <head>X</head>
                    <lg>
                        <l>Melhor destino que o de conhecer-se</l>
                        <l>Não frue quem mente frue. Antes, sabendo,</l>
                        <l rend="indent">Ser nada, que ignorando:</l>
                        <l rend="indent">Nada dentro de nada.</l>
                        <l>Si não houver em mim poder que vença</l>
                        <l>As parcas trez e as moles do futuro,</l>
                        <l rend="indent">Já me dêem os deuses</l>
                        <l rend="indent">O poder de sabe-lo;</l>
                        <l>E a belleza, increavel por meu sestro,</l>
                        <l>Eu gose externa e dada, repetida</l>
                        <l rend="indent">Em meus passivos olhos,</l>
                        <l rend="indent">Lagos que a morte sécca.</l>
                    </lg>
                </div>
                <div type="poem" corresp="#O3-5-11">
                    <head>XI</head>
                    <lg>
                        <l>Temo, <rs type="name" key="P626" style="a">Lydia</rs>, o destino. Nada é
                            certo</l>
                        <l>Em qualquer hora pode succeder-nos</l>
                        <l rend="indent">O que nos tudo mude.</l>
                        <l>Fora do conhecido é extranho o passo</l>
                        <l>Que proprio damos. Graves numes guardam</l>
                        <l rend="indent">As lindas do que é uso.</l>
                        <l>Não somos deuses: cegos, receemos,</l>
                        <l>E a parca dada vida anteponhamos</l>
                        <l rend="indent">Á novidade, abysmo.</l>
                    </lg>
                </div>
                <div type="poem" corresp="#O3-5-12">
                    <head>XII</head>
                    <lg>
                        <l>A flor que és, não a que dás, eu quero.</l>
                        <l>Porque me negas o que te não peço.</l>
                        <l rend="indent">Tempo ha para negares</l>
                        <l rend="indent">Depois de teres dado.</l>
                        <l>Flor, sê-me flor ! Se te colher avaro</l>
                        <l>A mão da infausta sphynge, tu perenne</l>
                        <l rend="indent">Sombra errarás absurda,</l>
                        <l rend="indent">Buscando o que não déste.</l>
                    </lg>
                </div>
                <div type="poem" corresp="#O3-5-13">
                    <head>XIII</head>
                    <lg>
                        <l>Ólho os campos, <rs type="name" key="P616">Neera</rs>,</l>
                        <l>Campos, campos, e soffro</l>
                        <l>Já o frio da sombra</l>
                        <l>Em que não terei olhos.</l>
                        <l>A caveira antesinto</l>
                        <l>Que serei não sentindo,</l>
                        <l>Ou só quanto o que ignoro</l>
                        <l>Me incognito ministre.</l>
                        <l>E menos ao instante</l>
                        <l>Chóro, que a mim futuro,</l>
                        <l>Subdito ausente e nullo</l>
                        <l>Do universal destíno.</l>
                    </lg>
                </div>
                <div type="poem" corresp="#O3-5-14">
                    <head>XIV</head>
                    <lg>
                        <l>De novo traz as apparentes novas</l>
                        <l>Flores o verão novo, e novamente</l>
                        <l rend="indent">Verdesce a cor antiga</l>
                        <l rend="indent">Das folhas redivivas.</l>
                        <l>Não mais, não mais d’elle o infecundo abysmo,</l>
                        <l>Que mudo sorve o que mal somos, torna</l>
                        <l rend="indent">Á clara luz superna</l>
                        <l rend="indent">A presença vivída.</l>
                        <l>Não mais; e a prole a que, pensando, dera</l>
                        <l>A vida da razão, em vão o chama,</l>
                        <l rend="indent">Que as nove chaves fecham</l>
                        <l rend="indent">Da <rs type="name" key="P620">Styge</rs> irreversivel.</l>
                        <l>O que foi como um deus entre os que cantam,</l>
                        <l>O que do Olympo as vozes, que chamavam,</l>
                        <l rend="indent">Scutando ouviu, e, ouvindo,</l>
                        <l rend="indent">Entendeu, hoje é nada.</l>
                        <l>Tecei embora as, que teceis, grinaldas.</l>
                        <l>Quem coroaes, não coroando a elle?</l>
                        <l rend="indent">Votivas as deponde,</l>
                        <l rend="indent">Funebres sem ter culto.</l>
                        <l>Fique, porém, livre da leiva e do <rs type="name" key="P620"
                            >Orco</rs>,</l>
                        <l>A fama; e tu, que <rs type="name" key="P598" style="b">Ulysses</rs>
                            erigira,</l>
                        <l rend="indent">Tu, em teus septe montes,</l>
                        <l rend="indent">Orgulha-te materna,</l>
                        <l>Egual, desde elle, ás septe que contendem</l>
                        <l>Cidades por <rs type="name" key="P218">Homero</rs>, ou alcaica
                            Lesbos,</l>
                        <l rend="indent">Ou heptapyla Thebas,</l>
                        <l rend="indent">Ogygia mãe de <rs type="name" key="P481">Pindaro</rs>.</l>
                    </lg>
                </div>
                <div type="poem" corresp="#O3-5-15">
                    <head>XV</head>
                    <lg>
                        <l>Este, seu scasso campo ora lavrando,</l>
                        <l>Ora, solemne, olhando-o com a vista</l>
                        <l>De quem a um filho olha, gosa incerto</l>
                        <l rend="indent">A não-pensada vida.</l>
                        <l>Das fingidas fronteiras a mudança</l>
                        <l>O arado lhe não tolhe, nem o empece</l>
                        <l>Per que consilios se o destino rege</l>
                        <l rend="indent">Dos povos pacientes.</l>
                        <l>Pouco mais no presente do futuro</l>
                        <l>Que as hervas que arrancou, seguro vive</l>
                        <l>A antiga vida que não torna, e fica</l>
                        <l rend="indent">Filhos, diversa e sua.</l>
                    </lg>
                </div>
                <div type="poem" corresp="#O3-5-16">
                    <head>XVI</head>
                    <lg>
                        <l>Tuas, não minhas, teço estas grinaldas,</l>
                        <l>Que em minha fronte renovadas ponho.</l>
                        <l rend="indent">Para mim tece as tuas,</l>
                        <l rend="indent">Que as minhas eu não vejo.</l>
                        <l>Se não pesar na vida melhor goso</l>
                        <l>Que o vermo-nos, vejamo-nos, e, vendo,</l>
                        <l rend="indent">Surdos conciliemos</l>
                        <l rend="indent">O insubsistente surdo.</l>
                        <l>Coroemo-nos pois uns para os outros,</l>
                        <l>E brindemos unisonos á sorte</l>
                        <l rend="indent">Que houver, até que chegue</l>
                        <l rend="indent">A hora do barqueiro.</l>
                    </lg>
                </div>
                <div type="poem" corresp="#O3-5-17">
                    <head>XVII</head>
                    <lg>
                        <l>Não queiras, <rs type="name" key="P626" style="a">Lydia</rs> edificar no
                            spaço</l>
                        <l>Que figuras futuro, ou prometter-te</l>
                        <l>Amanhã. Cumpre-te hoje, não sperando.</l>
                        <l rend="indent">Tu mesma és tua vida.</l>
                        <l>Não te destines, que não és futura.</l>
                        <l>Quem sabe se, entre a taça que esvazias,</l>
                        <l>E ella de novo enchida, não te a sorte</l>
                        <l rend="indent">Interpõe o abysmo?</l>
                    </lg>
                </div>
                <div type="poem" corresp="#O3-5-18">
                    <head>XVIII</head>
                    <lg>
                        <l>Saudoso já d’este verão que vejo,</l>
                        <l>Lagrimas para as flores d’elle emprego</l>
                        <l rend="indent">Na lembrança invertida</l>
                        <l rend="indent">De quando hei de perdel-as.</l>
                        <l>Transpostos os portaes irreparaveis</l>
                        <l>De cada anno, me anticipo a sombra</l>
                        <l rend="indent">Em que hei de errar, sem flores,</l>
                        <l rend="indent">No abysmo rumoroso.</l>
                        <l>E colho a rosa porque a sorte manda.</l>
                        <l>Marcenda, guardo-a; murche-se commigo</l>
                        <l rend="indent">Antes que com a curva</l>
                        <l rend="indent">Diurna da ampla terra.</l>
                    </lg>
                </div>
                <div type="poem" corresp="#O3-5-19">
                    <head>XIX</head>
                    <lg>
                        <l rend="indent">Prazer, mas devagar,</l>
                        <l><rs type="name" key="P626" style="a">Lydia</rs>, que a sorte áquelles não
                            é grata</l>
                        <l rend="indent">Que lhe das mãos arrancam.</l>
                        <l>Furtivos retiremos do horto mundo</l>
                        <l rend="indent">Os depredandos pomos.</l>
                        <l>Não dispertemos, onde dorme, a erynnis</l>
                        <l rend="indent">Que cada goso trava.</l>
                        <l>Como um regato, mudos passageiros,</l>
                        <l rend="indent">Gosemos escondidos.</l>
                        <l>A sorte inveja, <rs type="name" key="P626" style="a">Lydia</rs>.
                            Emmudeçamos.</l>
                    </lg>
                </div>
                <div type="poem" corresp="#O3-5-20">
                    <head>XX</head>
                    <lg>
                        <l>Cuidas, invio, que cumpres, apertando</l>
                        <l>Teus infecundos, trabalhosos dias</l>
                        <l rend="indent">Em feixes de hirta lenha,</l>
                        <l rend="indent">Sem illusão a vida.</l>
                        <l>A tua lenha é só peso que levas</l>
                        <l>Para onde não tens fogo que te aqueça.</l>
                        <l rend="indent">Nem soffrem peso aos hombros</l>
                        <l rend="indent">As sombras que seremos.</l>
                        <l>Para folgar não folgas; e, se legas,</l>
                        <l>Antes legues o exemplo, que riquezas,</l>
                        <l rend="indent">De como a vida basta</l>
                        <l rend="indent">Curta, nem tambem dura.</l>
                        <l>Pouco usamos do pouco que mal temos.</l>
                        <l>A obra cança, o ouro não é nosso.</l>
                        <l rend="indent">De nós a mesma fama</l>
                        <l rend="indent">Ri-se, que a não veremos</l>
                        <l>Quando, acabados pelas parcas, formos,</l>
                        <l>Vultos solemnes, de repente antigos,</l>
                        <l rend="indent">E cada vez mais sombras,</l>
                        <l rend="indent">Ao encontro fatal —</l>
                        <l>O barco escuro no soturno rio,</l>
                        <l>E os nove abraços da frieza stygia</l>
                        <l rend="indent">E o regaço insaciavel</l>
                        <l rend="indent">Da patria de <rs type="name" key="P619">Plutão</rs>.</l>
                    </lg>
                </div>
                <signed rend="right"><rs type="name" key="RR" role="author">RICARDO
                    REIS</rs></signed>
            </div>
        </body>
    </text>
    <text type="reg">
        <body>
            <div>
                <head>ODES</head>
                <head>LIVRO PRIMEIRO</head>
                <div type="poem" corresp="#O3-5-1">
                    <head>I</head>
                    <lg>
                        <l>Seguro assento na coluna firme</l>
                        <l rend="indent">Dos versos em que fico,</l>
                        <l>Nem temo o influxo inúmero futuro</l>
                        <l rend="indent">Dos tempos e do olvido;</l>
                        <l>Que a mente, quando, fixa, em si contempla</l>
                        <l rend="indent">Os reflexos do mundo,</l>
                        <l>Deles se plasma torna, e à arte o mundo</l>
                        <l rend="indent">Cria, que não a mente.</l>
                        <l>Assim na placa o externo instante grava</l>
                        <l rend="indent">Seu ser, durando nela.</l>
                    </lg>
                </div>
                <div type="poem" corresp="#O3-5-2">
                    <head>II</head>
                    <lg>
                        <l>As rosas amo dos jardins de Adónis,</l>
                        <l>Essas volucres amo, Lídia, rosas,</l>
                        <l rend="indent">Que em o dia em que nascem.</l>
                        <l rend="indent">Em esse dia morrem.</l>
                        <l>A luz para elas é eterna, porque</l>
                        <l>Nascem nascido já o sol, e acabam</l>
                        <l rend="indent">Antes que Apolo deixe</l>
                        <l rend="indent">O seu curso visível.</l>
                        <l>Assim façamos nossa vida <hi rend="italic">um dia</hi>,</l>
                        <l>Inscientes, Lídia, voluntariamente</l>
                        <l rend="indent">Que há noite antes e após</l>
                        <l rend="indent">O pouco que duramos.</l>
                    </lg>
                </div>
                <div type="poem" corresp="#O3-5-3">
                    <head>III</head>
                    <lg>
                        <l>O mar jaz; gemem em segredo os ventos</l>
                        <l rend="indent">Em Éolo cativos;</l>
                        <l>Só com as pontas do tridente as vastas</l>
                        <l rend="indent">Águas franze Neptuno;</l>
                        <l>E a praia é alva e cheia de pequenos</l>
                        <l rend="indent">Brilhos sob o sol claro.</l>
                        <l>Inutilmente parecemos grandes.</l>
                        <l rend="indent">Nada, no alheio mundo,</l>
                        <l>Nossa vista grandeza reconhece</l>
                        <l rend="indent">Ou com razão nos serve.</l>
                        <l>Se aqui de um manso mar meu fundo indício</l>
                        <l rend="indent">Três ondas o apagam,</l>
                        <l>Que me fará o mar que na atra praia</l>
                        <l rend="indent">Ecoa de Saturno?</l>
                    </lg>
                </div>
                <div type="poem" corresp="#O3-5-4">
                    <head>IV</head>
                    <lg>
                        <l>Não consentem os deuses mais que a vida.</l>
                        <l>Tudo pois refusemos, que nos alce</l>
                        <l rend="indent">A irrespiráveis píncaros,</l>
                        <l rend="indent">Perenes sem ter flores.</l>
                        <l>Só de aceitar tenhamos a ciência,</l>
                        <l>E, enquanto bate o sangue em nossas fontes,</l>
                        <l rend="indent">Nem se engelha connosco</l>
                        <l rend="indent">O mesmo amor, duremos,</l>
                        <l>Como vidros, às luzes transparentes</l>
                        <l>E deixando escorrer a chuva triste,</l>
                        <l rend="indent">Só mornos ao sol quente,</l>
                        <l rend="indent">E refletindo um pouco.</l>
                    </lg>
                </div>
                <div type="poem" corresp="#O3-5-5">
                    <head>V</head>
                    <lg>
                        <l rend="indent">Como se cada beijo</l>
                        <l rend="indent">Fora de despedida,</l>
                        <l>Minha Chloe, beijemo-nos, amando.</l>
                        <l rend="indent">Talvez que já nos toque</l>
                        <l rend="indent">No ombro a mão, que chama</l>
                        <l>À barca que não vem senão vazia;</l>
                        <l rend="indent">E que no mesmo feixe</l>
                        <l rend="indent">Ata o que mútuos fomos</l>
                        <l>E a alheia soma universal da vida.</l>
                    </lg>
                </div>
                <div type="poem" corresp="#O3-5-6">
                    <head>VI</head>
                    <lg>
                        <l>O ritmo antigo que há em pés descalços,</l>
                        <l>Esse ritmo das ninfas repetido,</l>
                        <l rend="indent">Quando sob o arvoredo</l>
                        <l rend="indent">Batem o som da dança,</l>
                        <l>Vós na alva praia relembrai, fazendo,</l>
                        <l>Que escura a espuma deixa; vós, infantes,</l>
                        <l rend="indent">Que ainda não tendes cura</l>
                        <l rend="indent">De ter cura, reponde</l>
                        <l>Ruidosa a roda, enquanto arqueia Apolo,</l>
                        <l>Como um ramo alto, a curva azul que doura,</l>
                        <l rend="indent">E a perene maré</l>
                        <l rend="indent">Flui, enchente ou vazante.</l>
                    </lg>
                </div>
                <div type="poem" corresp="#O3-5-7">
                    <head>VII</head>
                    <lg>
                        <l>Ponho na altiva mente o fixo esforço</l>
                        <l rend="indent">Da altura, e à sorte deixo,</l>
                        <l rend="indent">E a suas leis, o verso;</l>
                        <l>Que, quando é alto e régio o pensamento,</l>
                        <l rend="indent">Súbdita a frase o busca</l>
                        <l rend="indent">E o escravo ritmo o serve.</l>
                    </lg>
                </div>
                <div type="poem" corresp="#O3-5-8">
                    <head>VIII</head>
                    <lg>
                        <l>Quão breve tempo é a mais longa vida</l>
                        <l>E a juventude nela! Ah Chloe, Chloe,</l>
                        <l rend="indent">Se não amo, nem bebo,</l>
                        <l rend="indent">Nem sem querer não penso,</l>
                        <l>Pesa-me a lei inimplorável, dói-me</l>
                        <l>A hora invita, o tempo que não cessa,</l>
                        <l rend="indent">E aos ouvidos me sobe</l>
                        <l rend="indent">Dos juncos o ruído</l>
                        <l>Na oculta margem onde os lírios frios</l>
                        <l>Da infera leiva crescem, e a corrente</l>
                        <l rend="indent">Não sabe onde é o dia,</l>
                        <l rend="indent">Sussurro gemebundo.</l>
                    </lg>
                </div>
                <div type="poem" corresp="#O3-5-9">
                    <head>IX</head>
                    <lg>
                        <l>Coroai-me de rosas,</l>
                        <l>Coroai-me em verdade</l>
                        <l rend="indent">De rosas —</l>
                        <l>Rosas que se apagam</l>
                        <l>Em fronte a apagar-se</l>
                        <l rend="indent">Tão cedo!</l>
                        <l>Coroai-me de rosas</l>
                        <l>E de folhas breves.</l>
                        <l rend="indent">E basta.</l>
                    </lg>
                </div>
                <div type="poem" corresp="#O3-5-10">
                    <head>X</head>
                    <lg>
                        <l>Melhor destino que o de conhecer-se</l>
                        <l>Não frui quem mente frui. Antes, sabendo,</l>
                        <l rend="indent">Ser nada, que ignorando:</l>
                        <l rend="indent">Nada dentro de nada.</l>
                        <l>Se não houver em mim poder que vença</l>
                        <l>As parcas três e as moles do futuro,</l>
                        <l rend="indent">Já me deem os deuses</l>
                        <l rend="indent">O poder de sabê-lo;</l>
                        <l>E a beleza, incriável por meu sestro,</l>
                        <l>Eu goze externa e dada, repetida</l>
                        <l rend="indent">Em meus passivos olhos,</l>
                        <l rend="indent">Lagos que a morte seca.</l>
                    </lg>
                </div>
                <div type="poem" corresp="#O3-5-11">
                    <head>XI</head>
                    <lg>
                        <l>Temo, Lídia, o destino. Nada é certo</l>
                        <l>Em qualquer hora pode suceder-nos</l>
                        <l rend="indent">O que nos tudo mude.</l>
                        <l>Fora do conhecido é estranho o passo</l>
                        <l>Que próprio damos. Graves numes guardam</l>
                        <l rend="indent">As lindas do que é uso.</l>
                        <l>Não somos deuses: cegos, receemos,</l>
                        <l>E a parca dada vida anteponhamos</l>
                        <l rend="indent">À novidade, abismo.</l>
                    </lg>
                </div>
                <div type="poem" corresp="#O3-5-12">
                    <head>XII</head>
                    <lg>
                        <l>A flor que és, não a que dás, eu quero.</l>
                        <l>Porque me negas o que te não peço.</l>
                        <l rend="indent">Tempo há para negares</l>
                        <l rend="indent">Depois de teres dado.</l>
                        <l>Flor, sê-me flor ! Se te colher avaro</l>
                        <l>A mão da infausta esfinge, tu perene</l>
                        <l rend="indent">Sombra errarás absurda,</l>
                        <l rend="indent">Buscando o que não deste.</l>
                    </lg>
                </div>
                <div type="poem" corresp="#O3-5-13">
                    <head>XIII</head>
                    <lg>
                        <l>Olho os campos, Neera,</l>
                        <l>Campos, campos, e sofro</l>
                        <l>Já o frio da sombra</l>
                        <l>Em que não terei olhos.</l>
                        <l>A caveira antessinto</l>
                        <l>Que serei não sentindo,</l>
                        <l>Ou só quanto o que ignoro</l>
                        <l>Me incógnito ministre.</l>
                        <l>E menos ao instante</l>
                        <l>Choro, que a mim futuro,</l>
                        <l>Súbdito ausente e nulo</l>
                        <l>Do universal destino.</l>
                    </lg>
                </div>
                <div type="poem" corresp="#O3-5-14">
                    <head>XIV</head>
                    <lg>
                        <l>De novo traz as aparentes novas</l>
                        <l>Flores o verão novo, e novamente</l>
                        <l rend="indent">Verdesce a cor antiga</l>
                        <l rend="indent">Das folhas redivivas.</l>
                        <l>Não mais, não mais dele o infecundo abismo,</l>
                        <l>Que mudo sorve o que mal somos, torna</l>
                        <l rend="indent">À clara luz superna</l>
                        <l rend="indent">A presença vivida.</l>
                        <l>Não mais; e a prole a que, pensando, dera</l>
                        <l>A vida da razão, em vão o chama,</l>
                        <l rend="indent">Que as nove chaves fecham</l>
                        <l rend="indent">Da Estige irreversível.</l>
                        <l>O que foi como um deus entre os que cantam,</l>
                        <l>O que do Olimpo as vozes, que chamavam,</l>
                        <l rend="indent">Escutando ouviu, e, ouvindo,</l>
                        <l rend="indent">Entendeu, hoje é nada.</l>
                        <l>Tecei embora as, que teceis, grinaldas.</l>
                        <l>Quem coroais, não coroando a ele?</l>
                        <l rend="indent">Votivas as deponde,</l>
                        <l rend="indent">Fúnebres sem ter culto.</l>
                        <l>Fique, porém, livre da leiva e do Orco,</l>
                        <l>A fama; e tu, que Ulisses erigira,</l>
                        <l rend="indent">Tu, em teus sete montes,</l>
                        <l rend="indent">Orgulha-te materna,</l>
                        <l>Igual, desde ele, às sete que contendem</l>
                        <l>Cidades por Homero, ou alcaica Lesbos,</l>
                        <l rend="indent">Ou heptápila Tebas,</l>
                        <l rend="indent">Ogígia mãe de Píndaro.</l>
                    </lg>
                </div>
                <div type="poem" corresp="#O3-5-15">
                    <head>XV</head>
                    <lg>
                        <l>Este, seu escasso campo ora lavrando,</l>
                        <l>Ora, solene, olhando-o com a vista</l>
                        <l>De quem a um filho olha, goza incerto</l>
                        <l rend="indent">A não-pensada vida.</l>
                        <l>Das fingidas fronteiras a mudança</l>
                        <l>O arado lhe não tolhe, nem o empece</l>
                        <l>Por que consílios se o destino rege</l>
                        <l rend="indent">Dos povos pacientes.</l>
                        <l>Pouco mais no presente do futuro</l>
                        <l>Que as ervas que arrancou, seguro vive</l>
                        <l>A antiga vida que não torna, e fica</l>
                        <l rend="indent">Filhos, diversa e sua.</l>
                    </lg>
                </div>
                <div type="poem" corresp="#O3-5-16">
                    <head>XVI</head>
                    <lg>
                        <l>Tuas, não minhas, teço estas grinaldas,</l>
                        <l>Que em minha fronte renovadas ponho.</l>
                        <l rend="indent">Para mim tece as tuas,</l>
                        <l rend="indent">Que as minhas eu não vejo.</l>
                        <l>Se não pesar na vida melhor gozo</l>
                        <l>Que o vermo-nos, vejamo-nos, e, vendo,</l>
                        <l rend="indent">Surdos conciliemos</l>
                        <l rend="indent">O insubsistente surdo.</l>
                        <l>Coroemo-nos pois uns para os outros,</l>
                        <l>E brindemos uníssonos à sorte</l>
                        <l rend="indent">Que houver, até que chegue</l>
                        <l rend="indent">A hora do barqueiro.</l>
                    </lg>
                </div>
                <div type="poem" corresp="#O3-5-17">
                    <head>XVII</head>
                    <lg>
                        <l>Não queiras, Lídia edificar no espaço</l>
                        <l>Que figuras futuro, ou prometer-te</l>
                        <l>Amanhã. Cumpre-te hoje, não esperando.</l>
                        <l rend="indent">Tu mesma és tua vida.</l>
                        <l>Não te destines, que não és futura.</l>
                        <l>Quem sabe se, entre a taça que esvazias,</l>
                        <l>E ela de novo enchida, não te a sorte</l>
                        <l rend="indent">Interpõe o abismo?</l>
                    </lg>
                </div>
                <div type="poem" corresp="#O3-5-18">
                    <head>XVIII</head>
                    <lg>
                        <l>Saudoso já deste verão que vejo,</l>
                        <l>Lágrimas para as flores dele emprego</l>
                        <l rend="indent">Na lembrança invertida</l>
                        <l rend="indent">De quando hei de perdê-las.</l>
                        <l>Transpostos os portais irreparáveis</l>
                        <l>De cada ano, me antecipo a sombra</l>
                        <l rend="indent">Em que hei de errar, sem flores,</l>
                        <l rend="indent">No abismo rumoroso.</l>
                        <l>E colho a rosa porque a sorte manda.</l>
                        <l>Marcenda, guardo-a; murche-se comigo</l>
                        <l rend="indent">Antes que com a curva</l>
                        <l rend="indent">Diurna da ampla terra.</l>
                    </lg>
                </div>
                <div type="poem" corresp="#O3-5-19">
                    <head>XIX</head>
                    <lg>
                        <l rend="indent">Prazer, mas devagar,</l>
                        <l>Lídia, que a sorte àqueles não é grata</l>
                        <l rend="indent">Que lhe das mãos arrancam.</l>
                        <l>Furtivos retiremos do horto mundo</l>
                        <l rend="indent">Os depredandos pomos.</l>
                        <l>Não despertemos, onde dorme, a erínis</l>
                        <l rend="indent">Que cada gozo trava.</l>
                        <l>Como um regato, mudos passageiros,</l>
                        <l rend="indent">Gozemos escondidos.</l>
                        <l>A sorte inveja, Lídia. Emudeçamos.</l>
                    </lg>
                </div>
                <div type="poem" corresp="#O3-5-20">
                    <head>XX</head>
                    <lg>
                        <l>Cuidas, ínvio, que cumpres, apertando</l>
                        <l>Teus infecundos, trabalhosos dias</l>
                        <l rend="indent">Em feixes de hirta lenha,</l>
                        <l rend="indent">Sem ilusão a vida.</l>
                        <l>A tua lenha é só peso que levas</l>
                        <l>Para onde não tens fogo que te aqueça.</l>
                        <l rend="indent">Nem sofrem peso aos ombros</l>
                        <l rend="indent">As sombras que seremos.</l>
                        <l>Para folgar não folgas; e, se legas,</l>
                        <l>Antes legues o exemplo, que riquezas,</l>
                        <l rend="indent">De como a vida basta</l>
                        <l rend="indent">Curta, nem também dura.</l>
                        <l>Pouco usamos do pouco que mal temos.</l>
                        <l>A obra cansa, o ouro não é nosso.</l>
                        <l rend="indent">De nós a mesma fama</l>
                        <l rend="indent">Ri-se, que a não veremos</l>
                        <l>Quando, acabados pelas parcas, formos,</l>
                        <l>Vultos solenes, de repente antigos,</l>
                        <l rend="indent">E cada vez mais sombras,</l>
                        <l rend="indent">Ao encontro fatal —</l>
                        <l>O barco escuro no soturno rio,</l>
                        <l>E os nove abraços da frieza estígia</l>
                        <l rend="indent">E o regaço insaciável</l>
                        <l rend="indent">Da pátria de Plutão.</l>
                    </lg>
                </div>
                <signed rend="right">RICARDO REIS</signed>
            </div>
        </body>
    </text>
</TEI>
