<?xml version="1.0" encoding="UTF-8"?>
<?xml-model href="../schema/pessoaTEI.rng" type="application/xml" schematypens="http://relaxng.org/ns/structure/1.0"?>
<TEI xmlns="http://www.tei-c.org/ns/1.0">
   <teiHeader>
      <fileDesc>
         <titleStmt>
            <title>Ode (ʺO rastro breve que das ervas molesʺ)</title>
            <author>
               <rs type="name" key="RR">Ricardo Reis</rs>
            </author>
            <respStmt>
               <resp>Edição, Transcrição</resp>
               <name>Pedro Sepúlveda</name>
            </respStmt>
            <respStmt>
               <resp>Transcrição</resp>
               <name>Pablo Javier Pérez López</name>
            </respStmt>
            <respStmt>
               <resp>Modelagem de dados, Codificação</resp>
               <name>Ulrike Henny-Krahmer</name>
            </respStmt>
            <respStmt>
               <resp>Codificação</resp>
               <name>Alena Geduldig</name>
            </respStmt>
            <respStmt>
               <resp>Codificação, Atualização ortográfica</resp>
               <name>Inês Filipa Rebelo do Carmo</name>
            </respStmt>
            <respStmt>
               <resp>Consultoria</resp>
               <name>Institut für Dokumentologie und Editorik (IDE)</name>
            </respStmt>
         </titleStmt><editionStmt><p>Corpus version C2.1.0</p></editionStmt>
         <publicationStmt>
            <publisher>Universidade Nova de Lisboa, Instituto de Estudos de Literatura e
                    Tradição (IELT)</publisher>
            <publisher>Cologne Center for eHumanities (CCeH)</publisher>
            <date>2017</date>
            <availability status="free">
               <licence target="http://creativecommons.org/licenses/by/4.0/"/>
            </availability>
            <idno type="filename">Reis_O_rastro_breve_que_das_hervas_molles.xml</idno>
         </publicationStmt>
         <notesStmt>
            <note type="genre">
               <rs type="genre" key="poesia">Poesia</rs>
            </note>
         </notesStmt>
         <sourceDesc>
            <list type="work-index">
               <item>
                  <rs type="work" key="O3-2">O rastro breve que das ervas moles</rs>
               </item>
            </list>
            <biblStruct>
               <analytic>
                  <title level="a">Ode</title>
                  <author>
                     <rs type="name" key="RR">Ricardo Reis</rs>
                  </author>
                  <textLang mainLang="pt"/>
               </analytic>
               <monogr>
                  <title level="j">
                     <rs type="periodical" key="J1">Presença</rs>
                  </title>
                  <imprint>
                     <date when="1928-03-15">15 de março de 1928</date>
                  </imprint>
                  <biblScope unit="issue">10</biblScope>
                  <biblScope unit="page">2</biblScope>
               </monogr>
            </biblStruct>
         </sourceDesc>
      </fileDesc>
      <encodingDesc>
         <variantEncoding method="parallel-segmentation" location="internal"/>
      </encodingDesc>
      <revisionDesc>
         <change when="2023-11-15" who="#FAF">
                    Added edition statement to the teiHeader
                </change>
      </revisionDesc>
   </teiHeader>
   <facsimile xml:base="http://images.cceh.uni-koeln.de/pessoa/">
      <graphic url="pub/res-1900-a-1928-03-n10_0002_2_t0.jpg"/>
   </facsimile>
   <text corresp="#O3-2" type="orig">
      <body>
         <div>
            <head>ODE</head>
            <lg>
               <l>
                  <hi rend="bold">O</hi> rastro breve que das hervas molles</l>
               <l>Ergue o pé findo, o écho que ôco côa,</l>
               <l rend="indent">A sombra que se adumbra,</l>
               <l rend="indent">O branco que a nau larga —</l>
               <l>Nem maior nem melhor deixa a alma às almas,</l>
               <l>O ido aos indos. A lembrança esquece.</l>
               <l rend="indent">Mortos, inda morremos.</l>
               <l rend="indent">
                  <rs type="name" key="P626" style="a">Lydia</rs>, somos só
                        nossos.</l>
            </lg>
            <signed rend="center">
               <hi rend="italic">
                  <rs type="name" key="RR" role="author">Ricardo Reis</rs>
               </hi>.</signed>
         </div>
      </body>
   </text>
   <text type="reg">
      <body>
         <div>
            <head>ODE</head>
            <lg>
               <l>
                  <hi rend="bold">O</hi> rastro breve que das ervas moles</l>
               <l>Ergue o pé findo, o eco que oco coa,</l>
               <l rend="indent">A sombra que se adumbra,</l>
               <l rend="indent">O branco que a nau larga —</l>
               <l>Nem maior nem melhor deixa a alma às almas,</l>
               <l>O ido aos indos. A lembrança esquece.</l>
               <l rend="indent">Mortos, ainda morremos.</l>
               <l rend="indent">Lídia, somos só nossos.</l>
            </lg>
            <signed rend="center">
               <hi rend="italic">Ricardo Reis</hi>.</signed>
         </div>
      </body>
   </text>
</TEI>
