<?xml version="1.0" encoding="UTF-8"?>
<?xml-model href="../schema/pessoaTEI.rng" type="application/xml" schematypens="http://relaxng.org/ns/structure/1.0"?>
<TEI xmlns="http://www.tei-c.org/ns/1.0">
   <teiHeader>
      <fileDesc>
         <titleStmt>
            <title>Do ʺLivro do Desassossegoʺ (ʺNa perfeição nítida do diaʺ)</title>
            <author>
               <rs type="name" key="BS">Bernardo Soares</rs>
            </author>
            <respStmt>
               <resp>Edição, Transcrição, Codificação</resp>
               <name>Jorge Uribe</name>
            </respStmt>
            <respStmt>
               <resp>Modelagem de dados, Codificação</resp>
               <name>Ulrike Henny-Krahmer</name>
            </respStmt>
            <respStmt>
               <resp>Atualização ortográfica</resp>
               <name>Inês Filipa Rebelo do Carmo</name>
            </respStmt>
            <respStmt>
               <resp>Consultoria</resp>
               <name>Institut für Dokumentologie und Editorik (IDE)</name>
            </respStmt>
         </titleStmt>
         <publicationStmt>
            <publisher>Universidade Nova de Lisboa, Instituto de Estudos de Literatura e
                    Tradição (IELT)</publisher>
            <publisher>Cologne Center for eHumanities (CCeH)</publisher>
            <date>2017</date>
            <availability status="free">
               <licence target="http://creativecommons.org/licenses/by/3.0/"/>
            </availability>
            <idno type="filename">Soares_LDD_Na_perfeicao_nitida.xml</idno>
         </publicationStmt>
         <notesStmt>
            <note type="genre">
               <rs type="genre" key="prosa">Prosa</rs>
            </note>
         </notesStmt>
         <sourceDesc>
            <list type="work-index">
               <item>
                  <rs type="work" key="W248">Do ʺLivro do Desassossegoʺ (ʺNa perfeição
                            nítida do diaʺ)</rs>
               </item>
            </list>
            <biblStruct>
               <analytic>
                  <title level="a">Do ʺLivro do Desassossegoʺ (ʺNa perfeição nítida do
                            diaʺ)</title>
                  <author>
                     <rs type="name" key="BS">Bernardo Soares</rs>
                  </author>
                  <textLang mainLang="pt" otherLangs="en"/>
               </analytic>
               <monogr>
                  <title level="j">
                     <rs type="periodical" key="J4">Revista da Solução
                                Editora</rs>
                  </title>
                  <imprint>
                     <date when="1932-11">novembro de 1932</date>
                  </imprint>
                  <biblScope unit="issue">1</biblScope>
                  <biblScope unit="page">8</biblScope>
               </monogr>
            </biblStruct>
         </sourceDesc>
      </fileDesc>
      <encodingDesc>
         <variantEncoding method="parallel-segmentation" location="internal"/>
      </encodingDesc>
   </teiHeader>
   <facsimile xml:base="http://images.cceh.uni-koeln.de/pessoa/">
      <graphic url="prosa/LDD_Na_perfeiçao.jpg"/>
   </facsimile>
   <text type="orig" corresp="#W248">
      <body>
         <div>
            <head>Do "Livro do Desasocego"</head>
            <head type="sub">COMPOSTO POR <rs type="name" role="author" key="BS">BERNARDO
                        SOARES</rs>, AJUDANTE DE GUARDA LIVROS NA CIDADE DE LISBOA</head>
            <p rend="indent-first">
               <hi rend="italic">Na perfeição nítida do dia estagna contudo
                        o ar cheio de sol. Não é a pressão presente da trovoada futura, malestar dos
                        corpos involuntários, vago baço do céo azul deveras. É o torpor sensivel da
                        insinuação do ócio, pluma roçando leve a face a adormecer. É estío mas
                        verão. Apetece o campo até a quem não gosta dêle.</hi>
            </p>
            <p rend="indent-first">
               <hi rend="italic">Se eu fôra outro, penso, êste seria para
                        mim um dia feliz, pois o sentiria sem pensar nêle. Concluiria com uma
                        alegria de antecipação o meu trabalho normal — aquêle que me é monotonamente
                        anormal todos os dias. Tomaría o carro para Benfica, com amigos combinados.
                        Jantariamos, em pleno fim de sol, entre hortas. A alegria em que estaríamos
                        seria parte da paisagem, e por todos, quantos nos vissem, reconhecida como
                        de ali.</hi>
            </p>
            <p rend="indent-first">
               <hi rend="italic">Como, porém, sou eu, goso um pouco o pouco
                        que é imaginar-me êsse outro. Sim, logo êle-eu, sob parreira ou árvore,
                        comerá o dôbro do que sei comer, beberá o dobro do que ouso beber, rirá o
                        dobro do que posso pensar em rir. Logo êle, eu agora. Sim, um momento fui
                        outro: vi, vivi, em outrem essa alegria humilde e humana de existir como
                        animal em mangas de camisa. Grande dia que me fez sonhar assim! É tudo azul
                        e sublime no alto como o meu sonho efémero de ser caixeiro de praça com
                        saúde em não sei que férias de fim de día.</hi>
            </p>
            <signed rend="right">
               <rs type="name" key="FP" role="author" style="b">FERNANDO
                        PESSOA</rs>
            </signed>
         </div>
      </body>
   </text>
   <text type="reg" corresp="#W248">
      <body>
         <div>
            <head>Do "Livro do Desassossego"</head>
            <head type="sub">COMPOSTO POR BERNARDO
                        SOARES, AJUDANTE DE GUARDA LIVROS NA CIDADE DE LISBOA</head>
            <p rend="indent-first">
               <hi rend="italic">Na perfeição nítida do dia estagna contudo
                        o ar cheio de sol. Não é a pressão presente da trovoada futura, mal-estar dos
                        corpos involuntários, vago baço do céu azul deveras. É o torpor sensível da
                        insinuação do ócio, pluma roçando leve a face a adormecer. É estio mas
                        verão. Apetece o campo até a quem não gosta dele.</hi>
            </p>
            <p rend="indent-first">
               <hi rend="italic">Se eu fora outro, penso, este seria para
                        mim um dia feliz, pois o sentiria sem pensar nele. Concluiria com uma
                        alegria de antecipação o meu trabalho normal — aquele que me é monotonamente
                        anormal todos os dias. Tomaria o carro para Benfica, com amigos combinados.
                        Jantaríamos, em pleno fim de sol, entre hortas. A alegria em que estaríamos
                        seria parte da paisagem, e por todos, quantos nos vissem, reconhecida como
                        de ali.</hi>
            </p>
            <p rend="indent-first">
               <hi rend="italic">Como, porém, sou eu, gozo um pouco o pouco
                        que é imaginar-me esse outro. Sim, logo ele-eu, sob parreira ou árvore,
                        comerá o dobro do que sei comer, beberá o dobro do que ouso beber, rirá o
                        dobro do que posso pensar em rir. Logo ele, eu agora. Sim, um momento fui
                        outro: vi, vivi, em outrem essa alegria humilde e humana de existir como
                        animal em mangas de camisa. Grande dia que me fez sonhar assim! É tudo azul
                        e sublime no alto como o meu sonho efémero de ser caixeiro de praça com
                        saúde em não sei que férias de fim de dia.</hi>
            </p>
            <signed rend="right">FERNANDO
                        PESSOA</signed>
         </div>
      </body>
   </text>
</TEI>
