<?xml version="1.0" encoding="UTF-8"?>
<?xml-model href="../schema/pessoaTEI.rng" type="application/xml" schematypens="http://relaxng.org/ns/structure/1.0"?>
<TEI xmlns="http://www.tei-c.org/ns/1.0">
    <teiHeader>
        <fileDesc>
            <titleStmt>
                <title>Do ʺLivro do Desassossegoʺ (ʺNa perfeição nítida do diaʺ)</title>
                <author>
                    <rs type="name" key="BS">Bernardo Soares</rs>
                </author>
                <respStmt>
                    <resp>Edição, Transcrição, Codificação</resp>
                    <name>Jorge Uribe</name>
                </respStmt>
                <respStmt>
                    <resp>Modelagem de dados, Codificação</resp>
                    <name>Ulrike Henny-Krahmer</name>
                </respStmt>
                <respStmt>
                    <resp>Atualização ortográfica</resp>
                    <name>Inês Filipa Rebelo do Carmo</name>
                </respStmt>
                <respStmt>
                    <resp>Consultoria</resp>
                    <name>Institut für Dokumentologie und Editorik (IDE)</name>
                </respStmt>
            </titleStmt>
            <publicationStmt>
                <publisher>Universidade Nova de Lisboa, Instituto de Estudos de Literatura e
                    Tradição (IELT)</publisher>
                <publisher>Cologne Center for eHumanities (CCeH)</publisher>
                <date>2017</date>
                <availability status="free">
                    <licence target="http://creativecommons.org/licenses/by/3.0/"/>
                </availability>
                <idno type="filename">Soares_LDD_Na_perfeicao_nitida.xml</idno>
            </publicationStmt>
            <notesStmt>
                <note type="genre">
                    <rs type="genre" key="prosa">Prosa</rs>
                </note>
            </notesStmt>
            <sourceDesc>
                <list type="work-index">
                    <item>
                        <rs type="work" key="W248">Do ʺLivro do Desassossegoʺ (ʺNa perfeição
                            nítida do diaʺ)</rs>
                    </item>
                </list>
                <biblStruct>
                    <analytic>
                        <title level="a">Do ʺLivro do Desassossegoʺ (ʺNa perfeição nítida do
                            diaʺ)</title>
                        <author>
                            <rs type="name" key="BS">Bernardo Soares</rs>
                        </author>
                        <textLang mainLang="pt" otherLangs="en"/>
                    </analytic>
                    <monogr>
                        <title level="j">
                            <rs type="periodical" key="J4">A Revista da Solução
                                Editora</rs>
                        </title>
                        <imprint>
                            <date when="1932-11">novembro de 1932</date>
                        </imprint>
                        <biblScope unit="issue">1</biblScope>
                        <biblScope unit="page">8</biblScope>
                    </monogr>
                </biblStruct>
            </sourceDesc>
        </fileDesc>
        <encodingDesc>
            <variantEncoding method="parallel-segmentation" location="internal"/>
        </encodingDesc>
    </teiHeader>
    <facsimile xml:base="http://images.cceh.uni-koeln.de/pessoa/">
        <graphic url="prosa/LDD_Na_perfeiçao.jpg"/>
    </facsimile>
    <text type="orig" corresp="#W248">
        <body>
            <div>
                <head>Do "Livro do Desasocego"</head>
                </div>
            </body>
        </text>
    </TEI>
