<?xml version="1.0" encoding="UTF-8"?>
<?xml-model href="../schema/pessoaTEI.rng" type="application/xml" schematypens="http://relaxng.org/ns/structure/1.0"?>
<TEI xmlns="http://www.tei-c.org/ns/1.0">
   <teiHeader>
      <fileDesc>
         <titleStmt>
            <title>BNP/E3 144D<hi rend="superscript">2</hi>-26<hi rend="superscript">v</hi></title>
            <author>
               <rs type="name" key="FP">Fernando Pessoa</rs>
            </author>
            <respStmt>
               <resp>Transcrição, Edição</resp>
               <name>Pedro Sepúlveda</name>
            </respStmt>
            <respStmt>
               <resp>Codificação, Modelagem de dados</resp>
               <name>Ulrike Henny-Krahmer</name>
            </respStmt>
            <respStmt>
               <resp>Codificação</resp>
               <name>Isabel Figueiredo-Iken</name>
            </respStmt>
            <respStmt>
               <resp>Codificação</resp>
               <name>Sviatoslav Drach</name>
            </respStmt>
            <respStmt>
               <resp>Consultoria</resp>
               <name>Institut für Dokumentologie und Editorik (IDE)</name>
            </respStmt>
         </titleStmt>
         <publicationStmt>
            <publisher>Universidade Nova de Lisboa, Instituto de Estudos de Literatura e Tradição
               (IELT)</publisher>
            <publisher>Cologne Center for eHumanities (CCeH)</publisher>
            <date>2017</date>
            <availability status="restricted">
               <licence target="http://creativecommons.org/licenses/by/3.0/"/>
            </availability>
            <idno type="filename">BNP_E3_144D2-26v.xml</idno>
         </publicationStmt>
         <sourceDesc>
            <msDesc>
               <msIdentifier>
                  <institution>Biblioteca Nacional de Portugal</institution>
                  <idno>BNP/E3 144D2-26v</idno>
               </msIdentifier>
               <msContents>
                  <summary>
                     <p>Lista manuscrita no caderno 144D<hi rend="superscript">2</hi> (cf. <ref
                           target="http://purl.pt/13880">http://purl.pt/13880</ref>).</p>
                  </summary>
                  <msItemStruct>
                     <author>
                        <rs type="name" key="FP">Fernando Pessoa</rs>
                     </author>
                     <note type="genre">
                        <rs type="genre" key="lista_editorial">Lista editorial</rs><rs type="genre"
                           key="plano_editorial">Plano editorial</rs>
                     </note>
                     <textLang mainLang="pt"/>
                  </msItemStruct>
               </msContents>
               <history>
                  <origin>
                     <p>
                        <origDate when="1913" cert="medium">c. 1913</origDate>
                     </p>
                  </origin>
               </history>
            </msDesc>
         </sourceDesc>
      </fileDesc>
   </teiHeader>
   <facsimile>
      <graphic url="bn-acpc-e-e3_144d2_JPG_24-C-R0150/bn-acpc-e-e3_144d2_0084_26v_t24-C-R0150.jpg"/>
   </facsimile>
   <text>
      <body>
         <div>
            <list>
               <item>
                  <label>A.</label> poesias meramente lyricas. </item>
               <item>
                  <label>B.</label>
                  <choice>
                     <abbr><metamark rend="quotes" function="ditto"/></abbr>
                     <expan>poesias</expan>
                  </choice> lyricas com largueza metaphysica, patriotica ou pessoal </item>
               <item>
                  <label>C.</label>
                  <choice>
                     <abbr><metamark rend="quotes" function="ditto"/></abbr>
                     <expan>poesias</expan>
                  </choice>
                  <choice>
                     <abbr><metamark rend="quotes" function="ditto"/></abbr>
                     <expan>lyricas</expan>
                  </choice>
                  <choice>
                     <abbr><metamark rend="quotes" function="ditto"/></abbr>
                     <expan>com</expan>
                  </choice> “extranheza” </item>
            </list>
            <metamark rend="line-24" function="distinct"/>
            <table>
               <row>
                  <cell>A.</cell>
                  <cell>82 (1=6 sonetos)</cell>
                  <cell>=</cell>
                  <cell rend="right">87</cell>
               </row>
               <row>
                  <cell>B.</cell>
                  <cell><supplied resp="PS" reason="omitted-in-original"/></cell>
                  <cell>=</cell>
                  <cell rend="right">26</cell>
               </row>
               <row>
                  <cell>C.</cell>
                  <cell><supplied resp="PS" reason="omitted-in-original"/></cell>
                  <cell>=</cell>
                  <cell rend="right">5</cell>
               </row>
            </table>
            <ab>A + C = 92.</ab>
            <list>
               <item>
                  <label>1.</label>
                  <supplied resp="PS" reason="omitted-in-original"/>
               </item>
               <item>
                  <label>2.</label>
                  <rs type="work" key="O1-2"><rs type="title">Gladio</rs></rs> (I. <rs type="title"
                        ><rs type="place">Portugal</rs></rs>. II. <certainty locus="value"
                     degree="0.5" resp="FP">
                     <rs type="title">Prelio</rs>
                  </certainty>). </item>
               <item>
                  <label>3.</label>
                  <rs type="title">Aureola</rs> (<supplied resp="PS" reason="omitted-in-original"/>
                  <note place="margin-right">(livro de exaltação<lb/> mystica, patriotica,
                     etc.)</note></item>
            </list>
         </div>
      </body>
   </text>
</TEI>
