<?xml version="1.0" encoding="UTF-8"?> <?xml-model href="../schema/pessoaTEI.rng" type="application/xml" schematypens="http://relaxng.org/ns/structure/1.0"?>
<TEI xmlns="http://www.tei-c.org/ns/1.0">
   <teiHeader>
      <fileDesc>
         <titleStmt>
            <title>BNP/E3 55J-44<hi rend="superscript">v</hi>
            </title>
            <author>
               <rs type="person" key="FP">Fernando Pessoa</rs>
            </author>
            <respStmt>
               <resp>Transcrição, Edição</resp>
               <name>Pedro Sepúlveda</name>
            </respStmt>
            <respStmt>
               <resp>Transcrição</resp>
               <name>Pablo Javier Pérez López</name>
            </respStmt>
            <respStmt>
               <resp>Modelagem de dados, Codificação</resp>
               <name>Ulrike Henny</name>
            </respStmt>
            <respStmt>
               <resp>Codificação</resp>
               <name>Isabel Figueiredo-Iken</name>
            </respStmt>
            <respStmt>
               <resp>Codificação</resp>
               <name>Sviatoslav Drach</name>
            </respStmt>
            <respStmt>
               <resp>Consultoria</resp>
               <name>Institut für Dokumentologie und Editorik (IDE)</name>
            </respStmt>
         </titleStmt>
         <publicationStmt>
            <publisher>Universidade Nova de Lisboa, Instituto de Estudos de Literatura e Tradição
               (IELT)</publisher>
            <publisher>Cologne Center for eHumanities (CCeH)</publisher>
            <date>2016</date>
            <availability>
               <licence target="http://creativecommons.org/licenses/by/3.0/"/>
            </availability>
            <idno type="filename">BNP_E3_55J-44v.xml</idno>
         </publicationStmt>
         <sourceDesc>
            <msDesc xml:id="M1" type="structured">
               <msIdentifier>
                  <institution>Biblioteca Nacional de Portugal</institution>
                  <idno>BNP/E3 55J-44v</idno>
               </msIdentifier>
               <msContents>
                  <msItemStruct>
                     <author>
                        <rs type="person" key="FP">Fernando Pessoa</rs>
                     </author>
                     <note type="genre">
                        <rs type="genre" key="lista_editorial">Lista editorial</rs>
                        <rs type="genre" key="plano_editorial">Plano editorial</rs>
                     </note>
                     <textLang mainLang="pt"/>
                  </msItemStruct>
               </msContents>
               <history>
                  <origin>
                     <p>
                        <origDate from="1916" to="1919">1916-1919</origDate>
                     </p>
                  </origin>
               </history>
            </msDesc>
            <msDesc corresp="#M1" type="prose">
               <msIdentifier/>
               <p> Lista manuscrita, publicada em <hi rend="italic">Sensacionismo e outros
                     Ismos</hi> (2009, 85). </p>
            </msDesc>
         </sourceDesc>
      </fileDesc>
   </teiHeader>
   <facsimile>
      <graphic
         url="bn-acpc-e-e3-55j-1-100_JPG_24-C-R0150/bn-acpc-e-e3-55j-1-100_0088_44v_t24-C-R0150.jpg"
      />
   </facsimile>
   <text>
      <body>
         <div>
            <gap reason="selection" unit="line" extent="31"/>
            <head><hi rend="underline"><rs type="journal" key="P23">Orpheu</rs></hi>:</head>
            <note place="left">(?)</note>
            <note>(distribuir o <lb/> indice do 1 e 2 <lb/> e errata).</note>
            <metamark rend="line" function="distinct"/>
            <list>
               <item>
                  <label>1.</label>
                  <rs type="person" key="FP" role="author" style="b">
                     <choice>
                        <abbr>F</abbr>
                        <expan>F<ex>ernando</ex></expan>
                     </choice>
                     <choice>
                        <abbr>P</abbr>
                        <expan>P<ex>essoa</ex></expan>
                     </choice></rs>: “<rs type="journal" key="J12">Orpheu</rs>” <lb/> poema. </item>
               <item>
                  <label>2.</label>
                  <rs type="person" key="P86">Castello de <lb/> Moraes</rs>: alguns <lb/> contos. </item>
               <item>
                  <label>3.</label>
                  <note place="left">?</note> (<rs type="person" key="P56">
                     <choice>
                        <abbr>J</abbr>
                        <expan>J<ex>osé</ex></expan>
                     </choice>
                     <choice>
                        <abbr>A</abbr>
                        <expan>A<ex>lmada</ex></expan>
                     </choice>
                     <choice>
                        <abbr>N</abbr>
                        <expan>N<ex>egreiros</ex></expan>
                     </choice></rs>: <rs type="text">Scena do<lb/>Odio</rs>.) </item>
               <item>
                  <label>4.</label>
                  <rs type="person" key="P30">Mario de Sá<lb/> Carneiro</rs>. </item>
            </list>
            <metamark rend="line" function="distinct"/>
            <gap reason="selection" unit="line" extent="2"/>
            <list>
               <item>
                  <label>1.</label>
                  <rs type="person" key="P30">
                     <choice>
                        <abbr>M</abbr>
                        <expan>M<ex>ario</ex></expan>
                     </choice> de <choice>
                        <abbr>S</abbr>
                        <expan>S<ex>á</ex></expan>
                     </choice>-<choice>
                        <abbr>C</abbr>
                        <expan>C<ex>arneiro</ex></expan>
                     </choice></rs>: <rs type="text">Poemas de <lb/>Paris</rs>. </item>
               <item>
                  <label>2.</label>
                  <rs type="person" key="P86">Castello de Moraes</rs>: <lb/> 2 ou 3 contos </item>
               <item>
                  <label>3.</label>
                  <rs type="person" key="P56">
                     <choice>
                        <abbr>J</abbr>
                        <expan>J<ex>ose</ex></expan>
                     </choice><choice>
                        <abbr>A</abbr>
                        <expan>A<ex>lmada</ex></expan>
                     </choice><choice>
                        <abbr>N</abbr>
                        <expan>N<ex>egreiros</ex></expan>
                     </choice></rs>: <rs type="text">Scena do<lb/> Odio</rs>. </item>
               <item>
                  <label>4.</label> “<rs type="text">Livro do Outro <lb/> Amor</rs>” (<choice>
                     <abbr>ass</abbr>
                     <expan>ass<ex>inado</ex></expan>
                  </choice>) </item>
               <item>
                  <label>5.</label>
                  <supplied resp="PS" reason="omitted-in-original"/>
               </item>
            </list>
            <gap reason="selection" unit="line" extent="4"/>
         </div>
      </body>
   </text>
</TEI>
