<?xml version="1.0" encoding="UTF-8"?>
<?xml-model href="../schema/pessoaTEI.rng" type="application/xml" schematypens="http://relaxng.org/ns/structure/1.0"?>
<TEI xmlns="http://www.tei-c.org/ns/1.0">
   <teiHeader>
      <fileDesc>
         <titleStmt>
            <title>BNP/E3 31-95<hi rend="superscript">r</hi>
            </title>
            <author>
               <rs type="person" key="FP">Fernando Pessoa</rs>
            </author>
            <respStmt>
               <resp>Transcrição, Edição</resp>
               <name>Pedro Sepúlveda</name>
            </respStmt>
            <respStmt>
               <resp>Codificação, Modelagem de dados</resp>
               <name>Ulrike Henny</name>
            </respStmt>
            <respStmt>
               <resp>Codificação</resp>
               <name>Isabel Figueiredo-Iken</name>
            </respStmt>
            <respStmt>
               <resp>Codificação</resp>
               <name>Sviatoslav Drach</name>
            </respStmt>
            <respStmt>
               <resp>Consultoria</resp>
               <name>Institut für Dokumentologie und Editorik (IDE)</name>
            </respStmt>
         </titleStmt>
         <publicationStmt>
            <publisher>Universidade Nova de Lisboa, Instituto de Estudos de Literatura e Tradição
               (IELT)</publisher>
            <publisher>Cologne Center for eHumanities (CCeH)</publisher>
            <date>2016</date>
            <availability>
               <licence target="http://creativecommons.org/licenses/by/3.0/"/>
            </availability>
            <idno type="filename">BNP_E3_31-95r.xml</idno>
         </publicationStmt>
         <sourceDesc>
            <msDesc xml:id="M1" type="structured">
               <msIdentifier>
                  <institution>Biblioteca Nacional de Portugal</institution>
                  <idno>BNP/E3 31-95r</idno>
               </msIdentifier>
               <msContents>
                  <msItemStruct>
                     <author>
                        <rs type="person" key="FP">Fernando Pessoa</rs>
                     </author>
                     <note type="genre">
                        <rs type="genre" key="lista_editorial">Lista editorial</rs>
                        <rs type="genre" key="plano_editorial">Plano editorial</rs>
                     </note>
                     <textLang mainLang="en"/>
                  </msItemStruct>
               </msContents>
               <history>
                  <origin>
                     <p>
                        <origDate from="1916" to="1917" cert="medium">c. 1916-1917</origDate>
                     </p>
                  </origin>
               </history>
            </msDesc>
            <msDesc corresp="#M1" type="prose">
               <msIdentifier/>
               <p> Lista datilografada no verso de papel timbrado «A. Xavier Pinto &amp; C.a | Campo
                  das Cebolas, 43-1.º». </p>
            </msDesc>
         </sourceDesc>
      </fileDesc>
   </teiHeader>
   <facsimile>
      <graphic
         url="bn-acpc-e-e3-31-1-96_JPG_24-C-R0150/bn-acpc-e-e3-31-1-96_0191_95_t24-C-R0150.jpg"/>
   </facsimile>
   <text>
      <body>
         <div>
            <list>
               <item>
                  <label>1.</label>&#x00A0;<hi rend="underline"><rs type="text">Three Unprintable
                        Poems</rs>.</hi>
               </item>
               <item>
                  <label>2.</label>&#x00A0;<hi rend="underline"><rs type="text">Eighty
                     Sonnets</rs>.</hi>
               </item>
               <item rend="indent-2">
                  <label>3.</label>&#x00A0;<hi rend="underline"><rs type="text">Prometheus
                        Revinctus</rs></hi>, and Other Poems.<lb/> (<list rend="inline">
                     <item>
                        <label>1.</label>&#x00A0;<rs type="text">Prometheus Revinctus</rs>; </item>
                     <item>
                        <label>2.</label>&#x00A0;<rs type="text">Spring</rs>,<lb/> 1917; </item>
                     <item>
                        <label>3.</label> Poems like <rs type="text">“What evil <lb/> planet”</rs>,
                        and the like, sober and <lb/> in equilibrium. </item>
                  </list>) </item>
               <item rend="indent-2">
                  <label>4.</label>&#x00A0;<hi rend="underline"><rs type="text">The Mad
                     Fiddler</rs></hi> — Poems before Sense. <p>(Containing all the poems that are
                     <lb/> good enough to be publish and <lb/> that are neither sonnets nor so <lb/>
                     stable or intellectually lyrical <lb/> as to be included in the third <lb/>
                     part of the book numbered 3).</p>
               </item>
               <item rend="indent-2">
                  <label>5.</label>&#x00A0;What book is to include poems like <rs type="text">“The
                     <lb/> Voyage”</rs>, <rs type="text">“A Symphony of the South”</rs>,<lb/>
                  <rs type="text">“An Elegy”</rs> and such like? (Leave <lb/> this to be settled
                  afterwards, if <lb/> such poems are indeed worth pub<pc>-</pc><lb/>lishing.
                  Consider also <rs type="text">“A Winter <lb/> Day”</rs> and the other poem —
                  whichever <lb/> it is — which is the fifth <lb/> one, in the old division of the
                  long <lb/> poems into two books of five, in the <lb/> second of those books). </item>
               <item>
                  <label>6.</label>&#x00A0;<hi rend="underline"><rs type="text">The <rs
                           type="person" key="P68">Duke of Parma</rs></rs></hi>, A Tragedy. </item>
            </list>
            <p rend="indent-2">(These six books sum up all English poems which <lb/> it is intended
               to publish for the pres<pc>-</pc><lb/>sent).</p>
         </div>
      </body>
   </text>
</TEI>
