<?xml version="1.0" encoding="UTF-8"?>
<?xml-model href="../schema/pessoaTEI.rng" type="application/xml" schematypens="http://relaxng.org/ns/structure/1.0"?>
<TEI xmlns="http://www.tei-c.org/ns/1.0">
   <teiHeader>
      <fileDesc>
         <titleStmt>
            <title>BNP/E3 87-79<hi rend="superscript">r</hi></title>
            <author>
               <rs type="name" key="FP">Fernando Pessoa</rs>
            </author>
            <respStmt>
               <resp>Transcrição, Edição</resp>
               <name>Pedro Sepúlveda</name>
            </respStmt>
            <respStmt>
               <resp>Codificação, Modelagem de dados</resp>
               <name>Ulrike Henny</name>
            </respStmt>
            <respStmt>
               <resp>Codificação</resp>
               <name>Isabel Figueiredo-Iken</name>
            </respStmt>
            <respStmt>
               <resp>Codificação</resp>
               <name>Sviatoslav Drach</name>
            </respStmt>
            <respStmt>
               <resp>Consultoria</resp>
               <name>Institut für Dokumentologie und Editorik (IDE)</name>
            </respStmt>
         </titleStmt>
         <publicationStmt>
            <publisher>Universidade Nova de Lisboa, Instituto de Estudos de Literatura e Tradição
               (IELT)</publisher>
            <publisher>Cologne Center for eHumanities (CCeH)</publisher>
            <date>2017</date>
            <availability>
               <licence target="http://creativecommons.org/licenses/by/3.0/"/>
            </availability>
            <idno type="filename">BNP_E3_87-79r.xml</idno>
         </publicationStmt>
         <sourceDesc>
            <msDesc xml:id="M1" type="structured">
               <msIdentifier>
                  <institution>Biblioteca Nacional de Portugal</institution>
                  <idno>BNP/E3 87-79r</idno>
               </msIdentifier>
               <msContents>
                  <msItemStruct>
                     <author>
                        <rs type="name" key="FP">Fernando Pessoa</rs>
                     </author>
                     <note type="genre">
                        <rs type="genre" key="lista_editorial">Lista editorial</rs>
                     </note>
                     <textLang mainLang="pt" otherLangs="en"/>
                  </msItemStruct>
               </msContents>
               <history>
                  <origin>
                     <p>
                        <origDate from="1916" to="1919">1916-1919</origDate>
                     </p>
                  </origin>
               </history>
            </msDesc>
            <msDesc corresp="#M1" type="prose">
               <msIdentifier/>
               <p>Lista manuscrita.</p>
            </msDesc>
         </sourceDesc>
      </fileDesc>
   </teiHeader>
   <facsimile>
      <graphic
         url="bn-acpc-e-e3-87-1-103_JPG_24-C-R0150/bn-acpc-e-e3-87-1-103_0171_79_t24-C-R0150.jpg"/>
   </facsimile>
   <text>
      <body>
         <div>
            <head><hi rend="underline"> Organização de <rs type="place">“Portugal”</rs>.
               </hi></head>
            <list>
               <item>Artigo de fundo — theoria. </item>
               <item><metamark rend="line-14" function="ditto"/> — practica.</item>
               <item>Artigo litterario ou outro.</item>
               <item>Summarios de ocorrencias — Internacionaes.<lb/> Nacionaes. </item>
               <item>Secções especiaes: Sport.</item>
               <item>Texto completo de “Octavio” (<choice>
                     <abbr>eng<am>.</am></abbr>
                     <expan>eng<ex>lish</ex></expan>
                  </choice></item>
               <item>Theatros: Como para effeitos europeus, não existe theatro em <rs type="place"
                     >Portugal</rs>,<lb/> não existem haveria <gap reason="selection" unit="character"
                     extent="1"/>
               </item>
               <item>
                  <gap reason="selection" unit="character" extent="1"/>secções Theatro neste
                  semanario.</item>
               <item>Bull-fights (?)</item>
            </list>
         </div>
      </body>
   </text>
</TEI>
