<?xml version="1.0" encoding="UTF-8"?>
<?xml-model href="../schema/pessoaTEI.rng" type="application/xml" schematypens="http://relaxng.org/ns/structure/1.0"?>
<TEI xmlns="http://www.tei-c.org/ns/1.0">
   <teiHeader>
      <fileDesc>
         <titleStmt>
            <title>BNP/E3 144X-48<hi rend="superscript">v</hi>
            </title>
            <author>
               <rs type="name" key="FP">Fernando Pessoa</rs>
            </author>
            <respStmt>
               <resp>Transcrição, Edição</resp>
               <name>Pedro Sepúlveda</name>
            </respStmt>
            <respStmt>
               <resp>Transcrição</resp>
               <name>Pablo Javier Pérez López</name>
            </respStmt>
            <respStmt>
               <resp>Modelagem de dados, Codificação</resp>
               <name>Ulrike Henny-Krahmer</name>
            </respStmt>
            <respStmt>
               <resp>Codificação</resp>
               <name>Isabel Figueiredo-Iken</name>
            </respStmt>
            <respStmt>
               <resp>Codificação</resp>
               <name>Sviatoslav Drach</name>
            </respStmt>
            <respStmt>
               <resp>Consultoria</resp>
               <name>Institut für Dokumentologie und Editorik (IDE)</name>
            </respStmt>
         </titleStmt><editionStmt><p>Corpus version C2.1.0</p></editionStmt>
         <publicationStmt>
            <publisher>Universidade Nova de Lisboa, Instituto de Estudos de Literatura e Tradição
               (IELT)</publisher>
            <publisher>Cologne Center for eHumanities (CCeH)</publisher>
            <date>2017</date>
            <availability status="free">
               <licence target="http://creativecommons.org/licenses/by/4.0/"/>
            </availability>
            <idno type="filename">BNP_E3_144X-48v.xml</idno>
         </publicationStmt>
         <sourceDesc>
            <msDesc>
               <msIdentifier>
                  <institution>Biblioteca Nacional de Portugal</institution>
                  <idno>BNP/E3 144X-48v</idno>
               </msIdentifier>
               <msContents>
                  <summary>
                     <p> Lista manuscrita no caderno 144X (cf. <ref target="http://purl.pt/13898">http://purl.pt/13898</ref>), publicada em <hi rend="italic">Sensacionismo e Outros Ismos</hi> (2009, 309). </p>
                  </summary>
                  <msItemStruct>
                     <author>
                        <rs type="name" key="FP">Fernando Pessoa</rs>
                     </author>
                     <note type="genre">
                        <rs type="genre" key="lista_editorial">Lista editorial</rs>
                        <rs type="genre" key="plano_editorial">Plano editorial</rs>
                     </note>
                     <textLang mainLang="pt" otherLangs="en"/>
                  </msItemStruct>
               </msContents>
               <history>
                  <origin>
                     <p>
                        <origDate when="1915" cert="medium">c. 1915</origDate>
                     </p>
                  </origin>
               </history>
            </msDesc>
         </sourceDesc>
      </fileDesc>
      <revisionDesc>
         <change when="2023-11-15" who="#FAF">
                    Added edition statement to the teiHeader
                </change>
      </revisionDesc>
   </teiHeader>
   <facsimile xml:base="http://images.cceh.uni-koeln.de/pessoa/">
      <graphic url="bn-acpc-e-e3_144x_JPG_24-C-R0150/bn-acpc-e-e3_144x_0096_48v_t24-C-R0150.jpg"/>
   </facsimile>
   <text>
      <body>
         <div>
            <list>
               <item>
                  <label>1.</label>
                  <ref target="http://www.pessoadigital.pt/pt/pub/Pessoa_A_Nova_Poesia_Portugueza_Sociologicamente_Considerada                       http://www.pessoadigital.pt/pt/pub/Pessoa_A_Nova_Poesia_Portugueza_No_Seu_Aspecto_Psychologico http://www.pessoadigital.pt/pt/pub/Pessoa_Reincidindo                       http://www.pessoadigital.pt/pt/pub/Pessoa_As_caricaturas_de_Almada">Artigos em <rs type="periodical" key="J5">
                        <hi rend="underline">A
                        Aguia</hi>
                     </rs>
                  </ref>= 1 + 1 + 1(3) + <seg type="anchor">1 <add place="above" n="2">almada</add>
                  </seg> (não a “<ref target="http://www.pessoadigital.pt/pt/pub/Pessoa_Na_Floresta_do_Alheamento">Floresta</ref>”)</item>
               <item>
                  <label>2.</label>
                  <ref target="http://www.pessoadigital.pt/pt/pub/Pessoa_Naufragio_de_Bartholomeu                       http://www.pessoadigital.pt/pt/pub/Pessoa_Coisas_Estilisticas                      http://www.pessoadigital.pt/pt/pub/Pessoa_3">Artigos em <rs type="periodical" key="J7">
                        <hi rend="underline">O
                        Theatro</hi>
                     </rs>
                  </ref> — 1a série = 3 artigos.</item>
               <item>
                  <label>3.</label>
                  <choice>
                     <abbr>
                        <metamark rend="line" function="ditto"/>
                        <metamark rend="quotes" function="ditto"/>
                     </abbr>
                     <expan>
                        <ref target="http://www.pessoadigital.pt/pt/pub/Pessoa_Balan%C3%A7a_de_Minerva">Artigos em <rs type="periodical" key="J7">
                              <hi rend="underline">O
                                 Theatro</hi>
                           </rs>
                        </ref>
                     </expan>
                  </choice> — 2a série = 4 artigos.</item>
               <item>
                  <label>4.</label>
                  <ref target="http://www.pessoadigital.pt/pt/pub/Pessoa_Inquerito_Boavida"><!--JU:This document is not ready-->Resposta ao <choice>
                        <abbr>Inq<am>.</am>
                        </abbr>
                        <expan>Inq<ex>uerito</ex>
                        </expan>
                     </choice> Literário de <rs type="periodical" key="J20">
                        <hi rend="underline">A
                           Republica</hi>
                     </rs>
                  </ref>.</item>
               <item>
                  <label>5.</label>
                  <ref target="http://www.pessoadigital.pt/pt/pub/Pessoa_O_Mais_Belo">
                     <choice>
                        <abbr>
                           <metamark rend="line" function="ditto"/>
                        </abbr>
                        <expan>Resposta ao</expan>
                     </choice>
                     <choice>
                        <abbr>Inq<am>.</am>
                        </abbr>
                        <expan>Inq<ex>uerito</ex>
                        </expan>
                     </choice> sobre Livros de <rs type="periodical" key="J20">
                        <hi rend="underline">A Republica</hi>
                     </rs>
                  </ref>.</item>
               <item>
                  <label>6.</label>
                  <ref target="http://www.pessoadigital.pt/pt/pub/Pessoa_Cronica_da_vida_que_passa_Das_Fei%C3%A7oes                       http://www.pessoadigital.pt/pt/pub/Pessoa_Cronica_da_vida_que_passa_Na_Russia                      http://www.pessoadigital.pt/pt/pub/Pessoa_Cronica_da_vida_que_passa_Nisto_De                      http://www.pessoadigital.pt/pt/pub/Pessoa_Cronica_da_vida_que_passa_Proletariado                      http://www.pessoadigital.pt/pt/pub/Pessoa_Cronica_da_vida_que_passa_Recentemente                      http://www.pessoadigital.pt/pt/pub/Pessoa_Cronica_da_vida_que_passa_Sempre_Que                      http://www.pessoadigital.pt/pt/pub/Pessoa_Cronica_literaria_Orfeu                      http://www.pessoadigital.pt/pt/pub/Pessoa_O_Varre_Canelhas">Artigos em <rs type="periodical" key="J45">
                        <hi rend="underline">O
                        Jornal</hi>
                     </rs>
                  </ref>. Abril 1915.</item>
               <item>
                  <label>7.</label>
                  <ref target="http://www.pessoadigital.pt/pt/pub/Pessoa_Para_A_Memoria_de_Antonio_Nobre">Artigo em <rs type="periodical" key="J46">
                        <hi rend="underline">A
                        Galera</hi>
                     </rs>
                  </ref>, <rs type="place">Coimbra</rs> (<rs type="name" key="P53">Antonio Nobre</rs>).</item>
               <item>
                  <label>8.</label>
                  <ref target="http://www.pessoadigital.pt/pt/pub/Pessoa_O_Preconceito_da_Ordem">Artigo no <rs type="periodical" key="J37">
                        <hi rend="underline">Eh
                        Real!</hi>
                     </rs>
                  </ref>
                  <lb/>
                  (Antigo<!-- JU: We haven't identified this article --> artigo no <rs type="periodical" key="J47">
                     <hi rend="underline">Imparcial</hi>
                  </rs> de <rs type="name" key="P121">Carneiro de Moura</rs>).</item>
               <item>
                  <label>9.</label>
                  <ref target="http://www.pessoadigital.pt/pt/pub/Pessoa_Chronicas_Decorativas">Artigo em <rs type="periodical" key="J40">
                        <hi rend="underline">O
                        Raio</hi>
                     </rs>
                  </ref>.</item>
               <item>
                  <label>10.</label>
                  <choice>
                     <abbr>
                        <metamark rend="line" function="ditto"/>
                     </abbr>
                     <expan>Artigo em</expan>
                  </choice>
                  <rs type="periodical" key="J48">
                     <hi rend="underline">The <choice>
                           <abbr>D<am>.</am> H<am>.</am> S<am>.</am>
                           </abbr>
                           <expan>D<ex>urban</ex> H<ex>igh</ex> S<ex>chool</ex>
                           </expan>
                        </choice> Magazine</hi>
                  </rs>.</item>
               <item>
                  <label>11.</label> Carta em <rs type="periodical" key="J49">
                     <hi rend="underline">The Natal Mercury</hi>
                  </rs>. (e outras cousas).</item>
               <item>
                  <label>12.</label>
                  <ref target="http://www.pessoadigital.pt/pt/pub/Pessoa_Programa_Contemporanea">Programma da <rs type="periodical" key="J11">
                        <hi rend="underline">Contemporanea</hi>
                     </rs>
                  </ref>.</item>
               <item>
                  <label>13.</label> Contos (Jas. Bunkum) para <rs type="name" key="P42" style="a">Cunha Dias</rs>.<lb/> (Não a colaboração em <rs type="periodical" key="J27">
                     <hi rend="underline">
                        <ref target="http://www.pessoadigital.pt/pt/pub/Pessoa_Programa_Contemporanea">A Renascença</ref>
                     </hi>
                  </rs>).</item>
            </list>
         </div>
      </body>
   </text>
</TEI>
