<?xml version="1.0" encoding="UTF-8"?>
<?xml-model href="../schema/pessoaTEI.rng" type="application/xml" schematypens="http://relaxng.org/ns/structure/1.0"?>
<TEI xmlns="http://www.tei-c.org/ns/1.0">
   <teiHeader>
      <fileDesc>
         <titleStmt>
            <title>BNP/E3 48B-90</title>
            <author>
               <rs type="name" key="FP">Fernando Pessoa</rs>
            </author>
            <respStmt>
               <resp>Transcrição, Edição</resp>
               <name>Pedro Sepúlveda</name>
            </respStmt>
            <respStmt>
               <resp>Transcrição</resp>
               <name>Pablo Javier Pérez López</name>
            </respStmt>
            <respStmt>
               <resp>Codificação, Modelagem de dados</resp>
               <name>Ulrike Henny</name>
            </respStmt>
            <respStmt>
               <resp>Codificação</resp>
               <name>Isabel Figueiredo-Iken</name>
            </respStmt>
            <respStmt>
               <resp>Codificação</resp>
               <name>Sviatoslav Drach</name>
            </respStmt>
            <respStmt>
               <resp>Consultoria</resp>
               <name>Institut für Dokumentologie und Editorik (IDE)</name>
            </respStmt>
         </titleStmt>
         <publicationStmt>
            <publisher>Universidade Nova de Lisboa, Instituto de Estudos de Literatura e Tradição
               (IELT)</publisher>
            <publisher>Cologne Center for eHumanities (CCeH)</publisher>
            <date>2017</date>
            <availability>
               <licence target="http://creativecommons.org/licenses/by/3.0/"/>
            </availability>
            <idno type="filename">BNP_E3_48B-90.xml</idno>
         </publicationStmt>
         <sourceDesc>
            <msDesc xml:id="M1" type="structured">
               <msIdentifier>
                  <institution>Biblioteca Nacional de Portugal</institution>
                  <idno>BNP/E3 48B-90</idno>
               </msIdentifier>
               <msContents>
                  <msItemStruct>
                     <author>
                        <rs type="name" key="FP">Fernando Pessoa</rs>
                     </author>
                     <note type="genre"><rs type="genre" key="lista_editorial">Lista
                        editorial</rs></note>
                     <textLang mainLang="pt"/>
                  </msItemStruct>
               </msContents>
               <history>
                  <origin>
                     <p>
                        <origDate when="1935" cert="medium">c. 1935</origDate>
                     </p>
                  </origin>
               </history>
            </msDesc>
            <msDesc corresp="#M1" type="prose">
               <msIdentifier/>
               <p> Lista datilografada, publicada em <hi rend="italic">Sobre Portugal</hi> (1979,
                  259). CONFERIR </p>
            </msDesc>
         </sourceDesc>
      </fileDesc>
   </teiHeader>
   <facsimile>
      <graphic
         url="bn-acpc-e-e3-48b-1-158_JPG_24-C-R0150/bn-acpc-e-e3-48b-1-158_0184_90_t24-C-R0150.jpg"
      />
   </facsimile>
   <text>
      <body>
         <div><list>

            <item><rs type="title">O Caso é muito simples</rs>. (<choice>
                  <abbr>R</abbr>
                  <expan>R<ex>epublica</ex></expan>
               </choice>ou <rs type="periodical"><choice>
                     <abbr>D</abbr>
                     <expan>D<ex>iario</ex></expan>
                  </choice> de<choice>
                     <abbr>L</abbr>
                     <expan>L<ex>isboa</ex></expan>
                  </choice>)</rs>
            </item>

            <item><rs type="title">O Nacionalismo Liberal</rs>.(<rs type="periodical"><choice>
                     <abbr>D</abbr>
                     <expan>D<ex>iario</ex></expan>
                  </choice> de<choice>
                     <abbr>L</abbr>
                     <expan>L<ex>isboa</ex></expan>
                  </choice></rs> ou <choice>
                  <abbr>Fr</abbr>
                  <expan>Fr<ex>adique</ex></expan>
               </choice>)</item>
            <item><rs type="title">A Religião e os Meninos</rs>. (<rs type="periodical"><choice>
                     <abbr>D</abbr>
                     <expan>D<ex>iario</ex></expan>
                  </choice> de<choice>
                     <abbr>L</abbr>
                     <expan>L<ex>isboa</ex></expan>
                  </choice></rs> ou ?)</item>
            <item><rs type="title">Fátima</rs>. …………<supplied resp="PS" reason="omitted-in-original"/>(<rs type="periodical"><choice>
                     <abbr>D</abbr>
                     <expan>D<ex>iario</ex></expan>
                  </choice> de<choice>
                     <abbr>L</abbr>
                     <expan>L<ex>isboa</ex></expan>
                  </choice></rs> ou ?)</item>
            <item><rs type="title">Marcha sobre Roma</rs> …<supplied resp="PS" reason="omitted-in-original"/> (<rs
                  type="journal"><choice>
                     <abbr>D</abbr>
                     <expan>D<ex>iario</ex></expan>
                  </choice> de<choice>
                     <abbr>L</abbr>
                     <expan>L<ex>isboa</ex></expan>
                  </choice></rs> ou ? ou folheto).</item>
         </list>
         <metamark rend="line-44" function="distinct"/>
         <list>
            <item><rs type="title">O Culto do Inacabado</rs>(<choice>
                  <abbr>Fr</abbr>
                  <expan>Fr<ex>adique</ex></expan>
               </choice>)</item>
            <item>(<rs type="title">Charlatanismo</rs>)………<supplied resp="PS" reason="omitted-in-original"/>(<choice>
                  <abbr>Fr</abbr>
                  <expan>Fr<ex>adique</ex></expan>
               </choice>, <rs type="periodical"><choice>
                     <abbr>D</abbr>
                     <expan>D<ex>iario</ex></expan>
                  </choice> de<choice>
                     <abbr>L</abbr>
                     <expan>L<ex>isboa</ex></expan>
                  </choice></rs>] ou <choice>
                  <abbr>R</abbr>
                  <expan>R<ex>epublica</ex></expan>
               </choice> )</item>
         </list>

         <metamark rend="line-44" function="distinct"/>
         <list>
            <item><rs type="title">Praça da Figueira</rs> ………<supplied resp="PS" reason="omitted-in-original"/></item>
            <item><rs type="title">Intervallo, ou Esquecimento</rs> (quadras)</item>
            <item><rs type="title">Intimidade</rs> …………………<supplied resp="PS" reason="omitted-in-original"/></item>
         </list>
         <metamark rend="line-44" function="distinct"/>
         <list>
            <item><rs type="title">Poemas em inglez</rs> (avulso) …<supplied resp="PS" reason="omitted-in-original"
               /></item>
            <item><rs type="title">Artigos em inglez</rs> (avulso) …<supplied resp="PS" reason="omitted-in-original"
               /></item>
         </list></div>
      </body>
   </text>
</TEI>
