<?xml version="1.0" encoding="UTF-8"?>
<?xml-model href="../schema/pessoaTEI.rng" type="application/xml" schematypens="http://relaxng.org/ns/structure/1.0"?>
<TEI xmlns="http://www.tei-c.org/ns/1.0">
   <teiHeader>
      <fileDesc>
         <titleStmt>
            <title>BNP/E3 137D-3</title>
            <author>
               <rs type="name" key="FP">Fernando Pessoa</rs>
            </author>
            <respStmt>
               <resp>Transcrição, Edição</resp>
               <name>Pedro Sepúlveda</name>
            </respStmt>
            <respStmt>
               <resp>Codificação, Modelagem de dados</resp>
               <name>Ulrike Henny-Krahmer</name>
            </respStmt>
            <respStmt>
               <resp>Codificação</resp>
               <name>Isabel Figueiredo-Iken</name>
            </respStmt>
            <respStmt>
               <resp>Codificação</resp>
               <name>Sviatoslav Drach</name>
            </respStmt>
            <respStmt>
               <resp>Consultoria</resp>
               <name>Institut für Dokumentologie und Editorik (IDE)</name>
            </respStmt>
         </titleStmt>
         <publicationStmt>
            <publisher>Universidade Nova de Lisboa, Instituto de Estudos de Literatura e Tradição
               (IELT)</publisher>
            <publisher>Cologne Center for eHumanities (CCeH)</publisher>
            <date>2017</date>
            <availability status="free">
               <licence target="http://creativecommons.org/licenses/by/3.0/"/>
            </availability>
            <idno type="filename">BNP_E3_137D-3.xml</idno>
         </publicationStmt>
         <sourceDesc>
            <msDesc>
               <msIdentifier>
                  <institution>Biblioteca Nacional de Portugal</institution>
                  <idno>BNP/E3 137D-3</idno>
               </msIdentifier>
               <msContents>
                  <summary>
                     <p>Lista manuscrita.</p>
                  </summary>
                  <msItemStruct>
                     <author>
                        <rs type="name" key="FP">Fernando Pessoa</rs>
                     </author>
                     <note type="genre">
                        <rs type="genre" key="lista_editorial">Lista editorial</rs>
                     </note>
                     <textLang mainLang="pt" otherLangs="en"/>
                  </msItemStruct>
               </msContents>
               <history>
                  <origin>
                     <p>
                        <origDate from="1920" to="1927">1920-1927</origDate>
                     </p>
                  </origin>
               </history>
            </msDesc>
         </sourceDesc>
      </fileDesc>
   </teiHeader>
   <facsimile>
      <graphic
         url="bn-acpc-e-e3-137d-1-100_JPG_24-C-R0150/bn-acpc-e-e3-137d-1-100_0005_3_t24-C-R0150.jpg"/>
      <graphic
         url="bn-acpc-e-e3-137d-1-100_JPG_24-C-R0150/bn-acpc-e-e3-137d-1-100_0006_3v_t24-C-R0150.jpg"
      />
   </facsimile>
   <text>
      <body>
         <div>
            <list>
               <item>
                  <note rend="circled" place="margin-left" n="2">√</note> Code, with Foreign
                  Editions. </item>
               <metamark rend="line-14" function="distinct"/>
               <item>
                  <note rend="circled" place="margin-left" n="2">√</note> Several Language
                  Vocabulary. </item>
               <metamark rend="line-14" function="distinct"/>
               <item rend="indent-2">Dictionary of (1) Authors, (2) Books,<lb/> (3) Persons in
                  Books, (4) Quo<pc>-</pc><lb/>tations — on the usual ref<lb/>erential basis. </item>
               <metamark rend="line-14" function="distinct"/>
               <item>
                  <note rend="circled" place="margin-left" n="2">√</note> Shorthand System. </item>
               <metamark rend="line-14" function="distinct"/>
               <item>(Accounting Change).</item>
               <metamark rend="line-14" function="distinct"/>
               <item>Pronounciation of Foreign Languages.</item>
               <metamark rend="line-14" function="distinct"/>
               <item rend="indent-2">Spanish-<choice>
                     <abbr>Port<am>.</am></abbr>
                     <expan>Port<ex>uguese</ex></expan>
                  </choice> &amp; <choice>
                     <abbr>Port<am>.</am></abbr>
                     <expan>Port<ex>uguese</ex></expan>
                  </choice>-Spanish<lb/>
                  <choice>
                     <abbr>dict<am>.</am></abbr>
                     <expan>dict<ex>ionary</ex></expan>
                  </choice> of different common words. </item>
               <metamark rend="line-14" function="distinct"/>
               <item>
                  <note rend="circled" place="margin-left" n="2">√</note> Year-Books — <gap
                     reason="illegible" unit="word" extent="1"/>
               </item>
               <pb n="2"/>
               <item>ABC Condensing Code.</item>
               <metamark rend="line-14" function="distinct"/>
               <item>
                  <rs type="title">Anthologia (verso e prosa)</rs>
                  <note place="margin-right">— em volumes vulgares,<lb/> meus: <supplied resp="PS"
                        reason="omitted-in-original"/></note>
               </item>
               <metamark rend="line-14" function="distinct"/>
               <item>
                  <rs type="title">Anthology — (verse)</rs>
               </item>
               <metamark rend="line-14" function="distinct"/>
               <item>“Historias”</item>
               <metamark rend="line-14" function="distinct"/>
               <item rend="indent-2">Diccionario da Lingua<lb/> Portugueza.</item>
            </list>
         </div>
      </body>
   </text>
</TEI>
