<?xml version="1.0" encoding="UTF-8"?>
<?xml-model href="../schema/pessoaTEI.rng" type="application/xml" schematypens="http://relaxng.org/ns/structure/1.0"?>
<TEI xmlns="http://www.tei-c.org/ns/1.0">
   <teiHeader>
      <fileDesc>
         <titleStmt>
            <title>BNP/E3 87-95<hi rend="superscript">r</hi></title>
            <author>
               <rs type="person" key="FP">Fernando Pessoa</rs>
            </author>
            <respStmt>
               <resp>Transcrição, Edição</resp>
               <name>Pedro Sepúlveda</name>
            </respStmt>
            <respStmt>
               <resp>Codificação, Modelagem de dados</resp>
               <name>Ulrike Henny</name>
            </respStmt>
            <respStmt>
               <resp>Codificação</resp>
               <name>Isabel Figueiredo-Iken</name>
            </respStmt>
            <respStmt>
               <resp>Codificação</resp>
               <name>Sviatoslav Drach</name>
            </respStmt>
            <respStmt>
               <resp>Consultoria</resp>
               <name>Institut für Dokumentologie und Editorik (IDE)</name>
            </respStmt>
         </titleStmt>
         <publicationStmt>
            <publisher>Universidade Nova de Lisboa, Instituto de Estudos de Literatura e Tradição
               (IELT)</publisher>
            <publisher>Cologne Center for eHumanities (CCeH)</publisher>
            <date>2017</date>
            <availability>
               <licence target="http://creativecommons.org/licenses/by/3.0/"/>
            </availability>
            <idno type="filename">BNP_E3_87-95r.xml</idno>
         </publicationStmt>
         <sourceDesc>
            <msDesc>
               <msIdentifier>
                  <institution>Biblioteca Nacional de Portugal</institution>
                  <idno>BNP/E3 87-95r</idno>
               </msIdentifier>
               <msContents>
                  <msItemStruct>
                     <author>
                        <rs type="person" key="FP">Fernando Pessoa</rs>
                     </author>
                     <note type="genre">
                        <rs type="genre" key="lista_editorial">Lista editorial</rs>
                     </note>
                     <textLang mainLang="pt" otherLangs="en fr"/>
                  </msItemStruct>
               </msContents>
               <history>
                  <origin>
                     <p>
                        <origDate when="1935" cert="medium">c. 1935</origDate>
                     </p>
                  </origin>
               </history>
            </msDesc>
         </sourceDesc>
      </fileDesc>
   </teiHeader>
   <facsimile>
      <graphic
         url="bn-acpc-e-e3-87-1-103_JPG_24-C-R0150/bn-acpc-e-e3-87-1-103_0203_95_t24-C-R0150.jpg"/>
   </facsimile>
   <text>
      <body>
         <div>
            <head><hi rend="underline">No. 1 <note place="right">Semanais</note></hi></head>
            <list>
               <item><label>1.</label>Nova Phase (<hi rend="superscript"> Luiz</hi>
                  Montalvor)</item>
               <item><label>2.</label>7 <choice>
                     <abbr>Can<am>.</am></abbr>
                     <expan>Can<ex>ções</ex></expan>
                  </choice> de Declinio</item>
               <item><label>3.</label><subst>
                     <del rend="overstrike"> Theoria do Suffragio Politico.</del>
                  </subst><add>A Machina do Suffragio Politico.</add></item>
               <item><label>4.</label>Quinto Imperio </item>
               <item><label>5.</label> Chronica Byzantina </item>
               <item><label>6.</label><rs type="text"> Jekyll &amp; Hyde</rs></item>
            </list>
            <metamark rend="line-44" function="distinct"/>
            <gap reason="selection" unit="line" extent="3"/>
            <list>
               <head><hi rend="underline">No. 2.</hi></head>
               <item><label>1.</label>Theoria do <choice>
                     <abbr> Suffr<am>.</am></abbr>
                     <expan> Suffr<ex>agio</ex></expan>
                  </choice>Politico</item>
               <item><label>2.</label>Trez Poemas de<rs type="person">Edgar Poe</rs>. </item>
               <item><label>3.</label> L’Homme aux <gap reason="illegible" unit="word" extent="1"/>
                  Noirs.</item>
               <item><label>4.</label><del rend="overstrike">Trez</del><rs type="person"> Almada
                     Negreiros</rs></item>
               <item><label>5.</label><rs type="text"> Jekyll &amp; <choice>
                        <abbr>Hy<am>.</am></abbr>
                        <expan>Hy<ex>de</ex></expan>
                     </choice></rs></item>
            </list>
            <metamark rend="line-44" function="distinct"/>
            <list>
               <head><hi rend="underline">No. 3</hi></head>

               <item><label>1.</label>
                  <supplied resp="PS" reason=" omitted-in-original"/></item>
               <item><label>2.</label><supplied resp="PS" reason=" omitted-in-original"/></item>
               <item><label>3.</label><supplied resp="PS" reason=" omitted-in-original"/></item>
               <item><label>4 .</label>Sylva sebastica. </item>
               <item><label>5.</label><supplied resp="PS" reason="omitted-in-original"/></item>
            </list>
            <metamark rend="line-44" function="distinct"/>
            <gap reason="selection" unit="line" extent="11"/>
         </div>
      </body>
   </text>
</TEI>
