<?xml version="1.0" encoding="UTF-8"?> 
<?xml-model href="../schema/pessoaTEI.rng" type="application/xml" schematypens="http://relaxng.org/ns/structure/1.0"?>
<TEI xmlns="http://www.tei-c.org/ns/1.0">
    <teiHeader>
        <fileDesc>
            <titleStmt>
                <title>BNP/E3 48B-64<hi rend="superscript">r</hi></title>
                <author>
                    <rs type="name" key="FP">Fernando Pessoa</rs>
                </author>
                <respStmt>
                    <resp>Transcrição, Edição</resp>
                    <name>Pedro Sepúlveda</name>
                </respStmt>
                <respStmt>
                    <resp>Transcrição</resp>
                    <name>Pablo Javier Pérez López</name>
                </respStmt>
                <respStmt>
                    <resp>Transcrição</resp>
                    <name>Jorge Uribe</name>
                </respStmt>
                <respStmt>
                    <resp>Codificação, Modelagem de dados</resp>
                    <name>Ulrike Henny-Krahmer</name>
                </respStmt>
                <respStmt>
                    <resp>Codificação</resp>
                    <name>Isabel Figueiredo-Iken</name>
                </respStmt>
                <respStmt>
                    <resp>Codificação</resp>
                    <name>Sviatoslav Drach</name>
                </respStmt>
                <respStmt>
                    <resp>Consultoria</resp>
                    <name>Institut für Dokumentologie und Editorik (IDE)</name>
                </respStmt>
            </titleStmt>
            <publicationStmt>
                <publisher>Universidade Nova de Lisboa, Instituto de Estudos de Literatura e
                    Tradição (IELT)</publisher>
                <publisher>Cologne Center for eHumanities (CCeH)</publisher>
                <date>2016</date>
                <availability>
                    <licence target="http://creativecommons.org/licenses/by/3.0/"/>
                </availability>
                <idno type="filename">BNP_E3_48B-64r.xml</idno>
            </publicationStmt>
            <sourceDesc>
                <msDesc>
                    <msIdentifier>
                        <institution>Biblioteca Nacional de Portugal</institution>
                        <idno>BNP/E3 48B-64r</idno>
                    </msIdentifier>
                    <msContents>
                        <summary>
                            <p> Lista datilografada, publicada em <hi rend="italic">Livro do
                                Desassossego</hi> (1990, I, 53). </p>
                        </summary>
                        <msItemStruct>
                            <author>
                                <rs type="name" key="FP">Fernando Pessoa</rs>
                            </author>
                            <note type="genre">
                                <rs type="genre" key="lista_editorial">Lista editorial</rs>
                            </note>
                            <textLang mainLang="pt" otherLangs="en"/>
                        </msItemStruct>
                    </msContents>
                    <history>
                        <origin>
                            <p>
                                <origDate when="1917" cert="medium">c. 1917</origDate>
                            </p>
                        </origin>
                    </history>
                </msDesc>
            </sourceDesc>
        </fileDesc>
    </teiHeader>
    <facsimile>
        <graphic
            url="bn-acpc-e-e3-48b-1-158_JPG_24-C-R0150/bn-acpc-e-e3-48b-1-158_0132_64_t24-C-R0150.jpg"
        />
    </facsimile>
    <text>
        <body>
            <div>
                <head>Obras autonymas:</head>
                <list>
                    <head><hi rend="underline">Em Inglez:</hi></head>
                    <item><rs type="title">The Mad Fiddler – Poems</rs>.</item>
                    <item><rs type="title">Five Poems – or Three Unprintable Poems</rs>.</item>
                    <item><rs type="title">Prometheus Revinctus</rs>.</item>
                    <item><rs type="title">Fifty Sonnets or Seventy-One Sonnets</rs>.</item>
                    <item>(perhaps also another book)</item>
                </list>
                <metamark rend="line-44" function="distinct"/>
                <list>
                    <head><hi rend="underline">Em Portuguez:</hi></head>
                    <item><rs type="work" key="O1" style="c"><rs type="title"
                        >Itinerario</rs></rs>.</item>
                    <item><rs type="title">Livro do Desasocego</rs>.</item>
                    <item><rs type="title">Theatro Statico</rs>.</item>
                </list>
            </div>
            <metamark rend="line-44" function="distinct"/>
            <div>
                <head>Meio-autonymamente:</head>
                <list>
                    <item><rs type="work" key="O4" style="b"><rs type="name" key="AdC" role="author"
                                >Alvaro de Campos</rs>: <rs type="title">Arco de
                        Triumpho</rs></rs>.</item>
                </list>
                <metamark rend="line-14-center" function="end"/>
            </div>
        </body>
    </text>
</TEI>
