<?xml version="1.0" encoding="UTF-8"?> <?xml-model href="../schema/pessoaTEI.rng" type="application/xml" schematypens="http://relaxng.org/ns/structure/1.0"?>
<TEI xmlns="http://www.tei-c.org/ns/1.0">
   <teiHeader>
      <fileDesc>
         <titleStmt>
            <title>48A-18<hi rend="superscript">v</hi></title>
            <author>
               <rs type="person" key="FP">Fernando Pessoa</rs>
            </author>
            <respStmt>
               <resp>Transcrição, Edição</resp>
               <name>Pedro Sepúlveda</name>
            </respStmt>
            <respStmt>
               <resp>Modelagem de dados, Codificação</resp>
               <name>Ulrike Henny</name>
            </respStmt>
            <respStmt>
               <resp>Codificação</resp>
               <name>Isabel Figueiredo-Iken</name>
            </respStmt>
            <respStmt>
               <resp>Consultoria</resp>
               <name>Institut für Dokumentologie und Editorik (IDE)</name>
            </respStmt>
         </titleStmt>
         <publicationStmt>
            <publisher>Universidade Nova de Lisboa, Instituto de Estudos de Literatura e Tradição (IELT)</publisher>
            <publisher>Cologne Center for eHumanities (CCeH)</publisher>
            <date>2016</date>
            <availability>
               <licence target="http://creativecommons.org/licenses/by/3.0/"/>
            </availability>
            <idno type="filename">BNP_E3_48A-18v.xml</idno>
         </publicationStmt>
         <sourceDesc>
            <msDesc>
               <msIdentifier>
                  <institution>Biblioteca Nacional de Portugal</institution>
                  <idno>BNP/E3 48A-18v</idno>
               </msIdentifier>
               <msContents>
                  <msItemStruct>
                     <author>
                        <rs type="person" key="FP">Fernando Pessoa</rs>
                     </author>
                     <note type="genre">
                        <rs type="genre" key="lista_editorial">Lista editorial</rs>
                     </note>
                     <textLang mainLang="pt" otherLangs="en"/>
                  </msItemStruct>
               </msContents>
               <history>
                  <origin>
                     <p>
                        <origDate when="1930-02-22" cert="medium">c. 22-2-1930</origDate>
                     </p>
                  </origin>
               </history>
            </msDesc>
         </sourceDesc>
      </fileDesc>
   </teiHeader>
   <facsimile>
      <graphic url="bn-acpc-e-e3-48a-1-66_JPG_24-C-R0150/bn-acpc-e-e3-48a-1-66_0036_18v_t24-C-R0150.jpg"/>
   </facsimile>
   <text>
      <body>
         <div>
            <list> 
               <item>
                  <rs type="text">Anti-carneiros</rs> (anti-<supplied resp="PS" reason="omitted-in-original"/>)
               </item>
               <metamark rend="line" function="distinct"/>
               <item>
                  <rs type="text">O Consolador</rs>.
               </item> 
               <metamark rend="line" function="distinct"/>
               <item>
                  O que recebemos dela é <lb/> tudo. Realiza o príncipe, o <lb/> heroi dos seus sonhos. Nunca <lb/>
                  fui amado: fui adorado.
               </item>
               <metamark rend="line" function="distinct"/>
               <item>
                  <rs type="text">Half the truth about Spain</rs>
               </item>
               <metamark rend="line" function="distinct"/>
               <gap reason="selection" unit="lines" extent="20"/>
            </list>
         </div>
      </body>
   </text>
</TEI>
