<?xml version="1.0" encoding="UTF-8"?>
<?xml-model href="../schema/pessoaTEI.rng" type="application/xml" schematypens="http://relaxng.org/ns/structure/1.0"?>
<TEI xmlns="http://www.tei-c.org/ns/1.0">
   <teiHeader>
      <fileDesc>
         <titleStmt>
            <title>BNP/E3 87A-5<hi rend="superscript">r</hi></title>
            <author>
               <rs type="name" key="FP">Fernando Pessoa</rs>
            </author>
            <respStmt>
               <resp>Transcrição, Edição</resp>
               <name>Pedro Sepúlveda</name>
            </respStmt>
            <respStmt>
               <resp>Transcrição</resp>
               <name>Pablo Javier Pérez López</name>
            </respStmt>
            <respStmt>
               <resp>Codificação, Modelagem de dados</resp>
               <name>Ulrike Henny-Krahmer</name>
            </respStmt>
            <respStmt>
               <resp>Codificação</resp>
               <name>Isabel Figueiredo-Iken</name>
            </respStmt>
            <respStmt>
               <resp>Codificação</resp>
               <name>Sviatoslav Drach</name>
            </respStmt>
            <respStmt>
               <resp>Consultoria</resp>
               <name>Institut für Dokumentologie und Editorik (IDE)</name>
            </respStmt>
         </titleStmt>
         <publicationStmt>
            <publisher>Universidade Nova de Lisboa, Instituto de Estudos de Literatura e Tradição
               (IELT)</publisher>
            <publisher>Cologne Center for eHumanities (CCeH)</publisher>
            <date>2017</date>
            <availability status="restricted">
               <licence target="http://creativecommons.org/licenses/by/3.0/"/>
            </availability>
            <idno type="filename">BNP_E3_87A-5r.xml</idno>
         </publicationStmt>
         <sourceDesc>
            <msDesc>
               <msIdentifier>
                  <institution>Biblioteca Nacional de Portugal</institution>
                  <idno>BNP/E3 87A-5r</idno>
               </msIdentifier>
               <msContents>
                  <summary>
                     <p> Lista manuscrita, publicada em <hi rend="italic">Sensacionismo e outros
                        Ismos</hi> (2009, 83). </p>
                  </summary>
                  <msItemStruct>
                     <author>
                        <rs type="name" key="FP">Fernando Pessoa</rs>
                     </author>
                     <note type="genre">
                        <rs type="genre" key="lista_editorial">Lista editorial</rs>
                     </note>
                     <textLang mainLang="pt"/>
                  </msItemStruct>
               </msContents>
               <history>
                  <origin>
                     <p>
                        <origDate from="1916" to="1917" cert="medium">c. 1916-1917</origDate>
                     </p>
                  </origin>
               </history>
            </msDesc>
         </sourceDesc>
      </fileDesc>
   </teiHeader>
   <facsimile>
      <graphic
         url="bn-acpc-e-e3-87a-1-22_JPG_24-C-R0150/bn-acpc-e-e3-87a-1-22_0011_5_t24-C-R0150.jpg"/>
   </facsimile>
   <text>
      <body>
         <div>
            <head><hi rend="underline"><rs type="periodical" key="J12">Orpheu</rs></hi></head>
            <head><hi rend="underline">Orgão do Movimento Sensacionista</hi></head>
            <list>
               <item>
                  <label>1.</label>
                  <rs type="title">O Sensacionismo</rs> — <rs type="name" key="FP" role="author"
                     style="b"><choice>
                        <abbr>F<am>.</am></abbr>
                        <expan>F<ex>ernando</ex></expan>
                     </choice> Pessôa</rs>. </item>
               <item>
                  <label>2.</label>
                  <del rend="overstrike" n="2">Nota sobre</del> “<rs type="periodical" key="J12"
                     >Orpheu</rs>” — nota da redacção — assinada <lb/> pelo <hi rend="underline"
                     >Comité Redactorial</hi>. </item>
               <item xml:id="I1">
                  <metamark place="left" rend="cross" function="doubt" target="#I1"
                     />(<label>3.</label>
                  <rs type="title">Esthetica da Quarta Dimensão</rs>. — <supplied resp="PS"
                     reason="omitted-in-original"/>) </item>
               <item>
                  <label>4.</label>
                  <rs type="title">Poema (ou Poemas) de <rs type="name" key="P30"><choice>
                           <abbr>M</abbr>
                           <expan>M<ex>ario</ex></expan>
                        </choice> de Sá-Carneiro</rs></rs>. </item>
               <item>
                  <label>5.</label>
                  <rs type="title">Scena do Odio</rs> — <rs type="name" key="P56"><choice>
                        <abbr>J<am>.</am></abbr>
                        <expan>J<ex>osé</ex></expan>
                     </choice>
                     <choice>
                        <abbr>Alm</abbr>
                        <expan>Alm<ex>ada</ex></expan>
                     </choice>-Negreiros</rs>. </item>
               <item><label>6.</label>
                  <rs type="title">Duas caricaturas — Ruinas e Xadrez</rs>.</item>
               <item>
                  <label>7.</label>
                  <rs type="title">Antinoüs</rs> — <rs type="name" key="FP" role="author" style="b"><choice>
                        <abbr>F</abbr>
                        <expan>F<ex>ernando</ex></expan>
                     </choice> Pessoa</rs>. </item>
               <item>
                  <label>8.</label>
                  <rs type="title">Nota de obras sensacionistas</rs> — onde <lb/> sahiram, etc. —
                  (Bibliographia do <lb/> movimento sensacionista). (artigos de jornaes?) </item>
               <item>
                  <note place="left">=</note>
                  <label>9.</label> (1o Manifesto — <rs type="title">Ultimatum</rs>)</item>
               <item><label>10.</label>
                  <rs type="title">Dê cá que eu apanho</rs> (sueltos)</item>

            </list>
            <metamark rend="line" function="distinct"/>
            <list>
               <item>
                  <choice>
                     <abbr>pag<am>.</am></abbr>
                     <expan>pag<ex>ina</ex></expan>
                  </choice> 1 = 1, 4,5 (c) </item>
               <item>
                  <supplied resp="UH">
                     <choice>
                        <abbr>pag<am>.</am></abbr>
                        <expan>pag<ex>ina</ex></expan>
                     </choice>
                  </supplied> 2 = 5(f), 2, 10, <seg xml:id="A1">6<metamark rend="cross"
                        place="below" function="doubt" target="#A1"/></seg>. </item>
               <item>
                  <supplied resp="UH">
                     <choice>
                        <abbr>pag<am>.</am></abbr>
                        <expan>pag<ex>ina</ex></expan>
                     </choice>
                  </supplied> 3 = 9 </item>
               <item>
                  <supplied resp="UH">
                     <choice>
                        <abbr>pag<am>.</am></abbr>
                        <expan>pag<ex>ina</ex></expan>
                     </choice>
                  </supplied> 4 = 7 </item>
               <item>
                  <supplied resp="UH">
                     <choice>
                        <abbr>pag<am>.</am></abbr>
                        <expan>pag<ex>ina</ex></expan>
                     </choice>
                  </supplied> 5 = 8 </item>
            </list>
         </div>
      </body>
   </text>
</TEI>
