<?xml version="1.0" encoding="UTF-8"?>
<?xml-model href="../schema/pessoaTEI.rng" type="application/xml" schematypens="http://relaxng.org/ns/structure/1.0"?>
<TEI xmlns="http://www.tei-c.org/ns/1.0">
   <teiHeader>
      <fileDesc>
         <titleStmt>
            <title>BNP/E3 77-1<hi rend="superscript">r</hi> e 2<hi rend="superscript">r</hi></title>
            <author>
               <rs type="name" key="FP">Fernando Pessoa</rs>
            </author>
            <respStmt>
               <resp>Transcrição, Edição</resp>
               <name>Pedro Sepúlveda</name>
            </respStmt>
            <respStmt>
               <resp>Codificação, Modelagem de dados</resp>
               <name>Ulrike Henny-Krahmer</name>
            </respStmt>
            <respStmt>
               <resp>Codificação</resp>
               <name>Isabel Figueiredo-Iken</name>
            </respStmt>
            <respStmt>
               <resp>Codificação</resp>
               <name>Sviatoslav Drach</name>
            </respStmt>
            <respStmt>
               <resp>Consultoria</resp>
               <name>Institut für Dokumentologie und Editorik (IDE)</name>
            </respStmt>
         </titleStmt>
         <publicationStmt>
            <publisher>Universidade Nova de Lisboa, Instituto de Estudos de Literatura e Tradição
               (IELT)</publisher>
            <publisher>Cologne Center for eHumanities (CCeH)</publisher>
            <date>2017</date>
            <availability>
               <licence target="http://creativecommons.org/licenses/by/3.0/"/>
            </availability>
            <idno type="filename">BNP_E3_77-1r-e-2r.xml</idno>
         </publicationStmt>
         <sourceDesc>
            <msDesc>
               <msIdentifier>
                  <institution>Biblioteca Nacional de Portugal</institution>
                  <idno>BNP/E3 77-1r e 2r</idno>
               </msIdentifier>
               <msContents>
                  <summary>
                     <p>Lista datilografada.</p>
                  </summary>
                  <msItemStruct>
                     <author>
                        <rs type="name" key="FP">Fernando Pessoa</rs>
                     </author>
                     <note type="genre">
                        <rs type="genre" key="lista_editorial">Lista editorial</rs>
                     </note>
                     <textLang mainLang="en" otherLangs="fr"/>
                  </msItemStruct>
               </msContents>
               <history>
                  <origin>
                     <p>
                        <origDate>?</origDate>
                     </p>
                  </origin>
               </history>
            </msDesc>
         </sourceDesc>
      </fileDesc>
   </teiHeader>
   <facsimile>
      <graphic url="bn-acpc-e-e3-77-1-87_JPG_24-C-R0150/bn-acpc-e-e3-77-1-87_0001_1_t24-C-R0150.jpg"
      />
      <graphic url="bn-acpc-e-e3-77-1-87_JPG_24-C-R0150/bn-acpc-e-e3-77-1-87_0003_2_t24-C-R0150.jpg"
      />
   </facsimile>
   <text>
      <body>
         <div>
            <head>POEMS TO BE INCLUDED IN AN ENGLISH ANTHOLOGY.</head>
            <list>
               <item>
                  <label>1.</label>
                  <rs type="work"><rs type="name" key="P267" role="author">Robert Browning</rs>: <rs
                        type="title">Rabbi ben Ezra</rs>.</rs>
               </item>
               <item>
                  <label>2.</label>
                  <rs type="work"><rs type="name" key="P267" role="author">Robert Browning</rs>: <rs
                        type="title">Prospice</rs>.</rs>
               </item>
               <item>
                  <label>3.</label>
                  <rs type="work"><rs type="name" key="P267" role="author">Robert Browning</rs>:
                     Apparent Failure</rs>. (?). </item>
               <item>
                  <label>4.</label>
                  <rs type="work"><rs type="name" key="P290" role="author">Joseph Blanco White</rs>:
                        <rs type="title">To Night</rs>.</rs>
               </item>
               <item>
                  <label>5.</label>
                  <rs type="work"><rs type="name" key="P184" role="author">John Keats</rs>: <rs
                        type="title">Ode to a Nightingale</rs>.</rs>
               </item>
               <item>
                  <label>6.</label>
                  <rs type="work"><rs type="name" key="P184" role="author">John Keats</rs>: <rs
                        type="title">Ode to a Grecian Urn</rs>.</rs>
               </item>
               <item>
                  <label>7.</label>
                  <rs type="work"><rs type="name" key="P184" role="author">John Keats</rs>: <rs
                        type="title">Ode to Psyche</rs>.</rs>
               </item>
               <item>
                  <label>8.</label>
                  <rs type="work"><rs type="name" key="P184" role="author">John Keats: La Belle Dame
                        sans Merci</rs>.</rs>
               </item>
               <item>
                  <label>9.</label> Anonymous (Scotch): <rs type="title">The Twa Corbies</rs>.
                  (Palgrave). </item>
               <item>
                  <label>10.</label>
                  <rs type="work"><rs type="name" key="P296" role="author">
                        <abbr>A<am>.</am></abbr>
                        <abbr>C<am>.</am></abbr> Swinburne</rs>: <rs type="title">“Before the
                        beginning of years...”</rs></rs>
               </item>
               <item>
                  <label>11.</label>
                  <rs type="work"><rs type="name" key="P296" role="author">
                        <abbr>A<am>.</am></abbr>
                        <abbr>C<am>.</am></abbr> Swinburne</rs>: <rs type="title">Itylus</rs></rs>.
                  (?) </item>
               <item>
                  <label>12.</label>
                  <rs type="work"><rs type="name" key="P146" role="author"> Lord Tennyson</rs>: <rs
                        type="title">“Break, break, break...”</rs></rs>
               </item>
               <item>
                  <label>13.</label>
                  <rs type="work"><rs type="name" key="P146" role="author">Lord Tennyson</rs>: <rs
                        type="title">The Poet’s Song</rs>.</rs>
               </item>
               <item>
                  <label>14.</label>
                  <rs type="name" key="P175">Percy Bysshe Shelley</rs>: Spirit’s
                  song to Asia. </item>
               <item>
                  <label>15.</label>
                  <rs type="work"><rs type="name" key="P162" role="author"> William Wordsworth</rs>:
                        <rs type="title">Intimations of Immortality</rs>.</rs>
               </item>
               <item>
                  <label>16.</label>
                  <rs type="work"><rs type="name" key="P163" role="author">
                        <abbr>S<am>.</am></abbr>
                        <abbr>T<am>.</am></abbr> Coleridge</rs>: <rs type="title">Kubla
                     Khan</rs>.</rs>
               </item>
               <item>
                  <label>17.</label>
                  <rs type="work"><rs type="name" key="P162" role="author">
                        <abbr>S<am>.</am></abbr>
                        <abbr>T<am>.</am></abbr> Coleridge</rs>: <rs type="title">The Rime of the
                        Ancient Mariner</rs>.</rs> (??) </item>
               <item>
                  <label>18.</label>
                  <rs type="name" key="P306">
                     <abbr>J<am>.</am></abbr> Norris (of Bemerton)</rs>: To Darkness. </item>
               <item>
                  <label>19.</label>
                  <rs type="work"><rs type="name" key="P307" role="author"> Colonel Lovelace</rs>:
                        <rs type="title">To Anthea from Prison</rs>.</rs>
               </item>
               <item>
                  <label>20.</label>
                  <rs type="work"><rs type="name" key="P307" role="author">Colonel Lovelace</rs>:
                        <rs type="title">To Lucasta on going to the Wars</rs>.</rs>
               </item>
               <item>
                  <label>21.</label>
                  <rs type="work"><rs type="name" key="P308" role="author">Thomas Gray</rs>: <rs
                        type="title">Elegy in a Country Churchyard</rs>.</rs>
               </item>
               <item>
                  <label>22.</label>
                  <rs type="work"><rs type="name" key="P185" role="author"> Matthew Arnold</rs>: <rs
                        type="title">The Forsaken Merman</rs>.</rs> (?) </item>
               <item>
                  <label>23.</label>
                  <rs type="work"><rs type="name" key="P177" role="author">
                        <abbr>C<am>.</am></abbr>
                        <abbr>G<am>.</am></abbr> Rossetti</rs>: <rs type="title">“When I am dead, my
                        dearest...”</rs></rs>
               </item>
               <item>
                  <label>24.</label>
                  <rs type="work"><rs type="name" key="P309" role="author"> Thomas Chatterton</rs>:
                        <rs type="title">Song from “Aella”</rs>.</rs>
               </item>
               <item>
                  <label>25.</label>
                  <rs type="work"><rs type="name" key="P83">
                        <abbr>R<am>.</am></abbr>
                        <abbr>L<am>.</am></abbr> Stevenson</rs>: <rs type="title">Epitaph</rs>.</rs>
               </item>
               <item>
                  <label>26.</label> Anonymous (Scotch):<rs type="title">The Forsaken Bride</rs>.
                  (Palgrave). </item>
               <item>
                  <label>27.</label> Anonymous: <rs type="title">“Love me not for comely
                     face...”</rs>
               </item>
               <item>
                  <label>28.</label>
                  <rs type="work"><rs type="name" key="P87" role="author">Edgar Allan Poe</rs>: <rs
                        type="title">The Raven</rs>.</rs>
               </item>
               <item>
                  <label>29.</label>
                  <rs type="work"><rs type="name" key="P87" role="author">Edgar Allan Poe</rs>: <rs
                        type="title">Israfel</rs>.</rs>
               </item>
               <item>
                  <label>30.</label>
                  <rs type="work"><rs type="name" key="P87" role="author">Edgar Allan Poe</rs>: <rs
                        type="title">The City in the Sea</rs>.</rs>
               </item>
               <item>
                  <label>31.</label>
                  <rs type="work"><rs type="name" key="P216" role="author">Walt Whitman</rs>: By <rs
                        type="title">the City Dead-House</rs>.</rs>
               </item>
               <item>
                  <label>32.</label>
                  <rs type="work"><rs type="name" key="P216" role="author">Walt Whitman</rs>: <rs
                        type="title">“When Lilacs Last in the Dooryard Bloomed...”</rs></rs>
               </item>
               <item>
                  <label>33.</label>
                  <rs type="work"><rs type="name" key="P291" role="author">Thomas Hood</rs>: <rs
                        type="title">The Bridge of Sighs</rs>.</rs>
               </item>
               <item>
                  <label>34.</label>
                  <rs type="work"><rs type="name" key="P291" role="author"> Thomas Hood</rs>: <rs
                        type="title">“I remember, I remember...”</rs></rs>
               </item>
               <item>
                  <label>35.</label>
                  <rs type="work"><rs type="name" key="P310" role="author">William Cowper</rs>: <rs
                        type="title">The Castaway</rs>.</rs>
               </item>
               <item>
                  <label>36.</label>
                  <rs type="work">
                     <rs type="name" key="P311" role="author"> Arthur Hugh Clough</rs>: <rs
                        type="title">“Say not the struggle...”</rs></rs>
               </item>
               <item>
                  <label>37.</label>
                  <rs type="name" key="P312">
                     <abbr>W<am>.</am></abbr>
                     <abbr>W<am>.</am></abbr> Henley</rs>: To <abbr>R<am>.</am></abbr>
                  <abbr>H<am>.</am></abbr>
                  <abbr>T<am>.</am></abbr>
                  <abbr>B<am>.</am></abbr> (?)</item>
               <item>
                  <label>38.</label>
                  <rs type="name" key="P313">Robert Herrick</rs>: “Gather ye rosebuds...” </item>
               <item>
                  <label>39.</label>
                  <rs type="name" key="P313">Robert Herrick</rs>: “To Anthea... </item>
               <item>
                  <label>40.</label>
                  <rs type="work"><rs type="name" key="P118" role="author">Ben Jonson</rs>: <rs
                        type="title">To Celia</rs>.</rs>
               </item>
               <item>
                  <label>41.</label>
                  <rs type="work">
                     <rs type="name" key="P314" role="author">Lady Nairne</rs>: <rs type="title">The
                        Land o<del rend="overstrike">f’</del> the Leal</rs>.</rs>
               </item>
               <item>
                  <label>42.</label>
                  <rs type="work"><rs type="name" key="P175" role="author"> Percy Bysshe
                        Shelley</rs>: <rs type="title">Ode to the West Wind</rs>.</rs>
               </item>
               <item>
                  <label>43.</label>
                  <rs type="work"><rs type="name" key="P175" role="author">Percy Bysshe
                     Shelley</rs>: <rs type="title">Ode to a Skylark</rs>.</rs>
               </item>
               <item>
                  <label>44.</label>
                  <rs type="work">
                     <rs type="name" key="P315" role="author">James Shirley</rs>: <rs type="title"
                        >“The glories of our blood and state...”</rs></rs>
               </item>
               <item>
                  <label>45.</label>
                  <rs type="work">
                     <rs type="name" key="P315" role="author">James Shirley</rs>: <rs type="title"
                        >“Victorious men of earth...”</rs></rs>
               </item>
               <item>
                  <label>46.</label>
                  <rs type="work">
                     <rs type="name" key="P316" role="author">Edmund Waller</rs>: <rs type="title"
                        >“Go, lovely rose...”</rs></rs>
               </item>
               <item>
                  <label>47.</label>
                  <rs type="name" key="P162">William Wordsworth</rs>: The Solitary Reaper. </item>
               <item>
                  <label>48.</label>
                  <rs type="work">
                     <rs type="name" key="P317" role="author">Michael Drayton</rs>: <rs type="title"
                        >“Since there’s no help...” (sonnet).</rs></rs>
               </item>
               <item>
                  <label>49.</label>
                  <rs type="work">
                     <rs type="name" key="P184" role="author">John Keats</rs>: <rs type="title">Ode
                        to Melancholy</rs>.</rs>
               </item>
               <item>
                  <label>50.</label>
                  <rs type="work">
                     <rs type="name" key="P162" role="author">William Wordsworth</rs>: <rs
                        type="title">To the Cuckoo</rs></rs>. </item>
               <item>
                  <label>51.</label>
                  <rs type="name" key="P162">William Wordsworth</rs>: Buonaparte (sonnet). </item>
               <item>
                  <label>52.</label>
                  <rs type="work"><rs type="name" key="P162" role="author"> William Wordsworth</rs>:
                     On the Extinction of the Venetian Republic</rs> (sonnet) </item>
               <item>
                  <label>53.</label>
                  <rs type="name" key="P162">William Wordsworth</rs>: France and England: September,
                  1802. (sonnet) </item>
               <item>
                  <label>54.</label>
                  <rs type="name" key="P162">William Wordsworth</rs>: Great Men. (sonnet). </item>
               <item>
                  <label>55.</label>
                  <rs type="work"><rs type="name" key="P162" role="author">William Wordsworth</rs>:
                        <rs type="title">Toussaint L’Ouverture</rs>.</rs> (sonnet). </item>
               <item>
                  <label>56.</label>
                  <rs type="name" key="P162">William Wordsworth</rs>: A Beautiful Picture. (sonnet). </item>
               <item>
                  <label>57.</label>
                  <rs type="name" key="P162"> William Wordsworth</rs>: The Ship (sonnet). </item>
               <item>
                  <label>58.</label>
                  <rs type="name" key="P162">William Wordsworth</rs>: Woodland Walks. (sonnet). </item>
               <item>
                  <label>59.</label>
                  <rs type="work">
                     <rs type="name" key="P162" role="author">William Wordsworth</rs>: <rs
                        type="title">Personal Talk</rs></rs> (four sonnets). </item>
               <item>
                  <label>60.</label>
                  <rs type="work"><rs type="name" key="P162" role="author"> William Wordsworth</rs>:
                        <rs type="title">On Westminster Bridge (sonnet).</rs></rs>
               </item>
               <item>
                  <label>61.</label>
                  <rs type="name" key="P162"> William Wordsworth</rs>: Milton (sonnet). </item>
               <item>
                  <label>62.</label>
                  <rs type="name" key="P162">William Wordsworth</rs>: The World (sonnet). </item>
               <item>
                  <label>63.</label>
                  <rs type="name" key="P318"> Thomas Moore</rs>: “Believe me if all...” </item>
               <item>
                  <label>64.</label>
                  <rs type="work">
                     <rs type="name" key="P291" role="author"> Thomas Hood</rs>: <rs type="title"
                        >Fair Ines</rs></rs>
                  <del rend="overstrike">(?)</del>
               </item>
               <item>
                  <label>65.</label>
                  <rs type="work">
                     <rs type="name" key="P248" role="author"> Lord Byron</rs>: <rs type="title">The
                        Isles of Greece</rs>.</rs>
               </item>
               <item>
                  <label>66.</label>
                  <rs type="work"><rs type="name" key="P248" role="author"> Lord Byron</rs>: <rs
                        type="title">Darkness</rs></rs> (?). </item>
               <item>
                  <label>67.</label>
                  <rs type="work">
                     <rs type="name" key="P248" role="author">Lord Byron</rs>: <rs type="title"
                        >“When we two parted...”</rs></rs> (?) </item>
               <item>
                  <label>68.</label>
                  <rs type="work">
                     <rs type="name" role="author" key="P175">
                        <abbr>P<am>.</am></abbr>
                        <abbr>B<am>.</am></abbr> Shelley</rs>: <rs type="title">The Sensitive
                        Plant</rs>.</rs>
               </item>
               <item>
                  <label>69.</label>
                  <abbr>P<am>.</am></abbr>
                  <abbr>B<am>.</am></abbr>
                  <rs type="name" role="author" key="P175">Shelley</rs>: “I arise from dreams of
                  thee...” </item>
               <item>
                  <label>70.</label>
                  <rs type="work">
                     <rs type="name" key="P319" role="author">Thomas Campbell</rs>: <rs type="title"
                        >Ye Mariners of England</rs>.</rs>
               </item>
               <item>
                  <label>71.</label>
                  <rs type="work"><rs type="name" key="P319" role="author">Thomas Campbell</rs>: <rs
                        type="title">The Battle of the Baltic</rs>.</rs>
               </item>
               <item>
                  <label>72.</label>
                  <rs type="work"><rs type="name" key="P319" role="author"> Thomas Campbell</rs>:
                        <rs type="title">Hohenlinden</rs>
                  </rs> (?). </item>
               <item>
                  <label>73.</label>
                  <rs type="work">
                     <rs type="name" key="P184" role="author">John Keats</rs>: <rs type="title">“In
                        a drear-nighted December...”</rs>
                  </rs>
               </item>
               <item>
                  <label>74.</label>
                  <rs type="work"><rs type="name" key="P320" role="author"> Charles Kingsley</rs>:
                        <rs type="title">The Sands of Dee</rs></rs> (?) </item>
               <item>
                  <label>75.</label>
                  <rs type="work"><rs type="name" key="P320" role="author">Charles Kingsley</rs>:
                        <rs type="title">Three Fishers</rs></rs> (?) </item>
               <item>
                  <label>76.</label>
                  <rs type="name" key="P321">Charles Mackay</rs>: The Lost Day (?) </item>
               <item>
                  <label>77.</label>
                  <rs type="work">
                     <rs type="name" key="P322" role="author">
                        <abbr>J<am>.</am></abbr>
                        <abbr>G<am>.</am></abbr> Whittier</rs>: <rs type="title">Maud
                     Muller</rs>.</rs>
               </item>
               <item>
                  <label>78.</label>
                  <rs type="work">
                     <rs type="name" key="P323" role="author">Joseph Rodman Drake</rs>: <rs
                        type="title">The American Flag</rs>,</rs> (?) </item>
               <item>
                  <label>79.</label>
                  <rs type="work">
                     <rs type="name" key="P185" role="author">Matthew Arnold</rs>: <rs type="title"
                        >The Scholar Gipsy</rs>.</rs> (?) </item>
               <item>
                  <label>80.</label>
                  <rs type="work">
                     <rs type="name" key="P185" role="author">Matthew Arnold</rs>: <rs type="title"
                        >The Buried Life</rs></rs> (?) </item>
               <item>
                  <label>81.</label>
                  <rs type="work">
                     <rs type="name" role="author" key="P175">
                        <abbr>P<am>.</am></abbr>
                        <abbr>B<am>.</am></abbr> Shelley</rs>: <rs type="title">To Night</rs>.</rs>
               </item>
               <item>
                  <label>82.</label>
                  <rs type="name" key="P324">Robert Southey</rs>: Love (?) (?) </item>
               <item>
                  <label>83.</label>
                  <rs type="work">
                     <rs type="name" role="author" key="P324">Robert Southey</rs>: <rs type="title"
                        >The Battle of Blenheim</rs></rs> (?) </item>
               <item>
                  <label>84.</label>
                  <rs type="work">
                     <rs type="name" key="P325" role="author">Hartley Coleridge</rs>: <rs
                        type="title">The Birth of Speech.</rs>
                  </rs> (?) </item>
               <item>
                  <label>85.</label>
                  <rs type="work">
                     <rs type="name" key="P326" role="author">Aubrey de Vere</rs> (the Younger):<rs
                        type="title">The Sun-God</rs></rs> (sonnet) (?) </item>
               <item>
                  <label>86.</label>
                  <rs type="work">
                     <rs type="name" key="P177" role="author">
                        <abbr>D<am>.</am></abbr>
                        <abbr>G<am>.</am></abbr> Rossetti</rs>: <rs type="title">A Venetian
                        Pastoral</rs></rs> (sonnet) </item>
               <item>
                  <label>87.</label>
                  <rs type="name" key="P296">
                     <abbr>A<am>.</am></abbr>
                     <abbr>C<am>.</am></abbr> Swinburne</rs>: Persecution of the Jews (sonnet) </item>
               <item>
                  <label>88.</label>
                  <rs type="work">
                     <rs type="name" key="P84" role="author">John Milton</rs>: <rs type="title">At
                        the Age of Twenty-three</rs></rs> (sonnet) (?) </item>
               <item>
                  <label>89.</label>
                  <rs type="work">
                     <rs type="name" key="P84" role="author">John Milton</rs>: <rs type="title">To
                        the Lord General Cromwell</rs>.</rs> (sonnet) (?) </item>
               <item>
                  <label>90.</label>
                  <rs type="work">
                     <rs type="name" key="P84" role="author">John Milton</rs>: <rs type="title">On
                        the Massacre in Piemont (sonnet)</rs></rs>
               </item>
               <item>
                  <label>91.</label>
                  <rs type="work"><rs type="name" key="P84" role="author">John Milton</rs>: <rs
                        type="title">On His Blindness (sonnet)</rs></rs>
               </item>
               <item>
                  <label>92.</label>
                  <rs type="work">
                     <rs type="name" key="P84" role="author">John Milton</rs>: <rs type="title">To
                        Cyriac Skinner (sonnet)</rs></rs>
               </item>
               <item>
                  <label>93.</label>
                  <rs type="work">
                     <rs type="name" key="P84" role="author">John Milton</rs>: <rs type="title"
                        >L’Allegro</rs>.</rs>
               </item>
               <item>
                  <label>94.</label>
                  <rs type="work">
                     <rs type="name" key="P84" role="author">John Milton</rs>: <rs type="title">Il
                        Penseroso</rs>.</rs>
               </item>
               <item>
                  <label>95.</label>
                  <rs type="work">
                     <rs type="name" key="P84" role="author">John Milton</rs>: <rs type="title">Ode
                        on the Morning of Christ’s Nativity</rs>.</rs> (?) </item>
               <item>
                  <label>96.</label>
                  <rs type="work">
                     <rs type="name" key="P84" role="author">John Milton</rs>: <rs type="title"
                        >Lycidas</rs>.</rs>
               </item>
               <item>
                  <label>97.</label>
                  <rs type="name" key="P327">
                     <abbr>H<am>.</am></abbr> Vaughan</rs>: Friends in Paradise. </item>
               <item>
                  <label>98.</label>
                  <rs type="work">
                     <rs type="name" key="P327" role="author">
                        <abbr>H<am>.</am></abbr> Vaughan</rs>: <rs type="title">The
                     Retreat</rs>.</rs>
               </item>
               <item>
                  <label>99.</label>
                  <rs type="name" key="P327">
                     <abbr>H<am>.</am></abbr> Vaughan</rs>: <supplied resp="PS"
                     reason="omitted-in-original"/>
               </item>
               <item>
                  <label>100.</label>
                  <rs type="work">
                     <rs type="name" key="P328" role="author">William Habington</rs>: <rs
                        type="title">Nox Nocti Indicat Scientiam</rs>.</rs>
               </item>
            </list>
         </div>
      </body>
   </text>
</TEI>
