<?xml version="1.0" encoding="UTF-8"?> <?xml-model href="../schema/pessoaTEI.rng" type="application/xml" schematypens="http://relaxng.org/ns/structure/1.0"?>
<TEI xmlns="http://www.tei-c.org/ns/1.0">
    <teiHeader>
        <fileDesc>
            <titleStmt>
                <title>BNP/E3 14B-16 e 16a<hi rend="superscript">v</hi>
                </title>
                <author>
                    <rs type="person" key="FP">Fernando Pessoa</rs>
                </author>
                <respStmt>
                    <resp>Transcrição, Edição</resp>
                    <name>Pedro Sepúlveda</name>
                </respStmt>
                <respStmt>
                    <resp>Modelagem de dados, Codificação</resp>
                    <name>Ulrike Henny</name>
                </respStmt>
                <respStmt>
                    <resp>Codificação</resp>
                    <name>Isabel Figueiredo-Iken</name>
                </respStmt>
                <respStmt>
                    <resp>Consultoria</resp>
                    <name>Institut für Dokumentologie und Editorik (IDE)</name>
                </respStmt>
            </titleStmt>
            <publicationStmt>
                <publisher>Universidade Nova de Lisboa, Instituto de Estudos de Literatura e
                    Tradição (IELT)</publisher>
                <publisher>Cologne Center for eHumanities (CCeH)</publisher>
                <date>2016</date>
                <availability>
                    <licence target="http://creativecommons.org/licenses/by/3.0/"/>
                </availability>
                <idno type="filename">BNP_E3_14B-16_e_16av.xml</idno>
            </publicationStmt>
            <sourceDesc>
                <msDesc xml:id="M1" type="structured">
                    <msIdentifier>
                        <institution>Biblioteca Nacional de Portugal</institution>
                        <idno>BNP/E3 14B-16 e 16av</idno>
                    </msIdentifier>
                    <msContents>
                        <msItemStruct>
                            <author>
                                <rs type="person" key="FP">Fernando Pessoa</rs>
                            </author>
                            <note type="genre">
                                <rs type="genre" key="lista_editorial">Lista editorial</rs>
                                <rs type="genre" key="nota_editorial">Nota editorial</rs>
                            </note>
                            <textLang mainLang="pt" otherLangs="en fr"/>
                        </msItemStruct>
                    </msContents>
                    <history>
                        <origin>
                            <p>
                                <origDate when="1914" cert="medium">c. 1914</origDate>
                            </p>
                        </origin>
                    </history>
                </msDesc>
                <msDesc corresp="#M1" type="prose">
                    <msIdentifier/>
                    <p> Lista manuscrita, publicada em Sepúlveda, <hi rend="italic">O livro de
                            Caeiro</hi> (2010, 406-407). </p>
                </msDesc>
            </sourceDesc>
        </fileDesc>
    </teiHeader>
    <facsimile>
        <graphic
            url="bn-acpc-e-e3-14b-1-73_JPG_24-C-R0150/bn-acpc-e-e3-14b-1-73_0033_16-16a_t24-C-R0150.jpg"/>
        <graphic
            url="bn-acpc-e-e3-14b-1-73_JPG_24-C-R0150/bn-acpc-e-e3-14b-1-73_0034_16v-16av_t24-C-R0150.jpg"
        />
    </facsimile>
    <text xml:id="bnp-e3-14b-16-e-16av">
        <body>
            <div>
                <head>
                    <hi rend="underline center">Um grande poeta materialista<lb/> (<rs type="person"
                            key="AC" role="topic">Alberto Caeiro</rs>)</hi></head>
                <p>
                    <del rend="overstrike">A enthusiasthica all</del>
                    <supplied resp="PS" reason="omitted-in-original"/>
                </p>
                <p>Entre o grande numero de casos<lb/> curiosos que existem na literatura,<lb/> o
                    caso de <rs type="person" key="AC" role="topic">Alberto Caeiro</rs> é dos
                    <lb/>mais curiosos.</p>
                <metamark rend="line" function="distinct"/>
                <list>
                    <head>
                        <rs type="person" key="AC" role="topic">Alberto Caeiro</rs>:</head>
                    <item>
                        <rs type="journal" key="J14">
                            <hi rend="underline">Seculo</hi>
                        </rs> – <rs type="text"><choice>
                                <abbr>art<am>.</am>
                                </abbr>
                                <expan>art<ex>igo</ex>
                                </expan>
                            </choice>do <rs type="person" key="P30">Sá-Carneiro</rs></rs>. </item>
                    <item>
                        <rs type="journal" key="J15">
                            <hi rend="underline">Montanha</hi>
                        </rs> – <rs type="text"><choice>
                                <abbr>art<am>.</am>
                                </abbr>
                                <expan>art<ex>igo</ex>
                                </expan>
                            </choice>do <rs type="person" key="P35">Ribeiro Lopes</rs></rs> (?) </item>
                    <item>
                        <rs type="journal" key="J16">
                            <hi rend="underline">El Tea</hi>
                        </rs> - <rs type="text">artigo do <rs type="person" key="P36"><choice>
                                    <abbr>A<am>.</am>
                                    </abbr>
                                    <expan resp="UH">A<ex>lfredo</ex>
                                    </expan>
                                </choice>
                                <choice>
                                    <abbr>P<am>.</am>
                                    </abbr>
                                    <expan resp="UH">P<ex>edro</ex>
                                    </expan>
                                </choice> Guisado</rs></rs>. </item>
                    <item>(<rs type="journal" key="J17">
                            <choice>
                                <abbr>S.</abbr>
                                <expan resp="IFI">São</expan>
                            </choice> Miguel</rs>) – <rs type="text"><choice>
                                <abbr>art<am>.</am>
                                </abbr>
                                <expan>art<ex>igo</ex>
                                </expan>
                            </choice>do <rs type="person" key="P37">Côrtes-Rodrigues</rs></rs>. </item>
                    <item>
                        <rs type="journal" key="J18">
                            <hi rend="underline">Economia</hi>
                        </rs> – <rs type="text"><choice>
                                <abbr>art<am>.</am>
                                </abbr>
                                <expan>art<ex>igo</ex>
                                </expan>
                            </choice>do <rs type="person" key="P38">Carvalho Mourão</rs></rs>
                        (?)</item>
                    <item>
                        <rs type="journal" key="J5">
                            <hi rend="underline">A Aguia</hi>
                        </rs> – <rs type="text"><choice>
                                <abbr>art<am>.</am>
                                </abbr>
                                <expan>art<ex>igo</ex>
                                </expan>
                            </choice>de <rs type="person" key="FP" role="author" style="b">
                                <choice>
                                    <abbr>F<am>.</am>
                                    </abbr>
                                    <expan>F<ex>ernando</ex>
                                    </expan>
                                </choice> Pessoa</rs></rs>. </item>
                    <item>
                        <rs type="journal" key="J19">
                            <hi rend="underline">O Mundo</hi>
                        </rs> - <seg>ver se se obtem <rs type="person" key="P39">Santos-Vieira</rs>.
                                <add place="below">(pelo lado anti-clerical <supplied resp="PS"
                                    reason="omitted-in-original"/>)</add>
                        </seg>
                    </item>
                    <item>
                        <rs type="journal" key="J20">
                            <hi rend="underline">A Republica</hi>
                        </rs> - pelo <rs type="person" key="P49">Boavida Portugal</rs>
                    </item>
                </list>
                <p>(<rs type="person" key="P40">
                        <hi rend="underline">Torres de Abreu</hi>
                    </rs> talvez consiga<lb/> qualquér cousa. Se <rs type="person" key="P41"
                        >Albertino da <lb/>Silva</rs> pudesse fallar, mesmo que <lb/>atacasse!)</p>
                <pb n="3"/>
                <list>
                    <head>
                        <hi rend="underline">German:</hi>
                    </head>
                    <item/>
                </list>
                <metamark rend="line" function="end"/>
                <pb n="2"/>
                <list>
                    <head>In England:</head>
                    <item>
                        <rs type="journal" key="J8">
                            <hi rend="underline">
                                <choice>
                                    <abbr>T</abbr>
                                    <expan resp="UH">T<ex>homas</ex>
                                    </expan>
                                </choice>-<choice>
                                    <abbr>P</abbr>
                                    <expan resp="UH">P<ex>ower</ex>
                                    </expan>
                                </choice>’s Weekly</hi>
                        </rs> – <rs type="text">paper article</rs>
                    </item>
                    <item>
                        <rs type="journal" key="J21">
                            <hi rend="underline">English</hi> (or another) <hi rend="underline"
                                >Review</hi>
                        </rs> – <rs type="text">big article</rs></item>
                    <item><rs type="text">Preface to translation</rs>
                    </item>
                    <metamark rend="underline" function="distinct"/>
                </list>
                <list>
                    <head>
                        <hi rend="underline">France:</hi>
                    </head>
                    <item>
                        <rs type="text"><choice>
                                <abbr>art<am>.</am>
                                </abbr>
                                <expan resp="IFI">art<ex>icle</ex>
                                </expan>
                            </choice> in <rs type="journal" key="J6">
                                <hi rend="underline">Mercure de France</hi>
                            </rs></rs>. </item>
                    <item>
                        <rs type="text"><choice>
                                <abbr>Pref<am>.</am>
                                </abbr>
                                <expan resp="IFI">Pref<ex>ace</ex>
                                </expan>
                            </choice> to translation.</rs>
                    </item>
                </list>
                <metamark rend="underline" function="distinct"/>
                <list>
                    <head>
                        <hi rend="underline">Spanish:</hi>
                    </head>
                    <item>(through <rs type="person" key="P36">
                            <hi rend="underline">Guisado</hi>
                        </rs>)<lb/>
                        <choice>
                            <abbr>&amp;</abbr>
                            <expan resp="PS">and</expan>
                        </choice> perhaps <rs type="journal" key="J22">
                            <hi rend="underline">Renacimento</hi>
                        </rs>. </item>
                </list>
                <metamark rend="underline" function="distinct"/>
                <list>
                    <head>
                        <hi rend="underline">Italian:</hi>
                    </head>
                    <item/>
                </list>
            </div>
        </body>
    </text>
</TEI>
