<?xml version="1.0" encoding="UTF-8"?> 
<?xml-model href="../schema/pessoaTEI.rng" type="application/xml" schematypens="http://relaxng.org/ns/structure/1.0"?>
<TEI xmlns="http://www.tei-c.org/ns/1.0">
    <teiHeader>
        <fileDesc>
            <titleStmt>
                <title>BNP/E3 21-1<hi rend="superscript">r</hi></title>
                <author>
                    <rs type="name" key="FP">Fernando Pessoa</rs>
                </author>
                <respStmt>
                    <resp>Transcrição, Edição</resp>
                    <name>Pedro Sepúlveda</name>
                </respStmt>
                <respStmt>
                    <resp>Transcrição</resp>
                    <name>Pablo Javier Pérez López</name>
                </respStmt>
                <respStmt>
                    <resp>Transcrição</resp>
                    <name>Jorge Uribe</name>
                </respStmt>
                <respStmt>
                    <resp>Codificação, Modelagem de dados</resp>
                    <name>Ulrike Henny-Krahmer</name>
                </respStmt>
                <respStmt>
                    <resp>Codificação</resp>
                    <name>Isabel Figueiredo-Iken</name>
                </respStmt>
                <respStmt>
                    <resp>Codificação</resp>
                    <name>Sviatoslav Drach</name>
                </respStmt>
                <respStmt>
                    <resp>Consultoria</resp>
                    <name>Institut für Dokumentologie und Editorik (IDE)</name>
                </respStmt>
            </titleStmt>
            <publicationStmt>
                <publisher>Universidade Nova de Lisboa, Instituto de Estudos de Literatura e
                    Tradição (IELT)</publisher>
                <publisher>Cologne Center for eHumanities (CCeH)</publisher>
                <date>2017</date>
                <availability status="restricted">
                    <licence target="http://creativecommons.org/licenses/by/3.0/"/>
                </availability>
                <idno type="filename">BNP_E3_21-1r.xml</idno>
            </publicationStmt>
            <sourceDesc>
                <msDesc>
                    <msIdentifier>
                        <institution>Biblioteca Nacional de Portugal</institution>
                        <idno>BNP/E3 21-1r</idno>
                    </msIdentifier>
                    <msContents>
                        <summary>
                            <p> Lista datilografada, publicada em <hi rend="italic">Páginas íntimas
                                    e de auto-interpretação</hi> (1966, 221). </p>
                        </summary>
                        <msItemStruct>
                            <author>
                                <rs type="name" key="FP">Fernando Pessoa</rs>
                            </author>
                            <note type="genre">
                                <rs type="genre" key="lista_editorial">Lista editorial</rs>
                            </note>
                            <textLang mainLang="pt"/>
                        </msItemStruct>
                    </msContents>
                    <history>
                        <origin>
                            <p>
                                <origDate from="1916" to="1917" cert="medium">c.
                                    1916-1917</origDate>
                            </p>
                        </origin>
                    </history>
                </msDesc>
            </sourceDesc>
        </fileDesc>
    </teiHeader>
    <facsimile>
        <graphic
            url="bn-acpc-e-e3-21-1-145_JPG_24-C-R0150/bn-acpc-e-e3-21-1-145_0001_1_t24-C-R0150.jpg"
        />
    </facsimile>
    <text>
        <body>
            <div>
                <head><hi rend="underline">Neo-Paganismo Portuguez.</hi></head>
                <list>
                    <item rend="indent-2">
                        <label>1.</label>
                        <rs type="work" key="O2" style="a"><rs type="name" key="AC" role="author"
                                >Alberto Caeiro</rs> (1889-1915): <rs type="title">O Guardador de
                                Rebanhos,<lb/> seguido de outros poemas e fragmentos</rs>.</rs><lb/>
                        (Abre o livro uma nota succinta dos parentes<lb/> do poeta, que publicam o
                        livro.) </item>
                    <item rend="indent-2">
                        <label>2.</label>
                        <rs type="work" key="O3" style="a"><rs type="name" key="RR" role="author"
                                >Ricardo Reis</rs>: <rs type="title">Odes</rs></rs>. <lb/>(São
                        cincoenta. Abre o livro um curto prefa<pc>-</pc><lb/>cio do auctor.) </item>
                    <item rend="indent-2">
                        <label>3.</label>
                        <rs type="name" key="P1" style="a">Antonio Móra</rs>: <rs type="title">O
                            Regresso dos Deuses — Introducção<lb/>Geral ao Neo-Paganismo
                            Portuguez</rs>. </item>
                    <metamark rend="line-34" function="distinct"><label place="right">ao mesmo
                            tempo.</label></metamark>
                    <item>
                        <label>4.</label>
                        <rs type="work" key="O3" style="a"><rs type="name" key="RR" role="author"
                                >Ricardo Reis</rs>: <rs type="title">Novas Odes</rs></rs>. </item>
                    <item rend="indent-2">
                        <label>5.</label>
                        <rs type="name" key="P1" style="a">Antonio Móra</rs>: <rs type="title">Os
                            Fundamentos do Paganismo — Theoria<lb/>do Dualismo Objectivista</rs>. </item>
                    <metamark rend="line-34" function="distinct"><label place="right">ao mesmo
                            tempo.</label></metamark>
                </list>
                <p rend="position-center"><rs type="title">O Movimento Neo-Pagão<lb/> Portuguez</rs>
                    compõe-se<lb/> d’estas cinco obras. </p>
                <p rend="text-center">As trez primeiras deverão ser publicadas em fins de<lb/> 1917,
                    e as outras duas no anno se<pc>-</pc><lb/>guinte. Sendo possivel, as<lb/>
                    primeiras em Outubro 1917<lb/> e as outras, quando<lb/> não possa ser em<lb/>
                    Maio 1918, em<lb/> Outubro.</p>
            </div>
        </body>
    </text>
</TEI>
