<?xml version="1.0" encoding="UTF-8"?>
<?xml-model href="../schema/pessoaTEI.rng" type="application/xml" schematypens="http://relaxng.org/ns/structure/1.0"?>
<TEI xmlns="http://www.tei-c.org/ns/1.0">
   <teiHeader>
      <fileDesc>
         <titleStmt>
            <title>BNP/E3 174<hi rend="superscript">r</hi></title>
            <author>
               <rs type="name" key="FP">Fernando Pessoa</rs>
            </author>
            <respStmt>
               <resp>Transcrição, Edição</resp>
               <name>Pedro Sepúlveda</name>
            </respStmt>
            <respStmt>
               <resp>Codificação, Modelagem de dados</resp>
               <name>Ulrike Henny-Krahmer</name>
            </respStmt>
            <respStmt>
               <resp>Codificação</resp>
               <name>Isabel Figueiredo-Iken</name>
            </respStmt>
            <respStmt>
               <resp>Codificação</resp>
               <name>Sviatoslav Drach</name>
            </respStmt>
            <respStmt>
               <resp>Consultoria</resp>
               <name>Institut für Dokumentologie und Editorik (IDE)</name>
            </respStmt>
         </titleStmt>
         <publicationStmt>
            <publisher>Universidade Nova de Lisboa, Instituto de Estudos de Literatura e Tradição
               (IELT)</publisher>
            <publisher>Cologne Center for eHumanities (CCeH)</publisher>
            <date>2017</date>
            <availability status="free">
               <licence target="http://creativecommons.org/licenses/by/3.0/"/>
            </availability>
            <idno type="filename">BNP_E3_174r.xml</idno>
         </publicationStmt>
         <sourceDesc>
            <msDesc>
               <msIdentifier>
                  <institution>Biblioteca Nacional de Portugal</institution>
                  <idno>BNP/E3 174r</idno>
               </msIdentifier>
               <msContents>
                  <summary>
                     <p>Lista datilografada.</p>
                  </summary>
                  <msItemStruct>
                     <author>
                        <rs type="name" key="FP">Fernando Pessoa</rs>
                     </author>
                     <note type="genre">
                        <rs type="genre" key="lista_editorial">Lista editorial</rs>
                     </note>
                     <textLang mainLang="en"/>
                  </msItemStruct>
               </msContents>
               <history>
                  <origin>
                     <p>
                        <origDate>?</origDate>
                     </p>
                  </origin>
               </history>
            </msDesc>
         </sourceDesc>
      </fileDesc>
   </teiHeader>
   <facsimile>
      <graphic
         url="bn-acpc-e-e3-167-186_JPG_24-C-R0150/bn-acpc-e-e3-167-186_0015_174_t24-C-R0150.jpg"/>
   </facsimile>
   <text>
      <body>
         <div>
            <head rend="center">THE BEST ENGLISH EPIGRAMS AND POETIC <lb/>TRIFLES.</head>
            <p>To be included:</p>
            <list>
               <item><rs type="name" key="P399">Rochester</rs>: “<rs type="title">Here lies our
                     sovereign</rs>...”</item>
               <item><rs type="name" key="P349">Byrom</rs>: “<rs type="title">God bless the
                     King</rs>...”</item>
            </list>
            <metamark rend="line-44" function="distinct"/>
            <p>From <rs type="name" key="P348">Brewer</rs> (<rs type="title">“Art of
                  Versification”</rs>):</p>
            <p>PAGES:</p>
            <table>
               <row>
                  <cell>231</cell>
                  <cell><rs type="title">My love</rs>...</cell>
               </row>
               <row>
                  <cell>233</cell>
                  <cell><rs type="title">My muse</rs>...</cell>
               </row>
               <row>
                  <cell>233</cell>
                  <cell><rs type="title">Sleep, Mr. Speaker</rs>... (?)</cell>
               </row>
               <row>
                  <cell>233</cell>
                  <cell><rs type="title">As lamps</rs>... (?)</cell>
               </row>
               <row>
                  <cell>233</cell>
                  <cell><rs type="title">Sly Beelzebu</rs>... (note on French like)</cell>
               </row>
               <row>
                  <cell>233</cell>
                  <cell><rs type="title">I loved thee</rs>...</cell>
               </row>
               <row>
                  <cell>234</cell>
                  <cell><rs type="title">If all be true</rs>...</cell>
               </row>
               <row>
                  <cell>234</cell>
                  <cell><rs type="title">Here lies Fred</rs>...</cell>
               </row>
               <row>
                  <cell>235</cell>
                  <cell><rs type="title">The law</rs>...</cell>
               </row>
               <row>
                  <cell>235</cell>
                  <cell><rs type="title">Thoughtless that</rs>...</cell>
               </row>
               <row>
                  <cell>235</cell>
                  <cell><rs type="title">God bless</rs> (above mentioned)</cell>
               </row>
               <row>
                  <cell>236</cell>
                  <cell><rs type="title">I lost</rs>... (Note on French like this)</cell>
               </row>
               <row>
                  <cell>237</cell>
                  <cell><rs type="title">The law</rs>...</cell>
               </row>
               <row>
                  <cell>237</cell>
                  <cell><rs type="title">My temples throb</rs>...</cell>
               </row>
               <row>
                  <cell>238</cell>
                  <cell><rs type="title">On Easter</rs>... (?)</cell>
               </row>
               <row>
                  <cell rend="right">15</cell>
                  <cell><rs type="title">They say</rs>...</cell>
               </row>
               <row>
                  <cell rend="right">15</cell>
                  <cell><rs type="title">My daughters</rs>...</cell>
               </row>
               <row>
                  <cell rend="right">15</cell>
                  <cell><rs type="title">Here lie the bones</rs>...</cell>
               </row>
            </table>
            <metamark rend="line-44" function="distinct"/>
         </div>
      </body>
   </text>
</TEI>
