<?xml version="1.0" encoding="UTF-8"?>
<?xml-model href="../schema/pessoaTEI.rng" type="application/xml" schematypens="http://relaxng.org/ns/structure/1.0"?>
<TEI xmlns="http://www.tei-c.org/ns/1.0">
    <teiHeader>
        <fileDesc>
            <titleStmt>
                <title>BNP/E3 133M-96 a 98</title>
                <author>
                    <rs type="name" key="FP">Fernando Pessoa</rs>
                </author>
                <respStmt>
                    <resp>Transcrição, Edição</resp>
                    <name>Pedro Sepúlveda</name>
                </respStmt>
                <respStmt>
                    <resp>Transcrição</resp>
                    <name>Pablo Javier Pérez López</name>
                </respStmt>
                <respStmt>
                    <resp>Transcrição</resp>
                    <name>Jorge Uribe</name>
                </respStmt>
                <respStmt>
                    <resp>Codificação, Modelagem de dados</resp>
                    <name>Ulrike Henny-Krahmer</name>
                </respStmt>
                <respStmt>
                    <resp>Consultoria</resp>
                    <name>Institut für Dokumentologie und Editorik (IDE)</name>
                </respStmt>
            </titleStmt>
            <publicationStmt>
                <publisher>Universidade Nova de Lisboa, Instituto de Estudos de Literatura e
                    Tradição (IELT)</publisher>
                <publisher>Cologne Center for eHumanities (CCeH)</publisher>
                <date>2017</date>
                <availability>
                    <licence target="http://creativecommons.org/licenses/by/3.0/"/>
                </availability>
                <idno type="filename">BNP_E3_133M-96-a-98.xml</idno>
            </publicationStmt>
            <sourceDesc>
                <msDesc>
                    <msIdentifier>
                        <institution>Biblioteca Nacional de Portugal</institution>
                        <idno>BNP/E3 133M-96-a-98</idno>
                    </msIdentifier>
                    <msContents>
                        <summary>
                            <p> Lista manuscrita, publicada em <hi rend="italic">Sensacionismo e Outros
                                Ismos</hi> (2009, 434-438). </p>
                        </summary>
                        <msItemStruct>
                            <author>
                                <rs type="name" key="FP">Fernando Pessoa</rs>
                            </author>
                            <note type="genre">
                                <rs type="genre" key="lista_editorial">Lista editorial</rs>
                            </note>
                            <textLang mainLang="pt" otherLangs="en"/>
                        </msItemStruct>
                    </msContents>
                    <history>
                        <origin>
                            <p>
                                <origDate from="1917" to="1918" cert="medium">c.
                                    1917-1918</origDate>
                            </p>
                        </origin>
                    </history>
                </msDesc>
            </sourceDesc>
        </fileDesc>
    </teiHeader>
    <facsimile>
        <graphic
            url="bn-acpc-e-e3-133m-1-100_JPG_24-C-R0150/bn-acpc-e-e3-133m-1-100_0193_96_t24-C-R0150.jpg"/>
        <graphic
            url="bn-acpc-e-e3-133m-1-100_JPG_24-C-R0150/bn-acpc-e-e3-133m-1-100_0194_96v_t24-C-R0150.jpg"/>
        <graphic
            url="bn-acpc-e-e3-133m-1-100_JPG_24-C-R0150/bn-acpc-e-e3-133m-1-100_0195_97_t24-C-R0150.jpg"/>
        <graphic
            url="bn-acpc-e-e3-133m-1-100_JPG_24-C-R0150/bn-acpc-e-e3-133m-1-100_0196_97v_t24-C-R0150.jpg"/>
        <graphic
            url="bn-acpc-e-e3-133m-1-100_JPG_24-C-R0150/bn-acpc-e-e3-133m-1-100_0197_98_t24-C-R0150.jpg"/>
        <graphic
            url="bn-acpc-e-e3-133m-1-100_JPG_24-C-R0150/bn-acpc-e-e3-133m-1-100_0198_98v_t24-C-R0150.jpg"
        />
    </facsimile>
    <text>
        <body>
            <div>
                <list>
                    <item>
                        <label>1.</label> Commercial Codes: <list rend="inline">
                            <item>3 letter code.</item>
                            <item>5 figure code.</item>
                            <item>Ten code.</item>
                            <item>Elementary Code.</item>
                        </list>
                    </item>
                    <metamark rend="line-44" function="distinct"/>
                    <item>
                        <label>2.</label>
                        <rs type="title">Tratado de Pronuncia Ingleza</rs>. </item>
                    <metamark rend="line-44" function="distinct"/>
                    <item>
                        <label>3.</label> Gamage, or another, or elseways: <list rend="indent">
                            <item>Table-football.</item>
                            <item> (<choice>
                                    <abbr><metamark rend="quotes" function="ditto"/></abbr>
                                    <expan/>
                                </choice>-cricket). </item>
                            <item>Strategy.</item>
                            <item>Opposition.</item>
                            <item>(Aspects)</item>
                            <item>Lomelino’s game.</item>
                        </list>
                    </item>
                    <metamark rend="line-44" function="distinct"/>
                    <item>
                        <label>4.</label> Lista de palavras hespanholas </item>
                    <metamark rend="line-44" function="distinct"/>
                    <item>
                        <label>5.</label>
                        <rs type="title">Compendio de Astrologia</rs>
                    </item>
                    <metamark rend="line-44" function="distinct"/>
                    <item>
                        <label>6.</label>
                        <rs type="title">Anthologia sensacionista</rs>
                    </item>
                    <metamark rend="line-44" function="distinct"/>
                    <item>
                        <label>7.</label> Livro em casa do Jayme. </item>
                    <metamark rend="line-44" function="distinct"/>
                    <item>
                        <label>8.</label> M. Nunes da Silva: <list rend="indent">
                            <item>Conta a pagar + 1000.</item>
                            <item>Gramophone e discos.</item>
                            <item>Bath, crockery, etc.</item>
                        </list>
                    </item>
                    <metamark rend="line-44" function="distinct"/>
                    <item rend="indent-2">
                        <label>9.</label>
                        <rs type="name" key="P378">Frank Forbes-Leith</rs>.<lb/>
                        <rs type="name" key="P379">Manuel Gouveia de Sousa</rs>. </item>
                    <metamark rend="line-44" function="distinct"/>
                    <item rend="indent-2">
                        <label>10.</label> Livros que ainda tem<lb/> Da <rs type="name" key="P42"
                            >Cunha Dias</rs>.<lb/>
                        <rs type="name" key="P292"><choice>
                                <abbr>V<am>.</am></abbr>
                                <expan>V<ex>ictor</ex></expan>
                            </choice> Hugo Nunes.</rs>
                    </item>
                    <pb n="2"/>
                    <item>
                        <label>11.</label>
                        <choice>
                            <abbr>Trad<am>.</am></abbr>
                            <expan>Trad<ex>ucção</ex></expan>
                        </choice> lettra romanzas (<rs type="name" key="P75"><choice>
                                <abbr>V<am>.</am></abbr>
                                <expan>V<ex>ictoriano</ex></expan>
                            </choice> Braga</rs>) </item>
                    <metamark rend="line-44" function="distinct"/>
                    <item>
                        <label>12.</label> Phonobrachygraphia. </item>
                    <metamark rend="line-44" function="distinct"/>
                    <item>
                        <label>13.</label> Cosmopolis (<choice>
                            <abbr>v<am>.</am></abbr>
                            <expan>v<ex>er</ex></expan>
                        </choice> Caderno azul) </item>
                    <metamark rend="line-44" function="distinct"/>
                    <item rend="indent-2">
                        <label>14.</label> Small book on <choice>
                            <abbr>Sh<am>.</am></abbr>
                            <expan>Sh<ex>akespeare</ex></expan>
                        </choice>–Bacon.<lb/> Larger <choice>
                            <abbr><metamark rend="quotes" function="ditto"/></abbr>
                            <expan>book</expan>
                        </choice>
                        <choice>
                            <abbr><metamark rend="quotes" function="ditto"/></abbr>
                            <expan>on</expan>
                        </choice>
                        <choice>
                            <abbr><metamark rend="quotes" function="ditto"/></abbr>
                            <expan><rs type="name" key="P65">Shakespeare</rs>-</expan>
                        </choice>
                        <choice>
                            <abbr><metamark rend="quotes" function="ditto"/></abbr>
                            <expan>Bacon.</expan>
                        </choice>
                    </item>
                    <metamark rend="line-44" function="distinct"/>
                    <item>
                        <label>15.</label>
                        <rs type="title">Anthologia Portugueza</rs>
                    </item>
                    <metamark rend="line-44" function="distinct"/>
                    <item rend="indent-2">
                        <label>16.</label> “<rs type="title">All About Portugal</rs>” – a<lb/>
                        compilation (<choice>
                            <abbr>w<am>.</am></abbr>
                            <expan>w<ex>ith</ex></expan>
                        </choice> possible<lb/> articles from specialists) </item>
                    <metamark rend="line-44" function="distinct"/>
                    <item rend="indent-2">
                        <label>17.</label>
                        <rs type="title">Contos <rs type="name" key="P34">Quaresma</rs></rs> – em
                        livro<lb/> ou folhetos. </item>
                    <metamark rend="line-44" function="distinct"/>
                    <item rend="indent-2">
                        <label>18.</label>
                        <choice>
                            <abbr>Trad<am>.</am></abbr>
                            <expan>ucção</expan>
                        </choice>
                        <rs type="title">Sonetos de <rs type="name" key="P15">Camões</rs></rs> (inglez)<lb/>
                        <rs type="title">Poemas de <rs type="name" key="P87">Poe</rs></rs> (<choice>
                            <abbr>Port<am>.</am></abbr>
                            <expan>Port<ex>uguez</ex></expan>
                        </choice>)<lb/>
                        <rs type="title"><choice>
                                <abbr><metamark rend="quotes" function="ditto"/></abbr>
                                <expan>Poemas</expan>
                            </choice> em prosa de <rs type="name" key="P32">Wilde</rs></rs> (<choice>
                            <abbr>Port<am>.</am></abbr>
                            <expan>Port<ex>uguez</ex></expan>
                        </choice>) </item>
                    <metamark rend="line-44" function="distinct"/>
                    <item rend="indent-2">
                        <label>19.</label>
                        <rs type="title">War poems</rs>, in English and<lb/> in French. </item>
                    <metamark rend="line-44" function="distinct"/>
                    <item rend="indent-2">
                        <label>20.</label> M’s rimes: Sengo has. But<lb/> examine. </item>
                    <metamark rend="line-44" function="distinct"/>
                    <item rend="indent-2">
                        <label>21.</label>
                        <rs type="name" key="AdC">Alvaro de Campos</rs>:<lb/> Book (perhaps <choice>
                            <abbr>w<am>.</am></abbr>
                            <expan>w<ex>ith</ex></expan>
                        </choice>
                        <choice>
                            <abbr>advts<am>.</am></abbr>
                            <expan>adv<ex>ertisemen</ex>ts<ex>.</ex></expan>
                        </choice>) </item>
                    <metamark rend="line-44" function="distinct"/>
                    <item rend="indent-2">
                        <label>22.</label>
                        <choice>
                            <abbr>Trad<am>.</am></abbr>
                            <expan>Trad<ex>ucção</ex></expan>
                        </choice> “<rs type="title">Estudiante de Sala<pc>-</pc><lb/>manca</rs>” </item>
                    <pb n="3"/>
                    <item rend="indent-2">
                        <label>23.</label>
                        <choice>
                            <abbr>Trad<am>.</am></abbr>
                            <expan>Trad<ex>ucção</ex></expan>
                        </choice> “<rs type="title">Octavio</rs>”<lb/>
                        <choice>
                            <abbr><metamark rend="line-18" function="ditto"/></abbr>
                            <expan>Traducção</expan>
                        </choice> “<rs type="title">O Desconhecido</rs>” </item>
                    <metamark rend="line-44" function="distinct"/>
                    <item rend="indent-2">
                        <label>24.</label> Contos genero “<rs type="title">O Gramophone</rs>”<lb/>
                        <choice>
                            <abbr><metamark rend="quotes" function="ditto"/></abbr>
                            <expan>Contos genero</expan>
                        </choice> o conto inglez do<lb/> “altro-suicida”. </item>
                    <metamark rend="line-44" function="distinct"/>
                    <item rend="indent-2">
                        <label>25.</label> “<rs type="title">The Mystic Maze</rs>” charme<lb/>
                        supposto. </item>
                    <metamark rend="line-44" function="distinct"/>
                    <item rend="indent-2">
                        <label>26.</label>
                        <choice>
                            <abbr>Transl<am>.</am></abbr>
                            <expan>Transl<ex>ate</ex></expan>
                        </choice> books on <choice>
                            <abbr>Mag<am>.</am></abbr>
                            <expan>Mag<ex>ical</ex></expan>
                        </choice> Healing, etc.<lb/> into Portuguese. </item>
                    <metamark rend="line-44" function="distinct"/>
                    <item>
                        <label>27.</label> Handy Portuguese Dictionary. </item>
                    <metamark rend="line-44" function="distinct"/>
                    <item>
                        <label>28.</label> Poetry Society &amp; their review. </item>
                    <metamark rend="line-44" function="distinct"/>
                    <item>
                        <label>29.</label> Translations: <list rend="indent">
                            <item><rs type="title">Shakespeare’s Works</rs>.</item>
                            <item><rs type="name" key="P224">Martin Hewitt</rs>.</item>
                            <item><rs type="name" key="P223">Constantine Dix</rs>.</item>
                            <item><rs type="title">Master of Mysteries</rs>.</item>
                            <item><rs type="name" key="P380"><choice>
                                        <abbr>A<am>.</am></abbr>
                                        <expan>A<ex>nna</ex></expan>
                                    </choice>
                                    <choice>
                                        <abbr>K<am>.</am></abbr>
                                        <expan>K<ex>atherine</ex></expan>
                                    </choice> Green</rs>.</item>
                            <item><rs type="title">Dr. Jekyll &amp; Mr. Hyde</rs>.</item>
                        </list>
                    </item>
                    <metamark rend="line-44" function="distinct"/>
                    <item rend="indent-2">
                        <label>30.</label>
                        <rs type="title">Neo-paganismo portuguez</rs>; em<lb/>
                        <choice>
                            <abbr>port<am>.</am></abbr>
                            <expan>port<ex>uguez</ex></expan>
                        </choice>, inglez e francez. </item>
                    <metamark rend="line-44" function="distinct"/>
                    <item rend="indent-2">
                        <label>31.</label>
                        <rs type="name" key="P45">Frank</rs> &amp; <rs type="name" key="P46">Cecil
                            Palmer</rs><lb/> (money <choice>
                            <abbr>re<am>.</am></abbr>
                            <expan>re<ex>garding</ex></expan>
                        </choice> proverbs) </item>
                    <metamark rend="line-44" function="distinct"/>
                    <item>
                        <label>32.</label>
                        <rs type="name" key="P381"><choice>
                                <abbr>W<am>.</am></abbr>
                                <expan>W<ex>illiam</ex></expan>
                            </choice> A. Bentley</rs>: <list rend="indent">
                            <item>articles for him.</item>
                            <item>inquiries re publishers, etc.</item>
                            <item>introductions (?)</item>
                        </list>
                    </item>
                    <pb n="4"/>
                    <item rend="indent-2">
                        <label>33.</label> Book on Portugal for collection<lb/> like Home <choice>
                            <abbr>Univ<am>.</am></abbr>
                            <expan>Univ<ex>ersity</ex></expan>
                        </choice> Library. </item>
                    <metamark rend="line-44" function="distinct"/>
                    <item>
                        <label>34.</label>
                        <list rend="inline">
                            <item>Articles on the War.</item>
                            <item>Book on the War.</item>
                            <item><choice>
                                    <abbr>Port<am>.</am></abbr>
                                    <expan>Port<ex>uguese</ex></expan>
                                </choice> book <choice>
                                    <abbr>re<am>.</am></abbr>
                                    <expan>re<ex>garding</ex></expan>
                                </choice> the War.</item>
                        </list>
                    </item>
                    <metamark rend="line-44" function="distinct"/>
                    <item rend="indent-2">
                        <label>35.</label> “<rs type="title">Vinho de Borba</rs>” on<lb/> “<rs
                            type="title"><choice>
                                <abbr>Olig<am>.</am></abbr>
                                <expan>Olig<ex>archia</ex></expan>
                            </choice> das Bestas</rs>” </item>
                    <metamark rend="line-44" function="distinct"/>
                    <item rend="indent-2">
                        <label>36.</label> Any use – (?)<lb/> Miss Lord – tracts, L’pool.<lb/> Mark
                        Hyam. </item>
                    <metamark rend="line-44" function="distinct"/>
                    <item rend="indent-2">
                        <label>37.</label>
                        <rs type="name" key="P80">Angelo de Lima</rs>.<lb/> Visit &amp; 2 copies
                            “<rs type="periodical" key="J12">Orpheu</rs>” 2 <lb/> and(?) his <choice>
                            <abbr>M<am>.</am></abbr>
                            <expan>M<ex>anuscripts.</ex></expan>
                        </choice>
                    </item>
                    <metamark rend="line-44" function="distinct"/>
                    <item>
                        <label>38.</label> Antares Almanac &amp; others. </item>
                    <metamark rend="line-44" function="distinct"/>
                    <item rend="indent-2">
                        <label>39.</label>
                        <rs type="name" key="P179">Gomes Leal</rs> subscription<lb/> (<choice>
                            <abbr>Ren<am>.</am></abbr>
                            <expan>Ren<ex>ascença</ex></expan>
                        </choice>
                        <choice>
                            <abbr>Port<am>.</am></abbr>
                            <expan>Port<ex>ugueza</ex></expan>
                        </choice>) </item>
                    <metamark rend="line-44" function="distinct"/>
                    <item>
                        <label>40.</label>
                        <choice>
                            <abbr>Bett<am>.</am></abbr>
                            <expan>Bett<ex>encourt</ex></expan>
                        </choice> Raposo’s lessons. </item>
                    <metamark rend="line-44" function="distinct"/>
                    <item>
                        <label>41.</label>
                        <choice>
                            <abbr>Bibl<am>.</am></abbr>
                            <expan>Bibl<ex>iotheca</ex></expan>
                        </choice>
                        <choice>
                            <abbr>Nac<am>.</am></abbr>
                            <expan>Nac<ex>ional</ex></expan>
                        </choice> – registo “<rs type="periodical" key="J12">Orpheu</rs>” </item>
                    <metamark rend="line-44" function="distinct"/>
                    <item>
                        <label>42.</label> Cambridge Literary Agency. </item>
                    <metamark rend="line-44" function="distinct"/>
                    <item>
                        <label>43.</label>
                        <rs type="periodical" key="J27">Renascença</rs> Portugueza </item>
                    <metamark rend="line-44" function="distinct"/>
                    <item rend="indent-2">
                        <label>44.</label>
                        <choice>
                            <abbr>Refs<am>.</am></abbr>
                            <expan>Ref<ex>erence</ex>s</expan>
                        </choice> to “<rs type="periodical" key="J12">Orpheu</rs>”<lb/>
                        <rs type="name" key="P382">Porfirio</rs>.<lb/>
                        <rs type="name" key="P298">Camoezas</rs>. </item>
                    <pb n="5"/>
                    <item rend="indent-2">
                        <label>45.</label> Procure Indian book against<lb/> Theosophy, (<choice>
                            <abbr>v<am>.</am></abbr>
                            <expan>v<ex>er</ex></expan>
                        </choice>
                        <rs type="periodical" key="J76">Times <choice>
                                <abbr>L<am>.</am></abbr>
                                <expan>L<ex>iterary</ex></expan>
                            </choice>
                            <choice>
                                <abbr>S<am>.</am></abbr>
                                <expan>S<ex>upplement</ex></expan>
                            </choice></rs>) </item>
                    <metamark rend="line-44" function="distinct"/>
                    <item>
                        <label>46.</label>
                        <rs type="name" key="P298">Camoezas</rs>: <choice>
                            <abbr>Th<am>.</am></abbr>
                            <expan>Th<ex>omaz</ex></expan>
                        </choice>
                        <rs type="name" key="P383">Pires</rs>’ books. </item>
                    <metamark rend="line-44" function="distinct"/>
                    <item>
                        <label>47.</label> Occult: Aglaophamus (<rs type="name" key="P384"
                            >Löbeck</rs>) </item>
                    <metamark rend="line-44" function="distinct"/>
                    <item>
                        <label>48.</label> Photos: from <rs type="name" key="P75"><choice>
                                <abbr>V<am>.</am></abbr>
                                <expan>V<ex>ictoriano</ex></expan>
                            </choice> Braga</rs>. </item>
                    <metamark rend="line-44" function="distinct"/>
                    <item>
                        <label>49.</label> Presents for <rs type="name" key="P385"><choice>
                                <abbr>H<am>.</am></abbr>
                                <expan>H<ex>enriqueta</ex></expan>
                            </choice></rs>, Mother, &amp; boys. </item>
                    <metamark rend="line-44" function="distinct"/>
                    <item rend="indent-2">
                        <label>50.</label> Eden Fisher &amp; Co. – publishers <lb/> in <choice>
                            <abbr>Eng<am>.</am></abbr>
                            <expan>Eng<ex>lish</ex></expan>
                        </choice> ABC code. </item>
                    <metamark rend="line-44" function="distinct"/>
                    <item>
                        <label>51.</label>
                        <rs type="name" key="P386">Quidde</rs>’s <rs type="title">Caligula</rs>. </item>
                    <metamark rend="line-44" function="distinct"/>
                    <item>
                        <label>52.</label>
                        <choice>
                            <abbr>Rat<am>.</am></abbr>
                            <expan>Rat<ex>ionalist</ex></expan>
                        </choice> Press Association. </item>
                    <metamark rend="line-44" function="distinct"/>
                    <item rend="indent-2">
                        <label>53.</label> An <choice>
                            <abbr>Eng<am>.</am></abbr>
                            <expan>Eng<ex>lish</ex></expan>
                        </choice> book like “A la manière<lb/> de...” </item>
                    <metamark rend="line-44" function="distinct"/>
                    <item>
                        <label>54.</label> Kellogg. </item>
                    <metamark rend="line-44" function="distinct"/>
                    <item rend="indent-2">
                        <label>55.</label> A small Portuguese encyclopaedia<lb/> An English
                        litterary <supplied reason="omitted-in-original" resp="PS"/> do. </item>
                    <metamark rend="line-44" function="distinct"/>
                    <item rend="indent-2">
                        <label>56.</label>
                        <rs type="name" key="P387">Juan de Nogales</rs> – article on<lb/>
                        sensationism. </item>
                    <metamark rend="line-44" function="distinct"/>
                    <item>
                        <label>57.</label> Write critics <choice>
                            <abbr>re<am>.</am></abbr>
                            <expan>re<ex>garding</ex></expan>
                        </choice> poems (?) </item>
                    <metamark rend="line-44" function="distinct"/>
                    <item rend="indent-2">
                        <label>58.</label>
                        <choice>
                            <abbr>Transl<am>.</am></abbr>
                            <expan>Transl<ex>ation</ex></expan>
                        </choice>
                        <hi rend="underline"><rs type="title">Marinheiro</rs></hi> into French<lb/>
                        and English –<lb/>
                        <rs type="name" key="P368">Maeterlinck</rs>
                    </item>
                    <metamark rend="line-44" function="distinct"/>
                    <pb n="6"/>
                    <item>
                        <label>59.</label>
                        <rs type="name" key="P388">D. <choice>
                                <abbr>M<am>.</am></abbr>
                                <expan>M<ex>ario</ex></expan>
                            </choice>
                            <choice>
                                <abbr>Ign<am>.</am></abbr>
                                <expan>Ign<ex>acio</ex></expan>
                            </choice> Sette</rs>. </item>
                    <metamark rend="line-44" function="distinct"/>
                    <item rend="indent-2">
                        <label>60.</label>
                        <rs type="name" key="P263">Carlos Ferreira</rs>: opinião para o<lb/> livro
                        sobre <rs type="name" key="P389">Rei Alberto</rs>. </item>
                    <metamark rend="line-44" function="distinct"/>
                    <item rend="indent-2">
                        <label>61.</label> Astrological book on War.<lb/>
                        <rs type="name" key="P390">Raphael Baldaya</rs>. </item>
                    <metamark rend="line-44" function="distinct"/>
                    <item>
                        <label>62.</label> “<rs type="title">The Education of the Will</rs>” </item>
                    <metamark rend="line-44" function="distinct"/>
                    <item>
                        <label>63.</label>
                        <rs type="name" key="P390">Baldaya</rs>: <rs type="title">Doctrine of
                            Transits</rs>. </item>
                    <metamark rend="line-44" function="distinct"/>
                    <item>
                        <label>64.</label>
                        <choice>
                            <abbr>Soc<am>.</am></abbr>
                            <expan>Soc<ex>iedade</ex></expan>
                        </choice>
                        <choice>
                            <abbr>Astrol<am>.</am></abbr>
                            <expan>Astrol<ex>ogica</ex></expan>
                        </choice> Portugueza: <rs type="name" key="P391"><choice>
                                <abbr>C</abbr>
                                <expan>C<ex>esar </ex></expan>
                            </choice>Porto</rs>
                    </item>
                    <metamark rend="line-44" function="distinct"/>
                    <item>
                        <label>65.</label> Biliteral Cipher (for sale, <choice>
                            <abbr>advt<am>.</am></abbr>
                            <expan>adv<ex>ertisemen</ex>t</expan>
                        </choice>) </item>
                    <metamark rend="line-44" function="distinct"/>
                    <item>
                        <label>66.</label> Scotch Millionaire scheme. </item>
                    <metamark rend="line-44" function="distinct"/>
                    <addSpan spanTo="#A1" n="2"/>
                    <item rend="indent-2">
                        <label>67.</label> Cofre forte (aluguer <choice>
                            <abbr>Cred<am>.</am></abbr>
                            <expan>Cred<ex>ito</ex></expan>
                        </choice> Predial<lb/> ou <choice>
                            <abbr>Mpio</abbr>
                            <expan>M<ex>onte</ex>pio</expan>
                        </choice>) </item>
                    <metamark rend="line-44" function="distinct"/>
                    <item>
                        <del rend="overstrike"><label>68.</label> Malas para manuscritos</del>
                    </item>
                    <metamark rend="line-44" function="distinct"/>
                    <item>
                        <label>62.</label> Teeth. </item>
                    <metamark rend="line-44" function="distinct"/>
                    <item>
                        <label>64.</label> Retrato <rs type="name" key="P30">Sá-Carneiro</rs> –
                        Bustorff. </item>
                    <metamark rend="line-44" function="distinct"/>
                    <item rend="indent-2">
                        <label>65.</label> Papeis <rs type="name" key="P30">Sá-Carneiro</rs> em<lb/>
                        Paris<lb/> &amp; contas <rs type="name" key="P392">José de
                        Araujo</rs></item>
                    <metamark rend="line-44" function="end"/>
                    <anchor xml:id="A1"/>
                </list>
            </div>
        </body>
    </text>
</TEI>
