<?xml version="1.0" encoding="UTF-8"?>
<?xml-model href="../schema/pessoaTEI.rng" type="application/xml" schematypens="http://relaxng.org/ns/structure/1.0"?>
<TEI xmlns="http://www.tei-c.org/ns/1.0">
   <teiHeader>
      <fileDesc>
         <titleStmt>
            <title>BNP/E3 26B-36<hi rend="superscript">r</hi></title>
            <author>
               <rs type="name" key="FP">Fernando Pessoa</rs>
            </author>
            <respStmt>
               <resp>Transcrição, Edição</resp>
               <name>Pedro Sepúlveda</name>
            </respStmt>
            <respStmt>
               <resp>Modelagem de dados, Codificação</resp>
               <name>Ulrike Henny-Krahmer</name>
            </respStmt>
            <respStmt>
               <resp>Codificação</resp>
               <name>Isabel Figueiredo-Iken</name>
            </respStmt>
            <respStmt>
               <resp>Codificação</resp>
               <name>Sviatoslav Drach</name>
            </respStmt>
            <respStmt>
               <resp>Consultoria</resp>
               <name>Institut für Dokumentologie und Editorik (IDE)</name>
            </respStmt>
         </titleStmt>
         <publicationStmt>
            <publisher>Universidade Nova de Lisboa, Instituto de Estudos de Literatura e Tradição
               (IELT)</publisher>
            <publisher>Cologne Center for eHumanities (CCeH)</publisher>
            <date>2017</date>
            <availability status="free">
               <licence target="http://creativecommons.org/licenses/by/3.0/"/>
            </availability>
            <idno type="filename">BNP_E3_26B-36r.xml</idno>
         </publicationStmt>
         <sourceDesc>
            <msDesc>
               <msIdentifier>
                  <institution>Biblioteca Nacional de Portugal</institution>
                  <idno>BNP/E3 26B-36r</idno>
               </msIdentifier>
               <msContents>
                  <summary>
                     <p>Lista manuscrita.</p>
                  </summary>
                  <msItemStruct>
                     <author>
                        <rs type="name" key="FP">Fernando Pessoa</rs>
                     </author>
                     <note type="genre">
                        <rs type="genre" key="lista_editorial">Lista editorial</rs>
                     </note>
                     <textLang mainLang="pt" otherLangs="en"/>
                  </msItemStruct>
               </msContents>
               <history>
                  <origin>
                     <p>
                        <origDate from="1914" to="1915" cert="medium">c. 1914-1915</origDate>
                     </p>
                  </origin>
               </history>
            </msDesc>
         </sourceDesc>
      </fileDesc>
   </teiHeader>
   <facsimile>
      <graphic
         url="bn-acpc-e-e3-26b-1-100_JPG_24-C-R0150/bn-acpc-e-e3-26b-1-100_0072_36_t24-C-R0150.jpg"
      />
   </facsimile>
   <text>
      <body>
         <div>
            <div rend="left">
               <list>
                  <head><hi rend="underline">Lyricas</hi></head>
                  <item>
                     <rs type="title"><choice>
                           <abbr>L<am>.</am></abbr>
                           <expan>L<ex>ivro</ex></expan>
                        </choice> do <choice>
                           <abbr>Des<am>.</am></abbr>
                           <expan>Des<ex>asocego</ex></expan>
                        </choice></rs>
                  </item>
                  <metamark rend="line-44" function="distinct"/>
                  <item>
                     <rs type="name" key="P1" style="b">
                        <choice>
                           <abbr>A<am>.</am></abbr>
                           <expan>A<ex>ntonio</ex></expan>
                        </choice>
                        <hi rend="underline">Mora (?)</hi>
                     </rs>
                  </item>
               </list>
               <metamark rend="line-44" function="distinct"/>
            </div>
            <metamark rend="line-vertical" function="distinct"/>
            <div rend="right">
               <list>
                  <head><hi rend="underline">Manifestos.</hi></head>
                  <item>
                     <choice>
                        <abbr>Art<am>.</am></abbr>
                        <expan>Art<ex>igo</ex></expan>
                     </choice> Camoezas </item>
                  <metamark rend="line-34" function="distinct"/>
                  <item>
                     <del rend="overstrike" n="2">Art</del>
                     <choice>
                        <abbr>Bibl<am>.</am></abbr>
                        <expan>Bibl<ex>ioteca</ex></expan>
                     </choice>
                     <choice>
                        <abbr>Acad<am>.</am></abbr>
                        <expan>Acad<ex>emia</ex></expan>
                     </choice>
                  </item>
                  <item>
                     <choice>
                        <abbr>Encycl<am>.</am></abbr>
                        <expan>Encycl<ex>opedia</ex></expan>
                     </choice>
                     <choice>
                        <abbr>Brit<am>.</am></abbr>
                        <expan>Brit<ex>anica</ex></expan>
                     </choice> — <choice>
                        <abbr>art<am>.</am></abbr>
                        <expan>art<ex>icle</ex></expan>
                     </choice> Germany. </item>
               </list>
               <metamark rend="line-44" function="distinct"/>
            </div>
            <gap reason="selection" unit="line" extent="5"/>
         </div>
      </body>
   </text>
</TEI>
