<?xml version="1.0" encoding="UTF-8"?>
<?xml-model href="../schema/pessoaTEI.rng" type="application/xml" schematypens="http://relaxng.org/ns/structure/1.0"?>
<TEI xmlns="http://www.tei-c.org/ns/1.0">
   <teiHeader>
      <fileDesc>
         <titleStmt>
            <title>BNP/E3 144X-48<hi rend="superscript">r</hi></title>
            <author>
               <rs type="name" key="FP">Fernando Pessoa</rs>
            </author>
            <respStmt>
               <resp>Transcrição, Edição</resp>
               <name>Pedro Sepúlveda</name>
            </respStmt>
            <respStmt>
               <resp>Transcrição</resp>
               <name>Pablo Javier Pérez López</name>
            </respStmt>
            <respStmt>
               <resp>Transcrição</resp>
               <name>Jorge Uribe</name>
            </respStmt>
            <respStmt>
               <resp>Codificação, Modelagem de dados</resp>
               <name>Ulrike Henny</name>
            </respStmt>
            <respStmt>
               <resp>Codificação</resp>
               <name>Isabel Figueiredo-Iken</name>
            </respStmt>
            <respStmt>
               <resp>Codificação</resp>
               <name>Sviatoslav Drach</name>
            </respStmt>
            <respStmt>
               <resp>Consultoria</resp>
               <name>Institut für Dokumentologie und Editorik (IDE)</name>
            </respStmt>
         </titleStmt>
         <publicationStmt>
            <publisher>Universidade Nova de Lisboa, Instituto de Estudos de Literatura e Tradição
               (IELT)</publisher>
            <publisher>Cologne Center for eHumanities (CCeH)</publisher>
            <date>2016</date>
            <availability>
               <licence target="http://creativecommons.org/licenses/by/3.0/"/>
            </availability>
            <idno type="filename">BNP_E3_144X-48r.xml</idno>
         </publicationStmt>
         <sourceDesc>
            <msDesc>
               <msIdentifier>
                  <institution>Biblioteca Nacional de Portugal</institution>
                  <idno>BNP/E3 144X-48r</idno>
               </msIdentifier>
               <msContents>
                  <summary>
                     <p> Lista manuscrita no caderno 144X (cf. <ref target="http://purl.pt/13898"
                        >http://purl.pt/13898</ref>), publicada em <hi rend="italic">Sensacionismo e
                           Outros Ismos</hi> (2009, 308-309). </p>
                  </summary>
                  <msItemStruct>
                     <author>
                        <rs type="name" key="FP">Fernando Pessoa</rs>
                     </author>
                     <note type="genre">
                        <rs type="genre" key="lista_editorial">Lista editorial</rs>
                     </note>
                     <textLang mainLang="pt" otherLangs="en"/>
                  </msItemStruct>
               </msContents>
               <history>
                  <origin>
                     <p>
                        <origDate when="1915" cert="medium">c. 1915</origDate>
                     </p>
                  </origin>
               </history>
            </msDesc>
         </sourceDesc>
      </fileDesc>
   </teiHeader>
   <facsimile>
      <graphic url="bn-acpc-e-e3_144x_JPG_24-C-R0150/bn-acpc-e-e3_144x_0095_48r_t24-C-R0150.jpg"/>
   </facsimile>
   <text>
      <body>
         <note><del rend="overstrike">
               <list>
                  <head><hi rend="underline">Order of publication:</hi></head>
                  <item><label>1.</label><rs type="title"><rs type="periodical" key="J12">Orpheu</rs> 3.</rs></item>
                  <item><del rend="overstrike">1.</del><label>2.</label><rs type="title">The Mad
                        Fiddler.</rs></item>
                  <item><del rend="overstrike">2.</del><label>3.</label><rs type="title">As sete
                        salas do palacio abandonado.</rs></item>
                  <note place="right"><gap reason="selection" unit="characters" extent="6"/></note>
                  <item><del rend="overstrike">3.</del><label>4.</label><rs type="title">Problema
                        Nacional.</rs></item>
                  <item><del rend="overstrike">4.</del><label>5.</label><rs type="title">Sensationist
                        Sketches.</rs></item>
               </list>
               <note place="left"><gap reason="selection" unit="characters" extent="6"/>
               </note>
               <note><gap reason="selection" unit="lines" extent="16"/>
               </note>
            </del></note>
      </body>
   </text>
</TEI>
