<?xml version="1.0" encoding="UTF-8"?>
<?xml-model href="../schema/pessoaTEI.rng" type="application/xml" schematypens="http://relaxng.org/ns/structure/1.0"?>
<TEI xmlns="http://www.tei-c.org/ns/1.0">
   <teiHeader>
      <fileDesc>
         <titleStmt>
            <title>BNP/E3 48B-13</title>
            <author>
               <rs type="name" key="FP">Fernando Pessoa</rs>
            </author>
            <respStmt>
               <resp>Transcrição, Edição</resp>
               <name>Pedro Sepúlveda</name>
            </respStmt>
            <respStmt>
               <resp>Transcrição</resp>
               <name>Pablo Javier Pérez López</name>
            </respStmt>
            <respStmt>
               <resp>Modelagem de dados, Codificação</resp>
               <name>Ulrike Henny-Krahmer</name>
            </respStmt>
            <respStmt>
               <resp>Codificação</resp>
               <name>Isabel Figueiredo-Iken</name>
            </respStmt>
            <respStmt>
               <resp>Codificação</resp>
               <name>Inês Filipa Rebelo do Carmo</name>
            </respStmt>
            <respStmt>
               <resp>Codificação</resp>
               <name>Sviatoslav Drach</name>
            </respStmt>
            <respStmt>
               <resp>Consultoria</resp>
               <name>Institut für Dokumentologie und Editorik (IDE)</name>
            </respStmt>
         </titleStmt><editionStmt><p>Corpus version C2.1.0</p></editionStmt>
         <publicationStmt>
            <publisher>Universidade Nova de Lisboa, Instituto de Estudos de Literatura e Tradição
               (IELT)</publisher>
            <publisher>Cologne Center for eHumanities (CCeH)</publisher>
            <date>2017</date>
            <availability status="free">
               <licence target="http://creativecommons.org/licenses/by/4.0/"/>
            </availability>
            <idno type="filename">BNP_E3_48B-13.xml</idno>
         </publicationStmt>
         <notesStmt>
            <note type="summary"> 
            </note>
         </notesStmt>
         <sourceDesc>
            <msDesc>
               <msIdentifier>
                  <institution>Biblioteca Nacional de Portugal</institution>
                  <idno>BNP/E3 48B-13</idno>
               </msIdentifier>
               <msContents>
                  <summary>
                     <p> Lista manuscrita no verso de ʺSobre um manifesto de estudantesʺ, panfleto
                        publicado em 1923, publicada em <hi rend="italic">Sobre Portugal</hi> (1979,
                        259). Neste caso, as referências aos três heterónimos principais implicam a publicação em revistas de alguns materiais, 
                        já publicados à data de elaboração deste projeto. No caso de Caeiro, os poemas dʼ 
                        <ref target="http://www.pessoadigital.pt/pt/pub/Caeiro_De_O_Guardador_de_Rebanhos                            http://www.pessoadigital.pt/pt/pub/Caeiro_O_Oitavo_Poema_de_O_Guardador_de_Rebanhos                            http://www.pessoadigital.pt/pt/pub/Caeiro_O_Penultimo_Poema">ʺO Guardador de Rebanhosʺ</ref>
                        e os <ref target="http://www.pessoadigital.pt/pt/pub/Caeiro_Dos_Poemas_Inconjunctos">ʺPoemas Inconjuntosʺ</ref>; 
                        no caso de Reis, as <ref target="http://www.pessoadigital.pt/pt/pub/Reis_Odes_Livro_Primeiro">ʺOdes ― Livro Primeiroʺ</ref>, 
                        e possivelmente as <ref target="http://www.pessoadigital.pt/pt/pub/Reis_Tres_Odes                            http://www.pessoadigital.pt/pt/pub/Reis_Duas_Odeshttp://www.pessoadigital.pt/pt/pub/Reis_Ja_sobre_a_fronte_va_se_me_acinzenta                            http://www.pessoadigital.pt/pt/pub/Reis_O_rastro_breve_que_das_hervas_molles">"Odes"</ref> publicadas na <hi rend="italic">Presença</hi> até 1931. No caso de Campos, 
                        ʺCinco Odes, e o que veio antesʺ é uma referência às 
                        <ref target="http://www.pessoadigital.pt/pt/pub/Campos_Ode_Triunfalhttp://www.pessoadigital.pt/pt/pub/Campos_Ode_Maritima">ʺOdesʺ</ref> 
                        de <hi rend="italic">Orpheu</hi>, ao <ref target="http://www.pessoadigital.pt/pt/pub/Campos_Opiario">ʺOpiárioʺ</ref> e possivelmente ao 
                        <ref target="http://www.pessoadigital.pt/pt/pub/Campos_Soneto_ja_Antigo">ʺSoneto já antigoʺ</ref>.
                     </p>
                  </summary>
                  <msItemStruct>
                     <author>
                        <rs type="name" key="FP">Fernando Pessoa</rs>
                     </author>
                     <note type="genre">
                        <rs type="genre" key="lista_editorial">Lista
                        editorial</rs>
                     </note>
                     <textLang mainLang="pt" otherLangs="en"/>
                  </msItemStruct>
               </msContents>
               <history>
                  <origin>
                     <p>
                        <origDate when="1931" cert="medium">c. 1931</origDate>
                     </p>
                  </origin>
               </history>
            </msDesc>
         </sourceDesc>
      </fileDesc>
      <revisionDesc>
         <change when="2023-11-15" who="#FAF">
                    Added edition statement to the teiHeader
                </change>
      </revisionDesc>
   </teiHeader>
   <facsimile xml:base="http://images.cceh.uni-koeln.de/pessoa/">
      <graphic url="bn-acpc-e-e3-48b-1-158_JPG_24-C-R0150/bn-acpc-e-e3-48b-1-158_0026_13_t24-C-R0150.jpg"/>
   </facsimile>
   <text>
      <body>
         <div>
            <gap reason="selection" unit="line" extent="6"/>
            <metamark rend="line" function="distinct"/>
            <div rend="left">
               <list>
                  <item>
                     <rs type="title">Peça em um Acto</rs>. </item>
                  <item>
                     <rs type="title">Calvario</rs>. </item>
                  <item>
                     <rs type="title">Sakyamuni</rs>. </item>
                  <item>
                     <rs type="title">A Morte do Principe</rs>. </item>
                  <item>
                     <rs type="title">Theoria do Suffragio Politico</rs>. </item>
                  <item>
                     <rs type="title">Portugal</rs>. </item>
                  <item>
                     <rs type="title">Cancioneiro (varios livros)</rs>. </item>
                  <item rend="indent-2">
                     <rs type="work" key="W135">
                        <rs type="title" key="T171">Poemas Completos de<lb/>
                           <rs type="name" key="AC" role="author">Alberto Caeiro</rs>
                        </rs>
                     </rs>. </item>
                  <item>
                     <rs type="title">Odes, <choice>
                           <abbr>liv<am>.</am>
                           </abbr>
                           <expan>liv<ex>ros</ex>
                           </expan>
                        </choice> I—II (<rs type="name" key="RR" role="author">
                           <choice>
                              <abbr>Ric<am>.</am>
                              </abbr>
                              <expan>Ric<ex>ardo</ex>
                              </expan>
                           </choice> Reis).</rs>
                     </rs>
                  </item>
                  <item>
                     <note rend="margin-left">?</note>
                     <rs type="title">Cinco Odes, e o que veio <lb/> antes</rs> (<rs type="name" key="AdC" role="author">
                        <choice>
                           <abbr>Alv<am>.</am>
                           </abbr>
                           <expan>Alv<ex>aro</ex>
                           </expan>
                        </choice> de Campos).</rs>
                  </item>
                  <item>
                     <rs type="title">Accessorios</rs>. (<rs type="name" key="AdC" role="author">
                        <choice>
                           <abbr>Alv<am>.</am>
                           </abbr>
                           <expan>Alv<ex>aro</ex>
                           </expan>
                        </choice> de Campos</rs>). </item>
                  <item>
                     <rs type="title">O Caso Vargas</rs>. </item>
               </list>
            </div>
            <div rend="right">
               <list>
                  <item>
                     <rs type="title">Erostratus</rs>. </item>
                  <item>
                     <rs type="title">Anteros</rs>. </item>
                  <item>
                     <rs type="title">Saturn</rs>. </item>
                  <item>
                     <rs type="title">English Sonnets</rs>. </item>
                  <item>
                     <rs type="title">Phrometheus Revinctus</rs>. </item>
                  <item>
                     <rs type="title">The Duke of Parma</rs>. </item>
                  <item>
                     <rs type="title">Mimicry</rs>. </item>
               </list>
               <metamark rend="line" function="distinct"/>
               <list>
                  <item>
                     <note place="margin-left">
                        <abbr>J<am>.</am>
                        </abbr>
                     </note>
                     <rs type="title">O Cão Preto</rs>. </item>
                  <item>
                     <rs type="title">O Fidalgo Multiplo</rs>. </item>
                  <item>
                     <rs type="title">A Jura</rs>. </item>
               </list>
            </div>
         </div>
      </body>
   </text>
</TEI>
