<?xml version="1.0" encoding="UTF-8"?>
<?xml-model href="../schema/pessoaTEI.rng" type="application/xml" schematypens="http://relaxng.org/ns/structure/1.0"?>
<TEI xmlns="http://www.tei-c.org/ns/1.0">
   <teiHeader>
      <fileDesc>
         <titleStmt>
            <title>BNP/E3 48-7<hi rend="superscript">r</hi></title>
            <author>
               <rs type="person" key="FP">Fernando Pessoa</rs>
            </author>
            <respStmt>
               <resp>Transcrição, Edição</resp>
               <name>Pedro Sepúlveda</name>
            </respStmt>
            <respStmt>
               <resp>Modelagem de dados, Codificação</resp>
               <name>Ulrike Henny</name>
            </respStmt>
            <respStmt>
               <resp>Codificação</resp>
               <name>Isabel Figueiredo-Iken</name>
            </respStmt>
            <respStmt>
               <resp>Consultoria</resp>
               <name>Institut für Dokumentologie und Editorik (IDE)</name>
            </respStmt>
         </titleStmt>
         <publicationStmt>
            <publisher>Universidade Nova de Lisboa, Instituto de Estudos de Literatura e Tradição (IELT)</publisher>
            <publisher>Cologne Center for eHumanities (CCeH)</publisher>
            <date>2016</date>
            <availability>
               <licence target="http://creativecommons.org/licenses/by/3.0/"/>
            </availability>
            <idno type="filename">BNP_E3_48-7r.xml</idno>
         </publicationStmt>
         <sourceDesc>
            <msDesc>
               <msIdentifier>
                  <institution>Biblioteca Nacional de Portugal</institution>
                  <idno>BNP/E3 48-7r</idno>
               </msIdentifier>
               <msContents>
                  <msItemStruct>
                     <author>
                        <rs type="person" key="FP">Fernando Pessoa</rs>
                     </author>
                     <note type="genre">
                        <rs type="genre" key="lista_editorial">Lista editorial</rs>
                     </note>
                     <textLang mainLang="pt" otherLangs="en"/>
                  </msItemStruct>
               </msContents>
               <history>
                  <origin>
                     <p>
                        <origDate>?</origDate>
                     </p>
                  </origin>
               </history>
            </msDesc>
         </sourceDesc>
      </fileDesc>
   </teiHeader>
   <facsimile>
      <graphic url="bn-acpc-e-e3-48-1-56_JPG_24-C-R0150/bn-acpc-e-e3-48-1-56_0013_7_t24-C-R0150.jpg"/>
   </facsimile>
   <text>    
      <body>
         <div>
            <head>
               Anthologia Pequena <lb/> (or only foreign?)
               <note place="margin-right">
                  <hi rend="underline">(Semanal)</hi><lb/>
                  (ou 3 <lb/> vezes por <lb/> mez)
               </note>
            </head>
            <metamark rend="line" function="distinct"/>
            <ab rend="left">x <rs type="person" key="P174">Augusto Gil</rs></ab>
            <div rend="right">
               <list>
                  <item><rs type="person" key="P87">Edgar Poe</rs> (2)</item>
                  <item><rs type="person" key="P162">Wordsworth</rs>.</item>
                  <item><rs type="person" key="P175">Shelley</rs>.</item>
                  <item><rs type="person" key="P65">Shakespeare</rs></item>
                  <item><rs type="person" key="P15">(Camões)</rs></item>
                  <item><rs type="person" key="P176">Heine</rs>.</item>
                  <item><rs type="text">Epigrammas <lb/> latinos</rs></item>
                  <item><rs type="text">Epigrammas <lb/> gregos</rs></item>
                  <item><rs type="text">Anthologia <lb/> grega</rs></item>
               </list>
            </div>
         </div>
      </body>
   </text>
</TEI>
