<?xml version="1.0" encoding="UTF-8"?>
<?xml-model href="../schema/pessoaTEI.rng" type="application/xml" schematypens="http://relaxng.org/ns/structure/1.0"?>
<TEI xmlns="http://www.tei-c.org/ns/1.0">
   <teiHeader>
      <fileDesc>
         <titleStmt>
            <title>BNP/E3 144X-54<hi rend="superscript">r</hi></title>
            <author>
               <rs type="name" key="FP">Fernando Pessoa</rs>
            </author>
            <respStmt>
               <resp>Transcrição, Edição</resp>
               <name>Pedro Sepúlveda</name>
            </respStmt>
            <respStmt>
               <resp>Transcrição</resp>
               <name>Pablo Javier Pérez López</name>
            </respStmt>
            <respStmt>
               <resp>Transcrição</resp>
               <name>Jorge Uribe</name>
            </respStmt>
            <respStmt>
               <resp>Codificação, Modelagem de dados</resp>
               <name>Ulrike Henny-Krahmer</name>
            </respStmt>
            <respStmt>
               <resp>Codificação</resp>
               <name>Isabel Figueiredo-Iken</name>
            </respStmt>
            <respStmt>
               <resp>Codificação</resp>
               <name>Sviatoslav Drach</name>
            </respStmt>
            <respStmt>
               <resp>Consultoria</resp>
               <name>Institut für Dokumentologie und Editorik (IDE)</name>
            </respStmt>
         </titleStmt>
         <publicationStmt>
            <publisher>Universidade Nova de Lisboa, Instituto de Estudos de Literatura e Tradição
               (IELT)</publisher>
            <publisher>Cologne Center for eHumanities (CCeH)</publisher>
            <date>2016</date>
            <availability>
               <licence target="http://creativecommons.org/licenses/by/3.0/"/>
            </availability>
            <idno type="filename">BNP_E3_144X-54r.xml</idno>
         </publicationStmt>
         <sourceDesc>
            <msDesc>
               <msIdentifier>
                  <institution>Biblioteca Nacional de Portugal</institution>
                  <idno>BNP/E3 144X-54r</idno>
               </msIdentifier>
               <msContents>
                  <summary>
                     <p> Lista manuscrita no caderno 144X (cf. <ref target="http://purl.pt/13898"
                        >http://purl.pt/13898</ref>), publicada em <hi rend="italic">Sensacionismo e
                           Outros Ismos</hi> (2009, 316). </p>
                  </summary>
                  <msItemStruct>
                     <author>
                        <rs type="name" key="FP">Fernando Pessoa</rs>
                     </author>
                     <note type="genre">
                        <rs type="genre" key="lista_editorial">Lista editorial</rs>
                     </note>
                     <textLang mainLang="pt" otherLangs="en"/>
                  </msItemStruct>
               </msContents>
               <history>
                  <origin>
                     <p>
                        <origDate when="1915" cert="medium">c. 1915</origDate>
                     </p>
                  </origin>
               </history>
            </msDesc>
         </sourceDesc>
      </fileDesc>
   </teiHeader>
   <facsimile>
      <graphic url="bn-acpc-e-e3_144x_JPG_24-C-R0150/bn-acpc-e-e3_144x_0107_54r_t24-C-R0150.jpg"/>
   </facsimile>
   <text>
      <body>
         <div>
            <note><del rend="overstrike">
                  <list>
                     <head><hi rend="underline">Plaquettes de “Orpheu”.</hi></head>
                     <item><label>1.</label><rs type="title">Scena do Odio</rs> — <rs type="name" key="P56"
                           >José de Almada-Negreiros</rs>.</item>
                     <item><label>2.</label><rs type="title">Two Unprintable Poems</rs> — <rs
                           type="name" key="FP" role="author">Fernando Pessôa.</rs></item>
                     <item><label>3.</label><rs type="title">Mundo Interior — Novella —</rs>
                        <rs type="name" key="P30">Mario de Sá-Carneiro</rs>.</item>
                     <item><label>4.</label><supplied resp="PS" reason="omitted-in-original"
                        /></item>
                  </list>
               </del></note>
            <list>
               <item><label>5.</label><supplied resp="PS" reason="omitted-in-original"/></item>
               <item><label>6.</label><supplied resp="PS" reason="omitted-in-original"/></item>
            </list>
         </div>
      </body>
   </text>
</TEI>
