<?xml version="1.0" encoding="UTF-8"?>
<?xml-model href="../schema/pessoaTEI.rng" type="application/xml" schematypens="http://relaxng.org/ns/structure/1.0"?>
<TEI xmlns="http://www.tei-c.org/ns/1.0">
   <teiHeader>
      <fileDesc>
         <titleStmt>
            <title>BNP/E3 48B-20<hi rend="superscript">r</hi></title>
            <author>
               <rs type="name" key="FP">Fernando Pessoa</rs>
            </author>
            <respStmt>
               <resp>Transcrição, Edição</resp>
               <name>Pedro Sepúlveda</name>
            </respStmt>
            <respStmt>
               <resp>Transcrição</resp>
               <name>Pablo Javier Pérez López</name>
            </respStmt>
            <respStmt>
               <resp>Codificação, Modelagem de dados</resp>
               <name>Ulrike Henny-Krahmer</name>
            </respStmt>
            <respStmt>
               <resp>Codificação</resp>
               <name>Isabel Figueiredo-Iken</name>
            </respStmt>
            <respStmt>
               <resp>Codificação</resp>
               <name>Sviatoslav Drach</name>
            </respStmt>
            <respStmt>
               <resp>Consultoria</resp>
               <name>Institut für Dokumentologie und Editorik (IDE)</name>
            </respStmt>
         </titleStmt>
         <publicationStmt>
            <publisher>Universidade Nova de Lisboa, Instituto de Estudos de Literatura e Tradição
               (IELT)</publisher>
            <publisher>Cologne Center for eHumanities (CCeH)</publisher>
            <date>2017</date>
            <availability status="restricted">
               <licence target="http://creativecommons.org/licenses/by/3.0/"/>
            </availability>
            <idno type="filename">BNP_E3_48B-20r.xml</idno>
         </publicationStmt>
         <sourceDesc>
            <msDesc>
               <msIdentifier>
                  <institution>Biblioteca Nacional de Portugal</institution>
                  <idno>BNP/E3 48B-20r</idno>
               </msIdentifier>
               <msContents>
                  <summary>
                     <p> Lista manuscrita em papel timbrado de «Athena | Revista de Arte», publicada em
                        Freitas,<hi rend="italic"> O Fio e o Labirinto: A Ficção Policial na obra de
                           Fernando Pessoa</hi> (2009, 242). </p>
                  </summary>
                  <msItemStruct>
                     <author>
                        <rs type="name" key="FP">Fernando Pessoa</rs>
                     </author>
                     <note type="genre">
                        <rs type="genre" key="lista_editorial">Lista editorial</rs>
                     </note>
                     <textLang mainLang="pt" otherLangs="en"/>
                  </msItemStruct>
               </msContents>
               <history>
                  <origin>
                     <p>
                        <origDate when="1930" cert="medium">c. 1930</origDate>
                     </p>
                  </origin>
               </history>
            </msDesc>
         </sourceDesc>
      </fileDesc>
   </teiHeader>
   <facsimile>
      <graphic
         url="bn-acpc-e-e3-48b-1-158_JPG_24-C-R0150/bn-acpc-e-e3-48b-1-158_0040_20_t24-C-R0150.jpg"
      />
   </facsimile>
   <text>
      <body>
         <div>
            <head><hi rend="underline">Major pieces:</hi></head>
            <list>
               <item><label>1.</label>
                  <rs type="title">O Caso Vargas</rs>.</item>
               <item><label>2.</label>
                  <rs type="title">Os Cumplices</rs>.</item>
               <item><label>3.</label>
                  <rs type="title">As Minas do Quanza</rs>.</item>
            </list>
            <metamark rend="line" function="distinct"/>
            <list>
               <item><label>1.</label>
                  <rs type="title">Conservatism</rs> (3 chapters or articles).</item>
               <item><label>2.</label>
                  <rs type="title">Erostratus</rs>.</item>
               <item><label>3.</label>
                  <rs type="title">Theory of Political Suffrage</rs>.</item>
               <item><label>4.</label>
                  <rs type="title">Anteros</rs>.</item>
            </list>
         </div>
      </body>
   </text>
</TEI>
