<?xml version="1.0" encoding="UTF-8"?>
<?xml-model href="../schema/pessoaTEI.rng" type="application/xml" schematypens="http://relaxng.org/ns/structure/1.0"?>
<TEI xmlns="http://www.tei-c.org/ns/1.0">
   <teiHeader>
      <fileDesc>
         <titleStmt>
            <title>BNP/E3 182<hi rend="superscript">r</hi></title>
            <author>
               <rs type="name" key="FP">Fernando Pessoa</rs>
            </author>
            <respStmt>
               <resp>Transcrição, Edição</resp>
               <name>Pedro Sepúlveda</name>
            </respStmt>
            <respStmt>
               <resp>Codificação, Modelagem de dados</resp>
               <name>Ulrike Henny-Krahmer</name>
            </respStmt>
            <respStmt>
               <resp>Codificação</resp>
               <name>Isabel Figueiredo-Iken</name>
            </respStmt>
            <respStmt>
               <resp>Codificação</resp>
               <name>Sviatoslav Drach</name>
            </respStmt>
            <respStmt>
               <resp>Consultoria</resp>
               <name>Institut für Dokumentologie und Editorik (IDE)</name>
            </respStmt>
         </titleStmt>
         <publicationStmt>
            <publisher>Universidade Nova de Lisboa, Instituto de Estudos de Literatura e Tradição
               (IELT)</publisher>
            <publisher>Cologne Center for eHumanities (CCeH)</publisher>
            <date>2017</date>
            <availability status="free">
               <licence target="http://creativecommons.org/licenses/by/3.0/"/>
            </availability>
            <idno type="filename">BNP_E3_182r.xml</idno>
         </publicationStmt>
         <sourceDesc>
            <msDesc>
               <msIdentifier>
                  <institution>Biblioteca Nacional de Portugal</institution>
                  <idno>BNP/E3 182r</idno>
               </msIdentifier>
               <msContents>
                  <summary>
                     <p>Lista manuscrita.</p>
                  </summary>
                  <msItemStruct>
                     <author>
                        <rs type="name" key="FP">Fernando Pessoa</rs>
                     </author>
                     <note type="genre">
                        <rs type="genre" key="lista_editorial">Lista editorial</rs>
                     </note>
                     <textLang mainLang="pt" otherLangs="en"/>
                  </msItemStruct>
               </msContents>
               <history>
                  <origin>
                     <p>
                        <origDate from="1920" to="1927">1920-1927</origDate>
                     </p>
                  </origin>
               </history>
            </msDesc>
         </sourceDesc>
      </fileDesc>
   </teiHeader>
   <facsimile>
      <graphic
         url="bn-acpc-e-e3-167-186_JPG_24-C-R0150/bn-acpc-e-e3-167-186_0033_182_t24-C-R0150.jpg"/>
   </facsimile>
   <text>
      <body>
         <div>
            <head><hi rend="underline">Edições do <choice>
                     <abbr>G</abbr>
                     <expan>G<ex>remio de </ex></expan>
                  </choice><choice>
                     <abbr>C</abbr>
                     <expan>C<ex>ultura </ex></expan>
                  </choice><choice>
                     <abbr>P</abbr>
                     <expan>P<ex>ortugueza</ex></expan>
                  </choice></hi></head>
            <list>
               <item>
                  <rs type="name" key="FP" role="author">Fernando Pessoa</rs> — “<rs type="title"
                     >Contra a Democracia</rs>.” </item>
               <item>
                  <choice>
                     <abbr>
                        <metamark rend="line-14" function="ditto"/>
                     </abbr>
                     <expan><rs type="name" key="FP" role="author">Fernando Pessoa</rs></expan>
                  </choice> — “<rs type="title">A Monarchia Nova</rs>.” </item>
               <item>
                  <rs type="name" role="author" key="P30">Mario de Sá-Carneiro</rs> — “<rs
                     type="title">Indicios de Ouro</rs>.” </item>
               <item>(<rs type="periodical" key="J12">“Orpheu”</rs> ou <rs type="periodical"
                     key="J2">“Athena”</rs>). </item>
               <item>(<rs type="periodical" key="J54">“Portugal”</rs> — magazine em inglez). </item>
               <item>(uma illustração em inglez ou francez).</item>
               <item>Traducção de <rs type="name" key="P65">Shakespeare</rs>.</item>
               <item>
                  <choice>
                     <abbr><metamark rend="line-14" function="ditto"/></abbr>
                     <expan>Traducção</expan>
                  </choice> dos classicos gregos e latinos.</item>
               <item>(<choice>
                     <abbr><metamark rend="line-14" function="ditto"/></abbr>
                     <expan>Traducção</expan>
                  </choice> da <rs type="title">Nibelungenlied</rs>) <note place="margin-right"><gap
                        reason="illegible" unit="word" extent="1"/> hellenico,<lb/> importa? —
                     ?</note>
               </item>
               <item>Livros portuguezes em inglez: <rs type="name" role="author" key="P356"><choice>
                        <abbr>Alex<am>.</am></abbr>
                        <expan>Alex<ex>andre</ex></expan>
                     </choice>Herculano</rs> —<lb/> “<rs type="title">Historia de Portugal</rs>” e
                  mais. </item>
               <item>(Edições — directas, anthologias, em inglez) <note place="margin-right">— fora
                     do<lb/> intuito. √</note></item>
               <item>“<rs type="title">Age of Machinery</rs>.”</item>
               <item>“<rs type="title">Bushido</rs>.”</item>
               <item><rs type="title">Home University Library</rs>.</item>
               <item rend="indent-2"><rs type="title">Anthologias portuguezas</rs> — uma de versos,
                  outra <lb/>de prosa — em inglez, francez, hespanhol,<lb/> italiano e alemão — etc.
               </item>
            </list>
         </div>
      </body>
   </text>
</TEI>
