<?xml version="1.0" encoding="UTF-8"?>
<?xml-model href="../schema/pessoaTEI.rng" type="application/xml" schematypens="http://relaxng.org/ns/structure/1.0"?>
<TEI xmlns="http://www.tei-c.org/ns/1.0">
   <teiHeader>
      <fileDesc>
         <titleStmt>
            <title>BNP/E3 144P-2<hi rend="superscript">r</hi>
            </title>
            <author>
               <rs type="name" key="FP">Fernando Pessoa</rs>
            </author>
            <respStmt>
               <resp>Transcrição, Edição</resp>
               <name>Pedro Sepúlveda</name>
            </respStmt>
            <respStmt>
               <resp>Modelagem de dados, Codificação</resp>
               <name>Ulrike Henny-Krahmer</name>
            </respStmt>
            <respStmt>
               <resp>Codificação</resp>
               <name>Sviatoslav Drach</name>
            </respStmt>
            <respStmt>
               <resp>Codificação</resp>
               <name>Ana Leonor Branco</name>
            </respStmt>
            <respStmt>
               <resp>Consultoria</resp>
               <name>Institut für Dokumentologie und Editorik (IDE)</name>
            </respStmt>
         </titleStmt><editionStmt><p>Corpus version C2.1.0</p></editionStmt>
         <publicationStmt>
            <publisher>Universidade Nova de Lisboa, Instituto de Estudos de Literatura e Tradição
               (IELT)</publisher>
            <publisher>Cologne Center for eHumanities (CCeH)</publisher>
            <date>2017</date>
            <availability status="free">
               <licence target="http://creativecommons.org/licenses/by/4.0/"/>
            </availability>
            <idno type="filename">BNP_E3_144P-2r.xml</idno>
         </publicationStmt>
         <sourceDesc>
            <msDesc>
               <msIdentifier>
                  <institution>Biblioteca Nacional de Portugal</institution>
                  <idno>BNP/E3 144P-2r</idno>
               </msIdentifier>
               <msContents>
                  <summary>
                     <p> Lista manuscrita no caderno 144P (cf. <ref target="http://purl.pt/13891">http://purl.pt/13891</ref>). </p>
                  </summary>
                  <msItemStruct>
                     <author>
                        <rs type="name" key="FP">Fernando Pessoa</rs>
                     </author>
                     <note type="genre">
                        <rs type="genre" key="lista_editorial">Lista editorial</rs>
                     </note>
                     <textLang mainLang="pt" otherLangs="en"/>
                  </msItemStruct>
               </msContents>
               <history>
                  <origin>
                     <p>
                        <origDate when="1913" cert="medium">c. 1913</origDate>
                     </p>
                  </origin>
               </history>
            </msDesc>
         </sourceDesc>
      </fileDesc>
      <revisionDesc>
         <change when="2023-11-15" who="#FAF">
                    Added edition statement to the teiHeader
                </change>
      </revisionDesc>
   </teiHeader>
   <facsimile xml:base="http://images.cceh.uni-koeln.de/pessoa/">
      <graphic url="bn-acpc-e-e3_144p_JPG_24-C-R0150/bn-acpc-e-e3_144p_0017_2r_t24-C-R0150.jpg"/>
   </facsimile>
   <text>
      <body>
         <div>
            <gap reason="selection" unit="line" extent="17"/>
            <list>
               <item>
                  <hi rend="underline">
                     <rs type="periodical" key="J5">Artigo
                  Aguia</rs>
                  </hi>.</item>
               <item>
                  <hi rend="underline">
                     <rs type="title">25 Sonnets</rs>
                  </hi>.</item>
            </list>
         </div>
      </body>
   </text>
</TEI>
