<?xml version="1.0" encoding="UTF-8"?> <?xml-model href="../schema/pessoaTEI.rng" type="application/xml" schematypens="http://relaxng.org/ns/structure/1.0"?>
<TEI xmlns="http://www.tei-c.org/ns/1.0">
    <teiHeader>
        <fileDesc>
            <titleStmt>
                <title>BNP/E3 144Y-51<hi rend="superscript">V</hi></title>
                <author>
                    <rs type="person" key="FP">Fernando Pessoa</rs>
                </author>
                <respStmt>
                    <resp>Transcrição, Edição</resp>
                    <name>Pedro Sepúlveda</name>
                </respStmt>
                <respStmt>
                    <resp>Modelagem de dados, Codificação</resp>
                    <name>Ulrike Henny</name>
                </respStmt>
                <respStmt>
                    <resp>Codificação</resp>
                    <name>Isabel Figueiredo-Iken</name>
                </respStmt>
                <respStmt>
                    <resp>Consultoria</resp>
                    <name>Institut für Dokumentologie und Editorik (IDE)</name>
                </respStmt>
            </titleStmt>
            <publicationStmt>
                <publisher>Universidade Nova de Lisboa, Instituto de Estudos de Literatura e Tradição (IELT)</publisher>
                <publisher>Cologne Center for eHumanities (CCeH)</publisher>
                <date>2016</date>
                <availability>
                    <licence target="http://creativecommons.org/licenses/by/3.0/"/>
                </availability>
                <idno type="filename">BNP_E3_144Y-51V.xml</idno>
            </publicationStmt>
            <sourceDesc>
                <msDesc xml:id="M1" type="structured">
                    <msIdentifier>
                        <institution>Biblioteca Nacional de Portugal</institution>
                        <idno>BNP/E3 144Y-51V</idno>
                    </msIdentifier>
                    <msContents>
                        <msItemStruct>
                            <author>
                                <rs type="person" key="FP">Fernando Pessoa</rs>
                            </author>
                            <note type="genre">
                                <rs type="genre" key="lista_editorial">Lista editorial</rs>
                            </note>
                            <textLang mainLang="pt" otherLangs="en"/>
                        </msItemStruct>
                    </msContents>
                    <history>
                        <origin>
                            <p>
                                <origDate when="1917" cert="medium">c. 1917</origDate>
                            </p>
                        </origin>
                    </history>
                </msDesc>
                <msDesc corresp="#M1" type="prose"><msIdentifier/>
                    <p>Lista manuscrita a lápis, numa folha do caderno 144Y, qua apresenta numerosos textos
                        datados de 1917.</p>
                    <p>Nesta lista aparece mais uma coleção de livros, pensados sob o esquema de <hi
                        rend="italic">biblioteca</hi> como antes o foram listas intituladas <hi
                            rend="italic">Biblioteca da Europa ou Cosmopólis</hi> (<ref
                                target="BNP_E3_68A-3-e-48B-11">68A-3 e 48B-11</ref>). Seria considerada aqui a
                        inclusão de quatro volumes da obra completa de Mário de Sá-Carneiro, tendo presente que
                        Pessoa teria ficado, após o suicídio do poeta, como o responsável literário do seu
                        amigo. Nesta lista é referido o título <hi rend="italic">Arco de Triunfo</hi> para o
                        livro de Álvaro de Campos, tendo presente que no mesmo caderno se encontra um plano
                        desse livro, datado de 1917 (cf. <ref target="BNP_E3_144Y-62v">144Y-62<hi
                            rend="superscript">v</hi></ref>).</p>
                </msDesc>
            </sourceDesc>
        </fileDesc>
    </teiHeader>
    <facsimile>
        <graphic url="bn-acpc-e-e3_144y_JPG_24-C-R0150/bn-acpc-e-e3_144y_0102_51v_t24-C-R0150.jpg"/>
    </facsimile>
    <text>
        <body>
            <div>
                <list>
                    <head>Books to figure in a “Library” or “Collection”.</head>
                    <metamark rend="line" function="distinct"/>
                    <item>
                        <rs type="person" key="P30">Mario de Sá-Carneiro</rs>: <rs type="text">Obras</rs>. 4 <choice><abbr>vols<am>.</am></abbr><expan>vol<ex>ume</ex>s</expan></choice>
                    </item>
                    <item>
                        <rs type="person">José de Almada-Negreiros</rs>: (see what).
                    </item>
                    <item>
                        <rs type="person" key="FP" role="author" style="b">Fernando Pessoa</rs>: <rs type="text">Theatro Statico</rs>. (1.a serie)
                    </item>
                    <item>
                        <rs type="work" key="O1" style="c"><choice>
                            <abbr>
                                <metamark rend="line" function="ditto"/>
                            </abbr>
                            <expan><rs type="person" key="FP" role="author" style="b">Fernando Pessoa</rs></expan>
                        </choice>: <rs type="text">Itinerario</rs>.</rs>
                    </item>
                    <item>
                        <rs type="work" key="O4" style="b"><rs type="person" key="AdC" role="author">Alvaro de Campos</rs>: <rs type="text">Arco de Triumpho</rs></rs>.
                    </item>
                </list>
            </div>
        </body>
    </text>
</TEI>