<?xml version="1.0" encoding="UTF-8"?> <?xml-model href="../schema/pessoaTEI.rng" type="application/xml" schematypens="http://relaxng.org/ns/structure/1.0"?>
<TEI xmlns="http://www.tei-c.org/ns/1.0">
    <teiHeader>
        <fileDesc>
            <titleStmt>
                <title>BNP/E3 48G-33<hi rend="superscript">r</hi></title>
                <author>
                    <rs type="name" key="FP">Fernando Pessoa</rs>
                </author>
                <respStmt>
                    <resp>Transcrição, Edição</resp>
                    <name>Pedro Sepúlveda</name>
                </respStmt>
                <respStmt>
                    <resp>Transcrição</resp>
                    <name>Pablo Javier Pérez López</name>
                </respStmt>
                <respStmt>
                    <resp>Transcrição</resp>
                    <name>Jorge Uribe</name>
                </respStmt>
                <respStmt>
                    <resp>Codificação, Modelagem de dados</resp>
                    <name>Ulrike Henny</name>
                </respStmt>
                <respStmt>
                    <resp>Codificação</resp>
                    <name>Isabel Figueiredo-Iken</name>
                </respStmt>
                <respStmt>
                    <resp>Codificação</resp>
                    <name>Sviatoslav Drach</name>
                </respStmt>
                <respStmt>
                    <resp>Consultoria</resp>
                    <name>Institut für Dokumentologie und Editorik (IDE)</name>
                </respStmt>
            </titleStmt>
            <publicationStmt>
                <publisher>Universidade Nova de Lisboa, Instituto de Estudos de Literatura e
                    Tradição (IELT)</publisher>
                <publisher>Cologne Center for eHumanities (CCeH)</publisher>
                <date>2016</date>
                <availability>
                    <licence target="http://creativecommons.org/licenses/by/3.0/"/>
                </availability>
                <idno type="filename">BNP_E3_48G-33r.xml</idno>
            </publicationStmt>
            <sourceDesc>
                <msDesc>
                    <msIdentifier>
                        <institution>Biblioteca Nacional de Portugal</institution>
                        <idno>BNP/E3 48G-33r</idno>
                    </msIdentifier>
                    <msContents>
                        <summary>
                            <p> Lista datilografada, publicada em <hi rend="italic">Obras de António
                                Mora</hi> (2002, 164). </p>
                        </summary>
                        <msItemStruct>
                            <author>
                                <rs type="name" key="FP">Fernando Pessoa</rs>
                            </author>
                            <note type="genre">
                                <rs type="genre" key="lista_editorial">Lista editorial</rs>
                            </note>
                            <textLang mainLang="pt"/>
                        </msItemStruct>
                    </msContents>
                    <history>
                        <origin>
                            <p>
                                <origDate when="1915" cert="medium">c. 1915</origDate>
                            </p>
                        </origin>
                    </history>
                </msDesc>
            </sourceDesc>
        </fileDesc>
    </teiHeader>
    <facsimile>
        <graphic
            url="bn-acpc-e-e3-48g-1-37_JPG_24-C-R0150/bn-acpc-e-e3-48g-1-37_0065_33_t24-C-R0150.jpg"
        />
    </facsimile>
    <text>
        <body>
            <div>
                <head><rs type="periodical" key="J2"><hi rend="red">ATHENA</hi></rs> — Cadernos de
                    Reconstrucção Pagã.</head>
                <table rows="2" cols="2">
                    <row>
                        <cell>Cada caderno de 64 a 128 paginas.</cell>
                        <cell>Preço: 300 reis (?)</cell>
                    </row>
                    <row>
                        <cell>Director: <rs type="name" key="P1" style="a">Antonio
                            Móra</rs>.</cell>
                        <cell>Publicação irregular.</cell>
                    </row>
                </table>
                <metamark rend="line" function="distinct"/>
                <list>
                    <head><hi rend="red">Primeiro Caderno:</hi></head>
                    <item>
                        <rs type="title">Prefacio</rs> — <rs type="name" key="P1" style="a">Antonio
                            Móra</rs>. </item>
                    <item>
                        <rs type="work" key="O2" style="b"><rs type="title">O Guardador de
                                Rebanhos</rs> — Poemas — <rs type="name" key="AC" role="author"
                                >Alberto Caeiro</rs>.</rs>
                    </item>
                    <item>
                        <rs type="work" key="O3" style="b"><rs type="title">Odes — <choice>
                                    <abbr>Liv<am>.</am></abbr>
                                    <expan>Liv<ex>ros</ex></expan>
                                </choice> I e II.</rs> — <rs type="name" role="author" key="RR"
                                >Ricardo Reis</rs></rs>. </item>
                    <item>
                        <rs type="title">O Regresso dos Deuses</rs> — Estudo — <rs type="name"
                            >Antonio Móra</rs>. </item>
                </list>
                <metamark rend="line" function="distinct"/>
                <list>
                    <head><hi rend="red">Segundo Caderno:</hi></head>
                    <item>
                        <rs type="title">Introducção ao Estudo da Metaphysica</rs> — <rs type="name"
                            key="P1" style="a">Antonio Móra</rs>. </item>
                </list>
                <metamark rend="line" function="distinct"/>
                <list>
                    <head><hi rend="red">Terceiro Caderno:</hi></head>
                    <item>
                        <rs type="work" key="O2" style="c"><rs type="title">O Pastor Amoroso</rs> —
                            Poemas — <rs type="name" key="AC" role="author">Alberto
                            Caeiro</rs></rs>. </item>
                    <item>
                        <rs type="work" key="O3" style="b"><rs type="title">Odes — <choice>
                                    <abbr>Liv<am>.</am></abbr>
                                    <expan>Liv<ex>ros</ex></expan>
                                </choice> III.</rs> — <rs type="name" key="RR" role="author"
                                >Ricardo Reis</rs></rs>. </item>
                    <item>
                        <rs type="title"><rs type="name" key="P84">Milton</rs> Superior a <rs
                                type="person" key="P65">Shakespeare</rs></rs> — <rs type="name"
                            key="P1" style="a">Antonio Móra</rs>. </item>
                    <metamark rend="line" function="distinct"/>
                </list>
                <list>
                    <head><hi rend="red">Quarto Caderno:</hi></head>
                    <item>
                        <rs type="title">Ensaio sobre a Disciplina</rs> — <rs type="name" key="P1"
                            style="a">Antonio Móra</rs>. </item>
                    <metamark rend="line" function="end"/>
                </list>
            </div>
        </body>
    </text>
</TEI>
