<?xml version="1.0" encoding="UTF-8"?> <?xml-model href="../schema/pessoaTEI.rng" type="application/xml" schematypens="http://relaxng.org/ns/structure/1.0"?>
<TEI xmlns="http://www.tei-c.org/ns/1.0">
    <teiHeader>
        <fileDesc>
            <titleStmt>
                <title>BNP/E3 48I-10<hi rend="superscript">r</hi>
                </title>
                <author>
                    <rs type="name" key="FP">Fernando Pessoa</rs>
                </author>
                <respStmt>
                    <resp>Transcrição, Edição</resp>
                    <name>Pedro Sepúlveda</name>
                </respStmt>
                <respStmt>
                    <resp>Transcrição</resp>
                    <name>Pablo Javier Pérez López</name>
                </respStmt>
                <respStmt>
                    <resp>Codificação, Modelagem de dados</resp>
                    <name>Ulrike Henny-Krahmer</name>
                </respStmt>
                <respStmt>
                    <resp>Codificação</resp>
                    <name>Isabel Figueiredo-Iken</name>
                </respStmt>
                <respStmt>
                    <resp>Codificação</resp>
                    <name>Sviatoslav Drach</name>
                </respStmt>
                <respStmt>
                    <resp>Consultoria</resp>
                    <name>Institut für Dokumentologie und Editorik (IDE)</name>
                </respStmt>
            </titleStmt>
            <publicationStmt>
                <publisher>Universidade Nova de Lisboa, Instituto de Estudos de Literatura e
                    Tradição (IELT)</publisher>
                <publisher>Cologne Center for eHumanities (CCeH)</publisher>
                <date>2017</date>
                <availability>
                    <licence target="http://creativecommons.org/licenses/by/3.0/"/>
                </availability>
                <idno type="filename">BNP_E3_48I-10r.xml</idno>
            </publicationStmt>
            <sourceDesc>
                <msDesc>
                    <msIdentifier>
                        <institution>Biblioteca Nacional de Portugal</institution>
                        <idno>BNP/E3 48I-10r</idno>
                    </msIdentifier>
                    <msContents>
                        <summary>
                            <p> Lista datilografada, publicada em <hi rend="italic">A Demonstração do
                                Indemonstrável</hi> (2011, 81). </p>
                        </summary>
                        <msItemStruct>
                            <author>
                                <rs type="name" key="FP">Fernando Pessoa</rs>
                            </author>
                            <note type="genre">
                                <rs type="genre" key="lista_editorial">Lista editorial</rs>
                            </note>
                            <textLang mainLang="en" otherLangs="fr pt"/>
                        </msItemStruct>
                    </msContents>
                    <history>
                        <origin>
                            <p>
                                <origDate when="1914" cert="medium">c. 1914</origDate>
                            </p>
                        </origin>
                    </history>
                </msDesc>
            </sourceDesc>
        </fileDesc>
    </teiHeader>
    <facsimile>
        <graphic
            url="bn-acpc-e-e3-48i-1-30_JPG_24-C-R0150/bn-acpc-e-e3-48i-1-30_0019_10_t24-C-R0150.jpg"
        />
    </facsimile>
    <text>
        <body>
            <div>
                <list>
                    <head>
                        <hi rend="underline">Translations:</hi>
                    </head>
                    <item>
                        <rs type="title">Estudiante de <rs type="place">Salamanca</rs></rs>. </item>
                    <item>
                        <rs type="title">Sonnets of <rs type="name" key="P15">Camoens</rs></rs>. </item>
                    <item>
                        <rs type="title">Songs from the old Portuguese Song Books</rs>. </item>
                    <item>
                        <rs type="title">Spanish and Portuguese Sonnets</rs>. <ab rend="offset"
                            >(Brazilian ?)</ab>
                    </item>
                    <item>
                        <rs type="title">Portuguese Proverbs</rs>. </item>
                    <item>
                        <rs type="title">Portuguese Folk Verse</rs>. </item>
                </list>
                <list>
                    <head>
                        <hi rend="underline">Articles (<rs type="name" key="P16">Thomas
                                Crosse</rs>):</hi>
                    </head>
                    <item>
                        <rs type="title">The Birthplace of <rs type="name" key="P20"
                            >Columbus</rs></rs>. </item>
                    <item>
                        <rs type="title">The Origin of the Discoveries</rs>. </item>
                    <item>
                        <rs type="title">A Pre Romantic (<rs type="name" key="P24">José Anastacio
                                da Cunha</rs>)</rs>. </item>
                    <item>
                        <rs type="title">The Myth of <rs type="name" key="P21" style="a">King
                            Sebastian</rs></rs>. </item>
                </list>
            </div>
        </body>
    </text>
</TEI>
