<?xml version="1.0" encoding="UTF-8"?> 
<?xml-model href="../schema/pessoaTEI.rng" type="application/xml" schematypens="http://relaxng.org/ns/structure/1.0"?>
<TEI xmlns="http://www.tei-c.org/ns/1.0">
    <teiHeader>
        <fileDesc>
            <titleStmt>
                <title>BNP/E3 71A-2<hi rend="superscript">v</hi></title>
                <author>
                    <rs type="name" key="FP">Fernando Pessoa</rs>
                </author>
                <respStmt>
                    <resp>Transcrição, Edição</resp>
                    <name>Pedro Sepúlveda</name>
                </respStmt>
                <respStmt>
                    <resp>Transcrição</resp>
                    <name>Pablo Javier Pérez López</name>
                </respStmt>
                <respStmt>
                    <resp>Transcrição</resp>
                    <name>Jorge Uribe</name>
                </respStmt>
                <respStmt>
                    <resp>Codificação, Modelagem de dados</resp>
                    <name>Ulrike Henny-Krahmer</name>
                </respStmt>
                <respStmt>
                    <resp>Codificação</resp>
                    <name>Isabel Figueiredo-Iken</name>
                </respStmt>
                <respStmt>
                    <resp>Codificação</resp>
                    <name>Sviatoslav Drach</name>
                </respStmt>
                <respStmt>
                    <resp>Consultoria</resp>
                    <name>Institut für Dokumentologie und Editorik (IDE)</name>
                </respStmt>
            </titleStmt>
            <publicationStmt>
                <publisher>Universidade Nova de Lisboa, Instituto de Estudos de Literatura e
                    Tradição (IELT)</publisher>
                <publisher>Cologne Center for eHumanities (CCeH)</publisher>
                <date>2017</date>
                <availability status="restricted">
                    <licence target="http://creativecommons.org/licenses/by/3.0/"/>
                </availability>
                <idno type="filename">BNP_E3_71A-2v.xml</idno>
            </publicationStmt>
            <sourceDesc>
                <msDesc>
                    <msIdentifier>
                        <institution>Biblioteca Nacional de Portugal</institution>
                        <idno>BNP/E3 71A-2v</idno>
                    </msIdentifier>
                    <msContents>
                        <summary>
                            <p> Lista manuscrita, publicada em <hi rend="italic">Pessoa por
                                    Conhecer</hi> (1990, II, 486-487). </p>
                        </summary>
                        <msItemStruct>
                            <author>
                                <rs type="name" key="FP">Fernando Pessoa</rs>
                            </author>
                            <note type="genre">
                                <rs type="genre" key="lista_editorial">Lista editorial</rs>
                            </note>
                            <textLang mainLang="pt" otherLangs="en fr"/>
                        </msItemStruct>
                    </msContents>
                    <history>
                        <origin>
                            <p>
                                <origDate from="1915" to="1916" cert="medium">c.
                                    1915-1916</origDate>
                            </p>
                        </origin>
                    </history>
                </msDesc>
            </sourceDesc>
        </fileDesc>
    </teiHeader>
    <facsimile>
        <graphic
            url="bn-acpc-e-e3-71a-1-64_JPG_24-C-R0150/bn-acpc-e-e3-71a-1-64_0004_2v_t24-C-R0150.jpg"
        />
    </facsimile>
    <text>
        <body>
            <div>
                <div>
                    <head rend="center">
                        <hi rend="underline">Neo-paganismo</hi>
                        <add n="2"><hi rend="superscript">(Neo-<seg type="certainty" cert="medium"
                                    resp="FP">naturalismo</seg>)</hi></add>
                    </head>
                    <table>
                        <row>
                            <cell rend="right">
                                <label>
                                    <seg><hi rend="underline"><rs type="name" key="RR" role="author"
                                                >Ricardo Reis</rs></hi>: <add place="below" n="2"
                                            >(ou <rs type="name" key="P1" style="b"><hi
                                                  rend="underline">Antonio
                                        Mora</hi></rs>)</add></seg>
                                </label>
                            </cell>
                            <cell>
                                <rs type="work" key="W65"><rs type="work" key="W64"><rs type="title"
                                            key="T84">O Regresso dos Deuses, e outros<lb/>estudos
                                            neo-pagãos</rs></rs></rs>.<lb/>
                                <add n="2">(a <choice>
                                        <abbr>vol<am>.</am></abbr>
                                        <expan>vol<ex>ume</ex></expan>
                                    </choice> like <rs type="work" key="W66"><rs type="name"
                                            key="P78">André Beaunier</rs>’s <rs type="title"
                                            key="T85"><hi rend="underline">La poésie
                                            nouvelle</hi></rs></rs>).</add>
                            </cell>
                        </row>
                        <row>
                            <cell rend="right">
                                <label>
                                    <hi rend="underline"><rs type="name" key="AC" role="author"
                                            >Alberto Caeiro</rs></hi>: </label>
                            </cell>
                            <cell>
                                <rs type="work" key="W18"><rs type="title" key="T18">O Guardador de
                                        Rebanhos</rs></rs>. </cell>
                        </row>
                        <row>
                            <cell rend="right">
                                <label>
                                    <choice>
                                        <abbr>
                                            <metamark rend="quotes" function="ditto"/>
                                        </abbr>
                                        <expan><hi rend="underline"><rs type="name" key="AC"
                                                  role="author">Alberto Caeiro</rs></hi></expan>
                                    </choice>: </label>
                            </cell>
                            <cell>
                                <rs type="work" key="W60"><rs type="title" key="T80">O Pastor
                                        Amoroso</rs></rs>. </cell>
                        </row>
                        <row>
                            <cell rend="right">
                                <label>
                                    <hi rend="underline"><rs type="name" key="P1" style="a">Antonio
                                            Móra</rs>:</hi>
                                </label>
                            </cell>
                            <cell>
                                <rs type="work" key="W59"><rs type="title" key="T79">Introducção ao
                                        estudo da<lb/>metaphysica</rs></rs>. </cell>
                        </row>
                        <row>
                            <cell rend="right">
                                <label>
                                    <hi rend="underline"><rs type="name" key="RR" role="author"
                                            >Ricardo Reis</rs></hi>: </label>
                            </cell>
                            <cell>
                                <rs type="work" key="W67"><rs type="title" key="T86">Odes, <choice>
                                            <abbr>liv<am>.</am></abbr>
                                            <expan>liv<ex>ros</ex>
                                            </expan>
                                        </choice>I a IV</rs></rs>. </cell>
                        </row>
                    </table>
                </div>
                <div>
                    <head rend="center"><hi rend="underline">Sensacionismo</hi></head>
                    <table>
                        <row>
                            <cell rend="right">
                                <label>
                                    <hi rend="underline"><rs type="name" key="AdC" role="author"
                                            >Alvaro de Campos</rs></hi>: </label>
                            </cell>
                            <cell>
                                <rs type="work" key="O4" style="b"><rs type="work" key="W69"><rs
                                            type="work" key="W68"><rs type="title">Arco de Triumpho
                                                –<lb/>cinco <choice>
                                                  <seg n="1">odes</seg>
                                                  <seg n="2"><add place="below">apotheoses em
                                                  verso.</add></seg>
                                                </choice></rs></rs></rs></rs><lb/> (“Ao mestre – <rs
                                    type="name" key="AC" role="topic">Alberto Caeiro</rs>”) </cell>
                        </row>
                    </table>
                </div>
                <div>
                    <head rend="center"><hi rend="underline">Interseccionismo</hi></head>
                    <table>
                        <row>
                            <cell rend="right">
                                <label>
                                    <hi rend="underline"><rs type="name" key="P30">Mario de
                                            Sá-Carneiro</rs>:</hi>
                                </label>
                            </cell>
                            <cell>
                                <rs type="work" key="W70"><rs type="title" key="T89">A Confissão de
                                        Lucio</rs></rs>. </cell>
                        </row>
                        <row>
                            <cell rend="right">
                                <label>
                                    <choice>
                                        <abbr>
                                            <metamark rend="quotes" function="ditto"/>
                                        </abbr>
                                        <expan><hi rend="underline"><rs type="name" key="P30">Mario
                                                  de Sá-Carneiro</rs></hi></expan>
                                    </choice>: </label>
                            </cell>
                            <cell>
                                <rs type="work" key="W71"><rs type="title" key="T90"
                                    >Dispersão</rs></rs>. </cell>
                        </row>
                        <row>
                            <cell rend="right">
                                <label>
                                    <choice>
                                        <abbr>
                                            <metamark rend="quotes" function="ditto"/>
                                        </abbr>
                                        <expan><hi rend="underline"><rs type="name" key="P30">Mario
                                                  de Sá-Carneiro</rs></hi></expan>
                                    </choice>: </label>
                            </cell>
                            <cell>
                                <rs type="work" key="W72"><rs type="title" key="T91">Céu em
                                        fôgo</rs></rs>. </cell>
                        </row>
                        <row>
                            <cell rend="right">
                                <label>
                                    <choice>
                                        <abbr>
                                            <metamark rend="quotes" function="ditto"/>
                                        </abbr>
                                        <expan><hi rend="underline"><rs type="name" key="P30">Mario
                                                  de Sá-Carneiro</rs></hi></expan>
                                    </choice>: </label>
                            </cell>
                            <cell>
                                <rs type="work" key="W73"><rs type="title" key="T92">Indicios de
                                        ouro</rs></rs>. </cell>
                        </row>
                    </table>
                    <table>
                        <row>
                            <cell rend="right">
                                <label>
                                    <hi rend="underline"><rs type="name" key="P36">Alfredo Pedro
                                            Guisado</rs>:</hi>
                                </label>
                            </cell>
                            <cell>
                                <rs type="work" key="W74"><rs type="title" key="T93"
                                    >Distancia</rs></rs>. </cell>
                        </row>
                        <row>
                            <cell rend="right">
                                <label>
                                    <choice>
                                        <abbr>
                                            <metamark rend="quotes" function="ditto"/>
                                        </abbr>
                                        <expan><hi rend="underline"><rs type="name" key="P36"
                                                  >Alfredo Pedro Guisado</rs></hi></expan>
                                    </choice>: </label>
                            </cell>
                            <cell>
                                <rs type="work" key="W75"><rs type="title" key="T75"
                                    >Escadaria</rs></rs>. </cell>
                        </row>
                        <row>
                            <cell rend="right">
                                <label>
                                    <hi rend="underline"><rs type="name" key="FP" role="author"
                                            style="b">Fernando Pessoa</rs>:</hi>
                                </label>
                            </cell>
                            <cell>
                                <rs type="work" key="W76"><rs type="title" key="T47"
                                    >Episodios</rs></rs>. </cell>
                        </row>
                        <row>
                            <cell rend="right">
                                <label>
                                    <choice>
                                        <abbr>
                                            <metamark rend="quotes" function="ditto"/>
                                        </abbr>
                                        <expan><hi rend="underline"><rs type="name" key="FP"
                                                  role="author" style="b">Fernando
                                            Pessoa</rs></hi></expan>
                                    </choice>: </label>
                            </cell>
                            <cell>
                                <rs type="work" key="W77"><rs type="title" key="T95">Theatro
                                        estatico</rs></rs>
                            </cell>
                        </row>
                        <row>
                            <cell rend="right">
                                <label>
                                    <choice>
                                        <abbr>
                                            <metamark rend="quotes" function="ditto"/>
                                        </abbr>
                                        <expan><hi rend="underline"><rs type="name" key="FP"
                                                  role="author" style="b">Fernando
                                            Pessoa</rs></hi></expan>
                                    </choice>: </label>
                            </cell>
                            <cell>
                                <rs type="work" key="W78"><rs type="title" key="T96">Livro do
                                        Desassocego</rs></rs>. </cell>
                        </row>
                    </table>
                </div>
                <gap reason="selection" unit="line" extent="12"/>
            </div>
        </body>
    </text>
</TEI>
