<?xml version="1.0" encoding="UTF-8"?>
<?xml-model href="../schema/pessoaTEI.rng" type="application/xml" schematypens="http://relaxng.org/ns/structure/1.0"?>
<TEI xmlns="http://www.tei-c.org/ns/1.0">
   <teiHeader>
      <fileDesc>
         <titleStmt>
            <title>BNP/E3 48-8</title>
            <author>
               <rs type="name" key="FP">Fernando Pessoa</rs>
            </author>
            <respStmt>
               <resp>Transcrição, Edição</resp>
               <name>Pedro Sepúlveda</name>
            </respStmt>
            <respStmt>
               <resp>Codificação, Modelagem de dados</resp>
               <name>Ulrike Henny</name>
            </respStmt>
            <respStmt>
               <resp>Codificação</resp>
               <name>Isabel Figueiredo-Iken</name>
            </respStmt>
            <respStmt>
               <resp>Codificação</resp>
               <name>Sviatoslav Drach</name>
            </respStmt>
            <respStmt>
               <resp>Consultoria</resp>
               <name>Institut für Dokumentologie und Editorik (IDE)</name>
            </respStmt>
         </titleStmt>
         <publicationStmt>
            <publisher>Universidade Nova de Lisboa, Instituto de Estudos de Literatura e Tradição
               (IELT)</publisher>
            <publisher>Cologne Center for eHumanities (CCeH)</publisher>
            <date>2017</date>
            <availability>
               <licence target="http://creativecommons.org/licenses/by/3.0/"/>
            </availability>
            <idno type="filename">BNP_E3_48-8.xml</idno>
         </publicationStmt>
         <sourceDesc>
            <msDesc>
               <msIdentifier>
                  <institution>Biblioteca Nacional de Portugal</institution>
                  <idno>BNP/E3 48-8</idno>
               </msIdentifier>
               <msContents>
                  <summary>
                     <p>Lista manuscrita.</p>
                  </summary>
                  <msItemStruct>
                     <author>
                        <rs type="name" key="FP">Fernando Pessoa</rs>
                     </author>
                     <note type="genre">
                        <rs type="genre" key="lista_editorial">Lista editorial</rs>
                     </note>
                     <textLang mainLang="pt" otherLangs="en fr sp it"/>
                  </msItemStruct>
               </msContents>
               <history>
                  <origin>
                     <p>
                        <origDate>?</origDate>
                     </p>
                  </origin>
               </history>
            </msDesc>
         </sourceDesc>
      </fileDesc>
   </teiHeader>
   <facsimile>
      <graphic url="bn-acpc-e-e3-48-1-56_JPG_24-C-R0150/bn-acpc-e-e3-48-1-56_0015_8_t24-C-R0150.jpg"/>
      <graphic
         url="bn-acpc-e-e3-48-1-56_JPG_24-C-R0150/bn-acpc-e-e3-48-1-56_0016_8v_t24-C-R0150.jpg"/>
   </facsimile>
   <text>
      <body>
         <div>
            <head><hi rend="underline">Anthology.</hi></head>
            <list>
               <item>
                  <rs type="name" key="P288">Francis Thompson</rs>: <rs type="title">The Hound of
                     Heaven</rs>. (<choice>
                     <abbr>vol<am>.</am></abbr>
                     <expan>vol<ex>ume</ex></expan>
                  </choice> i) </item>
               <item>
                  <choice>
                     <abbr><metamark rend="space-14" function="ditto"/></abbr>
                     <expan><rs type="name" key="P288">Francis Thompson</rs></expan>
                  </choice>: <rs type="title">The Mistress of Vision.</rs> (<choice>
                     <abbr>vol<am>.</am></abbr>
                     <expan>vol<ex>ume</ex></expan>
                  </choice> ii) </item>
               <item>
                  <choice>
                     <abbr><metamark rend="space-14" function="ditto"/></abbr>
                     <expan><rs type="name" key="P288">Francis Thompson</rs></expan>
                  </choice>: <rs type="title">The Kingdom of God</rs> (<choice>
                     <abbr>vol<am>.</am></abbr>
                     <expan>vol<ex>ume</ex></expan>
                  </choice> ii) </item>
               <item>
                  <rs type="name" key="P267">Robert Browning</rs>: <rs type="title">Rabi ben
                     Ezra</rs>. </item>
               <item>
                  <choice>
                     <abbr><metamark rend="space-14" function="ditto"/></abbr>
                     <expan><rs type="name" key="P267">Robert Browning</rs></expan>
                  </choice>: <rs type="title">James Lee’s wife</rs>. </item>
               <item>
                  <choice>
                     <abbr><metamark rend="space-14" function="ditto"/></abbr>
                     <expan><rs type="name" key="P267">Robert Browning</rs></expan>
                  </choice>: <rs type="title">Prospice</rs>. </item>
               <item>
                  <choice>
                     <abbr><metamark rend="space-14" function="ditto"/></abbr>
                     <expan><rs type="name" key="P267">Robert Browning</rs></expan>
                  </choice>: <rs type="title">Evelyn Hope</rs>. </item>
               <item>
                  <choice>
                     <abbr><metamark rend="space-14" function="ditto"/></abbr>
                     <expan><rs type="name" key="P267">Robert Browning</rs></expan>
                  </choice>: <rs type="title">The Pied Piper of Hamelin</rs>. </item>
               <item>
                  <rs type="name" key="P184">John Keats</rs>: <rs type="title">Ode to a
                     Nightingale</rs>. </item>
               <item>
                  <choice>
                     <abbr><metamark rend="space-14" function="ditto"/></abbr>
                     <expan><rs type="name" key="P184">John Keats</rs></expan>
                  </choice>: <rs type="title">Ode to a Grecian Urn</rs>. </item>
               <item>
                  <choice>
                     <abbr><metamark rend="space-14" function="ditto"/></abbr>
                     <expan><rs type="name" key="P184">John Keats</rs></expan>
                  </choice>: <rs type="title">To Autumn</rs>. </item>
               <item>
                  <choice>
                     <abbr><metamark rend="space-14" function="ditto"/></abbr>
                     <expan><rs type="name" key="P184">John Keats</rs></expan>
                  </choice>: <rs type="title"> Ode on Melancholy</rs>. </item>
               <item>
                  <choice>
                     <abbr><metamark rend="space-14" function="ditto"/></abbr>
                     <expan><rs type="name" key="P184">John Keats</rs></expan>
                  </choice>: <rs type="title"> On Indolence</rs>. </item>
               <item>
                  <choice>
                     <abbr><metamark rend="space-14" function="ditto"/></abbr>
                     <expan><rs type="name" key="P184">John Keats</rs></expan>
                  </choice>: <rs type="title">Last Sonnet</rs>. </item>
               <item>
                  <choice>
                     <abbr><metamark rend="space-14" function="ditto"/></abbr>
                     <expan><rs type="name" key="P184">John Keats</rs></expan>
                  </choice>: <rs type="title">(Ode to Psyche.)</rs>
               </item>
               <item>
                  <choice>
                     <abbr><metamark rend="space-14" function="ditto"/></abbr>
                     <expan><rs type="name" key="P184">John Keats</rs></expan>
                  </choice>: <rs type="title">La Belle Dame sans Mercy</rs>. </item>
               <item>
                  <rs type="name" key="P87">Edgar Allan Poe</rs>: <rs type="title">Annabel Lee</rs>. </item>
               <item>
                  <choice>
                     <abbr><metamark rend="space-14" function="ditto"/></abbr>
                     <expan><rs type="name" key="P87">Edgar Allan Poe</rs></expan>
                  </choice>: <rs type="title">(Ulalume)</rs>
               </item>
               <item>
                  <choice>
                     <abbr><metamark rend="space-14" function="ditto"/></abbr>
                     <expan><rs type="name" key="P87">Edgar Allan Poe</rs></expan>
                  </choice>: <rs type="title">(The City in the Sea)</rs>
               </item>
               <item>
                  <rs type="name" key="P163">
                     <abbr>S<am>.</am></abbr>
                     <abbr>T<am>.</am></abbr> Coleridge</rs>: <rs type="title">The Rime of the
                     Ancient Mariner</rs>. </item>
               <item>
                  <choice>
                     <abbr><metamark rend="space-14" function="ditto"/></abbr>
                     <expan><rs type="name" key="P163">
                           <abbr>S<am>.</am></abbr>
                           <abbr>T<am>.</am></abbr> Coleridge</rs></expan>
                  </choice>: <rs type="title">Dejection: an Ode</rs>. </item>
               <item>
                  <choice>
                     <abbr><metamark rend="space-14" function="ditto"/></abbr>
                     <expan><rs type="name" key="P163">
                           <abbr>S<am>.</am></abbr>
                           <abbr>T<am>.</am></abbr> Coleridge</rs></expan>
                  </choice>: <rs type="title">Kubla Khan</rs>. </item>
               <item>
                  <choice>
                     <abbr><metamark rend="space-14" function="ditto"/></abbr>
                     <expan><rs type="name" key="P163">
                           <abbr>S<am>.</am></abbr>
                           <abbr>T<am>.</am></abbr> Coleridge</rs></expan>
                  </choice>: <rs type="title">(The Pains of Sleep)</rs>. </item>
               <item>
                  <rs type="name" key="P162"><choice>
                        <abbr>W<am>.</am></abbr>
                        <expan resp="UH">W<ex>illiam</ex></expan>
                     </choice> Wordsworth</rs>: <rs type="title">Ode on the Intimations of
                     Immortality</rs>. </item>
               <item>
                  <choice>
                     <abbr><metamark rend="space-14" function="ditto"/></abbr>
                     <expan><rs type="name" key="P162"><choice>
                              <abbr>W<am>.</am></abbr>
                              <expan resp="UH">W<ex>illiam</ex></expan>
                           </choice> Wordsworth</rs></expan>
                  </choice>: <rs type="title">Lines written above Tintern Abbey</rs>. </item>
               <item>
                  <choice>
                     <abbr><metamark rend="space-14" function="ditto"/></abbr>
                     <expan><rs type="name" key="P162"><choice>
                              <abbr>W<am>.</am></abbr>
                              <expan resp="UH">W<ex>illiam</ex></expan>
                           </choice> Wordsworth</rs></expan>
                  </choice>: <rs type="title">Laodamia</rs>. </item>
               <pb n="2"/>
               <item>
                  <rs type="name" key="P289">Ernst Dowson</rs>: <rs type="title">Non Sum Qualis eram
                     Bonae Sub Regno Cynarae</rs>. </item>
               <item>
                  <rs type="name" key="P290">Joseph Blanco White</rs>: <rs type="title">To
                     Night</rs>. </item>
               <item rend="indent-2">
                  <rs type="name" key="P177">
                     <abbr>D<am>.</am></abbr> <abbr>G<am>.</am></abbr> Rossetti</rs>: <rs
                     type="title">The Blessed Damozel</rs>.<lb/>
                  <note>(any sonnet?)</note>
               </item>
               <item>
                  <rs type="name">
                     <abbr>A<am>.</am></abbr> <abbr>C<am>.</am></abbr> Swinburne</rs>:
                     <supplied resp="PS" reason="omitted-in-original"/>
               </item>
               <item>
                  <rs type="name" key="P291">Thomas Hood</rs>: <rs type="title">(The Song of the
                     Shirt)</rs>. </item>
               <item>
                  <rs type="name" key="P171">Alfred de Vigny</rs>: <rs type="title">Moïse</rs>. </item>
               <item>
                  <choice>
                     <abbr><metamark rend="space-14" function="ditto"/></abbr>
                     <expan><rs type="name" key="P171">Alfred de Vigny</rs></expan>
                  </choice>: <rs type="title">La Colère de Samson</rs>. </item>
               <item>
                  <rs type="name" key="P195">Gerard de Nerval</rs>: <rs type="title">El
                     Desdichado</rs>. </item>
               <item>
                  <rs type="name" key="P292">Victor Hugo</rs>: <rs type="title">À Villequier.</rs>
               </item>
               <item>
                  <rs type="name" key="P25">Guerra Junqueiro</rs>: <rs type="title">Oração á
                     Luz.</rs>
               </item>
               <item>
                  <rs type="name" key="P52">Teixeira de Pascoaes</rs>: <rs type="title">Elegia</rs>. </item>
               <item>
                  <rs type="name" key="P125">António Molarinho</rs>: <rs type="title">Maria
                     Manoela</rs>. </item>
               <item>
                  <rs type="name" key="P146">Lord Tennyson</rs>: <rs type="title">(Mariana)</rs>
               </item>
               <item>
                  <choice>
                     <abbr><metamark rend="space-14" function="ditto"/></abbr>
                     <expan><rs type="name" key="P146">Lord Tennyson</rs></expan>
                  </choice>: <rs type="title">Morte d’Arthur</rs>. </item>
               <item>
                  <choice>
                     <abbr><metamark rend="space-14" function="ditto"/></abbr>
                     <expan><rs type="name" key="P146">Lord Tennyson</rs></expan>
                  </choice>: <rs type="title">Lines written above Tintern Abbey</rs>. </item>
               <item>
                  <choice>
                     <abbr><metamark rend="space-14" function="ditto"/></abbr>
                     <expan><rs type="name" key="P146">Lord Tennyson</rs></expan>
                  </choice>: <rs type="title">The Charge of The Light Brigade</rs>. </item>
               <item>
                  <choice>
                     <abbr><metamark rend="space-14" function="ditto"/></abbr>
                     <expan><rs type="name" key="P146">Lord Tennyson</rs></expan>
                  </choice>: <rs type="title">(‘Break, break, break’)</rs>
               </item>
               <item>
                  <choice>
                     <abbr><metamark rend="space-14" function="ditto"/></abbr>
                     <expan><rs type="name" key="P146">Lord Tennyson</rs></expan>
                  </choice>: <rs type="title">Ulysses</rs>. </item>
               <item>
                  <choice>
                     <abbr><metamark rend="space-14" function="ditto"/></abbr>
                     <expan><rs type="name" key="P146">Lord Tennyson</rs></expan>
                  </choice>: <rs type="title">Tithonius</rs>. </item>
               <item>
                  <choice>
                     <abbr><metamark rend="space-14" function="ditto"/></abbr>
                     <expan><rs type="name" key="P146">Lord Tennyson</rs></expan>
                  </choice>: <rs type="title">Oenone</rs>. </item>
               <item>
                  <rs type="name" key="P161">O’Shaughnessy</rs>: <rs type="title">Ode. (we are the
                     music makers)</rs>
               </item>
               <item>
                  <rs type="name" key="P84">John Milton</rs>: <rs type="title">Lycidas</rs>. </item>
               <item>
                  <choice>
                     <abbr><metamark rend="space-14" function="ditto"/></abbr>
                     <expan><rs type="name" key="P84">John Milton</rs></expan>
                  </choice>: <rs type="title">L’Allegro</rs>. </item>
               <item>
                  <choice>
                     <abbr><metamark rend="space-14" function="ditto"/></abbr>
                     <expan><rs type="name" key="P84">John Milton</rs></expan>
                  </choice>: <rs type="title">Il Penseroso</rs>. </item>
               <item>
                  <choice>
                     <abbr><metamark rend="space-14" function="ditto"/></abbr>
                     <expan><rs type="name" key="P84">John Milton</rs></expan>
                  </choice>: <rs type="title"><abbr>S<am>.</am></abbr> on his Blindness</rs>. </item>
               <item>
                  <choice>
                     <abbr><metamark rend="space-14" function="ditto"/></abbr>
                     <expan><rs type="name" key="P84">John Milton</rs></expan>
                  </choice>: <rs type="title">(Nativity Ode)</rs>. </item>
            </list>
         </div>
      </body>
   </text>
</TEI>
