<?xml version="1.0" encoding="UTF-8"?> 
<?xml-model href="../schema/pessoaTEI.rng" type="application/xml" schematypens="http://relaxng.org/ns/structure/1.0"?>
<TEI xmlns="http://www.tei-c.org/ns/1.0">
   <teiHeader>
      <fileDesc>
         <titleStmt>
            <title>BNP/E3 48G-32<hi rend="superscript">r</hi>
            </title>
            <author>
               <rs type="name" key="FP">Fernando Pessoa</rs>
            </author>
            <respStmt>
               <resp>Transcrição, Edição</resp>
               <name>Pedro Sepúlveda</name>
            </respStmt>
            <respStmt>
               <resp>Transcrição</resp>
               <name>Pablo Javier Pérez López</name>
            </respStmt>
            <respStmt>
               <resp>Codificação, Modelagem de dados</resp>
               <name>Ulrike Henny</name>
            </respStmt>
            <respStmt>
               <resp>Codificação</resp>
               <name>Isabel Figueiredo-Iken</name>
            </respStmt>
            <respStmt>
               <resp>Codificação</resp>
               <name>Sviatoslav Drach</name>
            </respStmt>
            <respStmt>
               <resp>Consultoria</resp>
               <name>Institut für Dokumentologie und Editorik (IDE)</name>
            </respStmt>
         </titleStmt>
         <publicationStmt>
            <publisher>Universidade Nova de Lisboa, Instituto de Estudos de Literatura e Tradição
               (IELT)</publisher>
            <publisher>Cologne Center for eHumanities (CCeH)</publisher>
            <date>2017</date>
            <availability>
               <licence target="http://creativecommons.org/licenses/by/3.0/"/>
            </availability>
            <idno type="filename">BNP_E3_48G-32r.xml</idno>
         </publicationStmt>
         <sourceDesc>
            <msDesc xml:id="M1" type="structured">
               <msIdentifier>
                  <institution>Biblioteca Nacional de Portugal</institution>
                  <idno>BNP/E3 48G-32r</idno>
               </msIdentifier>
               <msContents>
                  <msItemStruct>
                     <author>
                        <rs type="name" key="FP">Fernando Pessoa</rs>
                     </author>
                     <note type="genre">
                        <rs type="genre" key="lista_editorial">Lista editorial</rs>
                     </note>
                     <textLang mainLang="pt" otherLangs="en fr"/>
                  </msItemStruct>
               </msContents>
               <history>
                  <origin>
                     <p>
                        <origDate when="1915" cert="medium">c. 1915</origDate>
                     </p>
                  </origin>
               </history>
            </msDesc>
            <msDesc corresp="#M1" type="prose">
               <msIdentifier/>
               <p>Lista datilografada em papel com marca de água «Linen Bond», publicada em <hi
                     rend="italic">Sensacionismo e Outros Ismos</hi> (2009, 36-37).</p>
            </msDesc>
         </sourceDesc>
      </fileDesc>
   </teiHeader>
   <facsimile>
      <graphic
         url="bn-acpc-e-e3-48g-1-37_JPG_24-C-R0150/bn-acpc-e-e3-48g-1-37_0063_32_t24-C-R0150.jpg"/>
   </facsimile>
   <text>
      <body>
         <div>
            <head><hi rend="red"><rs type="periodical" key="J35">EUROPA</rs>.</hi></head>
            <head>Revista orgão do Interseccionismo.</head>
            <metamark rend="line-14" function="distinct"/>
            <list>
               <head>No. 1.</head>
               <item>
                  <rs type="title">O Interseccionismo — Ultimatum <lb/> da escola literaria
                        defi<pc>-</pc><lb/>nitiva</rs> — <rs type="name" key="FP" role="author"
                     style="b"><choice>
                        <abbr>F<am>.</am></abbr>
                        <expan>F<ex>ernando</ex></expan>
                     </choice> Pessoa</rs>. </item>
               <item>
                  <rs type="work" key="O1-9"><rs type="title">Além-Deus (Poemas
                        interseccio<pc>-</pc><lb/>nistas)</rs></rs> — <rs type="name" key="FP"
                     role="author" style="b"><choice>
                        <abbr>F<am>.</am></abbr>
                        <expan>F<ex>ernando</ex></expan>
                     </choice> Pessoa</rs>. </item>
               <item>
                  <rs type="title">Ressurreição (novela intersec<pc>-</pc><lb/>cionista)</rs> — <rs
                     type="person" key="P30"><choice>
                        <abbr>M<am>.</am></abbr>
                        <expan>M<ex>ario</ex></expan>
                     </choice> de Sá-<lb/> Carneiro</rs>. </item>
               <item>
                  <rs type="title">Paysagem de alma (Poema inter<pc>-</pc><lb/>seccionista)</rs> —
                     <rs type="name" key="P36"><choice>
                        <abbr>A<am>.</am></abbr>
                        <expan>A<ex>lfredo</ex></expan>
                        <choice>
                           <abbr>P<am>.</am></abbr>
                           <expan>P<ex>edro</ex></expan>
                        </choice>
                     </choice> Guisado</rs>. </item>
               <item>
                  <rs type="title">Loucura da Floresta (Pagina in<pc>-</pc><lb/>terseccionista)</rs>
                  — <rs type="name" key="P37">Côrtes Ro<pc>-</pc><lb/>drigues</rs>. </item>
            </list>
            <metamark rend="line-44" function="distinct"/>
            <list>
               <head>Supplemento ao N° 1.</head>
               <item>
                  <rs type="title">L’Intersectionisme</rs> — <rs type="name" key="FP" role="author"
                     style="b"><choice>
                        <abbr>F<am>.</am></abbr>
                        <expan>F<ex>ernando</ex></expan>
                     </choice> Pessoa</rs>. </item>
               <item>
                  <rs type="work" key="O1-9"><rs type="title">Poèmes intersectionnistes</rs></rs> —
                     <rs type="name" key="FP" role="author" style="b"><choice>
                        <abbr>F<am>.</am></abbr>
                        <expan>F<ex>ernando</ex></expan>
                     </choice> Pessoa</rs>, <rs type="name" key="P30"><choice>
                        <abbr>M<am>.</am></abbr>
                        <expan>M<ex>ario</ex></expan>
                     </choice> de Sá-Carneiro</rs>, <rs type="name" key="P88"><choice>
                        <abbr>Alex</abbr>
                        <expan>Alex<ex>ander</ex></expan>
                     </choice> Search</rs>. </item>
               <item>
                  <rs type="title">Comme le ferait...</rs> — <rs type="name" key="FP" role="author"
                     style="b"><choice>
                        <abbr>F<am>.</am></abbr>
                        <expan>F<ex>ernando</ex></expan>
                     </choice> Pessoa</rs>. </item>
               <item>
                  <rs type="title">Intersectionism</rs>. — <rs type="name" key="FP" role="author"
                     style="b"><choice>
                        <abbr>F<am>.</am></abbr>
                        <expan>F<ex>ernando</ex></expan>
                     </choice> Pessoa</rs>. </item>
               <item>
                  <rs type="work" key="O1-9"><rs type="title">Intersectionnist Poems</rs></rs> — <rs
                     type="person" key="FP" role="author" style="b"><choice>
                        <abbr>F<am>.</am></abbr>
                        <expan>F<ex>ernando</ex></expan>
                     </choice> Pessoa</rs>, <rs type="name" key="P88"><choice>
                        <abbr>Alex<am>.</am></abbr>
                        <expan>Alex<ex>ander</ex></expan>
                     </choice> Search</rs>. </item>
               <item>
                  <rs type="title">As it would have been<lb/> done by</rs> — <rs type="name"
                     key="FP" role="author" style="b"><choice>
                        <abbr>F<am>.</am></abbr>
                        <expan>F<ex>ernando</ex></expan>
                     </choice> Pessoa</rs>. </item>
            </list>
            <metamark rend="line-44" function="distinct"/>
            <list>
               <head>No. 2.</head>
               <item>
                  <rs type="title">Sobre o Interseccionismo <lb/>(A sua historia, os seus<lb/>
                     criticos)</rs> — <rs type="name" key="FP" role="author" style="b"><choice>
                        <abbr>F<am>.</am></abbr>
                        <expan>F<ex>ernando</ex></expan>
                     </choice> Pessoa</rs>. </item>
               <item>
                  <rs type="title">Eu sem mim (poema inter<pc>-</pc><lb/>seccionista)</rs> — <rs
                     type="person" key="P89">Coelho Pacheco</rs>. </item>
               <item>
                  <rs type="title">Eu-proprio o Outro</rs> — <rs type="name" key="P30"><choice>
                        <abbr>M<am>.</am></abbr>
                        <expan>M<ex>ario</ex></expan>
                     </choice> de Sá-Carneiro</rs>. </item>
               <item>
                  <supplied resp="PS" reason="omitted-in-original"/> — <rs type="name" key="P38"
                     >Carvalho Mourão</rs>. </item>
               <item>
                  <supplied resp="PS" reason="omitted-in-original"/> — <rs type="name" key="P90"
                     >Antonio Ferro</rs>. </item>
            </list>
         </div>
      </body>
   </text>
</TEI>
