<?xml version="1.0" encoding="UTF-8"?>
<?xml-model href="../schema/pessoaTEI.rng" type="application/xml" schematypens="http://relaxng.org/ns/structure/1.0"?>
<TEI xmlns="http://www.tei-c.org/ns/1.0">
   <teiHeader>
      <fileDesc>
         <titleStmt>
            <title>BNP/E3 49C-47<hi rend="superscript">v</hi></title>
            <author>
               <rs type="name" key="FP">Fernando Pessoa</rs>
            </author>
            <respStmt>
               <resp>Transcrição, Edição</resp>
               <name>Pedro Sepúlveda</name>
            </respStmt>
            <respStmt>
               <resp>Codificação, Modelagem de dados</resp>
               <name>Ulrike Henny-Krahmer</name>
            </respStmt>
            <respStmt>
               <resp>Codificação</resp>
               <name>Isabel Figueiredo-Iken</name>
            </respStmt>
            <respStmt>
               <resp>Codificação</resp>
               <name>Sviatoslav Drach</name>
            </respStmt>
            <respStmt>
               <resp>Consultoria</resp>
               <name>Institut für Dokumentologie und Editorik (IDE)</name>
            </respStmt>
         </titleStmt>
         <publicationStmt>
            <publisher>Universidade Nova de Lisboa, Instituto de Estudos de Literatura e Tradição
               (IELT)</publisher>
            <publisher>Cologne Center for eHumanities (CCeH)</publisher>
            <date>2017</date>
            <availability>
               <licence target="http://creativecommons.org/licenses/by/3.0/"/>
            </availability>
            <idno type="filename">BNP_E3_49C-47v.xml</idno>
         </publicationStmt>
         <sourceDesc>
            <msDesc>
               <msIdentifier>
                  <institution>Biblioteca Nacional de Portugal</institution>
                  <idno>BNP/E3 49C-47v</idno>
               </msIdentifier>
               <msContents>
                  <summary>
                     <p>Lista manuscrita. Na mesma folha encontram-se dois esboços de poemas datados; o
                        primeiro, logo abaixo da lista, escrito em francês, começa com o verso «La pluie
                        bat la fenêtre» e possui data de «9-2-1914», o segundo, no verso da folha, em
                        inglês, que começa por «Before Time was, when I was one with God», datado de
                        «5-2-1914». Este último esboço apresenta proximidades de conteúdo com o poema <hi
                           rend="italic">Elevation</hi>, parte do conjunto <hi rend="italic">The Mad
                              Fiddler</hi> (cf. PI-I, 262-271).</p>
                  </summary>
                  <msItemStruct>
                     <author>
                        <rs type="name" key="FP">Fernando Pessoa</rs>
                     </author>
                     <note type="genre">
                        <rs type="genre" key="lista_editorial">Lista editorial</rs>
                     </note>
                     <textLang mainLang="pt"/>
                  </msItemStruct>
               </msContents>
               <history>
                  <origin>
                     <p>
                        <origDate when="1914-02-09" cert="medium">c. 9-2-1914</origDate>
                     </p>
                  </origin>
               </history>
            </msDesc>
         </sourceDesc>
      </fileDesc>
   </teiHeader>
   <facsimile>
      <graphic
         url="bn-acpc-e-e3-49c-1-1-50_JPG_24-C-R0150/bn-acpc-e-e3-49c-1-1-50_0098_47v-47av_t24-C-R0150.jpg"
      />
   </facsimile>
   <text>
      <body>
         <div>
            <note>
               <list>
                  <head><hi rend="underline"> <rs type="title">Do character provinciano da nossa tradição<lb/>
                        literaria</rs>.</hi></head>
                  <item><rs type="title">Psycologia do provincianismo</rs>.</item>
                  <item><rs type="title">O exclusivismo literario como caracteristico<lb/> do provincianismo</rs>.</item>
               </list>
               <metamark rend="line-44" function="distinct"/>
               <p><rs type="title">O Livro do Rey Igorab</rs></p>
               <gap reason="selection" unit="line" extent="9"/></note>
            <metamark rend="line-44" function="distinct"/>
            <gap reason="selection" unit="line" extent="19"/>
         </div>
      </body>
   </text>
</TEI>
