<?xml version="1.0" encoding="UTF-8"?> 
<?xml-model href="../schema/pessoaTEI.rng" type="application/xml" schematypens="http://relaxng.org/ns/structure/1.0"?>
<TEI xmlns="http://www.tei-c.org/ns/1.0">
    <teiHeader>
        <fileDesc>
            <titleStmt>
                <title>BNP/E3 144Y-20<hi rend="superscript">r</hi></title>
                <author>
                    <rs type="name" key="FP">Fernando Pessoa</rs>
                </author>
                <respStmt>
                    <resp>Transcrição, Edição</resp>
                    <name>Pedro Sepúlveda</name>
                </respStmt>
                <respStmt>
                    <resp>Transcrição</resp>
                    <name>Pablo Javier Pérez López</name>
                </respStmt>
                <respStmt>
                    <resp>Transcrição</resp>
                    <name>Jorge Uribe</name>
                </respStmt>
                <respStmt>
                    <resp>Codificação, Modelagem de dados</resp>
                    <name>Ulrike Henny</name>
                </respStmt>
                <respStmt>
                    <resp>Codificação</resp>
                    <name>Isabel Figueiredo-Iken</name>
                </respStmt>
                <respStmt>
                    <resp>Codificação</resp>
                    <name>Sviatoslav Drach</name>
                </respStmt>
                <respStmt>
                    <resp>Consultoria</resp>
                    <name>Institut für Dokumentologie und Editorik (IDE)</name>
                </respStmt>
            </titleStmt>
            <publicationStmt>
                <publisher>Universidade Nova de Lisboa, Instituto de Estudos de Literatura e
                    Tradição (IELT)</publisher>
                <publisher>Cologne Center for eHumanities (CCeH)</publisher>
                <date>2016</date>
                <availability>
                    <licence target="http://creativecommons.org/licenses/by/3.0/"/>
                </availability>
                <idno type="filename">BNP_E3_144Y-20r.xml</idno>
            </publicationStmt>
            <sourceDesc>
                <msDesc xml:id="M1" type="structured">
                    <msIdentifier>
                        <institution>Biblioteca Nacional de Portugal</institution>
                        <idno>BNP/E3 144Y-20r</idno>
                    </msIdentifier>
                    <msContents>
                        <msItemStruct>
                            <author>
                                <rs type="name" key="FP">Fernando Pessoa</rs>
                            </author>
                            <note type="genre">
                                <rs type="genre" key="lista_editorial">Lista editorial</rs>
                            </note>
                            <textLang mainLang="pt" otherLangs="en la"/>
                        </msItemStruct>
                    </msContents>
                    <history>
                        <origin>
                            <p>
                                <origDate when="1916" cert="medium">c. 1916</origDate>
                            </p>
                        </origin>
                    </history>
                </msDesc>
                <msDesc corresp="#M1" type="prose">
                    <msIdentifier/>
                    <p> Lista manuscrita no caderno 144Y (cf. <ref target="http://purl.pt/13899)"
                            >http://purl.pt/13899)</ref>, publicada em Freitas,<hi rend="italic"> O
                            Fio e o Labirinto: A Ficção Policial na obra de Fernando Pessoa</hi>
                        (2009, 48). </p>
                </msDesc>
            </sourceDesc>
        </fileDesc>
    </teiHeader>
    <facsimile>
        <graphic url="bn-acpc-e-e3_144y_JPG_24-C-R0150/bn-acpc-e-e3_144y_0039_20r_t24-C-R0150.jpg"/>
    </facsimile>
    <text>
        <body>
            <div>
                <list>
                    <head><hi rend="underline">List of Books.</hi></head>
                    <item>
                        <label>1.</label>
                        <rs type="title">Prometheus Revinctus</rs>. </item>
                    <item>
                        <label>2.</label>
                        <rs type="work" key="O1" style="c"><rs type="title">Itinerario</rs></rs>. </item>
                    <item>
                        <label>3.</label>
                        <rs type="title"><rs type="name" key="P34">Quaresma</rs>. Decifrador.</rs> (1a série). </item>
                    <item>
                        <label>4.</label>
                        <rs type="title">Two Unprintable Poems</rs>. </item>
                    <item>
                        <label>5.</label>
                        <rs type="title">The Sad Seasons</rs>. </item>
                    <item>
                        <label>6.</label>
                        <rs type="work" key="O2" style="a"><rs type="name" key="AC" role="author"
                                >Alberto Caeiro</rs>: <rs type="title">Poemas</rs></rs>. </item>
                    <item>
                        <label>7.</label>
                        <rs type="work" key="O3" style="b"><rs type="title">Odes</rs>: <rs
                                type="name" key="RR" role="author">Ricardo Reis</rs></rs>. </item>
                    <item>
                        <label>8.</label>
                        <rs type="work" key="O4" style="b"><rs type="title">Arco do Triumpho</rs>:
                                <rs type="name" key="AdC" role="author"><choice>
                                    <abbr>Alv<am>.</am></abbr>
                                    <expan>Alvaro</expan>
                                </choice> de Campos</rs></rs>. </item>
                    <item>
                        <label>9.</label>
                        <rs type="title">The Mad Fiddler</rs>. </item>
                    <item>
                        <label>10.</label>
                        <rs type="title">O Sensacionismo</rs>. </item>
                    <item>
                        <label>11.</label>
                        <rs type="title">Theatro Statico</rs>. </item>
                    <item>
                        <label>12.</label><supplied resp="PS" reason="omitted-in-original"/>
                    </item>
                    <item>
                        <label>13.</label><supplied resp="PS" reason="omitted-in-original"/>
                    </item>
                    <item>
                        <label>14.</label><supplied resp="PS" reason="omitted-in-original"/>
                    </item>
                    <item>
                        <label>15.</label><supplied resp="PS" reason="omitted-in-original"/>
                    </item>
                </list>
            </div>
        </body>
    </text>
</TEI>
