<?xml version="1.0" encoding="UTF-8"?>
<?xml-model href="../schema/pessoaTEI.rng" type="application/xml" schematypens="http://relaxng.org/ns/structure/1.0"?>
<TEI xmlns="http://www.tei-c.org/ns/1.0">
   <teiHeader>
      <fileDesc>
         <titleStmt>
            <title>BNP/E3 125A-52<hi rend="superscript">r</hi></title>
            <author>
               <rs type="name" key="FP">Fernando Pessoa</rs>
            </author>
            <respStmt>
               <resp>Transcrição, Edição</resp>
               <name>Pedro Sepúlveda</name>
            </respStmt>
            <respStmt>
               <resp>Transcrição</resp>
               <name>Pablo Javier Pérez López</name>
            </respStmt>
            <respStmt>
               <resp>Codificação, Modelagem de dados</resp>
               <name>Ulrike Henny</name>
            </respStmt>
            <respStmt>
               <resp>Codificação</resp>
               <name>Isabel Figueiredo-Iken</name>
            </respStmt>
            <respStmt>
               <resp>Codificação</resp>
               <name>Sviatoslav Drach</name>
            </respStmt>
            <respStmt>
               <resp>Consultoria</resp>
               <name>Institut für Dokumentologie und Editorik (IDE)</name>
            </respStmt>
         </titleStmt>
         <publicationStmt>
            <publisher>Universidade Nova de Lisboa, Instituto de Estudos de Literatura e Tradição
               (IELT)</publisher>
            <publisher>Cologne Center for eHumanities (CCeH)</publisher>
            <date>2017</date>
            <availability>
               <licence target="http://creativecommons.org/licenses/by/3.0/"/>
            </availability>
            <idno type="filename">BNP_E3_125A-52r.xml</idno>
         </publicationStmt>
         <sourceDesc>
            <msDesc xml:id="M1" type="structured">
               <msIdentifier>
                  <institution>Biblioteca Nacional de Portugal</institution>
                  <idno>BNP/E3 125A-52r</idno>
               </msIdentifier>
               <msContents>
                  <msItemStruct>
                     <author>
                        <rs type="name" key="FP">Fernando Pessoa</rs>
                     </author>
                     <note type="genre">
                        <rs type="genre" key="lista_editorial">Lista editorial</rs><rs type="genre"
                           key="plano_editorial">Plano editorial</rs>
                     </note>
                     <textLang mainLang="pt"/>
                  </msItemStruct>
               </msContents>
               <history>
                  <origin>
                     <p>
                        <origDate from="1914" to="1915" cert="medium">c. 1914-1915</origDate>
                     </p>
                  </origin>
               </history>
            </msDesc>
            <msDesc corresp="#M1" type="prose">
               <msIdentifier/>
               <p> Lista manuscrita, publicada em <hi rend="italic">Sebastianismo e Quinto
                     Império</hi> (2011, 54). </p>
            </msDesc>
         </sourceDesc>
      </fileDesc>
   </teiHeader>
   <facsimile>
      <graphic
         url="bn-acpc-e-e3-125a-1-100_JPG_24-C-R0150/bn-acpc-e-e3-125a-1-100_0103_52_t24-C-R0150.jpg"
      />
   </facsimile>
   <text>
      <body>
         <div>
            <list>
               <item><label>I.</label> Introducção. (<rs type="title">Historia do sebastianismo</rs>)</item>
               <item><label>II.</label>. <rs type="title">O Bandarra Os prophetas sebastianistas</rs>.</item>
               <item><label>III.</label> <rs type="title">Trovas do Bandarra</rs>. (com commentario)</item>
               <item><label>IV.</label> <rs type="title">Outras prophecias sebastianistas</rs> (com commentario)</item>
               <item><label>V.</label> Considerações finaes. (<rs type="title">A Ren<choice>
                     <abbr>asce<am>.</am></abbr>
                     <expan>asce<ex/>Renascença</expan>
                  </choice> do <choice>
                     <abbr>astianis<am>.</am></abbr>
                     <expan>astianis<ex/>Sebastianismo</expan>
                  </choice></rs>)</item>
            </list>
            <metamark rend="line-44" function="distinct"/>
            <list>
               <head><hi rend="underline"><rs type="title">Manual do Sebastianista</rs></hi></head>
               <item><rs type="title">Historia do sebastianismo</rs> —</item>
               <item><rs type="title">Prophecias sebastianistas <lb/> e sua interpretação</rs> — <rs type="title">A
                  re<pc>-</pc><lb/>nascença do sebastianismo</rs>.</item>
            </list>
            <metamark rend="line-44" function="distinct"/>
         </div>
      </body>
   </text>
</TEI>
