<?xml version="1.0" encoding="UTF-8"?>
<?xml-model href="../schema/pessoaTEI.rng" type="application/xml" schematypens="http://relaxng.org/ns/structure/1.0"?>
<TEI xmlns="http://www.tei-c.org/ns/1.0">
   <teiHeader>
      <fileDesc>
         <titleStmt>
            <title>BNP/E3 87-40<hi rend="superscript">r</hi>
            </title>
            <author>
               <rs type="name" key="FP">Fernando Pessoa</rs>
            </author>
            <respStmt>
               <resp>Transcrição, Edição</resp>
               <name>Pedro Sepúlveda</name>
            </respStmt>
            <respStmt>
               <resp>Transcrição</resp>
               <name>Pablo Javier Pérez López</name>
            </respStmt>
            <respStmt>
               <resp>Modelagem de dados, Codificação</resp>
               <name>Ulrike Henny-Krahmer</name>
            </respStmt>
            <respStmt>
               <resp>Codificação</resp>
               <name>Inês Filipa Rebelo do Carmo</name>
            </respStmt>
            <respStmt>
               <resp>Codificação</resp>
               <name>Isabel Figueiredo-Iken</name>
            </respStmt>
            <respStmt>
               <resp>Codificação</resp>
               <name>Sviatoslav Drach</name>
            </respStmt>
            <respStmt>
               <resp>Consultoria</resp>
               <name>Institut für Dokumentologie und Editorik (IDE)</name>
            </respStmt>
         </titleStmt><editionStmt><p>Corpus version C2.1.0</p></editionStmt>
         <publicationStmt>
            <publisher>Universidade Nova de Lisboa, Instituto de Estudos de Literatura e Tradição
               (IELT)</publisher>
            <publisher>Cologne Center for eHumanities (CCeH)</publisher>
            <date>2017</date>
            <availability status="free">
               <licence target="http://creativecommons.org/licenses/by/4.0/"/>
            </availability>
            <idno type="filename">BNP_E3_87-40r.xml</idno>
         </publicationStmt>
         <sourceDesc>
            <msDesc>
               <msIdentifier>
                  <institution>Biblioteca Nacional de Portugal</institution>
                  <idno>BNP/E3 87-40r</idno>
               </msIdentifier>
               <msContents>
                  <summary>
                     <p> Lista manuscrita, publicada em <hi rend="italic">Sensacionismo e outros
                           Ismos</hi> (2009, 87). </p>
                  </summary>
                  <msItemStruct>
                     <author>
                        <rs type="name" key="FP">Fernando Pessoa</rs>
                     </author>
                     <note type="genre">
                        <rs type="genre" key="lista_editorial">Lista editorial</rs>
                     </note>
                     <textLang mainLang="pt" otherLangs="en fr"/>
                  </msItemStruct>
               </msContents>
               <history>
                  <origin>
                     <p>
                        <origDate when="1935" cert="medium">c. 1935</origDate>
                     </p>
                  </origin>
               </history>
            </msDesc>
         </sourceDesc>
      </fileDesc>
      <revisionDesc>
         <change when="2023-11-15" who="#FAF">
                    Added edition statement to the teiHeader
                </change>
      </revisionDesc>
   </teiHeader>
   <facsimile xml:base="http://images.cceh.uni-koeln.de/pessoa/">
      <graphic url="bn-acpc-e-e3-87-1-103_JPG_24-C-R0150/bn-acpc-e-e3-87-1-103_0093_40_t24-C-R0150.jpg"/>
   </facsimile>
   <text>
      <body>
         <div>
            <list>
               <head>
                  <hi rend="underline">
                     <rs type="periodical" key="J12">Orpheu</rs> do Vigesimo
                     Anno.</hi>
               </head>
               <item>
                  <label>1.</label>
                  <choice>
                     <abbr>
                        <metamark rend="space" function="placeholder"/>
                     </abbr>
                     <expan>
                        <supplied resp="PS" reason="omitted-in-original"/>
                     </expan>
                  </choice>
               </item>
               <item>
                  <label>2.</label>
                  <choice>
                     <abbr>
                        <metamark rend="space" function="placeholder"/>
                     </abbr>
                     <expan>
                        <supplied resp="PS" reason="omitted-in-original"/>
                     </expan>
                  </choice>
               </item>
               <item>
                  <label>3.</label>
                  <choice>
                     <abbr>
                        <metamark rend="space" function="placeholder"/>
                     </abbr>
                     <expan>
                        <supplied resp="PS" reason="omitted-in-original"/>
                     </expan>
                  </choice>
               </item>
               <item rend="indent-2">
                  <label>4.</label>
                  <choice>
                     <abbr>
                        <metamark rend="space" function="placeholder"/>
                     </abbr>
                     <expan>
                        <supplied resp="PS" reason="omitted-in-original"/>
                     </expan>
                  </choice> — <rs type="name" key="P80">Angelo de Lima</rs>,<lb/>
                  <note>(in fine)</note>
               </item>
               <item rend="indent-2">
                  <label>5.</label>
                  <rs type="title">L’Homme aux Favoris Noirs</rs> — <lb/>
                  <rs type="name" key="P71">Raul Leal</rs>. </item>
            </list>
         </div>
      </body>
   </text>
</TEI>
