<?xml version="1.0" encoding="UTF-8"?> <?xml-model href="../schema/pessoaTEI.rng" type="application/xml" schematypens="http://relaxng.org/ns/structure/1.0"?>
<TEI xmlns="http://www.tei-c.org/ns/1.0">
   <teiHeader>
      <fileDesc>
         <titleStmt>
            <title>BNP/E3 48-9<hi rend="superscript">r</hi>
            </title>
            <author>
               <rs type="name" key="FP">Fernando Pessoa</rs>
            </author>
            <respStmt>
               <resp>Transcrição, Edição</resp>
               <name>Pedro Sepúlveda</name>
            </respStmt>
            <respStmt>
               <resp>Transcrição</resp>
               <name>Pablo Javier Pérez López</name>
            </respStmt>
            <respStmt>
               <resp>Codificação, Modelagem de dados</resp>
               <name>Ulrike Henny-Krahmer</name>
            </respStmt>
            <respStmt>
               <resp>Codificação</resp>
               <name>Isabel Figueiredo-Iken</name>
            </respStmt>
            <respStmt>
               <resp>Codificação</resp>
               <name>Sviatoslav Drach</name>
            </respStmt>
            <respStmt>
               <resp>Consultoria</resp>
               <name>Institut für Dokumentologie und Editorik (IDE)</name>
            </respStmt>
         </titleStmt>
         <publicationStmt>
            <publisher>Universidade Nova de Lisboa, Instituto de Estudos de Literatura e Tradição
               (IELT)</publisher>
            <publisher>Cologne Center for eHumanities (CCeH)</publisher>
            <date>2016</date>
            <availability>
               <licence target="http://creativecommons.org/licenses/by/3.0/"/>
            </availability>
            <idno type="filename">BNP_E3_48-9r.xml</idno>
         </publicationStmt>
         <sourceDesc>
            <msDesc>
               <msIdentifier>
                  <institution>Biblioteca Nacional de Portugal</institution>
                  <idno>BNP/E3 48-9r</idno>
               </msIdentifier>
               <msContents>
                  <summary>
                     <p> Lista manuscrita, publicada em <hi rend="italic">Sensacionismo e outros
                        Ismos</hi> (2009, 429-430). </p>
                  </summary>
                  <msItemStruct>
                     <author>
                        <rs type="name" key="FP">Fernando Pessoa</rs>
                     </author>
                     <note type="genre">
                        <rs type="genre" key="lista_editorial">Lista editorial</rs>
                        <rs type="genre" key="plano_editorial">Plano editorial</rs>
                     </note>
                     <textLang mainLang="pt" otherLangs="en"/>
                  </msItemStruct>
               </msContents>
               <history>
                  <origin>
                     <p>
                        <origDate when="1916" cert="medium">c. 1916</origDate>
                     </p>
                  </origin>
               </history>
            </msDesc>
         </sourceDesc>
      </fileDesc>
   </teiHeader>
   <facsimile>
      <graphic url="bn-acpc-e-e3-48-1-56_JPG_24-C-R0150/bn-acpc-e-e3-48-1-56_0017_9_t24-C-R0150.jpg"
      />
   </facsimile>
   <text>
      <body>
         <div>
            <head><hi rend="red">Sensationist Anthology.</hi></head>
            <head><hi rend="red">compiled and prefaced by <rs type="name" key="P55">SHER
                     HENAY</rs>.</hi></head>
            <list>
               <item>
                  <label>1.</label>
                  <hi rend="underline"><rs type="name" key="P56">José de
                     Almada-Negreiros</rs>:</hi>
                  <list>
                     <item><rs type="title">Frisos</rs>.</item>
                     <item><rs type="title">Coastline</rs>. <rs type="title">The Blue
                        Square</rs>.</item>
                     <item><rs type="title">Scene of Hatred</rs>.</item>
                     <item><rs type="title">Portuguese Poems</rs>.</item>
                  </list>
               </item>
               <item>
                  <label>2.</label>
                  <hi rend="underline"><rs type="name" key="FP" role="author" style="b">Fernando
                        Pessoa</rs>:</hi>
                  <list>
                     <item><rs type="title">The Sailor</rs>.</item>
                     <item><rs type="title">Slanting Rain</rs>.</item>
                     <item><rs type="title">Beyond God</rs>.</item>
                  </list>
               </item>
               <item>
                  <label>3.</label>
                  <hi rend="underline"><rs type="name" key="P30">Mario de Sá-Carneiro</rs>:</hi>
                  <list>
                     <item><rs type="title">Alem</rs>.</item>
                     <item><rs type="title">Bailado</rs>.</item>
                     <item><rs type="title">Selections from the tales</rs>.</item>
                     <item><rs type="title">Selections from the Poems</rs>.</item>
                  </list>
               </item>
               <item>
                  <label>4.</label>
                  <hi rend="underline"><rs type="name" key="P57">Pedro de Menezes</rs>:</hi>
                  <list>
                     <item>several poems.</item>
                  </list>
               </item>
               <item>
                  <label>5.</label>
                  <hi rend="underline"><rs type="name" key="P37">Côrtes-Rodrigues</rs>:</hi>
                  <list>
                     <item>several poems.</item>
                  </list>
               </item>
               <item>
                  <label>6.</label>
                  <hi rend="underline"><rs type="name" key="P58">Violante de Cysneiros</rs>:</hi>
                  <note>(certainly a pseudonym, but I have not been able to find<lb/> whose)
                     (?)</note>
                  <list>
                     <item>some poems.</item>
                  </list>
               </item>
               <item>
                  <label>7.</label>
                  <rs type="name" key="P59">Albino de Menezes</rs>
                  <note>(?)</note>
               </item>
            </list>
         </div>
      </body>
   </text>
</TEI>
