<?xml version="1.0" encoding="UTF-8"?> 
<?xml-model href="../schema/pessoaTEI.rng" type="application/xml" schematypens="http://relaxng.org/ns/structure/1.0"?>
<TEI xmlns="http://www.tei-c.org/ns/1.0">
    <teiHeader>
        <fileDesc>
            <titleStmt>
                <title>BNP/E3 48C-24</title>
                <author>
                    <rs type="person" key="FP">Fernando Pessoa</rs>
                </author>
                <respStmt>
                    <resp>Transcrição, Edição</resp>
                    <name>Pedro Sepúlveda</name>
                </respStmt>
                <respStmt>
                    <resp>Transcrição</resp>
                    <name>Pablo Javier Pérez López</name>
                </respStmt>
                <respStmt>
                    <resp>Transcrição</resp>
                    <name>Jorge Uribe</name>
                </respStmt>
                <respStmt>
                    <resp>Modelagem de dados, Codificação</resp>
                    <name>Ulrike Henny</name>
                </respStmt>
                <respStmt>
                    <resp>Codificação</resp>
                    <name>Isabel Figueiredo-Iken</name>
                </respStmt>
                <respStmt>
                    <resp>Codificação</resp>
                    <name>Sviatoslav Drach</name>
                </respStmt>
                <respStmt>
                    <resp>Consultoria</resp>
                    <name>Institut für Dokumentologie und Editorik (IDE)</name>
                </respStmt>
            </titleStmt>
            <publicationStmt>
                <publisher>Universidade Nova de Lisboa, Instituto de Estudos de Literatura e
                    Tradição (IELT)</publisher>
                <publisher>Cologne Center for eHumanities (CCeH)</publisher>
                <date>2016</date>
                <availability>
                    <licence target="http://creativecommons.org/licenses/by/3.0/"/>
                </availability>
                <idno type="filename">BNP_E3_48C-24.xml</idno>
            </publicationStmt>
            <sourceDesc>
                <msDesc xml:id="M1" type="structured">
                    <msIdentifier>
                        <institution>Biblioteca Nacional de Portugal</institution>
                        <idno>BNP/E3 48C-24</idno>
                    </msIdentifier>
                    <msContents>
                        <msItemStruct>
                            <author>
                                <rs type="person" key="FP">Fernando Pessoa</rs>
                            </author>
                            <note type="genre">
                                <rs type="genre" key="lista_editorial">Lista editorial</rs>
                            </note>
                            <textLang mainLang="pt"/>
                        </msItemStruct>
                    </msContents>
                    <history>
                        <origin>
                            <p>
                                <origDate when="1915" cert="medium">c. 1915</origDate>
                            </p>
                        </origin>
                    </history>
                </msDesc>
                <msDesc corresp="#M1" type="prose">
                    <msIdentifier/>
                    <p> Lista datilografada, publicada em <hi rend="italic">Prosa. Ricardo Reis</hi>
                        (2003, 287). </p>
                </msDesc>
            </sourceDesc>
        </fileDesc>
    </teiHeader>
    <facsimile>
        <graphic
            url="bn-acpc-e-e3-48c-1-50_JPG_24-C-R0150/bn-acpc-e-e3-48c-1-50_0059_24_t24-C-R0150.jpg"
        />
    </facsimile>
    <text>
        <body>
            <div>
                <list>
                    <head><hi rend="underline red">Bibliotheca de Cultura Cosmopolita.</hi></head>
                    <item>
                        <rs type="work" key="O2" style="b"><rs type="person" key="AC" role="author"
                                >Alberto Caeiro</rs>: <rs type="text">“O Guardador de
                            Rebanhos”</rs></rs>. </item>
                    <item>
                        <rs type="work" key="O3" style="b"><rs type="person" key="RR" role="author"
                                >Ricardo Reis</rs>: <rs type="text">“Odes — <choice>
                                    <abbr>Liv<am>.</am></abbr>
                                    <expan>Liv<ex>ros</ex></expan>
                                </choice> I e II”</rs></rs>. </item>
                    <item>
                        <rs type="work" key="O3" style="b"><choice>
                                <abbr><metamark rend="line" function="ditto"/></abbr>
                                <expan><rs type="person" key="RR" role="author">Ricardo
                                    Reis</rs></expan>
                            </choice>
                            <rs type="text">“Odes — <choice>
                                    <abbr>Liv<am>.</am></abbr>
                                    <expan>Liv<ex>ros</ex></expan>
                                </choice>III e IV.”</rs></rs>
                    </item>
                    <item>
                        <choice>
                            <abbr><metamark rend="line" function="ditto"/></abbr>
                            <expan><rs type="person" key="RR" role="author">Ricardo
                                Reis</rs></expan>
                        </choice>
                        <rs type="text">“O Regresso dos Deuses”</rs>. </item>
                    <item>
                        <rs type="work" key="O4" style="d"><rs type="person" key="AdC" role="author"
                                >Alvaro de Campos</rs>: <rs type="text">“Cinco Odes
                            Triumphaes”</rs></rs>. </item>
                    <item>
                        <choice>
                            <abbr><metamark rend="line" function="ditto"/></abbr>
                            <expan><rs type="person" key="AdC" role="author">Alvaro de
                                Campos</rs></expan>
                        </choice>: <rs type="text">“O Sensacionismo”</rs>. </item>
                    <item>
                        <choice>
                            <abbr><metamark rend="line" function="ditto"/></abbr>
                            <expan><rs type="person" key="AdC" role="author">Alvaro de
                                Campos</rs></expan>
                        </choice>: <rs type="text">“Modernas Correntes na
                            Literatura<lb/>Portugueza”</rs>. </item>
                </list>
            </div>
        </body>
    </text>
</TEI>
