<?xml version="1.0" encoding="UTF-8"?>
<?xml-model href="../schema/pessoaTEI.rng" type="application/xml" schematypens="http://relaxng.org/ns/structure/1.0"?>
<TEI xmlns="http://www.tei-c.org/ns/1.0">
   <teiHeader>
      <fileDesc>
         <titleStmt>
            <title>BNP/E3 144Y-51<hi rend="superscript">v</hi>
            </title>
            <author>
               <rs type="name" key="FP">Fernando Pessoa</rs>
            </author>
            <respStmt>
               <resp>Transcrição, Edição</resp>
               <name>Pedro Sepúlveda</name>
            </respStmt>
            <respStmt>
               <resp>Transcrição</resp>
               <name>Pablo Javier Pérez López</name>
            </respStmt>
            <respStmt>
               <resp>Transcrição</resp>
               <name>Jorge Uribe</name>
            </respStmt>
            <respStmt>
               <resp>Modelagem de dados, Codificação</resp>
               <name>Ulrike Henny-Krahmer</name>
            </respStmt>
            <respStmt>
               <resp>Codificação</resp>
               <name>Isabel Figueiredo-Iken</name>
            </respStmt>
            <respStmt>
               <resp>Codificação</resp>
               <name>Inês Filipa Rebelo do Carmo</name>
            </respStmt>
            <respStmt>
               <resp>Codificação</resp>
               <name>Sviatoslav Drach</name>
            </respStmt>
            <respStmt>
               <resp>Consultoria</resp>
               <name>Institut für Dokumentologie und Editorik (IDE)</name>
            </respStmt>
         </titleStmt><editionStmt><p>Corpus version C2.1.0</p></editionStmt>
         <publicationStmt>
            <publisher>Universidade Nova de Lisboa, Instituto de Estudos de Literatura e
                    Tradição (IELT)</publisher>
            <publisher>Cologne Center for eHumanities (CCeH)</publisher>
            <date>2017</date>
            <availability status="free">
               <licence target="http://creativecommons.org/licenses/by/4.0/"/>
            </availability>
            <idno type="filename">BNP_E3_144Y-51v.xml</idno>
         </publicationStmt>
         <sourceDesc>
            <msDesc>
               <msIdentifier>
                  <institution>Biblioteca Nacional de Portugal</institution>
                  <idno>BNP/E3 144Y-51v</idno>
               </msIdentifier>
               <msContents>
                  <summary>
                     <p> Lista manuscrita no caderno 144Y (cf. <ref target="http://purl.pt/13899">http://purl.pt/13899</ref>),
                                publicada em Sepúlveda e Uribe, <hi rend="italic">O planeamento
                                    editorial de Fernando Pessoa</hi> (2016, 125-126). </p>
                  </summary>
                  <msItemStruct>
                     <author>
                        <rs type="name" key="FP">Fernando Pessoa</rs>
                     </author>
                     <note type="genre">
                        <rs type="genre" key="lista_editorial">Lista editorial</rs>
                     </note>
                     <textLang mainLang="pt" otherLangs="en"/>
                  </msItemStruct>
               </msContents>
               <history>
                  <origin>
                     <p>
                        <origDate when="1917" cert="medium">c. 1917</origDate>
                     </p>
                  </origin>
               </history>
            </msDesc>
         </sourceDesc>
      </fileDesc>
      <revisionDesc>
         <change when="2023-11-15" who="#FAF">
                    Added edition statement to the teiHeader
                </change>
      </revisionDesc>
   </teiHeader>
   <facsimile xml:base="http://images.cceh.uni-koeln.de/pessoa/">
      <graphic url="bn-acpc-e-e3_144y_JPG_24-C-R0150/bn-acpc-e-e3_144y_0102_51v_t24-C-R0150.jpg"/>
   </facsimile>
   <text>
      <body>
         <div>
            <list>
               <head>Books to figure in a “Library” or “Collection”.</head>
               <metamark rend="line" function="distinct"/>
               <item>
                  <rs type="name" key="P30">Mario de Sá-Carneiro</rs>: <rs type="title">Obras</rs>. 4 <choice>
                     <abbr>vols<am>.</am>
                     </abbr>
                     <expan>vol<ex>ume</ex>s</expan>
                  </choice>
               </item>
               <item>
                  <rs type="name" key="P56">José de Almada-Negreiros</rs>: (see what). </item>
               <item>
                  <rs type="name" key="FP" role="author" style="b">Fernando Pessoa</rs>: <rs type="title">Theatro Statico</rs>. (1.<hi rend="superscript">a</hi>
                        serie) </item>
               <item>
                  <rs type="work" key="O1" style="c">
                     <choice>
                        <abbr>
                           <metamark rend="line" function="ditto"/>
                        </abbr>
                        <expan>
                           <rs type="name" key="FP" role="author" style="b">Fernando
                                        Pessoa</rs>
                        </expan>
                     </choice>: <rs type="title">Itinerario</rs>.</rs>
               </item>
               <item>
                  <rs type="work" key="O4" style="b">
                     <rs type="name" key="AdC" role="author">Alvaro de Campos</rs>: <rs type="title">Arco de Triumpho</rs>
                  </rs>.
                    </item>
            </list>
         </div>
      </body>
   </text>
</TEI>
