<?xml version="1.0" encoding="UTF-8"?>
<?xml-model href="../schema/pessoaTEI.rng" type="application/xml" schematypens="http://relaxng.org/ns/structure/1.0"?>
<TEI xmlns="http://www.tei-c.org/ns/1.0">
   <teiHeader>
      <fileDesc>
         <titleStmt>
            <title>BNP/E3 87-60</title>
            <author>
               <rs type="name" key="FP">Fernando Pessoa</rs>
            </author>
            <respStmt>
               <resp>Transcrição, Edição</resp>
               <name>Pedro Sepúlveda</name>
            </respStmt>
            <respStmt>
               <resp>Codificação, Modelagem de dados</resp>
               <name>Ulrike Henny-Krahmer</name>
            </respStmt>
            <respStmt>
               <resp>Codificação</resp>
               <name>Isabel Figueiredo-Iken</name>
            </respStmt>
            <respStmt>
               <resp>Codificação</resp>
               <name>Sviatoslav Drach</name>
            </respStmt>
            <respStmt>
               <resp>Consultoria</resp>
               <name>Institut für Dokumentologie und Editorik (IDE)</name>
            </respStmt>
         </titleStmt>
         <publicationStmt>
            <publisher>Universidade Nova de Lisboa, Instituto de Estudos de Literatura e Tradição
               (IELT)</publisher>
            <publisher>Cologne Center for eHumanities (CCeH)</publisher>
            <date>2017</date>
            <availability>
               <licence target="http://creativecommons.org/licenses/by/3.0/"/>
            </availability>
            <idno type="filename">BNP_E3_87-60.xml</idno>
         </publicationStmt>
         <sourceDesc>
            <msDesc>
               <msIdentifier>
                  <institution>Biblioteca Nacional de Portugal</institution>
                  <idno>BNP/E3 87-60</idno>
               </msIdentifier>
               <msContents>
                  <summary>
                     <p>Lista manuscrita.</p>
                  </summary>
                  <msItemStruct>
                     <author>
                        <rs type="name" key="FP">Fernando Pessoa</rs>
                     </author>
                     <note type="genre">
                        <rs type="genre" key="lista_editorial">Lista editorial</rs>
                     </note>
                     <textLang mainLang="pt" otherLangs="en"/>
                  </msItemStruct>
               </msContents>
               <history>
                  <origin>
                     <p>
                        <origDate when="1919" cert="medium">c. 1919</origDate>
                     </p>
                  </origin>
               </history>
            </msDesc>
         </sourceDesc>
      </fileDesc>
   </teiHeader>
   <facsimile>
      <graphic
         url="bn-acpc-e-e3-87-1-103_JPG_24-C-R0150/bn-acpc-e-e3-87-1-103_0133_60_t24-C-R0150.jpg"/>
      <graphic
         url="bn-acpc-e-e3-87-1-103_JPG_24-C-R0150/bn-acpc-e-e3-87-1-103_0134_60v_t24-C-R0150.jpg"/>
   </facsimile>
   <text>
      <body>
         <div>
            <head><hi rend="underline"><choice>
                     <abbr>G<am>.</am></abbr>
                     <expan>G<ex>remio</ex></expan>
                  </choice> de <choice>
                     <abbr>C<am>.</am></abbr>
                     <expan>C<ex>ultura</ex></expan>
                  </choice>
                  <choice>
                     <abbr>P<am>.</am></abbr>
                     <expan>P<ex>ortugueza</ex></expan>
                  </choice></hi></head>
            <list>
               <item>Babson’s Statistical Organization.</item>
               <item rend="indent-2">Similar Organization in other countries,<lb/> if they
                  exist.</item>
            </list>
            <metamark rend="line-44" function="distinct"/>
            <list>
               <item>Boletim Mensal do Gremio.</item>
            </list>
            <metamark rend="line-44" function="distinct"/>
            <list>
               <item>Newspaper Press Directory.</item>
               <item>Kelly’s Directory.</item>
               <item><gap reason="illegible" extent="2" unit="word"/>.</item>
            </list>
            <metamark rend="line-44" function="distinct"/>
            <list>
               <item>Codigos particulares do Gremio.</item>
            </list>
            <metamark rend="line-44" function="distinct"/>
            <p>O Boletim Mensal do Gremio contém<lb/> indicações commerciaes, relativamente<lb/> ao
               commercio e industria portuguezas,<lb/> indicações do trabalho feito pelo
               Gremio,<lb/> notas literarias e culturaes, etc. Não<lb/> contém “artigos”, nem o que
               com isso<lb/> se pareça. Nos relatorios fazer graphicos e curvas<lb/> commerciaes,
               etc. genero <hi rend="underline">Babson.</hi></p>
            <metamark rend="line-44" function="distinct"/>
            <list>
               <item>Socios do Gremio: 1 escudo mensal (can we get say 2500)</item>
               <item>Special donations.</item>
            </list>
            <pb n="2"/>
            <gap reason="selection" unit="line" extent="8"/>
            <metamark rend="line-44" function="distinct"/>
            <div>
               <head><hi rend="underline">Gammeter Multigraph.</hi></head>
               <p rend="indent-1">An organization <del rend="overstrike">with</del> needing this.
                  Spanish<lb/> agent did not even write.</p>
               <list>
                  <item>Study the Gremio paper.</item>
                  <item>Begin <choice>
                        <abbr>w<am>.</am></abbr>
                        <expan>w<ex>ith</ex></expan>
                     </choice> a <hi rend="underline">given</hi> capital &amp; on no <hi
                        rend="underline">associate</hi><lb/> terms, at least of importance.</item>
               </list>
            </div>
            <metamark rend="line-44" function="distinct"/>
            <div>
               <list>
                  <item>Propriedade de <rs type="periodical" key="J12">“Orpheu”</rs> e sua
                     republicação<lb/> (Papel para elle): <supplied resp="PS"
                        reason="omitted-in-original"/>
                  </item>
                  <item rend="indent-2">Collecção <hi rend="underline">Olissipo</hi>: nacional,
                     estrangeira de cousas nacionaes,<lb/> e puramente estrangeira
                     (cultural).</item>
               </list>
            </div>
         </div>
      </body>
   </text>
</TEI>
