<?xml version="1.0" encoding="UTF-8"?>
<?xml-model href="../schema/pessoaTEI.rng" type="application/xml" schematypens="http://relaxng.org/ns/structure/1.0"?>
<TEI xmlns="http://www.tei-c.org/ns/1.0">
   <teiHeader>
      <fileDesc>
         <titleStmt>
            <title>BNP/E3 144P-46<hi rend="superscript">v</hi> a 48<hi rend="superscript"
               >r</hi></title>
            <author>
               <rs type="name" key="FP">Fernando Pessoa</rs>
            </author>
            <respStmt>
               <resp>Transcrição, Edição</resp>
               <name>Pedro Sepúlveda</name>
            </respStmt>
            <respStmt>
               <resp>Modelagem de dados, Codificação</resp>
               <name>Ulrike Henny-Krahmer</name>
            </respStmt>
            <respStmt>
               <resp>Codificação</resp>
               <name>Isabel Figueiredo-Iken</name>
            </respStmt>
            <respStmt>
               <resp>Codificação</resp>
               <name>Inês Filipa Rebelo do Carmo</name>
            </respStmt>
            <respStmt>
               <resp>Codificação</resp>
               <name>Sviatoslav Drach</name>
            </respStmt>
            <respStmt>
               <resp>Consultoria</resp>
               <name>Institut für Dokumentologie und Editorik (IDE)</name>
            </respStmt>
         </titleStmt>
         <publicationStmt>
            <publisher>Universidade Nova de Lisboa, Instituto de Estudos de Literatura e Tradição
               (IELT)</publisher>
            <publisher>Cologne Center for eHumanities (CCeH)</publisher>
            <date>2017</date>
            <availability status="free">
               <licence target="http://creativecommons.org/licenses/by/3.0/"/>
            </availability>
            <idno type="filename">BNP_E3_144P-46v-a-48r.xml</idno>
         </publicationStmt>
         <sourceDesc>
            <msDesc>
               <msIdentifier>
                  <institution>Biblioteca Nacional de Portugal</institution>
                  <idno>BNP/E3 144P-46v a 48r</idno>
               </msIdentifier>
               <msContents>
                  <summary>
                     <p>Lista manuscrita no caderno 144P (cf. <ref target="http://purl.pt/13891"
                           >http://purl.pt/13891</ref>).</p>
                  </summary>
                  <msItemStruct>
                     <author>
                        <rs type="name" key="FP">Fernando Pessoa</rs>
                     </author>
                     <note type="genre">
                        <rs type="genre" key="lista_editorial">Lista editorial</rs>
                     </note>
                     <textLang mainLang="pt" otherLangs="fr de"/>
                  </msItemStruct>
               </msContents>
               <history>
                  <origin>
                     <p>
                        <origDate when="1915" cert="medium">c. 1915</origDate>
                     </p>
                  </origin>
               </history>
            </msDesc>
         </sourceDesc>
      </fileDesc>
   </teiHeader>
   <facsimile xml:base="http://images.cceh.uni-koeln.de/pessoa/">
      <graphic url="bn-acpc-e-e3_144p_JPG_24-C-R0150/bn-acpc-e-e3_144p_0106_46v_t24-C-R0150.jpg"/>
      <graphic url="bn-acpc-e-e3_144p_JPG_24-C-R0150/bn-acpc-e-e3_144p_0107_47r_t24-C-R0150.jpg"/>
      <graphic url="bn-acpc-e-e3_144p_JPG_24-C-R0150/bn-acpc-e-e3_144p_0108_47v_t24-C-R0150.jpg"/>
      <graphic url="bn-acpc-e-e3_144p_JPG_24-C-R0150/bn-acpc-e-e3_144p_0109_48r_t24-C-R0150.jpg"/>
   </facsimile>
   <text>
      <body>
         <div>
            <head><hi rend="underline">Cosmopolis</hi><metamark rend="space" function="distinct"
                  /><hi rend="underline">Agencia Geral.</hi></head>
            <list>
               <item>
                  <add n="2"><label>I.</label></add> Informação a respeito de comboios (<gap
                     reason="illegible" unit="character" extent="1"/>) </item>
               <item rend="indent-2">
                  <add n="2"><label>I.</label></add>
                  <choice>
                     <abbr><metamark rend="line" function="ditto"/></abbr>
                     <expan>Informação a respeito de</expan>
                  </choice>
                  <choice>
                     <abbr>part<am>.</am></abbr>
                     <expan>part<ex>idas</ex></expan>
                  </choice> e <choice>
                     <abbr>cheg<am>.</am></abbr>
                     <expan>cheg<ex>adas</ex></expan>
                  </choice>
                  <gap reason="illegible" unit="word" extent="2"/>, e<lb/>passageiros. </item>
               <item rend="indent-2">
                  <add n="2"><label>I.</label></add>
                  <choice>
                     <abbr><metamark rend="line" function="ditto"/></abbr>
                     <expan>Informação a respeito de</expan>
                  </choice> viagens, comboios, viagens<lb/>circulatorias, etc. </item>
               <item rend="indent-1">Montagem de escriptos.</item>
               <item xml:id="I5">
                  <add n="2"><label>II.</label></add>
                  <metamark rend="arrow-left-curved-down" function="assignment" target="#A1" n="2"/>
                  Correspondencia commercial. </item>
               <item xml:id="I6" rend="indent-2">
                  <add n="2"><label>I (a)</label></add> Listas de <choice>
                     <abbr>export<hi rend="superscript">s</hi></abbr>
                     <expan>export<ex>açõe</ex>s</expan>
                  </choice>, <choice>
                     <abbr>import<hi rend="superscript">s</hi></abbr>
                     <expan>import<ex>açõe</ex>s</expan>
                  </choice>, negociantes e <lb/>fabricantes. </item>
               <item xml:id="I7">
                  <add n="2"><label>I (a)</label></add> Agentes nos <gap reason="illegible"
                     unit="character" extent="1"/> e no estrangeiro. </item>
               <item xml:id="I8" rend="indent-2">
                  <add n="2"><label>III.</label></add> Buscas literarias etc. nas bibliothecas;
                  rebusca<lb/> de jornaes antigos. Pesquizas heraldi<pc>-</pc><lb/>cas e
                  genealogicas. </item>
               <item xml:id="I9" rend="indent-2">
                  <add n="2"><label>II.</label></add>
                  <anchor xml:id="A1"/> Redacção correcta de cartas, circulares, <note
                     type="addition" n="2"><label rend="circled">II</label></note><lb/> catalogos
                  (em todas as linguas)</item>
               <item rend="indent-2">
                  <add n="2"><label>III.</label></add> Revisão de provas typographicas,
                  seguindo<lb/> a ortographia antiga a moderna.</item>
               <item>
                  <add n="2"><label>III.</label></add> Revisão ortographica. <note type="addition"
                     n="2"><gap reason="illegible" unit="character" extent="3"/></note>
               </item>
               <item>
                  <add n="2"><label>I.</label></add>
                  <gap reason="illegible" unit="character" extent="1"/> de jornaes, <choice>
                     <abbr>nac<am>.</am></abbr>
                     <expan>nac<ex>ionaes</ex></expan>
                  </choice> e estrangeiros. </item>
               <item rend="indent-2">
                  <add n="2"><label>III.</label></add> Opinião sobre livros, etc. de autores
                  que<lb/> a tencionem publicar.</item>
               <item rend="indent-2">
                  <add n="2"><label>III.</label></add> Informações literarias, e tudo das
                  literaturas<lb/> de toda a especie; discursos, artigos, versos<lb/> para
                  homenagear, etc.</item>
               <item rend="indent-2">
                  <add n="2"><label>I.</label></add> Informação semanal do movimento commercial
                  <lb/>(parte da informação sobre os comboios), do movi<pc>-</pc><lb/>mento
                  financeiro, etc. medindo o<lb/>do <hi rend="underline">estado</hi>. </item>
               <pb n="2"/>
               <item>
                  <add n="2"><label>I.</label></add> Informação estatistica. </item>
               <item>
                  <add n="2"><label>I.</label></add> Informações commerciaes (e particulares). </item>
               <item rend="indent-2">
                  <add n="2"><label>IV.</label></add> Compras no estrangeiro e em <rs type="place"
                     >Lisboa</rs>,<lb/> assignaturas de jornaes estrangeiros,<lb/>obtenção de
                  catalogos, etc. </item>
               <item rend="indent-2"><add n="2"><label rend="circled">—</label></add> Á disposição
                  do publico annuarios<lb/> estrangeiros, assim como <hi rend="underline"
                     >codigos</hi><lb/>
                  <hi rend="underline">telegraphicos</hi>, listas de fabricantes,<lb/>etc. </item>
               <item rend="indent-2">
                  <add n="2"><label>V.</label></add> Manufactura de codigos particulares,<lb/>e de
                  cifras para correspondencia<lb/>secreta. (Bi-Lateral). </item>
               <item rend="indent-2">
                  <add n="2"><label>V.</label></add> Edições de codigos telegraphicos proprios -<lb/>(<choice>
                     <abbr>org<am>.</am></abbr>
                     <expan>org<ex>anizar</ex></expan>
                  </choice> inventarios) </item>
               <item xml:id="I22">Edição do pequeno diccionario portuguez,</item>
               <item xml:id="I23">
                  <choice>
                     <abbr><metamark rend="line" function="ditto"/></abbr>
                     <expan>Edição</expan>
                  </choice> do <hi rend="underline"><rs type="title">“All about <rs type="place"
                           >Portugal</rs>”</rs>.</hi>
                  <note target="range(I22,I24)" place="margin-left" n="2" type="addition">
                     <metamark rend="curly-bracket" function="grouping">
                        <label>III</label>
                     </metamark>
                  </note>
               </item>
               <item xml:id="I24" rend="indent-2">
                  <seg type="certainty" resp="FP" cert="low">
                     <choice>
                        <abbr><metamark rend="line" function="ditto"/></abbr>
                        <expan>Edição</expan>
                     </choice> de <rs type="periodical" key="J52">“A Semana”</rs> jornal <subst>
                        <del rend="overstrike" n="1">dando noticias <lb/>de <rs type="place">Portugal</rs>
                           para o <rs type="place">Brazil</rs>.</del>
                        <add n="2" place="above">em principio </add>
                        <add n="2" place="below"><gap reason="illegible" unit="word" extent="1"
                           /></add>
                     </subst>
                  </seg>
               </item>
               <item rend="indent-2">
                  <add n="2"><label>II.</label></add> Traducções em todos os generos e de e
                  para<lb/> todas as linguas. </item>
               <item rend="indent-2">
                  <add n="2"><label>II.</label></add> Trabalhos á machina, ao <gap
                     reason="illegible" unit="word" extent="1"/>
                  <lb/> e de imprensa, por preços reduzidos. </item>
               <item>
                  <add n="2"><label>VI.</label></add> Edição de agendas.</item>
               <item rend="indent-2">
                  <add n="2"><label>IV.</label></add> Annuncios em todos os jornaes de <rs
                     type="place">Portugal</rs> e<lb/> do estrangeiro. </item>
               <item rend="indent-2">
                  <add n="2"><label>IV.</label></add> Especialidade em mandar vir livros do<lb/>
                  estrangeiro e em manter quem quizer in<pc>-</pc><lb/>formado ácerca dos livros do
                  seu interesse<lb/> que vão sahindo. </item>
               <pb n="3"/>
               <item>
                  <add n="2"><label>II.</label></add> Endereçar e expedir circulares, cartas, etc. </item>
               <item rend="indent-2">
                  <add n="2"><label>VII.</label></add> Bureau de recuperação de correspondencia<lb/>
                  para que a não queira <gap reason="illegible" unit="word" extent="1"/> com
                  <lb/>casa. (Mediante <gap reason="illegible" unit="word" extent="1"/>
                  começado)</item>
               <item rend="indent-2">
                  <add n="2"><label>VI.</label></add> Edição de bilhetes-postaes illustrados,<lb/>
                  de albuns de vistas de <rs type="place">Portugal</rs>,<lb/> etc.</item>
               <item rend="indent-2">
                  <add n="2"><label>VIII.</label></add> Todos os trabalhos de advocacia e
                  <lb/>procuradoria ... (artigo(s) <gap reason="illegible" unit="word" extent="1"
                  />)<lb/> (Encarrega-se de arrendar e alugar<lb/> casas.) <add n="2">Listas de
                     casas para alugar</add><lb/> (<hi rend="underline">Compra e venda</hi> de
                  propriedades.)<lb/> (<hi rend="underline">Hypothecas etc.) (?)</hi>
               </item>
               <item rend="indent-2">
                  <add n="2"><label>I.</label></add> Informações em todas as repartições<lb/> do
                  estado.<lb/> Photographias do que se deseje, <gap reason="illegible" unit="word"
                     extent="1"/><lb/> o que ter photographia <del rend="overstrike">
                     <gap reason="illegible" extent="1" unit="word"/>
                  </del> propria. </item>
               <item>
                  <add n="2"><label>IX.</label></add> Correspondencia para jornaes estrangeiros. </item>
               <item rend="indent-2">
                  <add n="2"><label>IX.</label></add> Informação a respeito de <rs type="place"
                     >Portugal</rs> — English<lb/> novelists, por ex., que queiram saber
                  qualquer<lb/>cousa a respeito de <rs type="place">Portugal</rs>.
                  Investigações<lb/>historicas.</item>
               <item rend="indent-2">
                  <add n="2"><label>II.</label></add> Escreve-se annuncios e arranja-se<lb/>destes
                  apto para elles ...<lb/> Dá-se opinião a respeito de papel-<lb/>timbrado, como
                  deve ficar melhor</item>
               <pb n="4"/>
               <item rend="indent-2">
                  <add n="2"><label>II.</label></add> Circulares á machina, <gap reason="illegible"
                     unit="word" extent="1"/> a 50<choice>
                     <abbr>r</abbr>
                     <expan>r<ex>eis</ex></expan>
                  </choice> cada<lb/> e a confecção de <gap reason="illegible" unit="word"
                     extent="1"/> a 500<choice>
                     <abbr>r</abbr>
                     <expan>r<ex>eis</ex></expan>
                  </choice><lb/> Não a <gap reason="illegible" unit="word" extent="1"/> de mais de<lb/>
                  <gap reason="illegible" unit="word" extent="12"/> circular) </item>
               <item rend="indent-2">
                  <add n="2"><label>II.</label></add> Bilhetes postaes illustrados de
                  estrangeiros,<lb/>escriptos de lá... (Fornecer-se citações — <choice>
                     <abbr>Dict<am>.</am></abbr>
                     <expan>Dict<ex>ionary</ex></expan>
                  </choice> of Quotations). </item>
               <item rend="indent-2">
                  <add n="2"><label>II.</label></add> Ideas para nomes de marcas, ex
                  libris,<lb/>nomes de firmas, etc. </item>
               <item rend="indent-2">
                  <add n="2"><label>II.</label></add> Projectos de <hi rend="underline">decorações
                     de montra</hi>, de<lb/>construção e decoração de
                  estabeleci<pc>-</pc><lb/>mentos (por um architecto distante) </item>
            </list>
            <list>
               <item>“Como se arranja uma montra” <metamark rend="space" function="distinct"/>
                  opusculo </item>
               <item rend="indent-2">Informações para quem queira estudar varios <lb/>assumptos ou
                  linguas.</item>
               <item rend="indent-2">On the back of notas-de-cambio an<lb/>advertisement.</item>
               <item>A <gap reason="selection" unit="line" extent="2"/></item>
               <item>1 annuncio simples, <hi rend="underline">bem</hi> feito — 500 reis</item>
               <item>1 <gap reason="illegible" unit="word" extent="1"/> de <gap reason="illegible"
                     unit="word" extent="1"/>, estudada — 10000 reis</item>
            </list>
         </div>
      </body>
   </text>
</TEI>
