<?xml version="1.0" encoding="UTF-8"?> <?xml-model href="../schema/pessoaTEI.rng" type="application/xml" schematypens="http://relaxng.org/ns/structure/1.0"?>
<TEI xmlns="http://www.tei-c.org/ns/1.0">
   <teiHeader>
      <fileDesc>
         <titleStmt>
            <title>BNP/E3 20-65<hi rend="superscript">r</hi>
            </title>
            <author>
               <rs type="person" key="FP">Fernando Pessoa</rs>
            </author>
            <respStmt>
               <resp>Transcrição, Edição</resp>
               <name>Pedro Sepúlveda</name>
            </respStmt>
            <respStmt>
               <resp>Modelagem de dados, Codificação</resp>
               <name>Ulrike Henny</name>
            </respStmt>
            <respStmt>
               <resp>Codificação</resp>
               <name>Isabel Figueiredo-Iken</name>
            </respStmt>
            <respStmt>
               <resp>Consultoria</resp>
               <name>Institut für Dokumentologie und Editorik (IDE)</name>
            </respStmt>
         </titleStmt>
         <publicationStmt>
            <publisher>Universidade Nova de Lisboa, Instituto de Estudos de Literatura e Tradição (IELT)</publisher>
            <publisher>Cologne Center for eHumanities (CCeH)</publisher>
            <date>2016</date>
            <availability>
               <licence target="http://creativecommons.org/licenses/by/3.0/"/>
            </availability>
            <idno type="filename">BNP_E3_20-65r.xml</idno>
         </publicationStmt>
         <sourceDesc>
            <msDesc>
               <msIdentifier>
                  <institution>Biblioteca Nacional de Portugal</institution>
                  <idno>BNP/E3 20-65r</idno>
               </msIdentifier>
               <msContents>
                  <msItemStruct>
                     <author>
                        <rs type="person" key="FP">Fernando Pessoa</rs>
                     </author>
                     <note type="genre">
                        <rs type="genre" key="lista_editorial">Lista
                        editorial</rs>
                     </note>
                     <textLang mainLang="pt" otherLangs="en la"/>
                  </msItemStruct>
               </msContents>
               <history>
                  <origin>
                     <p>
                        <origDate when="1926" cert="medium">c. 1926</origDate>
                     </p>
                  </origin>
               </history>
            </msDesc>
         </sourceDesc>
      </fileDesc>
   </teiHeader>
   <facsimile>
      <graphic url="bn-acpc-e-e3-20-1-119_JPG_24-C-R0150/bn-acpc-e-e3-20-1-119_0129_65_t24-C-R0150.jpg"/>
   </facsimile>
   <text>
      <body>
         <list> 
            <item><rs type="text">Primeiro <rs type="person" key="P92">Fausto</rs></rs>.</item>
            <item><rs type="text">Segundo <rs type="person" key="P92">Fausto</rs></rs>.</item>        
            <item><rs type="text">Terceiro <rs type="person" key="P92">Fausto</rs></rs>.</item>
         </list> 
         <list>
            <item><rs type="text"><rs type="person" key="P47">Ignez de Castro</rs></rs>.</item>
            <item><rs type="text"><rs type="person" key="P48">Leonor Telles</rs></rs>.</item>
            <metamark rend="line" function="distinct"/>
            <item><rs type="text"><rs type="person" key="P21" style="b">D. Sebastião</rs></rs>.</item>
            <item><rs type="text">Teomachia</rs>.</item>        
         </list> 
         <list> 
           <item><rs type="work" key="O1" style="b"><rs type="text">Cancioneiro</rs></rs>.</item>
           <item><rs type="work" key="O1" style="c"><rs type="text">Itinerario</rs></rs>.</item>
           <item><rs type="text">Legendas</rs>.</item>
         </list>
         <list>
           <item><rs type="text">Theatro Menor (d.v.)</rs></item>
           <item><rs type="text">O Comboio do Sul</rs>.</item>
         </list> 
         <list>
            <item><rs type="text">Commentario Maior ás Prophecias do Bandarra</rs>.</item>
            <item><rs type="text">Introducção ao Problema Portuguez</rs>.</item>
         </list>
         <list>
            <item><rs type="text">Autos</rs>.</item>
            <item><rs type="text">Antitheses</rs>.</item>
            <item><rs type="text">Na Pharmacia do Evaristo</rs>.</item>
            <item><rs type="text">Contos</rs>.</item>
         </list>
         <list>
            <item><rs type="text"><rs type="person" key="P65">Shakespeare</rs> — traducção</rs>.</item>
            <item><rs type="text">Iliada — traducção</rs>.</item>
            <item><rs type="text">Odysseia — traducção</rs>.</item>
            <item><rs type="text">Divina Comedia — traducção</rs>.</item>
            <item><rs type="text">Paraiso Perdido — traducção</rs>.</item>
            <item><rs type="text">Eneida — traducção</rs>.</item></list>
         <list>
            <item><rs type="text">Prometheus Revinctus</rs>.</item>
            <item><rs type="text"><rs type="person" key="P68">The Duke of Parma</rs></rs>.</item>
            <item><rs type="text">Poems</rs>.</item></list>
         <list>
            <item><rs type="work" key="O2" style="a"><rs type="person" key="AC" role="author">Alberto Caeiro</rs></rs>.</item>
            <item><rs type="work" key="O3" style="a"><rs type="person" key="RR" role="author">Ricardo Reis</rs></rs>.</item>
            <item><rs type="work" key="O4" style="a"><rs type="person" key="AdC" role="author">Alvaro de Campos</rs> (prosa e verso)</rs>.</item>
         </list>
      </body>
   </text>
</TEI>
