<?xml version="1.0" encoding="UTF-8"?>
<?xml-model href="../schema/pessoaTEI.rng" type="application/xml" schematypens="http://relaxng.org/ns/structure/1.0"?>
<TEI xmlns="http://www.tei-c.org/ns/1.0">
   <teiHeader>
      <fileDesc>
         <titleStmt>
            <title>BNP/E3 76A-61<hi rend="superscript">v</hi>
            </title>
            <author>
               <rs type="name" key="FP">Fernando Pessoa</rs>
            </author>
            <respStmt>
               <resp>Transcrição, Edição</resp>
               <name>Pedro Sepúlveda</name>
            </respStmt>
            <respStmt>
               <resp>Transcrição</resp>
               <name>Pablo Javier Pérez López</name>
            </respStmt>
            <respStmt>
               <resp>Transcrição</resp>
               <name>Jorge Uribe</name>
            </respStmt>
            <respStmt>
               <resp>Modelagem de dados, Codificação</resp>
               <name>Ulrike Henny-Krahmer</name>
            </respStmt>
            <respStmt>
               <resp>Codificação</resp>
               <name>Inês Filipa Rebelo do Carmo</name>
            </respStmt>
            <respStmt>
               <resp>Codificação</resp>
               <name>Isabel Figueiredo-Iken</name>
            </respStmt>
            <respStmt>
               <resp>Codificação</resp>
               <name>Sviatoslav Drach</name>
            </respStmt>
            <respStmt>
               <resp>Consultoria</resp>
               <name>Institut für Dokumentologie und Editorik (IDE)</name>
            </respStmt>
         </titleStmt><editionStmt><p>Corpus version C2.1.0</p></editionStmt>
         <publicationStmt>
            <publisher>Universidade Nova de Lisboa, Instituto de Estudos de Literatura e
                    Tradição (IELT)</publisher>
            <publisher>Cologne Center for eHumanities (CCeH)</publisher>
            <date>2017</date>
            <availability status="free">
               <licence target="http://creativecommons.org/licenses/by/4.0/"/>
            </availability>
            <idno type="filename">BNP_E3_76A-61v.xml</idno>
         </publicationStmt>
         <sourceDesc>
            <msDesc>
               <msIdentifier>
                  <institution>Biblioteca Nacional de Portugal</institution>
                  <idno>BNP/E3 76A-61v</idno>
               </msIdentifier>
               <msContents>
                  <summary>
                     <p>Lista manuscrita numa folha de papel com a marca de água «Express
                                Bond | 5860», publicada em <hi rend="italic">Ricardo Reis.
                                    Prosa</hi> (2003, 290).</p>
                  </summary>
                  <msItemStruct>
                     <author>
                        <rs type="name" key="FP">Fernando Pessoa</rs>
                     </author>
                     <note type="genre">
                        <rs type="genre" key="lista_editorial">Lista editorial</rs>
                        <rs type="genre" key="plano_editorial">Plano editorial</rs>
                     </note>
                     <textLang mainLang="pt" otherLangs="en fr"/>
                  </msItemStruct>
               </msContents>
               <history>
                  <origin>
                     <p>
                        <origDate when="1914" cert="medium">c. 1914</origDate>
                     </p>
                  </origin>
               </history>
            </msDesc>
         </sourceDesc>
      </fileDesc>
      <revisionDesc>
         <change when="2023-11-15" who="#FAF">
                    Added edition statement to the teiHeader
                </change>
      </revisionDesc>
   </teiHeader>
   <facsimile xml:base="http://images.cceh.uni-koeln.de/pessoa/">
      <graphic url="bn-acpc-e-e3-76a-1-99_JPG_24-C-R0150/bn-acpc-e-e3-76a-1-99_0124_61v_t24-C-R0150.jpg"/>
   </facsimile>
   <text>
      <body>
         <div>
            <head rend="center">
               <hi rend="underline">
                  <rs type="name" key="RR" role="author">
                     <choice>
                        <abbr>RR</abbr>
                        <expan>R<ex>icardo</ex> R<ex>eis</ex>
                        </expan>
                     </choice>
                  </rs>
               </hi>
            </head>
            <list>
               <item rend="indent-2">
                  <label>I.</label>
                  <rs type="title">A Indisciplina Moderna</rs>.<lb/>
                  <note>((1) <rs type="title">A <choice>
                           <abbr>I<am>.</am>
                           </abbr>
                           <expan>I<ex>ndisciplina</ex>
                           </expan>
                        </choice> philosophica</rs>. (2) <rs type="title">A <choice>
                           <abbr>
                              <am>ind.</am>
                           </abbr>
                           <expan>ind<ex>isciplina</ex>
                           </expan>
                        </choice> esthetica</rs>. (3) <rs type="title">a <choice>
                           <abbr>I<am>.</am>
                           </abbr>
                           <expan>I<ex>ndisciplina</ex>
                           </expan>
                        </choice>
                        <choice>
                           <seg n="1">moral</seg>
                           <seg n="2">
                              <add place="above">social</add>
                           </seg>
                        </choice>
                     </rs>).</note>
               </item>
               <item>
                  <label>II.</label>
                  <rs type="title">Estudos neo-classicos</rs>. <list>
                     <item>
                        <label>1.</label>
                        <rs type="title">O principio classico</rs>. </item>
                     <item>
                        <label>2.</label>
                        <rs type="title">
                           <choice>
                              <seg n="1">A</seg>
                              <seg n="2">
                                 <add place="above">O</add>
                              </seg>
                           </choice>
                           <choice>
                              <seg n="1">tragedia</seg>
                              <seg n="2">
                                 <add place="above">drama</add>
                              </seg>
                           </choice> greg<choice>
                              <seg n="1">a</seg>
                              <seg n="2">
                                 <add place="above">o</add>
                              </seg>
                           </choice> superior <choice>
                              <seg n="1">á</seg>
                              <seg n="2">
                                 <add place="above">
                                    <supplied resp="PS">ao</supplied>
                                 </add>
                              </seg>
                           </choice>
                           <choice>
                              <seg n="1">
                                 <choice>
                                    <abbr>tr<am>.</am>
                                    </abbr>
                                    <expan>tragedia</expan>
                                 </choice>
                              </seg>
                              <seg n="2">
                                 <add place="above">drama</add>
                              </seg>
                           </choice> modern<choice>
                              <seg n="1">a</seg>
                              <seg n="2">
                                 <add place="above">
                                    <supplied resp="PS">o</supplied>
                                 </add>
                              </seg>
                           </choice>
                        </rs>.</item>
                     <item>
                        <label>3.</label>
                        <rs type="title">
                           <rs type="name" key="P84">Milton</rs> superior a
                                        <rs type="name" key="P65">Shakespeare</rs>
                        </rs>.</item>
                     <item>
                        <label>4.</label>
                        <rs type="title">Theoria do neo-clacissismo scientifico</rs>.</item>
                     <item>
                        <label>5.</label>
                        <seg type="certainty" cert="low" rend="cross left" resp="FP">
                           <rs type="title">Marcha funebre do
                                Christianismo</rs>.</seg>
                     </item>
                     <item>
                        <label>6.</label>
                        <rs type="title">A arte moderna produto de <unclear reason="illegible">masturbação</unclear>
                        </rs>. </item>
                  </list>
               </item>
            </list>
            <metamark rend="line" function="distinct"/>
            <gap reason="selection" unit="line" extent="16"/>
         </div>
      </body>
   </text>
</TEI>
