<?xml version="1.0" encoding="UTF-8"?> 
<?xml-model href="../schema/pessoaTEI.rng" type="application/xml" schematypens="http://relaxng.org/ns/structure/1.0"?>
<TEI xmlns="http://www.tei-c.org/ns/1.0">
    <teiHeader>
        <fileDesc>
            <titleStmt>
                <title>BNP/E3 48E-29</title>
                <author>
                    <rs type="name" key="FP">Fernando Pessoa</rs>
                </author>
                <respStmt>
                    <resp>Transcrição, Edição</resp>
                    <name>Pedro Sepúlveda</name>
                </respStmt>
                <respStmt>
                    <resp>Transcrição</resp>
                    <name>Pablo Javier Pérez López</name>
                </respStmt>
                <respStmt>
                    <resp>Transcrição</resp>
                    <name>Jorge Uribe</name>
                </respStmt>
                <respStmt>
                    <resp>Codificação, Modelagem de dados</resp>
                    <name>Ulrike Henny-Krahmer</name>
                </respStmt>
                <respStmt>
                    <resp>Codificação</resp>
                    <name>Isabel Figueiredo-Iken</name>
                </respStmt>
                <respStmt>
                    <resp>Codificação</resp>
                    <name>Sviatoslav Drach</name>
                </respStmt>
                <respStmt>
                    <resp>Consultoria</resp>
                    <name>Institut für Dokumentologie und Editorik (IDE)</name>
                </respStmt>
            </titleStmt>
            <publicationStmt>
                <publisher>Universidade Nova de Lisboa, Instituto de Estudos de Literatura e
                    Tradição (IELT)</publisher>
                <publisher>Cologne Center for eHumanities (CCeH)</publisher>
                <date>2017</date>
                <availability>
                    <licence target="http://creativecommons.org/licenses/by/3.0/"/>
                </availability>
                <idno type="filename">BNP_E3_48E-29.xml</idno>
            </publicationStmt>
            <sourceDesc>
                <msDesc>
                    <msIdentifier>
                        <institution>Biblioteca Nacional de Portugal</institution>
                        <idno>BNP/E3 48E-29</idno>
                    </msIdentifier>
                    <msContents>
                        <summary>
                            <p> Lista manuscrita, publicada em <hi rend="italic">Fausto. Tragédia Subjectiva
                                (fragmentos)</hi> (1988, 200).<hi rend="italic"> </hi>
                            </p>
                        </summary>
                        <msItemStruct>
                            <author>
                                <rs type="name" key="FP">Fernando Pessoa</rs>
                            </author>
                            <note type="genre">
                                <rs type="genre" key="lista_editorial">Lista editorial</rs>
                            </note>
                            <textLang mainLang="pt" otherLangs="en fr"/>
                        </msItemStruct>
                    </msContents>
                    <history>
                        <origin>
                            <p>
                                <origDate when="1914-01-12" cert="medium">c. 12-1-1914</origDate>
                            </p>
                        </origin>
                    </history>
                </msDesc>
            </sourceDesc>
        </fileDesc>
    </teiHeader>
    <facsimile>
        <graphic
            url="bn-acpc-e-e3-48e-1-45_JPG_24-C-R0150/bn-acpc-e-e3-48e-1-45_0059_29_t24-C-R0150.jpg"/>
        <graphic
            url="bn-acpc-e-e3-48e-1-45_JPG_24-C-R0150/bn-acpc-e-e3-48e-1-45_0060_29v_t24-C-R0150.jpg"
        />
    </facsimile>
    <text>
        <body>
            <div>
                <head>
                    <hi rend="underline">Obras</hi>, consoante ditas em 1<subst>
                        <del rend="overwritten" n="1">4</del>
                        <add n="2">2</add>
                    </subst>-1-1914.</head>
                <metamark rend="line-44" function="distinct"/>
                <list>
                    <head>
                        <hi rend="underline">Em Portuguez:</hi>
                    </head>
                    <item>
                        <label>1.</label>
                        <rs type="title">As Sete Salas do Palacio <choice>
                                <abbr>Ab<am>.</am>
                                </abbr>
                                <expan>Ab<ex>andonado</ex>
                                </expan>
                            </choice>
                        </rs>
                    </item>
                    <item>
                        <label>2.</label>
                        <rs type="work" key="O1-2"><rs type="title">Gladio</rs></rs>. </item>
                    <item>
                        <label>3.</label>
                        <rs type="title">Auréola</rs>. </item>
                    <item>
                        <label>4.</label>
                        <rs type="title"><rs type="name" key="P47">Inez de Castro</rs></rs>. </item>
                    <item>
                        <label>5.</label>
                        <rs type="title"><rs type="name" key="P92">Fausto</rs></rs>
                    </item>
                    <item>
                        <label>6.</label>
                        <rs type="title">Trilogia dos Gigantes</rs>
                    </item>
                    <item>
                        <label>7.</label>
                        <rs type="title">
                            <rs type="name" key="P21" style="b">
                                <choice>
                                    <abbr>D<am>.</am>
                                    </abbr>
                                    <expan resp="UH">D<ex>om</ex>
                                    </expan>
                                </choice> Sebastião</rs> (poema simphonico)</rs>. </item>
                    <item>
                        <label>8.</label>
                        <rs type="title">Livro do Desassocego</rs>. </item>
                    <item>
                        <label>9.</label>
                        <rs type="title">Theatro d’Extase</rs>. </item>
                    <item>
                        <label>10.</label>
                        <rs type="title">Chronicas imprevistas</rs>. </item>
                    <item>
                        <label>11.</label>
                        <rs type="title">Contos metaphysicos</rs>. (3 <choice>
                            <abbr>v<am>.</am>
                            </abbr>
                            <expan>v<ex>olumes</ex>
                            </expan>
                        </choice>) </item>
                    <item>
                        <label>12.</label>
                        <rs type="title">Na <choice>
                                <abbr>pharm<am>.</am>
                                </abbr>
                                <expan>pharm<ex>acia</ex>
                                </expan>
                            </choice> do Evaristo</rs>. </item>
                    <item>
                        <label>13.</label>
                        <rs type="title"><rs type="name" key="P34">Quaresma</rs>, Decifrador</rs>.</item>
                    <item>
                        <label>14.</label>
                        <rs type="title">Trez historias</rs>.</item>
                    <item>
                        <label>15.</label>
                        <rs type="title">Satyras</rs>.</item>
                    <item>
                        <label>16.</label>
                        <rs type="title">Criticas</rs>.</item>
                    <item>
                        <label>17.</label>
                        <rs type="title">
                            <rs type="name" key="P93">Marcos Alves</rs>.
                    </rs></item>
                    <item>
                        <label>18.</label>
                        <rs type="title">Tratado de Sociologia</rs>
                    </item>
                    <item>
                        <label>19.</label>
                        <rs type="title">
                            <choice>
                                <abbr>
                                    <metamark rend="quotes" function="ditto"/>
                                </abbr>
                                <expan>Tratado</expan>
                            </choice> de Esthetica</rs>
                    </item>
                    <item>
                        <label>20.</label>
                        <rs type="title">O <choice>
                                <abbr>Ind<hi rend="superscript">mo</hi>
                                </abbr>
                                <expan>Ind<ex>ividualis</ex>mo</expan>
                            </choice> Integral</rs>. </item>
                    <item>
                        <label>21.</label>
                        <rs type="title">A Moral da Força</rs>. </item>
                    <item>
                        <label>22.</label>
                        <rs type="title">Estudos sociologicos</rs>. </item>
                    <item>
                        <label>23.</label>
                        <rs type="title">O Mytho de <rs type="name" key="P65">
                                <choice>
                                    <abbr>W<hi rend="superscript">m</hi>
                                    </abbr>
                                    <expan>Wi<ex>llia</ex>m</expan>
                                </choice> Shakespeare</rs>
                        </rs>. </item>
                </list>
                <pb/>
                <list>
                    <head>
                        <hi rend="underline">Francez:</hi>
                    </head>
                    <item>
                        <label>1.</label>
                        <rs type="title">Faute de mieux (vers)</rs>. </item>
                </list>
                <list>
                    <head>
                        <hi rend="underline">Inglez:</hi>
                    </head>
                    <item>
                        <label>1.</label>
                        <rs type="title">The Five Gates of the City</rs>. </item>
                    <item>
                        <label>2.</label>
                        <rs type="title">The <subst>
                                <del cert="medium" resp="UH" rend="overwritten" n="1">Viagem</del>
                                <add n="2">Voyage</add>
                            </subst>
                            <choice>
                                <abbr>&amp;</abbr>
                                <expan resp="UH">and</expan>
                            </choice> Other Poems</rs>. </item>
                    <item>
                        <label>3.</label>
                        <rs type="title">The Duke of Parma</rs>. </item>
                    <item>
                        <label>4.</label>
                        <rs type="title">Prometheus Rebound</rs>. </item>
                    <item>
                        <label>5.</label>
                        <rs type="title">Marino</rs>. </item>
                    <item>
                        <label>6.</label>
                        <rs type="title">The Isle of Fools</rs>. </item>
                    <item>
                        <label>7.</label>
                        <rs type="title">Satires</rs>. </item>
                    <item>
                        <label>8.</label>
                        <rs type="title">Pamphlets</rs>. </item>
                </list>
            </div>
        </body>
    </text>
</TEI>
