<?xml version="1.0" encoding="UTF-8"?> <?xml-model href="../schema/pessoaTEI.rng" type="application/xml" schematypens="http://relaxng.org/ns/structure/1.0"?>
<TEI xmlns="http://www.tei-c.org/ns/1.0">
    <teiHeader>
        <fileDesc>
            <titleStmt>
                <title>BNP/E3 87-68<hi rend="superscript">r</hi></title>
                <author>
                    <rs type="name" key="FP">Fernando Pessoa</rs>
                </author>
                <respStmt>
                    <resp>Transcrição, Edição</resp>
                    <name>Pedro Sepúlveda</name>
                </respStmt>
                <respStmt>
                    <resp>Transcrição</resp>
                    <name>Pablo Javier Pérez López</name>
                </respStmt>
                <respStmt>
                    <resp>Transcrição</resp>
                    <name>Jorge Uribe</name>
                </respStmt>
                <respStmt>
                    <resp>Codificação, Modelagem de dados</resp>
                    <name>Ulrike Henny-Krahmer</name>
                </respStmt>
                <respStmt>
                    <resp>Codificação</resp>
                    <name>Isabel Figueiredo-Iken</name>
                </respStmt>
                <respStmt>
                    <resp>Codificação</resp>
                    <name>Sviatoslav Drach</name>
                </respStmt>
                <respStmt>
                    <resp>Consultoria</resp>
                    <name>Institut für Dokumentologie und Editorik (IDE)</name>
                </respStmt>
            </titleStmt>
            <publicationStmt>
                <publisher>Universidade Nova de Lisboa, Instituto de Estudos de Literatura e
                    Tradição (IELT)</publisher>
                <publisher>Cologne Center for eHumanities (CCeH)</publisher>
                <date>2017</date>
                <availability status="restricted">
                    <licence target="http://creativecommons.org/licenses/by/3.0/"/>
                </availability>
                <idno type="filename">BNP_E3_87-68r.xml</idno>
            </publicationStmt>
            <sourceDesc>
                <msDesc>
                    <msIdentifier>
                        <institution>Biblioteca Nacional de Portugal</institution>
                        <idno>BNP/E3 87-68r</idno>
                    </msIdentifier>
                    <msContents>
                        <summary>
                            <p> Lista datilografada, publicada em <hi rend="italic">Obras de <rs type="name" key="P1">António
                                Mora</rs></hi> (2002, 168). </p>
                        </summary>
                        <msItemStruct>
                            <author>
                                <rs type="name" key="FP">Fernando Pessoa</rs>
                            </author>
                            <note type="genre">
                                <rs type="genre" key="lista_editorial">Lista editorial</rs>
                                <rs type="genre" key="nota_editorial">Nota editorial</rs>
                            </note>
                            <textLang mainLang="pt" otherLangs="en"/>
                        </msItemStruct>
                    </msContents>
                    <history>
                        <origin>
                            <p>
                                <origDate when="1915" cert="medium">1915</origDate>
                            </p>
                        </origin>
                    </history>
                </msDesc>
            </sourceDesc>
        </fileDesc>
    </teiHeader>
    <facsimile>
        <graphic
            url="bn-acpc-e-e3-87-1-103_JPG_24-C-R0150/bn-acpc-e-e3-87-1-103_0149_68_t24-C-R0150.jpg"
        />
    </facsimile>
    <text>
        <body>
            <div>
                <head><hi rend="red"><rs type="periodical" key="J2">ATHENA</rs> — cadernos de cultura
                        superior.</hi></head>
                <metamark rend="line red" function="distinct"/>
                <ab rend="right">(type “Mercure”)</ab>
                <list>
                    <head><hi rend="underline red">No.I:</hi></head>
                    <item>
                        <label>1.</label>
                        <rs type="title">Manifesto em favôr da <rs type="place">Allemanha</rs>, e do
                            seu<lb/>procedimento na guerra presente........</rs><lb/>— <rs
                            type="name" key="P1" style="a">Antonio Móra</rs>. </item>
                    <item>
                        <label>2.</label>
                        <rs type="work" key="O2"><rs type="title" style="b">O Guardador de Rebanhos —
                                poemas</rs> — <rs type="name" key="AC" role="author">Alberto
                                <lb/>Caeiro</rs></rs>. </item>
                    <item>
                        <label>3.</label>
                        <rs type="title">Introducção ao estudo do problema nacional</rs><lb/> — <rs
                            type="person" key="FP" role="author" style="a">Fernando Pessôa</rs>. </item>
                    <item>
                        <label>4.</label>
                        <rs type="title">Eschylo — Prometheu Preso</rs> — vertido do
                        gre<pc>-</pc><lb/>go por — <rs type="name" key="RR" role="translator"
                            >Ricardo Reis</rs>. </item>
                    <item>
                        <label>5.</label> Notas e commentarios. </item>
                </list>
                <metamark rend="line" function="distinct"/>
                <list>
                    <head><hi rend="underline-red">No.2:</hi></head>
                    <item>
                        <label>1.</label>
                        <rs type="title">A Guerra — estudo sociologico</rs> — — <rs type="name"
                            key="FP" role="author" style="a">Fernando <lb/>Pessôa</rs>.</item>
                    <item>
                        <label>2.</label>
                        <rs type="work" key="O3" style="b"><rs type="title">Odes — livros I e II</rs>
                            — <rs type="name" key="RR" role="author">Ricardo Reis</rs></rs>. </item>
                    <item>
                        <label>3.</label>
                        <metamark rend="line" function="placeholder"/>
                        <hi rend="red">(some new collaborator)</hi>
                    </item>
                    <item>
                        <label>4.</label>
                        <metamark rend="line" function="placeholder"/>
                        <hi rend="red">(some translation)</hi>
                    </item>
                    <item>
                        <label>5.</label> Notas e commentarios. </item>
                </list>
                <metamark rend="line" function="distinct"/>
            </div>
        </body>
    </text>
</TEI>
