<?xml version="1.0" encoding="UTF-8"?>
<?xml-model href="../schema/pessoaTEI.rng" type="application/xml" schematypens="http://relaxng.org/ns/structure/1.0"?>
<TEI xmlns="http://www.tei-c.org/ns/1.0">
   <teiHeader>
      <fileDesc>
         <titleStmt>
            <title>BNP/E3 48G-2<hi rend="superscript">r</hi></title>
            <author>
               <rs type="name" key="FP">Fernando Pessoa</rs>
            </author>
            <respStmt>
               <resp>Transcrição, Edição</resp>
               <name>Pedro Sepúlveda</name>
            </respStmt>
            <respStmt>
               <resp>Transcrição</resp>
               <name>Pablo Javier Pérez López</name>
            </respStmt>
            <respStmt>
               <resp>Codificação, Modelagem de dados</resp>
               <name>Ulrike Henny-Krahmer</name>
            </respStmt>
            <respStmt>
               <resp>Codificação</resp>
               <name>Isabel Figueiredo-Iken</name>
            </respStmt>
            <respStmt>
               <resp>Codificação</resp>
               <name>Sviatoslav Drach</name>
            </respStmt>
            <respStmt>
               <resp>Consultoria</resp>
               <name>Institut für Dokumentologie und Editorik (IDE)</name>
            </respStmt>
         </titleStmt>
         <publicationStmt>
            <publisher>Universidade Nova de Lisboa, Instituto de Estudos de Literatura e Tradição
               (IELT)</publisher>
            <publisher>Cologne Center for eHumanities (CCeH)</publisher>
            <date>2017</date>
            <availability status="free">
               <licence target="http://creativecommons.org/licenses/by/3.0/"/>
            </availability>
            <idno type="filename">BNP_E3_48G-2r.xml</idno>
         </publicationStmt>
         <sourceDesc>
            <msDesc>
               <msIdentifier>
                  <institution>Biblioteca Nacional de Portugal</institution>
                  <idno>BNP/E3 48G-2r</idno>
               </msIdentifier>
               <msContents>
                  <summary>
                     <p> Lista datilografada, publicada em Teixeira, <hi rend="italic">Fernando
                           Pessoa e o Ideal Neo-Pagão</hi> (1996, 91-92). </p>
                  </summary>
                  <msItemStruct>
                     <author>
                        <rs type="name" key="FP">Fernando Pessoa</rs>
                     </author>
                     <note type="genre"><rs type="genre" key="lista_editorial">Lista
                           editorial</rs><rs type="genre" key="nota_editorial">Nota
                        editorial</rs></note>
                     <textLang mainLang="pt"/>
                  </msItemStruct>
               </msContents>
               <history>
                  <origin>
                     <p>
                        <origDate notBefore="1925">post. 1925</origDate>
                     </p>
                  </origin>
               </history>
            </msDesc>
         </sourceDesc>
      </fileDesc>
   </teiHeader>
   <facsimile>
      <graphic
         url="bn-acpc-e-e3-48g-1-37_JPG_24-C-R0150/bn-acpc-e-e3-48g-1-37_0003_2_t24-C-R0150.jpg"/>
   </facsimile>
   <text>
      <body>
         <div>
            <head><hi rend="underline">Materia Controversa:</hi></head>
            <list>
               <item>
                  <label>1.</label>
                  <rs type="title">O Ultimatum de <rs type="name" key="AdC" role="author">Alvaro de
                        Campos</rs></rs>. (1917). </item>
               <item>
                  <label>2.</label>
                  <rs type="title">O artigo “Athena”</rs>. </item>
               <item>
                  <label>3.</label> “<rs type="title">O que é a Metaphysica?</rs>”, de <rs
                     type="name" key="AdC" role="author">Alvaro de Campos.</rs>
               </item>
               <item rend="indent-2">
                  <label>4.</label> “<rs type="title">Apontamentos para uma Esthetica
                     não-aristotelica</rs>”.<lb/> (<rs type="name" key="AdC" role="author">Alvaro de
                     Campos</rs>). </item>
               <item>
                  <label>5.</label> “<rs type="title">Apontamentos sobre os Apontamentos...</rs>”
                     (<rs type="name" key="P400">Mario Saa</rs>). </item>
               <item>
                  <label>6.</label>
                  <rs type="title">O Regresso dos Deuses</rs>. (<rs type="name" key="RR"
                     role="author">Ricardo Reis</rs>). </item>
               <item>
                  <label>7.</label>
                  <rs type="title">O Conceito de Occidentalidade</rs> (<choice>
                     <abbr>F<am>.</am></abbr>
                     <expan>F<ex>ernando</ex></expan>
                  </choice>
                  <choice>
                     <abbr>P<am>.</am></abbr>
                     <expan>P<ex>essoa</ex></expan>
                  </choice>). </item>
               <item>
                  <label>8.</label>
                  <supplied resp="PS" reason="omitted-in-original"/>
               </item>
            </list>
            <p>Estes documentos, separados alguns por bastante tempo, mas ligados todos por um
               intimo fio polemico, são aqui renidos porque nelles reside a unica discussão, ou
               posição, superiormente intellectual que se tenha dado em Portugal em <del
                  rend="overtyped" n="1">bre</del> dias recentes, para não dizer mais. </p>
         </div>
      </body>
   </text>
</TEI>
