<?xml version="1.0" encoding="UTF-8"?>
<?xml-model href="../schema/pessoaTEI.rng" type="application/xml" schematypens="http://relaxng.org/ns/structure/1.0"?>
<TEI xmlns="http://www.tei-c.org/ns/1.0">
   <teiHeader>
      <fileDesc>
         <titleStmt>
            <title>BNP/E3 48B-36<hi rend="superscript">r</hi></title>
            <author>
               <rs type="name" key="FP">Fernando Pessoa</rs>
            </author>
            <respStmt>
               <resp>Transcrição, Edição</resp>
               <name>Pedro Sepúlveda</name>
            </respStmt>
            <respStmt>
               <resp>Transcrição</resp>
               <name>Filipa Freitas</name>
            </respStmt>
            <respStmt>
               <resp>Modelagem de dados, Codificação</resp>
               <name>Ulrike Henny-Krahmer</name>
            </respStmt>
            <respStmt>
               <resp>Codificação</resp>
               <name>Inês Filipa Rebelo do Carmo</name>
            </respStmt>
            <respStmt>
               <resp>Codificação</resp>
               <name>Ana Leonor Branco</name>
            </respStmt>
            <respStmt>
               <resp>Codificação</resp>
               <name>Sviatoslav Drach</name>
            </respStmt>
         </titleStmt>
         <publicationStmt>
            <publisher>Universidade Nova de Lisboa, Instituto de Estudos de Literatura e Tradição
               (IELT)</publisher>
            <publisher>Cologne Center for eHumanities (CCeH)</publisher>
            <date>2017</date>
            <availability status="free">
               <licence target="http://creativecommons.org/licenses/by/3.0/"/>
            </availability>
            <idno type="filename">BNP_E3_48B-36r.xml</idno>
         </publicationStmt>
         <sourceDesc>
            <msDesc>
               <msIdentifier>
                  <institution>Biblioteca Nacional de Portugal</institution>
                  <idno>BNP/E3 48B-36r</idno>
               </msIdentifier>
               <msContents>
                  <summary>
                     <p> Lista datilografada. </p>
                  </summary>
                  <msItemStruct>
                     <author>
                        <rs type="name" key="FP">Fernando Pessoa</rs>
                     </author>
                     <note type="genre">
                        <rs type="genre" key="lista_editorial">Lista editorial</rs>
                     </note>
                     <textLang mainLang="pt" otherLangs=""/>
                  </msItemStruct>
               </msContents>
               <history>
                  <origin>
                     <p>
                        <origDate from="1920" to="1927">1920-1927</origDate>
                     </p>
                  </origin>
               </history>
            </msDesc>
         </sourceDesc>
      </fileDesc>
   </teiHeader>
   <facsimile xml:base="http://images.cceh.uni-koeln.de/pessoa/">
      <graphic
         url="bn-acpc-e-e3-48b-1-158_JPG_24-C-R0150/bn-acpc-e-e3-48b-1-158_0072_36_t24-C-R0150.jpg"
      />
   </facsimile>
   <text>
      <body>
         <div>
            <list>
               <item>
                  <label>1.</label>
                  <rs type="name" key="P87">Edgar Poe</rs>.</item>
               <item>
                  <label>2.</label>
                  <rs type="name" key="P187">Thomaz Antonio Gonzaga</rs>.</item>
               <item>
                  <label>3.</label>
                  <rs type="name"><choice>
                        <abbr>A<am>.</am></abbr>
                        <expan>A<ex>lgernon</ex></expan>
                     </choice>
                     <choice>
                        <abbr>C<am>.</am></abbr>
                        <expan>C<ex>harles</ex></expan>
                     </choice> Swinburne</rs>.</item>
               <item>
                  <label>4.</label>
                  <rs type="name" key="P24">José Anastacio da Cunha</rs>.</item>
               <item>
                  <label>5.</label>
                  <rs type="name" key="P175"><choice>
                        <abbr>P<am>.</am> B<am>.</am></abbr>
                        <expan>P<ex>ercy</ex> B<ex>ysse</ex></expan>
                     </choice> Shelley</rs>.</item>
               <item>
                  <label>6.</label>
                  <rs type="name" key="P81">Manuel da Veiga</rs>.</item>
               <item>
                  <label>7.</label>
                  <seg type="certainty" cert="low" rend="question-mark right" resp="FP"><rs
                        type="name" key="P198">Goethe</rs>.</seg>
               </item>
               <item>
                  <label>8.</label>
                  <rs type="title"> Cancioneiros</rs> – I.</item>
               <item>
                  <label>9.</label>
                  <rs type="title">Epigrammas celebres</rs>.</item>
               <item rend="indent-2">
                  <label>10.</label>
                  <rs type="title">Grandes sonetos</rs><lb/> portuguezes.</item>
            </list>
            <div>
               <ab type="dedication" rend="center"><rs type="name">A Voltaire</rs><lb/> magrissimo e
                  velhissimo</ab>
               <lg>
                  <l>No autor cuja epiderme</l>
                  <l>Aos proprios ossos collou-se</l>
                  <l>Tarda a morte em bater firme</l>
                  <l>Para não <choice>
                        <seg n="1">esbouçar</seg>
                        <seg n="2"><add place="below">estragar</add></seg>
                     </choice> a fouce.</l>
               </lg>
            </div>
         </div>
      </body>
   </text>
</TEI>
