<?xml version="1.0" encoding="UTF-8"?>
<?xml-model href="../schema/pessoaTEI.rng" type="application/xml" schematypens="http://relaxng.org/ns/structure/1.0"?>
<TEI xmlns="http://www.tei-c.org/ns/1.0">
   <teiHeader>
      <fileDesc>
         <titleStmt>
            <title>BNP/E3 128-11<hi rend="superscript">r</hi></title>
            <author>
               <rs type="name" key="FP">Fernando Pessoa</rs>
            </author>
            <respStmt>
               <resp>Transcrição, Edição</resp>
               <name>Pedro Sepúlveda</name>
            </respStmt>
            <respStmt>
               <resp>Codificação, Modelagem de dados</resp>
               <name>Ulrike Henny-Krahmer</name>
            </respStmt>
            <respStmt>
               <resp>Codificação</resp>
               <name>Isabel Figueiredo-Iken</name>
            </respStmt>
            <respStmt>
               <resp>Codificação</resp>
               <name>Sviatoslav Drach</name>
            </respStmt>
            <respStmt>
               <resp>Consultoria</resp>
               <name>Institut für Dokumentologie und Editorik (IDE)</name>
            </respStmt>
         </titleStmt>
         <publicationStmt>
            <publisher>Universidade Nova de Lisboa, Instituto de Estudos de Literatura e Tradição
               (IELT)</publisher>
            <publisher>Cologne Center for eHumanities (CCeH)</publisher>
            <date>2017</date>
            <availability status="restricted">
               <licence target="http://creativecommons.org/licenses/by/3.0/"/>
            </availability>
            <idno type="filename">BNP_E3_128-11r.xml</idno>
         </publicationStmt>
         <sourceDesc>
            <msDesc>
               <msIdentifier>
                  <institution>Biblioteca Nacional de Portugal</institution>
                  <idno>BNP/E3 128-11r</idno>
               </msIdentifier>
               <msContents>
                  <summary>
                     <p>Lista manuscrita.</p>
                  </summary>
                  <msItemStruct>
                     <author>
                        <rs type="name" key="FP">Fernando Pessoa</rs>
                     </author>
                     <note type="genre">
                        <rs type="genre" key="lista_editorial">Lista editorial</rs>
                     </note>
                     <textLang mainLang="en" otherLangs="pt"/>
                  </msItemStruct>
               </msContents>
               <history>
                  <origin>
                     <p>
                        <origDate from="1920" to="1927">1920-1927</origDate>
                     </p>
                  </origin>
               </history>
            </msDesc>
         </sourceDesc>
      </fileDesc>
   </teiHeader>
   <facsimile>
      <graphic
         url="bn-acpc-e-e3-128-1-100_JPG_24-C-R0150/bn-acpc-e-e3-128-1-100_0021_11_t24-C-R0150.jpg"
      />
   </facsimile>
   <text>
      <body>
         <div>
            <list>
               <head><hi rend="underline">Aristography.</hi></head>
               <item xml:id="I1">In English — First.</item>
               <item xml:id="I2">Portuguese — </item>
               <item xml:id="I3">Spanish —</item>
               <item xml:id="I4">French — </item>
               <item xml:id="I5">Italian —</item>
               <item xml:id="I6">German — (last)</item>
            </list>
            <ab>
               <note target="range(I2,I3,I4,I5)" place="margin-right" type="addition"/>
               <note place="right">At same time.</note>
               <metamark rend="curly-bracket" function="grouping"/></ab>
            <metamark rend="line-44" function="distinct"/>
            <p><hi rend="underline">Code</hi> or Two Codes. </p>
            <metamark rend="line-44" function="distinct"/>
            <list>
               <item><hi rend="underline">Parlour Games.</hi></item>
               <item><hi rend="underline">Technical Dictionaries.</hi><label>A. </label><hi
                     rend="underline">Commercial.</hi>
                  <label>B.</label><supplied resp="PS" reason="omitted-in-original"/></item>
            </list>
         </div>
      </body>
   </text>
</TEI>
