<?xml version="1.0" encoding="UTF-8"?>
<?xml-model href="../schema/pessoaTEI.rng" type="application/xml" schematypens="http://relaxng.org/ns/structure/1.0"?>
<TEI xmlns="http://www.tei-c.org/ns/1.0">
   <teiHeader>
      <fileDesc>
         <titleStmt>
            <title>BNP/E3 16A-50<hi rend="superscript">v</hi></title>
            <author>
               <rs type="name" key="FP">Fernando Pessoa</rs>
            </author>
            <respStmt>
               <resp>Transcrição, Edição</resp>
               <name>Pedro Sepúlveda</name>
            </respStmt>
            <respStmt>
               <resp>Codificação, Modelagem de dados</resp>
               <name>Ulrike Henny-Krahmer</name>
            </respStmt>
            <respStmt>
               <resp>Codificação</resp>
               <name>Isabel Figueiredo-Iken</name>
            </respStmt>
            <respStmt>
               <resp>Codificação</resp>
               <name>Sviatoslav Drach</name>
            </respStmt>
            <respStmt>
               <resp>Consultoria</resp>
               <name>Institut für Dokumentologie und Editorik (IDE)</name>
            </respStmt>
         </titleStmt>
         <publicationStmt>
            <publisher>Universidade Nova de Lisboa, Instituto de Estudos de Literatura e Tradição
               (IELT)</publisher>
            <publisher>Cologne Center for eHumanities (CCeH)</publisher>
            <date>2016</date>
            <availability>
               <licence target="http://creativecommons.org/licenses/by/3.0/"/>
            </availability>
            <idno type="filename">BNP_E3_16A-50v.xml</idno>
         </publicationStmt>
         <sourceDesc>
            <msDesc>
               <msIdentifier>
                  <institution>Biblioteca Nacional de Portugal</institution>
                  <idno>BNP/E3 16A-50v</idno>
               </msIdentifier>
               <msContents>
                  <summary>
                     <p> Lista manuscrita. Por baixo da lista encontram-se referências a livros a
                        adquirir, assim como ao projeto «Novo Tratado de Astrologia», atribuído a
                        «R[aphael] Baldaya». No verso encontra-se um testemunho do poema <hi
                           rend="italic">The Abyss</hi>, pertencente ao conjunto <hi rend="italic"
                           >The Mad Fiddler</hi>, com data autógrafa de «22-12-1914» (cf. PI-I,
                        284-287). </p>
                  </summary>
                  <msItemStruct>
                     <author>
                        <rs type="name" key="FP">Fernando Pessoa</rs>
                     </author>
                     <note type="genre">
                        <rs type="genre" key="lista_editorial">Lista editorial</rs>
                     </note>
                     <textLang mainLang="pt" otherLangs="en"/>
                  </msItemStruct>
               </msContents>
               <history>
                  <origin>
                     <p>
                        <origDate when="1914-12-22">c. 22-12-1914</origDate>
                     </p>
                  </origin>
               </history>
            </msDesc>
         </sourceDesc>
      </fileDesc>
   </teiHeader>
   <facsimile>
      <graphic
         url="bn-acpc-e-e3-16a-1-71_JPG_24-C-R0150/bn-acpc-e-e3-16a-1-71_0100_50v_t24-C-R0150.jpg"/>
   </facsimile>
   <text>
      <body>
         <div>
            <gap reason="selection" unit="line" extent="9"/>
            <head><hi rend="underline">Cartas a escrever.</hi></head>
            <list>
               <item>
                  <del rend="overstrike" n="2">Pretoria. — Duas lembranças. </del>
               </item>
               <item>
                  <rs type="name" key="P71">Raul</rs> — Lausanne. </item>
               <item>
                  <del rend="overstrike" n="2"><rs type="name" key="P42">Cunha Dias</rs> — and about
                     his mother.</del>
               </item>
               <item>
                  <rs type="name" key="P43">Alvaro Pinto</rs> —<choice>
                     <abbr>re</abbr>
                     <expan>re<ex>sposta</ex></expan>
                  </choice> Marinheiro. </item>
               <item>
                  <del rend="overstrike" n="2"><rs type="name" key="P44">Garcia Pulido</rs> — <choice>
                        <abbr>re</abbr>
                        <expan>re<ex>sposta</ex></expan>
                     </choice> his book.</del>
               </item>
               <item>(<rs type="name" key="P45">Frank</rs> &amp; <rs type="name" key="P46">Cecil
                     Palmer</rs>).</item>
            </list>
            <gap reason="selection" unit="line" extent="8"/>
         </div>
      </body>
   </text>
</TEI>
