<?xml version="1.0" encoding="UTF-8"?>
<?xml-model href="../schema/pessoaTEI.rng" type="application/xml" schematypens="http://relaxng.org/ns/structure/1.0"?>
<TEI xmlns="http://www.tei-c.org/ns/1.0">
   <teiHeader>
      <fileDesc>
         <titleStmt>
            <title>BNP/E3 133F-36<hi rend="superscript">v</hi></title>
            <author>
               <rs type="name" key="FP">Fernando Pessoa</rs>
            </author>
            <respStmt>
               <resp>Transcrição, Edição</resp>
               <name>Pedro Sepúlveda</name>
            </respStmt>
            <respStmt>
               <resp>Transcrição</resp>
               <name>Pablo Javier Pérez López</name>
            </respStmt>
            <respStmt>
               <resp>Modelagem de dados, Codificação</resp>
               <name>Ulrike Henny-Krahmer</name>
            </respStmt>
            <respStmt>
               <resp>Codificação</resp>
               <name>Isabel Figueiredo-Iken</name>
            </respStmt>
            <respStmt>
               <resp>Codificação</resp>
               <name>Sviatoslav Drach</name>
            </respStmt>
            <respStmt>
               <resp>Consultoria</resp>
               <name>Institut für Dokumentologie und Editorik (IDE)</name>
            </respStmt>
         </titleStmt>
         <publicationStmt>
            <publisher>Universidade Nova de Lisboa, Instituto de Estudos de Literatura e Tradição
               (IELT)</publisher>
            <publisher>Cologne Center for eHumanities (CCeH)</publisher>
            <date>2017</date>
            <availability status="restricted">
               <licence target="http://creativecommons.org/licenses/by/3.0/"/>
            </availability>
            <idno type="filename">BNP_E3_133F-36v.xml</idno>
         </publicationStmt>
         <sourceDesc>
            <msDesc>
               <msIdentifier>
                  <institution>Biblioteca Nacional de Portugal</institution>
                  <idno>BNP/E3 133F-36v</idno>
               </msIdentifier>
               <msContents>
                  <summary>
                     <p> Lista manuscrita, publicada em <hi rend="italic">Prosa de Álvaro de Campos</hi>
                        (2012, 293). </p>
                  </summary>
                  <msItemStruct>
                     <author>
                        <rs type="name" key="FP">Fernando Pessoa</rs>
                     </author>
                     <note type="genre">
                        <rs type="genre" key="lista_editorial">Lista editorial</rs>
                        <rs type="genre" key="plano_editorial">Plano editorial</rs>
                     </note>
                     <textLang mainLang="pt"/>
                  </msItemStruct>
               </msContents>
               <history>
                  <origin>
                     <p>
                        <origDate when="1925" cert="medium">c. 1925</origDate>
                     </p>
                  </origin>
               </history>
            </msDesc>
         </sourceDesc>
      </fileDesc>
   </teiHeader>
   <facsimile>
      <graphic
         url="bn-acpc-e-e3-133f-1-100_JPG_24-C-R0150/bn-acpc-e-e3-133f-1-100_0074_36v_t24-C-R0150.jpg"
      />
   </facsimile>
   <text>
      <body>
         <div>
            <delSpan rend="overstrike" spanTo="#A1"/>
            <div rend="left">
               <list>
                  <item xml:id="I1">
                     <label>1.</label>
                     <rs type="title">Ultimatum</rs>. </item>
                  <item xml:id="I2">
                     <label>2.</label>
                     <rs type="title">Desnivelamento</rs>
                  </item>
                  <item xml:id="I3">
                     <label>3.</label>
                     <rs type="title">O que é a <choice>
                           <abbr>met<am>.</am></abbr>
                           <expan>met<ex>aphysica</ex></expan>
                        </choice>?</rs>
                     <metamark rend="curly-bracket" function="grouping" place="margin-left"
                        target="range(I1,I5)"/>
                  </item>
                  <item xml:id="I4">
                     <label>4.</label>
                     <rs type="title">Apontamentos</rs>
                  </item>
                  <item xml:id="I5">
                     <label>5.</label>
                     <rs type="title">Inhelenismo</rs>
                  </item>
               </list>
            </div>
            <metamark rend="vertical-line" function="distinct"/>
            <metamark rend="line" function="distinct"/>
            <div rend="center">
               <ab>Subsidios <lb/> para o estudo <lb/> do futuro</ab>
               <metamark rend="arrow" target="#A2" function="assignment"/>
            </div>
            <metamark rend="line" function="distinct"/>
            <metamark rend="vertical-line" function="distinct"/>
            <div rend="right">
               <gap reason="illegible" unit="word" extent="1"/>
               <lb/>
               <gap reason="illegible" unit="word" extent="1"/>
               <metamark rend="line" function="distinct"/>
               <seg xml:id="A2">(subtitulo)</seg>
               <metamark rend="line" function="distinct"/>
            </div>
         </div>
         <div>
            <ab>
               <hi rend="underline">Desnivelamento</hi> (titulo da <lb/> carta a <rs type="name"
                  key="P144">
                  <choice>
                     <abbr>J<am>.</am></abbr>
                     <expan>J<ex>osé</ex></expan>
                  </choice> Pacheco</rs>) </ab>
            <metamark rend="line" function="distinct"/>
            <list>
               <item>
                  <label>1.</label>
                  <rs type="title">Ultimatum</rs> de <rs type="name" key="AdC" role="author">
                     <choice>
                        <abbr>A<am>.</am></abbr>
                        <expan>A<ex>lvaro</ex></expan>
                     </choice> de <choice>
                        <abbr>C</abbr>
                        <expan resp="UH">C<ex>ampos</ex></expan>
                     </choice></rs>. </item>
               <item xml:id="I6">
                  <label>2.</label>
                  <rs type="title">Carro Eléctrico</rs>
                  <metamark rend="curly-bracket" function="grouping" place="margin-left"
                     target="range(I6,I7)">
                     <label>quase-<lb/>Epistolario</label>
                  </metamark>
                  <metamark rend="vertical-line" function="distinct"/>
                  <ab rend="margin-right"> O incidente dado com <lb/> este castelhano de <lb/> casa?
                  </ab>
               </item>
               <item xml:id="I7">
                  <label>3.</label>
                  <rs type="title">Desnivelamento</rs>
               </item>
               <item>
                  <label>4.</label>
                  <subst>
                     <del n="1" rend="overstrike"><gap extent="2" unit="word" reason="illegible"
                        />......</del>
                     <add n="2" place="above">O que é a Metaphysica?</add>
                  </subst>
               </item>
               <item>
                  <label>5.</label>
                  <rs type="title">Apontamentos...</rs>
               </item>
               <item>
                  <label>6.</label>
                  <rs type="title">Prefacio(s) a nada</rs>. <metamark function="grouping"
                     rend="curly-bracket" target="range(I8,I10)"/>
                  <list rend="margin-right">
                     <item xml:id="I8">
                        <label>1.</label>
                        <rs type="title">
                           <choice>
                              <abbr>Pref<am>.</am></abbr>
                              <expan>Pref<ex>acio</ex></expan>
                           </choice> a <rs type="name" key="AC" role="topic">Caeiro</rs>
                        </rs>
                     </item>
                     <item xml:id="I9">
                        <label>2.</label>
                        <rs type="title">
                           <choice>
                              <abbr>Pref<am>.</am></abbr>
                              <expan>Pref<ex>acio</ex></expan>
                           </choice> aos <choice>
                              <abbr>Manif<am>.</am></abbr>
                              <expan>Manif<ex>estos</ex></expan>
                           </choice>
                        </rs>
                     </item>
                     <item xml:id="I10">
                        <label>3.</label>
                        <supplied resp="PS" reason="omitted-in-original"/>
                     </item>
                  </list>
               </item>
               <item>
                  <label>7.</label>
                  <rs type="title">Inhellenismo</rs> (Notas). </item>
               <item>
                  <label>8.</label>
                  <rs type="title">Subsidios para o Estudo do Futuro</rs>. </item>
            </list>
         </div>
         <anchor xml:id="A1"/>
      </body>
   </text>
</TEI>
