<?xml version="1.0" encoding="UTF-8"?>
<?xml-model href="../schema/pessoaTEI.rng" type="application/xml" schematypens="http://relaxng.org/ns/structure/1.0"?>
<TEI xmlns="http://www.tei-c.org/ns/1.0">
   <teiHeader>
      <fileDesc>
         <titleStmt>
            <title>BNP/E3 49B<hi rend="superscript">6</hi>-19<hi rend="superscript">v</hi></title>
            <author>
               <rs type="name" key="FP">Fernando Pessoa</rs>
            </author>
            <respStmt>
               <resp>Transcrição, Edição</resp>
               <name>Pedro Sepúlveda</name>
            </respStmt>
            <respStmt>
               <resp>Modelagem de dados, Codificação</resp>
               <name>Ulrike Henny-Krahmer</name>
            </respStmt>
            <respStmt>
               <resp>Codificação</resp>
               <name>Isabel Figueiredo-Iken</name>
            </respStmt>
            <respStmt>
               <resp>Codificação</resp>
               <name>Sviatoslav Drach</name>
            </respStmt>
            <respStmt>
               <resp>Consultoria</resp>
               <name>Institut für Dokumentologie und Editorik (IDE)</name>
            </respStmt>
         </titleStmt>
         <publicationStmt>
            <publisher>Universidade Nova de Lisboa, Instituto de Estudos de Literatura e Tradição
               (IELT)</publisher>
            <publisher>Cologne Center for eHumanities (CCeH)</publisher>
            <date>2017</date>
            <availability status="free">
               <licence target="http://creativecommons.org/licenses/by/3.0/"/>
            </availability>
            <idno type="filename">BNP_E3_49B6-19v.xml</idno>
         </publicationStmt>
         <sourceDesc>
            <msDesc>
               <msIdentifier>
                  <institution>Biblioteca Nacional de Portugal</institution>
                  <idno>BNP/E3 49B6-19v</idno>
               </msIdentifier>
               <msContents>
                  <summary>
                     <p>Lista manuscrita, publicada em <hi rend="italic">Sensacionismo e Outros
                           Ismos</hi> (2009, 82).</p>
                  </summary>
                  <msItemStruct>
                     <author>
                        <rs type="name" key="FP">Fernando Pessoa</rs>
                     </author>
                     <note type="genre">
                        <rs type="genre" key="lista_editorial">Lista editorial</rs>
                     </note>
                     <textLang mainLang="pt"/>
                  </msItemStruct>
               </msContents>
               <history>
                  <origin>
                     <p>
                        <origDate from="1916" to="1917" cert="medium">c. 1916-1917</origDate>
                     </p>
                  </origin>
               </history>
            </msDesc>
         </sourceDesc>
      </fileDesc>
   </teiHeader>
   <facsimile>
      <graphic
         url="bn-acpc-e-e3-49b-6-1-100_JPG_24-C-R0150/bn-acpc-e-e3-49b-6-1-100_0038_19v_t24-C-R0150.jpg"
      />
   </facsimile>
   <text>
      <body>
         <div>
            <table>
               <row xml:id="R1">
                  <cell><rs type="name" key="P30">Mario de Sá-Carneiro</rs>:</cell>
                  <cell><supplied resp="PS" reason="omitted-in-original"/></cell>
                  <cell rend="right"><note>√</note></cell>
               </row>
               <row xml:id="R2">
                  <cell><rs type="name" key="P89">Coelho Pacheco</rs>:</cell>
                  <cell><supplied resp="PS" reason="omitted-in-original"/></cell>
                  <cell rend="right"><note>√</note></cell>
               </row>
               <row xml:id="R3">
                  <cell><rs type="name" key="P59">Albino de Menezes</rs>:</cell>
                  <cell><supplied resp="PS" reason="omitted-in-original"/></cell>
                  <cell rend="right"><note><hi rend="circled">√</hi></note></cell>
               </row>
               <row xml:id="R4">
                  <cell>
                     <choice>
                        <seg n="1"><rs type="name" key="P56">José de Almada-Negreiros</rs></seg>
                        <seg><add place="below" n="2"><rs type="name" key="FP" role="author"
                                 >Fernando Pessoa</rs></add></seg>
                     </choice>: </cell>
                  <cell><supplied resp="PS" reason="omitted-in-original"/></cell>
                  <cell rend="right"><note>√</note></cell>
               </row>
               <note place="margin-right">
                  <metamark target="range(R1,R7)" rend="curly-bracket" function="grouping">
                     <label>?</label>
                  </metamark>
               </note>
               <row xml:id="R5">
                  <cell><rs type="name" key="P109">Augusto <choice>
                           <abbr>F<am>.</am></abbr>
                           <expan>F<ex>erreira</ex></expan>
                        </choice> Gomes</rs>:</cell>
                  <cell><supplied resp="PS" reason="omitted-in-original"/></cell>
                  <cell rend="right"><note><hi rend="circled">√</hi></note></cell>
               </row>
               <row xml:id="R6">
                  <cell><rs type="name" key="P108">Silva Tavares</rs></cell>
                  <cell/>
                  <cell rend="right"><note><hi rend="circled">√</hi></note></cell>
               </row>
               <row xml:id="R7">
                  <cell><rs type="name" key="AdC">Alvaro de Campos</rs></cell>
                  <cell/>
                  <cell rend="right"><note>√</note></cell>
               </row>
            </table>
            <gap reason="selection" unit="line" extent="3"/>
         </div>
      </body>
   </text>
</TEI>
