<?xml version="1.0" encoding="UTF-8"?>
<?xml-model href="../schema/pessoaTEI.rng" type="application/xml" schematypens="http://relaxng.org/ns/structure/1.0"?>
<TEI xmlns="http://www.tei-c.org/ns/1.0">
   <teiHeader>
      <fileDesc>
         <titleStmt>
            <title>BNP/E3 48-20<hi rend="superscript">r</hi></title>
            <author>
               <rs type="name" key="FP">Fernando Pessoa</rs>
            </author>
            <respStmt>
               <resp>Transcrição, Edição</resp>
               <name>Pedro Sepúlveda</name>
            </respStmt>
            <respStmt>
               <resp>Modelagem de dados, Codificação</resp>
               <name>Ulrike Henny-Krahmer</name>
            </respStmt>
            <respStmt>
               <resp>Codificação</resp>
               <name>Isabel Figueiredo-Iken</name>
            </respStmt>
            <respStmt>
               <resp>Codificação</resp>
               <name>Sviatoslav Drach</name>
            </respStmt>
            <respStmt>
               <resp>Consultoria</resp>
               <name>Institut für Dokumentologie und Editorik (IDE)</name>
            </respStmt>
         </titleStmt>
         <publicationStmt>
            <publisher>Universidade Nova de Lisboa, Instituto de Estudos de Literatura e Tradição
               (IELT)</publisher>
            <publisher>Cologne Center for eHumanities (CCeH)</publisher>
            <date>2017</date>
            <availability status="free">
               <licence target="http://creativecommons.org/licenses/by/3.0/"/>
            </availability>
            <idno type="filename">BNP_E3_48-20r.xml</idno>
         </publicationStmt>
         <sourceDesc>
            <msDesc>
               <msIdentifier>
                  <institution>Biblioteca Nacional de Portugal</institution>
                  <idno>BNP/E3 48-20r</idno>
               </msIdentifier>
               <msContents>
                  <summary>
                     <p> Lista datilografada, com acrescentos manuscritos. </p>
                  </summary>
                  <msItemStruct>
                     <author>
                        <rs type="name" key="FP">Fernando Pessoa</rs>
                     </author>
                     <note type="genre">
                        <rs type="genre" key="lista_editorial">Lista editorial</rs>
                     </note>
                     <textLang mainLang="pt"/>
                  </msItemStruct>
               </msContents>
               <history>
                  <origin>
                     <p>
                        <origDate>?</origDate>
                     </p>
                  </origin>
               </history>
            </msDesc>
         </sourceDesc>
      </fileDesc>
   </teiHeader>
   <facsimile xml:base="http://images.cceh.uni-koeln.de/pessoa/">
      <graphic
         url="bn-acpc-e-e3-48-1-56_JPG_24-C-R0150/bn-acpc-e-e3-48-1-56_0039_20_t24-C-R0150.jpg"/>
   </facsimile>
   <text>
      <body>
         <div>
            <head>POESIAS PARA UMA ANTHOLOGIA LYRICA PORTUGUEZA</head>
            <list>
               <item>
                  <note place="margin-left" n="2" type="addition">√</note>
                  <label>1.</label>
                  <rs type="name" key="P179">Gomes Leal</rs>: <rs type="title">Miserere mei</rs>. </item>
               <item>
                  <label>2.</label>
                  <rs type="name" key="P179">Gomes Leal<del rend="overstrike">e</del></rs>: <rs
                     type="title">O Viuvo</rs> (?) </item>
               <item>
                  <label>3.</label>
                  <rs type="name" key="P179">Gomes Leal</rs>: <rs type="title">No Alto Mar</rs>. </item>
               <item>
                  <label>4.</label>
                  <rs type="name" key="P180">Alberto Osorio de Castro</rs>: <rs type="title">Ode á
                     Lucta</rs>. </item>
               <item>
                  <label>5.</label>
                  <rs type="name" key="P180">Alberto Osorio de Castro</rs>: <rs type="title"
                     >Estanças</rs>. </item>
               <item>
                  <label>6.</label>
                  <rs type="name" key="P180">Alberto Osorio de Castro</rs>: <rs type="title">Soneto
                     do Acto II. do Auto de Niniana</rs>. </item>
               <item>
                  <label>7.</label>
                  <rs type="name" key="P180">Alberto Osorio de Castro</rs>: <rs type="title"
                     >Inscripções</rs>. </item>
               <item>
                  <note place="margin-left" n="2" type="addition">√</note>
                  <label>8.</label>
                  <rs type="name" key="P140">Affonso Lopes-Vieira</rs>: <del rend="overstrike" n="2"
                     >Canção d</del>
                  <rs type="title">A Voz do Longe</rs>. </item>
               <item>
                  <label>9.</label>
                  <rs type="name" key="P180">Alberto Osorio de Castro</rs>: <rs type="title">Fúlan
                     Naroma</rs>. </item>
               <item>
                  <label>10.</label>
                  <rs type="name" key="P140">Affonso Lopes-Vieira</rs>: <rs type="title"
                     >Cantigas.</rs> (?) </item>
               <item>
                  <note place="margin-left" n="2" type="addition">√</note>
                  <label>11.</label>
                  <rs type="name" key="P53">Antonio Nobre</rs>: <rs type="title">A Ceifeira</rs>. </item>
               <item>
                  <note place="margin-left" n="2" type="addition">√</note>
                  <label>12.</label>
                  <rs type="name" key="P53">Antonio Nobre</rs>: <rs type="title">“Ó Virgens que
                     passaes…”</rs>
               </item>
               <item>
                  <note place="margin-left" n="2" type="addition">√</note>
                  <label>13.</label>
                  <rs type="name" key="P53">Antonio Nobre</rs>: <rs type="title">Ao Cahir das
                     Folhas</rs>. </item>
               <item>
                  <label>14.</label>
                  <rs type="name" key="P53">Antonio Nobre</rs>: <rs type="title">Logica</rs>. </item>
               <item>
                  <label>15.</label>
                  <rs type="name" key="P26">Cesario Verde</rs>: <rs type="title">O Sentimento de um
                     Occidental</rs>. (?) </item>
               <item>
                  <note place="margin-left" n="2" type="addition">√</note>
                  <label>16.</label>
                  <rs type="name" key="P125">Antonio Molarinho</rs>: <rs type="title">Maria
                     Manoela</rs>. </item>
               <item>
                  <note place="margin-left" n="2" type="addition">√</note>
                  <label>17.</label>
                  <rs type="name" key="P25">Guerra Junqueiro</rs>: <rs type="title">Epilogo de Os
                     Simples</rs>. </item>
               <item>
                  <note place="margin-left" n="2" type="addition">√</note>
                  <label>18.</label>
                  <rs type="name" key="P25">Guerra Junqueiro</rs>: <rs type="title">Canção
                     Perdida</rs>. </item>
               <item>
                  <label>19.</label>
                  <rs type="name" key="P25">Guerra Junqueiro</rs>: <del rend="overstrike" n="2"><rs
                        type="title">O Cavador</rs></del> (?) <rs type="title">O Pastor</rs>. </item>
               <item>
                  <label>20.</label>
                  <rs type="name" key="P25">Guerra Junqueiro</rs>: <rs type="title">Cadaver</rs>.
                  (?) </item>
               <item>
                  <note place="margin-left" n="2" type="addition">√</note>
                  <label>21.</label>
                  <rs type="name" key="P145">Camillo Pessanha</rs>: <rs type="title"
                     >Violoncellos</rs>. </item>
               <item>
                  <note place="margin-left" n="2" type="addition">√</note>
                  <label>22.</label>
                  <rs type="name" key="P80">Angelo (de) Lima</rs>: <rs type="title">Soneto —
                     “Pára-me de repente o pensamento…”</rs>
               </item>
               <item>
                  <note place="margin-left" n="2" type="addition">√</note>
                  <label>23.</label>
                  <rs type="name" key="P54">Eugenio de Castro</rs>: <rs type="title">Epigraphe á
                     Sombra do Quadrante</rs>. </item>
               <item>
                  <note place="margin-left" n="2" type="addition">√</note>
                  <label>24.</label>
                  <rs type="name" key="P54">Eugenio de Castro</rs>: <rs type="title">Engrinalda-me
                     com os teus braços</rs>. (?) </item>
               <item>
                  <label>25.</label>
                  <rs type="name" key="P54">Eugenio de Castro</rs>: <rs type="title">Catharina de
                     Athayde (soneto)</rs>
               </item>
               <item>
                  <note place="margin-left" n="2" type="addition">√</note>
                  <label>26.</label>
                  <rs type="name" key="P54">Eugenio de Castro</rs>: <rs type="title">Nocturno</rs>. </item>
               <item>
                  <label>27.</label>
                  <rs type="name" key="P54">Eugenio de Castro</rs>: <rs type="title">Judith. Dulce,
                     Lavinia e outras</rs> (?) </item>
               <item>
                  <label>28.</label>
                  <rs type="name" key="P54">Eugenio de Castro</rs>: <rs type="title">O Amor e a
                     Saudade</rs>. </item>
               <item>
                  <label>29.</label>
                  <rs type="name" key="P54">Eugenio de Castro</rs>: <rs type="title"
                     >Hermaphrodita</rs> (?) </item>
               <item>
                  <label>30.</label>
                  <rs type="name" key="P54">Eugenio de Castro</rs>: <rs type="title">Olhando as
                     nuvens</rs>. (?) </item>
               <item>
                  <label>31.</label>
                  <rs type="name" key="P54">Eugenio de Castro</rs>: <rs type="title"
                     >Tristissima</rs>. (?) </item>
               <item>
                  <label>32.</label>
                  <rs type="name" key="P54">Eugenio de Castro</rs>: <rs type="title">Martim</rs>
                  (soneto II) (?) </item>
               <item>
                  <label>33.</label>
                  <rs type="name" key="P54">Eugenio de Castro</rs>: <rs type="title">Constança</rs>
                  (soneto IV) </item>
               <item>
                  <label>34.</label>
                  <rs type="name" key="P54">Eugenio de Castro</rs>: <rs type="title">Epilogo (á <choice>
                        <abbr>S<am>.</am></abbr>
                        <expan>S<ex>ombra</ex></expan>
                     </choice> do <choice>
                        <abbr>Q<am>.</am></abbr>
                        <expan>Q<ex>uadrante</ex></expan>
                     </choice>, soneto)</rs>.
               </item>
               <item>
                  <label>35.</label>
                  <rs type="name" key="P54">Eugenio de Castro</rs>: <rs type="title">Inscripção</rs>
                  (?) </item>
               <item>
                  <label>36.</label>
                  <rs type="name" key="P124">José Duro</rs>: <rs type="title">Tedio (soneto)</rs>
               </item>
               <item>
                  <label>37.</label>
                  <rs type="name" key="P124">José Duro</rs>: <rs type="title">Em busca</rs> (soneto) </item>
               <item>
                  <label>38.</label>
                  <rs type="name" key="P124">José Duro</rs>: <rs type="title">O meu relogio</rs>
                  (soneto) (?) </item>
               <item>
                  <label>39.</label>
                  <rs type="name" key="P124">José Duro</rs>: <rs type="title">Prece (soneto)</rs>
               </item>
               <item>
                  <label>40.</label>
                  <rs type="name" key="P124">José Duro</rs>: <rs type="title">Dor suprema
                     (soneto)</rs>
               </item>
               <item>
                  <note place="margin-left" n="2" type="addition">√</note>
                  <label>41.</label>
                  <rs type="name" key="P124">José Duro</rs>: <rs type="title">Mortos</rs>. </item>
               <item>
                  <label>42.</label>
                  <rs type="name" key="P124">José Duro</rs>: <rs type="title">Bacchantes</rs>.
               </item>
               <item>
                  <label>43.</label>
                  <rs type="name" key="P124">José Duro</rs>: <rs type="title">Doente</rs> (?) </item>
               <item>
                  <label>44.</label>
                  <rs type="name" key="P26">Cesario Verde</rs>: <rs type="title"
                     >Deslumbramentos</rs>. (?) </item>
               <item>
                  <label>45.</label>
                  <rs type="name" key="P26">Cesario Verde</rs>: <rs type="title">N’um Bairro
                     Moderno</rs>. (?) </item>
               <item>
                  <label>46.</label>
                  <rs type="name" key="P26">Cesario Verde</rs>: <rs type="title"
                  >Crystalisações</rs>. (?) </item>
               <item>
                  <label>47.</label>
                  <rs type="name" key="P26">Cesario Verde</rs>: <rs type="title">Nós</rs> (ou apenas
                  o trecho de pp. 87 a 90) (e o de 92 a 96) </item>
               <item>
                  <label>48.</label>
                  <rs type="name" key="P181">Antonio Feijó</rs>: <rs type="title">Theoria do
                     Beijo</rs>. </item>
               <item>
                  <label>49.</label>
                  <rs type="name" key="P181">Antonio Feijó</rs>: <rs type="title">Nove de
                     Setembro</rs> (?) </item>
               <item>
                  <label>50.</label>
                  <rs type="name" key="P181">Antonio Feijó</rs>: <rs type="title">A Caveira</rs> (o
                  segundo soneto). </item>
            </list>
         </div>
      </body>
   </text>
</TEI>
