<?xml version="1.0" encoding="UTF-8"?> <?xml-model href="../schema/pessoaTEI.rng" type="application/xml" schematypens="http://relaxng.org/ns/structure/1.0"?>
<TEI xmlns="http://www.tei-c.org/ns/1.0">
    <teiHeader>
        <fileDesc>
            <titleStmt>
                <title>BNP/E3 48G-26<hi rend="superscript">v</hi></title>
                <author>
                    <rs type="name" key="FP">Fernando Pessoa</rs>
                </author>
                <respStmt>
                    <resp>Transcrição, Edição</resp>
                    <name>Pedro Sepúlveda</name>
                </respStmt>
                <respStmt>
                    <resp>Transcrição</resp>
                    <name>Pablo Javier Pérez López</name>
                </respStmt>
                <respStmt>
                    <resp>Transcrição</resp>
                    <name>Jorge Uribe</name>
                </respStmt>
                <respStmt>
                    <resp>Codificação, Modelagem de dados</resp>
                    <name>Ulrike Henny</name>
                </respStmt>
                <respStmt>
                    <resp>Codificação</resp>
                    <name>Isabel Figueiredo-Iken</name>
                </respStmt>
                <respStmt>
                    <resp>Codificação</resp>
                    <name>Sviatoslav Drach</name>
                </respStmt>
                <respStmt>
                    <resp>Consultoria</resp>
                    <name>Institut für Dokumentologie und Editorik (IDE)</name>
                </respStmt>
            </titleStmt>
            <publicationStmt>
                <publisher>Universidade Nova de Lisboa, Instituto de Estudos de Literatura e
                    Tradição (IELT)</publisher>
                <publisher>Cologne Center for eHumanities (CCeH)</publisher>
                <date>2016</date>
                <availability>
                    <licence target="http://creativecommons.org/licenses/by/3.0/"/>
                </availability>
                <idno type="filename">BNP_E3_48G-26v.xml</idno>
            </publicationStmt>
            <sourceDesc>
                <msDesc xml:id="M1" type="structured">
                    <msIdentifier>
                        <institution>Biblioteca Nacional de Portugal</institution>
                        <idno>BNP/E3 48G-26v</idno>
                    </msIdentifier>
                    <msContents>
                        <msItemStruct>
                            <author>
                                <rs type="name" key="FP">Fernando Pessoa</rs>
                            </author>
                            <note type="genre">
                                <rs type="genre" key="lista_editorial">Lista editorial</rs>
                                <rs type="genre" key="nota_editorial">Nota editorial</rs>
                            </note>
                            <textLang mainLang="pt"/>
                        </msItemStruct>
                    </msContents>
                    <history>
                        <origin>
                            <p>
                                <origDate when="1915" cert="medium">c. 1915</origDate>
                            </p>
                        </origin>
                    </history>
                </msDesc>
                <msDesc corresp="#M1" type="prose">
                    <msIdentifier/>
                    <p> Lista manuscrita, publicada em <hi rend="italic">Pessoa por Conhecer
                        </hi>(1990, II, 491). </p>
                </msDesc>
            </sourceDesc>
        </fileDesc>
    </teiHeader>
    <facsimile>
        <graphic
            url="bn-acpc-e-e3-48g-1-37_JPG_24-C-R0150/bn-acpc-e-e3-48g-1-37_0052_26v_t24-C-R0150.jpg"
        />
    </facsimile>
    <text>
        <body>
            <div>
                <gap reason="selection" unit="line" extent="2"/>
                <list>
                    <head><hi rend="underline"><rs type="periodical" key="J2">ATHENA</rs></hi>
                        (suppondo que é revista, como o <hi rend="underline"><rs type="periodical"
                                key="J6">Mercure</rs></hi>): (500 <choice>
                            <abbr>rs</abbr>
                            <expan>r<ex>ei</ex>s</expan>
                        </choice>)</head>
                    <item>
                        <label>1.</label>
                        <rs type="name" key="P1" style="a"><hi rend="underline">Antonio
                            Móra</hi></rs> — <rs type="title"><rs type="place">Allemanha</rs></rs>
                    </item>
                    <item>
                        <label>2.</label>
                        <rs type="work" key="O2" style="b"><rs type="name" key="AC" role="author"
                                    ><hi rend="underline">Alberto Caeiro</hi></rs> — <rs type="title"
                                >O <choice>
                                    <abbr>G<am>.</am></abbr>
                                    <expan>G<ex>uardador</ex></expan>
                                </choice> de <choice>
                                    <abbr>R<am>.</am></abbr>
                                    <expan>R<ex>ebanhos</ex></expan>
                                </choice></rs></rs>
                    </item>
                    <item>
                        <label>3.</label> (<rs type="name" key="P91">Leonardo Coimbra</rs> — <rs
                            type="text">O Pensamento Criacionista</rs>). </item>
                    <item>
                        <label>4.</label> (<rs type="title">Literatura da guerra</rs>) </item>
                    <metamark rend="line" function="end"/>
                </list>
                <p>Estas paginas são destinadas a reunir todos os elementos<lb/> dispersos da
                    cultura nacional superior. São abertas a<lb/> todas as theorias, logo que estas
                    sejam originaes e original<pc>-</pc><lb/>mente postas.</p>
            </div>
        </body>
    </text>
</TEI>
