<?xml version="1.0" encoding="UTF-8"?>
<?xml-model href="../schema/pessoaTEI.rng" type="application/xml" schematypens="http://relaxng.org/ns/structure/1.0"?>
<TEI xmlns="http://www.tei-c.org/ns/1.0">
   <teiHeader>
      <fileDesc>
         <titleStmt>
            <title>BNP/E3 87A-4</title>
            <author>
               <rs type="name" key="FP">Fernando Pessoa</rs>
            </author>
            <respStmt>
               <resp>Transcrição, Edição</resp>
               <name>Pedro Sepúlveda</name>
            </respStmt>
            <respStmt>
               <resp>Transcrição</resp>
               <name>Pablo Javier Pérez López</name>
            </respStmt>
            <respStmt>
               <resp>Transcrição</resp>
               <name>Jorge Uribe</name>
            </respStmt>
            <respStmt>
               <resp>Modelagem de dados, Codificação</resp>
               <name>Ulrike Henny-Krahmer</name>
            </respStmt>
            <respStmt>
               <resp>Codificação</resp>
               <name>Inês Filipa Rebelo do Carmo</name>
            </respStmt>
            <respStmt>
               <resp>Codificação</resp>
               <name>Ana Leonor Branco</name>
            </respStmt>
            <respStmt>
               <resp>Codificação</resp>
               <name>Sviatoslav Drach</name>
            </respStmt>
         </titleStmt><editionStmt><p>Corpus version C2.1.0</p></editionStmt>
         <publicationStmt>
            <publisher>Universidade Nova de Lisboa, Instituto de Estudos de Literatura e Tradição
               (IELT)</publisher>
            <publisher>Cologne Center for eHumanities (CCeH)</publisher>
            <date>2017</date>
            <availability status="free">
               <licence target="http://creativecommons.org/licenses/by/4.0/"/>
            </availability>
            <idno type="filename">BNP_E3_87A-4.xml</idno>
         </publicationStmt>
         <sourceDesc>
            <msDesc>
               <msIdentifier>
                  <institution>Biblioteca Nacional de Portugal</institution>
                  <idno>BNP/E3 87A-4</idno>
               </msIdentifier>
               <msContents>
                  <summary>
                     <p>Lista manuscrita, publicada em <hi rend="italic">Sensacionismo e Outros
                           Ismos</hi> (2009, 79-80).</p>
                  </summary>
                  <msItemStruct>
                     <author>
                        <rs type="name" key="FP">Fernando Pessoa</rs>
                     </author>
                     <note type="genre">
                        <rs type="genre" key="lista_editorial">Lista editorial</rs>
                        <rs type="genre" key="plano_editorial">Plano editorial</rs>
                     </note>
                     <textLang mainLang="pt" otherLangs="fr en"/>
                  </msItemStruct>
               </msContents>
               <history>
                  <origin>
                     <p>
                        <origDate when="1916-09" cert="medium">c. Setembro de 1916</origDate>
                     </p>
                  </origin>
               </history>
            </msDesc>
         </sourceDesc>
      </fileDesc>
      <revisionDesc>
         <change when="2023-11-15" who="#FAF">
                    Added edition statement to the teiHeader
                </change>
      </revisionDesc>
   </teiHeader>
   <facsimile xml:base="http://images.cceh.uni-koeln.de/pessoa/">
      <graphic url="bn-acpc-e-e3-87a-1-22_JPG_24-C-R0150/bn-acpc-e-e3-87a-1-22_0009_4_t24-C-R0150.jpg"/>
   </facsimile>
   <text>
      <body>
         <div>
            <head rend="center">
               <hi rend="underline">
                  <rs type="periodical" key="J12">Orpheu</rs>
                  3</hi>
            </head>
            <table>
               <row>
                  <cell>
                     <rs type="title">Varios poemas</rs>
                  </cell>
                  <cell>– <rs type="name" key="P145">Camillo Pessanha</rs>.</cell>
                  <cell>10</cell>
               </row>
               <row>
                  <cell>
                     <del rend="overstrike">
                        <rs type="title">Apoz o rapto</rs>
                     </del>
                  </cell>
                  <cell>
                     <del rend="overstrike">– <rs type="name" key="P59">Albino de
                        Menezes</rs>.</del>
                  </cell>
                  <cell>6</cell>
               </row>
               <row>
                  <cell>
                     <del rend="overstrike">
                        <rs type="title">Poemas de Pauis</rs>
                     </del>
                  </cell>
                  <cell>
                     <del rend="overstrike">– <rs type="name" key="P30">Mario de
                        Sá-Carneiro</rs>.</del>
                  </cell>
                  <cell>10</cell>
               </row>
               <row>
                  <cell>
                     <del rend="overstrike">
                        <rs type="title">Scena de Odio</rs>
                     </del>
                  </cell>
                  <cell>
                     <del rend="overstrike">– <rs type="name" key="P56">José de Almada
                           Negreiros</rs>.</del>
                  </cell>
                  <cell>
                     <del rend="overstrike">18</del>
                  </cell>
               </row>
               <row>
                  <cell>
                     <del rend="overstrike">
                        <supplied resp="PS" reason="omitted-in-original"/>
                     </del>
                  </cell>
                  <cell>
                     <del rend="overstrike">– <rs type="name" key="P144">Jose Coelho
                        Pacheco</rs>.</del>
                  </cell>
                  <cell>
                     <del rend="overstrike">8</del>
                  </cell>
               </row>
               <row>
                  <cell>
                     <rs type="title">
                        <choice>
                           <abbr>Alg<am>.</am>
                           </abbr>
                           <expan>Alg<ex>uns</ex>
                           </expan>
                        </choice> Estados de Alma</rs>
                  </cell>
                  <cell>– <rs type="name" key="AdC" role="author">Alvaro de Campos</rs>.</cell>
                  <cell>12</cell>
               </row>
               <row>
                  <cell>
                     <supplied resp="PS" reason="omitted-in-original"/>
                  </cell>
                  <cell>– <rs type="name" key="RR" role="author">Ricardo Reis</rs>.</cell>
                  <cell>8</cell>
               </row>
               <metamark rend="line" function="distinct"/>
               <row>
                  <cell>
                     <supplied resp="PS" reason="omitted-in-original"/>
                  </cell>
                  <cell>– <del rend="overstrike">
                        <rs type="name" key="FP" role="author" style="a">Fernando Pessôa</rs>.</del>
                  </cell>
                  <cell>
                     <del rend="overstrike">8</del>
                  </cell>
               </row>
            </table>
            <list>
               <item>
                  <rs type="name" key="P56">Almada</rs>
               </item>
               <item>
                  <rs type="name" key="RR" role="author">
                     <choice>
                        <abbr>R</abbr>
                        <expan>R<ex>icardo</ex>
                        </expan>
                     </choice> Reis</rs>.</item>
            </list>
            <metamark rend="line" function="distinct"/>
            <p rend="indent-2">4 hors-texte duplos de<lb/>
               <rs type="name" key="P251">Amadeo de Souza Cardoso</rs>
            </p>
            <metamark rend="line" function="distinct"/>
            <!-- ### -->
            <table>
               <head>
                  <hi rend="underline">As rosas amo...</hi>
               </head>
               <row>
                  <cell>7 <unclear reason="illegible">comp.</unclear>
                  </cell>
                  <cell>48 <unclear reason="illegible">quadras</unclear>
                  </cell>
               </row>
               <row>
                  <cell>
                     <gap reason="illegible" unit="word" extent="1"/>
                  </cell>
                  <cell>9 <choice>
                        <abbr>
                           <metamark rend="quotes" function="ditto"/>
                        </abbr>
                        <expan>
                           <unclear reason="illegible">quadras</unclear>
                        </expan>
                     </choice>
                  </cell>
               </row>
               <row>
                  <cell>
                     <gap reason="illegible" unit="word" extent="1"/>
                  </cell>
                  <cell>14 <choice>
                        <abbr>
                           <metamark rend="quotes" function="ditto"/>
                        </abbr>
                        <expan>
                           <unclear reason="illegible">quadras</unclear>
                        </expan>
                     </choice>
                  </cell>
               </row>
               <metamark rend="line" function="distinct"/>
               <row>
                  <cell>71 <choice>
                        <abbr>
                           <metamark rend="quotes" function="ditto"/>
                        </abbr>
                        <expan>
                           <unclear reason="illegible">quadras</unclear>
                        </expan>
                     </choice>
                  </cell>
               </row>
               <metamark rend="line" function="end"/>
            </table>
            <table>
               <head>
                  <hi rend="underline">
                     <choice>
                        <abbr>C</abbr>
                        <expan>C<ex>om</ex>
                        </expan>
                     </choice>
                     <choice>
                        <abbr>frontisp</abbr>
                        <expan>frontisp<ex>icio</ex>
                        </expan>
                     </choice>
                  </hi>
               </head>
               <row>
                  <cell>
                     <rs type="name" key="P145">Pessanha</rs>
                  </cell>
                  <cell>– 10</cell>
               </row>
               <row>
                  <cell>
                     <rs type="name" key="P59">Albino</rs>
                  </cell>
                  <cell>– 6</cell>
               </row>
               <row>
                  <cell>
                     <rs type="name" key="P30">Sá-Carneiro</rs>
                  </cell>
                  <cell>– 10</cell>
               </row>
               <row>
                  <cell>
                     <rs type="name" key="P144">José Pacheco</rs>
                  </cell>
                  <cell>– 8</cell>
               </row>
               <row>
                  <cell>
                     <subst>
                        <del rend="overstrike" n="1">
                           <rs type="name" key="AdC" role="author">Alvaro
                              de <choice>
                                 <abbr>C</abbr>
                                 <expan>C<ex>ampos</ex>
                                 </expan>
                              </choice>
                           </rs>
                        </del>
                        <add place="above" n="2">
                           <rs type="name" key="P56">Almada</rs>
                        </add>
                     </subst>
                  </cell>
                  <cell>– 18</cell>
               </row>
               <row>
                  <cell>
                     <rs type="name" key="AdC" role="author">
                        <choice>
                           <abbr>A</abbr>
                           <expan>A<ex>lvaro</ex>
                           </expan>
                        </choice> de Campos</rs>
                  </cell>
                  <cell>– 12</cell>
               </row>
               <row>
                  <cell>
                     <rs type="name" key="FP" role="author" style="b">
                        <choice>
                           <abbr>F</abbr>
                           <expan>F<ex>ernando</ex>
                           </expan>
                        </choice> Pessoa</rs>
                  </cell>
                  <cell> – 8 ou 16 <metamark rend="line" function="end"/>
                  </cell>
               </row>
            </table>
            <list>
               <item>64</item>
               <item>16</item>
            </list>
            <metamark rend="line" function="distinct"/>
            <p>either 8p.<lb/> for me<lb/> or <supplied resp="PS" reason="omitted-in-original"/>
            </p>
         </div>
      </body>
   </text>
</TEI>
