<?xml version="1.0" encoding="UTF-8"?>
<?xml-model href="../schema/pessoaTEI.rng" type="application/xml" schematypens="http://relaxng.org/ns/structure/1.0"?>
<TEI xmlns="http://www.tei-c.org/ns/1.0">
   <teiHeader>
      <fileDesc>
         <titleStmt>
            <title>BNP/E3 188-1<hi rend="superscript">r</hi></title>
            <author>
               <rs type="name" key="FP">Fernando Pessoa</rs>
            </author>
            <respStmt>
               <resp>Transcrição, Edição</resp>
               <name>Pedro Sepúlveda</name>
            </respStmt>
            <respStmt>
               <resp>Modelagem de dados, Codificação</resp>
               <name>Ulrike Henny-Krahmer</name>
            </respStmt>
            <respStmt>
               <resp>Codificação</resp>
               <name>Inês Filipa Rebelo do Carmo</name>
            </respStmt>
            <respStmt>
               <resp>Codificação</resp>
               <name>Isabel Figueiredo-Iken</name>
            </respStmt>
            <respStmt>
               <resp>Codificação</resp>
               <name>Sviatoslav Drach</name>
            </respStmt>
            <respStmt>
               <resp>Consultoria</resp>
               <name>Institut für Dokumentologie und Editorik (IDE)</name>
            </respStmt>
         </titleStmt>
         <publicationStmt>
            <publisher>Universidade Nova de Lisboa, Instituto de Estudos de Literatura e Tradição
               (IELT)</publisher>
            <publisher>Cologne Center for eHumanities (CCeH)</publisher>
            <date>2017</date>
            <availability status="free">
               <licence target="http://creativecommons.org/licenses/by/3.0/"/>
            </availability>
            <idno type="filename">BNP_E3_188-1r.xml</idno>
         </publicationStmt>
         <sourceDesc>
            <msDesc>
               <msIdentifier>
                  <institution>Biblioteca Nacional de Portugal</institution>
                  <idno>BNP/E3 188-1r</idno>
               </msIdentifier>
               <msContents>
                  <summary>
                     <p>Lista manuscrita em papel com marca de água «Parchment Wove».</p>
                  </summary>
                  <msItemStruct>
                     <author>
                        <rs type="name" key="FP">Fernando Pessoa</rs>
                     </author>
                     <note type="genre">
                        <rs type="genre" key="lista_editorial">Lista editorial</rs>
                     </note>
                     <textLang mainLang="pt" otherLangs="en"/>
                  </msItemStruct>
               </msContents>
               <history>
                  <origin>
                     <p>
                        <origDate from="1919" to="1920" cert="medium">c. 1919-1920</origDate>
                     </p>
                  </origin>
               </history>
            </msDesc>
         </sourceDesc>
      </fileDesc>
   </teiHeader>
   <facsimile xml:base="http://images.cceh.uni-koeln.de/pessoa/">
      <graphic url="bn-acpc-e-e3-188_JPG_24-C-R0150/bn-acpc-e-e3-188_0001_1_t24-C-R0150.jpg"/>
   </facsimile>
   <text>
      <body>
         <div>
            <head><hi rend="underline"><choice>
                     <abbr>GCP<am>.</am></abbr>
                     <expan>G<ex>remio</ex>
                        <ex>de</ex> C<ex>ultura</ex> P<ex>ortugueza</ex></expan>
                  </choice></hi></head>
            <p rend="indent-2"><rs type="periodical" key="J54">“Portugal”</rs> — revista <subst>
                  <add place="above" n="2">de vida portugueza para o</add>
                  <del rend="overstrike" n="1">de commercio, de industria</del>
               </subst>
               <lb/> estrangeiro.</p>
            <metamark rend="line" function="distinct"/>
            <p>Edição commercial em inglez.</p>
            <metamark rend="line" function="distinct"/>
            <table>
               <head>Advertisements.</head>
               <row xml:id="C1">
                  <cell rend="right">page:</cell>
                  <cell rend="right">120$00</cell>
               </row>
               <row xml:id="C2">
                  <cell rend="right">1/2 page:</cell>
                  <cell rend="right">65$00</cell>
               </row>
               <row xml:id="C3">
                  <cell rend="right">1/4 page:</cell>
                  <cell rend="right">35$00<note target="range(C1,C5)" place="margin-right"
                        type="addition">
                        <metamark rend="curly-bracket" function="grouping">
                           <label>inalteraveis</label>
                        </metamark>
                     </note></cell>
               </row>
               <row xml:id="C4">
                  <cell rend="right">1/8 page:</cell>
                  <cell rend="right">20$00</cell>
               </row>
               <row xml:id="C5">
                  <cell rend="right">1/16 page:</cell>
                  <cell rend="right">12$00</cell>
               </row>
            </table>
            <metamark rend="line" function="distinct"/>
            <list>
               <head><hi rend="underline">
                     <gap reason="illegible" unit="word" extent="1"/> number</hi>:</head>
               <item>A Man’s Death — <gap reason="illegible" unit="word" extent="2"/> — <gap
                     reason="illegible" unit="word" extent="1"/>
               </item>
               <item>
                  <rs type="place">Portugal</rs> of <gap reason="illegible" unit="word" extent="1"/>
                  <choice>
                     <abbr>S<am>.</am></abbr>
                     <expan>S<ex>idonio</ex></expan>
                  </choice> Paes.</item>
            </list>
            <note place="center" n="2" type="addition">shall this start now?</note>
            <metamark rend="line center" function="end"/>
         </div>
      </body>
   </text>
</TEI>
