<?xml version="1.0" encoding="UTF-8"?>
<?xml-model href="../schema/pessoaTEI.rng" type="application/xml" schematypens="http://relaxng.org/ns/structure/1.0"?>
<TEI xmlns="http://www.tei-c.org/ns/1.0">
   <teiHeader>
      <fileDesc>
         <titleStmt>
            <title>BNP/E3 48B-32<hi rend="superscript">r</hi>
            </title>
            <author>
               <rs type="person" key="FP">Fernando Pessoa</rs>
            </author>
            <respStmt>
               <resp>Transcrição, Edição</resp>
               <name>Pedro Sepúlveda</name>
            </respStmt>
            <respStmt>
               <resp>Codificação, Modelagem de dados</resp>
               <name>Ulrike Henny</name>
            </respStmt>
            <respStmt>
               <resp>Codificação</resp>
               <name>Isabel Figueiredo-Iken</name>
            </respStmt>
            <respStmt>
               <resp>Codificação</resp>
               <name>Sviatoslav Drach</name>
            </respStmt>
            <respStmt>
               <resp>Consultoria</resp>
               <name>Institut für Dokumentologie und Editorik (IDE)</name>
            </respStmt>
         </titleStmt>
         <publicationStmt>
            <publisher>Universidade Nova de Lisboa, Instituto de Estudos de Literatura e Tradição
               (IELT)</publisher>
            <publisher>Cologne Center for eHumanities (CCeH)</publisher>
            <date>2017</date>
            <availability>
               <licence target="http://creativecommons.org/licenses/by/3.0/"/>
            </availability>
            <idno type="filename">BNP_E3_48B-32r.xml</idno>
         </publicationStmt>
         <sourceDesc>
            <msDesc xml:id="M1" type="structured">
               <msIdentifier>
                  <institution>Biblioteca Nacional de Portugal</institution>
                  <idno>BNP/E3 48B-32r</idno>
               </msIdentifier>
               <msContents>
                  <msItemStruct>
                     <author>
                        <rs type="person" key="FP">Fernando Pessoa</rs>
                     </author>
                     <note type="genre">
                        <rs type="genre" key="lista_editorial">Lista editorial</rs>
                     </note>
                     <textLang mainLang="pt"/>
                  </msItemStruct>
               </msContents>
               <history>
                  <origin>
                     <p>
                        <origDate when="1925" cert="medium">c. 1925</origDate>
                     </p>
                  </origin>
               </history>
            </msDesc>
            <msDesc corresp="#M1" type="prose">
               <msIdentifier/>
               <p>Lista datilografada, publicada em <hi rend="italic">Livro do Desassossego</hi>
                  (1990, I, 50).</p>
            </msDesc>
         </sourceDesc>
      </fileDesc>
   </teiHeader>
   <facsimile>
      <graphic
         url="bn-acpc-e-e3-48b-1-158_JPG_24-C-R0150/bn-acpc-e-e3-48b-1-158_0064_32_t24-C-R0150.jpg"
      />
   </facsimile>
   <text>
      <body>

         <list>
            <item><rs type="text"> Auto do Circo.</rs>
            </item>
            <item><rs type="text">O Banqueiro Anarchista.</rs></item>
            <item><rs type="text">Allegação do Réu.</rs></item>
            <item><rs type="text">Na Pharmacia do Evaristo – I.</rs></item>
            <item><rs type="text">Antidoto.</rs></item>
            <item><rs type="text"><choice>
                     <abbr>Th<am>.</am></abbr>
                     <expan>Th<ex>eoria</ex></expan>
                  </choice> da <choice>
                     <abbr>Orth<am>.</am></abbr>
                     <expan>Orth<ex>ographia</ex></expan>
                  </choice><choice>
                     <abbr>Port<am>.</am></abbr>
                     <expan>Port<ex>ugueza</ex></expan>
                  </choice>.</rs></item>
            <item><rs type="text"><choice>
                     <abbr>Th<am>.</am></abbr>
                     <expan>Th<ex>eoria</ex></expan>
                  </choice> do <choice>
                     <abbr>Suff<am>.</am></abbr>
                     <expan>Suff<ex>ragio</ex></expan>
                  </choice>
                  <choice>
                     <abbr>Pol<am>.</am></abbr>
                     <expan>Pol<ex>itico</ex></expan>
                  </choice>.</rs></item>
            <item><rs type="text"><choice>
                     <abbr>Th<am>.</am></abbr>
                     <expan>Th<ex>eoria</ex></expan>
                  </choice> das <choice>
                     <abbr>Comp<am>.</am></abbr>
                     <expan>Comp<ex>anhias</ex></expan>
                  </choice>
                  <choice>
                     <abbr> Reg<am>.</am></abbr>
                     <expan> Reg<ex>ias</ex></expan>
                  </choice>.</rs></item>
            <item><rs type="text"><choice>
                     <abbr>Th<am>.</am></abbr>
                     <expan>Th<ex>eoria</ex></expan>
                  </choice> da Monarchia.</rs></item>
            <item><rs type="text">Merc.<choice>
                     <abbr>Aceph <am>.</am></abbr>
                     <expan> Aceph<ex>alo</ex></expan>
                  </choice></rs></item>
            <item><rs type="text">Na <choice>
                     <abbr>Flor <am>.</am></abbr>
                     <expan>Flor <ex>esta</ex></expan>
                  </choice> do <choice>
                     <abbr>Alheam <am>.</am></abbr>
                     <expan>Alheam <ex>ento</ex></expan>
                  </choice></rs></item>
            <item><rs type="text">O Marinheiro.</rs></item>
            <item><rs type="text">Além-Deus.</rs></item>
            <item><rs type="text">Amun-Râ.</rs></item>
            <item><rs type="text">Epigrammas.</rs></item>
            <item><rs type="text">Orpheu.</rs></item>
            <item><rs type="text">Mar Portuguez.</rs></item>
            <item><rs type="text">Medalhas – I a III.</rs></item>
            <item><rs type="text">Sakamuni.</rs></item>
            <item><rs type="text">Marcha Funebre.</rs></item>
            <item><rs type="person" key="AC" role="author">Caeiro</rs>. – 1 e 2.</item>
            <item>
               <rs type="person" key="RR" role="author"><choice>
                     <abbr>R <am>.</am></abbr>
                     <expan>R<ex>icardo</ex></expan>
                  </choice> Reis</rs> – 1.</item>
            <item><rs type="person" key="AdC" role="author"><choice>
                     <abbr>Alv <am>.</am></abbr>
                     <expan>Alv<ex>aro</ex></expan>
                  </choice> de Campos</rs>: <choice>
                  <abbr> Saud <am>.</am></abbr>
                  <expan> Saud<ex>ação</ex></expan>
               </choice> a <choice>
                  <abbr>W<am>.</am></abbr>
                  <expan> W<ex>halt</ex></expan>
               </choice>
               <choice>
                  <abbr>W<am>.</am></abbr>
                  <expan> W<ex>hitman</ex></expan>
               </choice></item>
            <item><rs type="person" key="AdC" role="author"><choice>
                     <abbr>Alv <am>.</am></abbr>
                     <expan>Alv<ex>aro</ex></expan>
                  </choice> de Campos</rs>: Soneto.</item>
            <item><rs type="person" key="AdC" role="author"><choice>
                     <abbr>Alv <am>.</am></abbr>
                     <expan>Alv<ex>aro</ex></expan>
                  </choice> de Campos</rs>: A <choice>
                  <abbr>Pas <am>.</am></abbr>
                  <expan>Pas<ex>sagem</ex></expan>
               </choice> das <choice>
                  <abbr> H <am>.</am></abbr>
                  <expan> H<ex>oras</ex></expan>
               </choice></item>
            <item><rs type="text">Uma Entrevista.</rs></item>
            <item><rs type="text"><choice>
                     <abbr>Horosc <am>.</am></abbr>
                     <expan> Horosc<ex>opo</ex></expan>
                  </choice> da<choice>
                     <abbr>Rep <am>.</am></abbr>
                     <expan>Rep <ex>ublica</ex></expan>
                  </choice>
                  <choice>
                     <abbr>Port <am>.</am></abbr>
                     <expan>Port <ex>uguesa</ex></expan>
                  </choice></rs></item>
            <item><rs type="text"><choice>
                     <abbr>Horosc <am>.</am></abbr>
                     <expan> Horosc<ex>opo</ex></expan>
                  </choice> de <rs type="place">Portugal</rs>.</rs></item>
            <item><rs type="person">Bandarra</rs>–<rs type="text"> 3º Corpo (serial).</rs></item>

         </list>
         <div/>
      </body>
   </text>
</TEI>
