<?xml version="1.0" encoding="UTF-8"?>
<?xml-model href="../schema/pessoaTEI.rng" type="application/xml" schematypens="http://relaxng.org/ns/structure/1.0"?>
<TEI xmlns="http://www.tei-c.org/ns/1.0">
   <teiHeader>
      <fileDesc>
         <titleStmt>
            <title>BNP/E3 48-14<hi rend="superscript">r</hi></title>
            <author>
               <rs type="name" key="FP">Fernando Pessoa</rs>
            </author>
            <respStmt>
               <resp>Transcrição, Edição</resp>
               <name>Pedro Sepúlveda</name>
            </respStmt>
            <respStmt>
               <resp>Codificação, Modelagem de dados</resp>
               <name>Ulrike Henny</name>
            </respStmt>
            <respStmt>
               <resp>Codificação</resp>
               <name>Isabel Figueiredo-Iken</name>
            </respStmt>
            <respStmt>
               <resp>Codificação</resp>
               <name>Sviatoslav Drach</name>
            </respStmt>
            <respStmt>
               <resp>Consultoria</resp>
               <name>Institut für Dokumentologie und Editorik (IDE)</name>
            </respStmt>
         </titleStmt>
         <publicationStmt>
            <publisher>Universidade Nova de Lisboa, Instituto de Estudos de Literatura e Tradição
               (IELT)</publisher>
            <publisher>Cologne Center for eHumanities (CCeH)</publisher>
            <date>2016</date>
            <availability>
               <licence target="http://creativecommons.org/licenses/by/3.0/"/>
            </availability>
            <idno type="filename">BNP_E3_48-14r.xml</idno>
         </publicationStmt>
         <sourceDesc>
            <msDesc xml:id="M1" type="structured">
               <msIdentifier>
                  <institution>Biblioteca Nacional de Portugal</institution>
                  <idno>BNP/E3 48-14r</idno>
               </msIdentifier>
               <msContents>
                  <msItemStruct>
                     <author>
                        <rs type="name" key="FP">Fernando Pessoa</rs>
                     </author>
                     <note type="genre">
                        <rs type="genre" key="lista_editorial">Lista editorial</rs>
                     </note>
                     <textLang mainLang="pt"/>
                  </msItemStruct>
               </msContents>
               <history>
                  <origin>
                     <p>
                        <origDate from="1920" to="1927">1920-1927</origDate>
                     </p>
                  </origin>
               </history>
            </msDesc>
            <msDesc corresp="#M1" type="prose">
               <msIdentifier/>
               <p> Lista datilografada. </p>
            </msDesc>
         </sourceDesc>
      </fileDesc>
   </teiHeader>
   <facsimile>
      <graphic
         url="bn-acpc-e-e3-48-1-56_JPG_24-C-R0150/bn-acpc-e-e3-48-1-56_0027_14_t24-C-R0150.jpg"/>
   </facsimile>
   <text>
      <body>
         <div>
            <head>ANTHOLOGIA</head>
            <head><choice>
                  <abbr>Vol<am>.</am></abbr>
                  <expan>Vol<ex>ume</ex></expan>
               </choice> I.</head>
            <list>
               <item>
                  <label>1.</label>&#x00A0;<rs type="name" key="P65">Shakespeare</rs>, <rs
                     type="title">“A Tormenta”</rs>. </item>
               <item rend="indent-2">
                  <label>2.</label>&#x00A0;<rs type="name" key="P83">Robert Louis Stevenson</rs>,
                     <rs type="title"> “O Extranho Caso do <lb/>
                     <rs type="name" key="P207"><abbr>Dr<am>.</am></abbr> Jekyll</rs> e do <rs
                        type="person" key="P208"><abbr>Sr<am>.</am></abbr> Hyde</rs>”. </rs>
               </item>
               <item>
                  <label>3.</label>&#x00A0;<rs type="name" key="P87">Edgar Poe</rs>, <rs
                     type="title">Os principais poemas de</rs>. </item>
            </list>
            <metamark rend="line-14-center" function="end"/>
         </div>
      </body>
   </text>
</TEI>
