<?xml version="1.0" encoding="UTF-8"?>
<?xml-model href="../schema/pessoaTEI.rng" type="application/xml" schematypens="http://relaxng.org/ns/structure/1.0"?>
<TEI xmlns="http://www.tei-c.org/ns/1.0">
   <teiHeader>
      <fileDesc>
         <titleStmt>
            <title>BNP/E3 50A<hi rend="superscript">1</hi>-13<hi rend="superscript">r</hi>
            </title>
            <author>
               <rs type="name" key="FP">Fernando Pessoa</rs>
            </author>
            <respStmt>
               <resp>Transcrição, Edição</resp>
               <name>Pedro Sepúlveda</name>
            </respStmt>
            <respStmt>
               <resp>Codificação, Modelagem de dados</resp>
               <name>Ulrike Henny-Krahmer</name>
            </respStmt>
            <respStmt>
               <resp>Codificação</resp>
               <name>Isabel Figueiredo-Iken</name>
            </respStmt>
            <respStmt>
               <resp>Codificação</resp>
               <name>Sviatoslav Drach</name>
            </respStmt>
            <respStmt>
               <resp>Consultoria</resp>
               <name>Institut für Dokumentologie und Editorik (IDE)</name>
            </respStmt>
         </titleStmt>
         <publicationStmt>
            <publisher>Universidade Nova de Lisboa, Instituto de Estudos de Literatura e Tradição
               (IELT)</publisher>
            <publisher>Cologne Center for eHumanities (CCeH)</publisher>
            <date>2016</date>
            <availability>
               <licence target="http://creativecommons.org/licenses/by/3.0/"/>
            </availability>
            <idno type="filename">BNP_E3_50A1-13r.xml</idno>
         </publicationStmt>
         <sourceDesc>
            <msDesc>
               <msIdentifier>
                  <institution>Biblioteca Nacional de Portugal</institution>
                  <idno>BNP/E3 50A1-13r</idno>
               </msIdentifier>
               <msContents>
                  <summary>
                     <p> Lista manuscrita. </p>
                  </summary>
                  <msItemStruct>
                     <author>
                        <rs type="name" key="FP">Fernando Pessoa</rs>
                     </author>
                     <note type="genre">
                        <rs type="genre" key="lista_editorial">Lista editorial</rs>
                        <rs type="genre" key="plano_editorial">Plano editorial</rs>
                     </note>
                     <textLang mainLang="pt"/>
                  </msItemStruct>
               </msContents>
               <history>
                  <origin>
                     <p>
                        <origDate when="1913" cert="medium">c. 1913</origDate>
                     </p>
                  </origin>
               </history>
            </msDesc>
         </sourceDesc>
      </fileDesc>
   </teiHeader>
   <facsimile>
      <graphic
         url="bn-acpc-e-e3-50a-1-1-31_JPG_24-C-R0150/bn-acpc-e-e3-50a-1-1-31_0025_13_t24-C-R0150.jpg"
      />
   </facsimile>
   <text>
      <body>
         <div>
            <head>
               <hi rend="underline">Livro de Versos</hi>
            </head>
            <list>
               <item>
                  <label>4.</label> <rs type="work" key="O1-13"><rs type="title"><hi
                           rend="underline">Episodios</hi></rs></rs>
                  <list rend="inline">
                     <item><label>—</label> <rs type="title">Paues</rs></item>
                     <item><label>—</label> <rs type="title">Livro do Outro Amôr</rs>.</item>
                     <item><label>—</label> <rs type="title">Poemas sepultos</rs></item>
                     <item><label>—</label> <rs type="title">Trez poemas</rs>.</item>
                     <item><label>—</label> <rs type="name" key="P21" style="b"><rs
                              type="text">D. Sebastião</rs></rs>.</item>
                  </list>
               </item>
               <metamark rend="line-44" function="distinct"/>
               <item rend="indent-2">
                  <label>1.</label> <hi rend="underline"><rs type="title">As sete salas do
                        palacio<lb/> abandonado</rs></hi>.
               </item>
               <metamark rend="line-44" function="distinct"/>
               <item>
                  <label>2.</label> <hi rend="underline"><rs type="work" key="O1-2"><rs
                           type="text">Gladio</rs></rs></hi>
               </item>
               <metamark rend="line-44" function="distinct"/>
               <item>
                  <label>3.</label> <hi rend="underline"><rs type="title">Auréola</rs></hi>
               </item>
               <metamark rend="line-44" function="distinct"/>
               <item>
                  <label>5.</label> <rs type="title">Trilogia dos Gigantes.</rs>
               </item>
            </list>
         </div>
      </body>
   </text>
</TEI>
