<?xml version="1.0" encoding="UTF-8"?>
<?xml-model href="../schema/pessoaTEI.rng" type="application/xml" schematypens="http://relaxng.org/ns/structure/1.0"?>
<TEI xmlns="http://www.tei-c.org/ns/1.0">
   <teiHeader>
      <fileDesc>
         <titleStmt>
            <title>BNP/E3 51-89<hi rend="superscript">v</hi></title>
            <author>
               <rs type="person" key="FP">Fernando Pessoa</rs>
            </author>
            <respStmt>
               <resp>Transcrição, Edição</resp>
               <name>Pedro Sepúlveda</name>
            </respStmt>
            <respStmt>
               <resp>Codificação, Modelagem de dados</resp>
               <name>Ulrike Henny</name>
            </respStmt>
            <respStmt>
               <resp>Codificação</resp>
               <name>Isabel Figueiredo-Iken</name>
            </respStmt>
            <respStmt>
               <resp>Codificação</resp>
               <name>Sviatoslav Drach</name>
            </respStmt>
            <respStmt>
               <resp>Consultoria</resp>
               <name>Institut für Dokumentologie und Editorik (IDE)</name>
            </respStmt>
         </titleStmt>
         <publicationStmt>
            <publisher>Universidade Nova de Lisboa, Instituto de Estudos de Literatura e Tradição
               (IELT)</publisher>
            <publisher>Cologne Center for eHumanities (CCeH)</publisher>
            <date>2017</date>
            <availability>
               <licence target="http://creativecommons.org/licenses/by/3.0/"/>
            </availability>
            <idno type="filename">BNP_E3_51-89v.xml</idno>
         </publicationStmt>
         <sourceDesc>
            <msDesc xml:id="M1" type="structured">
               <msIdentifier>
                  <institution>Biblioteca Nacional de Portugal</institution>
                  <idno>BNP/E3 51-89v</idno>
               </msIdentifier>
               <msContents>
                  <msItemStruct>
                     <author>
                        <rs type="person" key="FP">Fernando Pessoa</rs>
                     </author>
                     <note type="genre">
                        <rs type="genre" key="lista_editorial">Lista editorial</rs>
                     </note>
                     <textLang mainLang="pt" otherLangs="en"/>
                  </msItemStruct>
               </msContents>
               <history>
                  <origin>
                     <p>
                        <origDate when="1933-02-14">c. 14-2-1933</origDate>
                     </p>
                  </origin>
               </history>
            </msDesc>
            <msDesc corresp="#M1" type="prose">
               <msIdentifier/>
               <p> Lista datilografada. No verso encontra-se a lista 51-89r e o poema manuscrito que
                  começa pelo verso «Para ser grande, sê inteiro», datado de 14/2/1933 e atribuído a
                  Ricardo Reis. Pessoa terá enviado o poema, publicado na revista <hi rend="italic"
                     >Presença</hi> nesse mesmo mês, a João Gaspar Simões, juntamente com carta de
                  18/2/1933 (cf. CP, 209). </p>
            </msDesc>
         </sourceDesc>
      </fileDesc>
   </teiHeader>
   <facsimile>
      <graphic
         url="bn-acpc-e-e3-51-1-106_JPG_24-C-R0150/bn-acpc-e-e3-51-1-106_0184_89v_t24-C-R0150.jpg"/>
   </facsimile>
   <text>
      <body>
         <div>
            <delSpan rend="overstrike" spanTo="#a1"/>
            <div rend="left">
               <head><hi rend="underline">Major</hi>:</head>
               <list>
                  <item><rs type="text">Terceiro Fausto</rs>.</item>
                  <item><rs type="text">Theomachia</rs> (or other name). <note place="margin-right">
                        <p>one every two<lb/>years<lb/>means<lb/>ten<lb/>years.</p>
                     </note>
                  </item>
                  <item><rs type="person" key="P21" style="b">D. Sebastião</rs> (or other
                     name).</item>
                  <item><rs type="text">Prometheus Revinctus.</rs></item>
                  <item><rs type="text">The Duke of Parma.</rs>
                     -----------------------------------------------</item>
                  <item><rs type="work" key="O1-13-2"><rs type="text">Ficções do
                        Interludio</rs></rs> (como conjuncto).</item>
                  <item><rs type="text">O Caso Vargas</rs>. (?)</item>
                  <item>Notas de Idéas. (?)</item>
                  <item><rs type="work" key="O1" style="b"><rs type="text">Cancioneiro</rs></rs>.
                     (?) (como conjuncto).</item>
                  <item>Poemas. (?) (como conjuncto).</item>
               </list>
            </div>
            <anchor xml:id="a1"/>
         </div>
      </body>
   </text>
</TEI>
