﻿<?xml version="1.0" encoding="UTF-8"?>
<?xml-model href="../schema/pessoaTEI.rng" type="application/xml" schematypens="http://relaxng.org/ns/structure/1.0"?>
<TEI xmlns="http://www.tei-c.org/ns/1.0">
   <teiHeader>
      <fileDesc>
         <titleStmt>
            <title>BNP/E3 171<hi rend="superscript">r</hi>
            </title>
            <author>
               <rs type="person" key="FP">Fernando Pessoa</rs>
            </author>
            <respStmt>
               <resp>Transcrição, Edição</resp>
               <name>Pedro Sepúlveda</name>
            </respStmt>
            <respStmt>
               <resp>Modelagem de dados, Codificação</resp>
               <name>Ulrike Henny</name>
            </respStmt>
            <respStmt>
               <resp>Codificação</resp>
               <name>Sviatoslav Drach</name>
            </respStmt>
            <respStmt>
               <resp>Codificação</resp>
               <name>Ana Leonor Branco</name>
            </respStmt>
         </titleStmt>
         <publicationStmt>
            <publisher>Universidade Nova de Lisboa, Instituto de Estudos de Literatura e Tradição
               (IELT)</publisher>
            <publisher>Cologne Center for eHumanities (CCeH)</publisher>
            <date>2016</date>
            <availability>
               <licence target="http://creativecommons.org/licenses/by/3.0/"/>
            </availability>
            <idno type="filename">BNP_E3_171r.xml</idno>
         </publicationStmt>
         <sourceDesc>
            <msDesc>
               <msIdentifier>
                  <institution>Biblioteca Nacional de Portugal</institution>
                  <idno>BNP/E3 171r</idno>
               </msIdentifier>
               <msContents>
                  <msItemStruct>
                     <author>
                        <rs type="person" key="FP">Fernando Pessoa</rs>
                     </author>
                     <note type="genre">
                        <rs type="genre" key="lista_editorial">Lista editorial</rs>
                     </note>
                     <textLang mainLang="en" otherLangs="pt"/>
                  </msItemStruct>
               </msContents>
               <history>
                  <origin>
                     <p>
                        <origDate when="1919" cert="medium">c. 1919</origDate>
                     </p>
                  </origin>
               </history>
            </msDesc>
         </sourceDesc>
      </fileDesc>
   </teiHeader>
   <facsimile>
      <graphic
         url="bn-acpc-e-e3-167-186_JPG_24-C-R0150/bn-acpc-e-e3-167-186_0009_171_t24-C-R0150.jpg"/>
   </facsimile>
   <text>
      <body>
         <div>
            <list>
               <item>
                  <label>1.</label> “Acção”.
               </item>
               <item>
                  <label>2.</label> My possible next<lb/> voyage here.
               </item>
               <item>
                  <label>3.</label> “Heraldo de Faro”<lb/> Back numbers<lb/> of this, or
                  cuttings<lb/> from it.
               </item>
               <item>
                  <label>4.</label> <rs type="person" key="P235">Miva</rs> &amp; other<lb/> 
                  people I have been<lb/> introduced to here.
               </item>
               <item>
                  <label>5.</label> Mascarenhas.
               </item>
            </list>
         </div>
      </body>
   </text>
</TEI>
