<?xml version="1.0" encoding="UTF-8"?> 
<?xml-model href="../schema/pessoaTEI.rng" type="application/xml" schematypens="http://relaxng.org/ns/structure/1.0"?>
<TEI xmlns="http://www.tei-c.org/ns/1.0">
   <teiHeader>
      <fileDesc>
         <titleStmt>
            <title>BNP/E3 707-1<hi rend="superscript">r</hi> a 3<hi rend="superscript">r</hi></title>
            <author>
               <rs type="name" key="FP">Fernando Pessoa</rs>
            </author>
            <respStmt>
               <resp>Transcrição, Edição</resp>
               <name>Pedro Sepúlveda</name>
            </respStmt>
            <respStmt>
               <resp>Transcrição</resp>
               <name>Pablo Javier Pérez López</name>
            </respStmt>
            <respStmt>
               <resp>Modelagem de dados, Codificação</resp>
               <name>Ulrike Henny-Krahmer</name>
            </respStmt>
            <respStmt>
               <resp>Codificação</resp>
               <name>Isabel Figueiredo-Iken</name>
            </respStmt>
            <respStmt>
               <resp>Codificação</resp>
               <name>Inês Filipa Rebelo do Carmo</name>
            </respStmt>
            <respStmt>
               <resp>Codificação</resp>
               <name>Sviatoslav Drach</name>
            </respStmt>
            <respStmt>
               <resp>Consultoria</resp>
               <name>Institut für Dokumentologie und Editorik (IDE)</name>
            </respStmt>
         </titleStmt>
         <publicationStmt>
            <publisher>Universidade Nova de Lisboa, Instituto de Estudos de Literatura e Tradição
               (IELT)</publisher>
            <publisher>Cologne Center for eHumanities (CCeH)</publisher>
            <date>2017</date>
            <availability status="free">
               <licence target="http://creativecommons.org/licenses/by/3.0/"/>
            </availability>
            <idno type="filename">BNP_E3_701-1r-a-3r.xml</idno>
         </publicationStmt>
         <sourceDesc>
            <msDesc>
               <msIdentifier>
                  <institution/>
                  <idno>BNP/E3 701-1r a 3r</idno>
               </msIdentifier>
               <msContents>
                  <summary>
                     <p> Lista manuscrita, publicada em Sepúlveda e Uribe, <hi rend="italic">O
                           planeamento editorial de Fernando Pessoa</hi> (2016, 209-210). </p>
                  </summary>
                  <msItemStruct>
                     <author>
                        <rs type="name" key="FP">Fernando Pessoa</rs>
                     </author>
                     <note type="genre">
                        <rs type="genre" key="lista_editorial">Lista editorial</rs>
                     </note>
                     <textLang mainLang="pt" otherLangs="la"/>
                  </msItemStruct>
               </msContents>
               <history>
                  <origin>
                     <p>
                        <origDate when="1932" cert="medium">c. 1932</origDate>
                     </p>
                  </origin>
               </history>
            </msDesc>
         </sourceDesc>
      </fileDesc>
   </teiHeader>
   <facsimile xml:base="http://images.cceh.uni-koeln.de/pessoa/">
      <graphic url="doc_BNP_E3_707_1r.jpg"/>
      <graphic url="doc_BNP_E3_707_3r.jpg"/>
   </facsimile>
   <text>
      <body>
         <div>
            <head><hi rend="underline">Apontamentos para publicações</hi>:</head>
            <p>Quaresma, Decifrador:</p>
            <list>
               <item>
                  <label>1.</label>
                  <rs type="title">O Pergaminho Roubado</rs>.</item>
               <item>
                  <label>2.</label>
                  <rs type="title">O Quarto Fechado</rs>.</item>
               <item>
                  <label>3.</label>
                  <rs type="title">O Desapparecimento do <rs type="name" key="P33"><choice><abbr>Dr<am>.</am></abbr><expan>D<ex>outo</ex>r</expan></choice> Reis
                        Dores</rs></rs>.</item>
               <item>
                  <label>4.</label>
                  <rs type="title">O Roubo na Quinta das Vinhas</rs>.</item>
               <item>
                  <label>5.</label>
                  <rs type="title">O Caso Vargas</rs>.</item>
               <item>
                  <label>6.</label>
                  <rs type="title">O Triplo Fecho</rs>.</item>
               <item>
                  <label>7.</label>
                  <rs type="title">A Carta Magica</rs>.</item>
               <item>
                  <label>8.</label>
                  <rs type="title">A Janella Estreita</rs>.</item>
            </list>
            <p rend="indent-2">Shakespeare / Estudo de Detecção Superior / pelo extincto<lb/>
               <rs type="name" key="P34">Dr. Abilio Quaresma</rs>.</p>
            <metamark rend="line" function="distinct"/>
            <list>
               <item><rs type="title">Auto do Circo</rs>.</item>
               <item><rs type="title">Commentario Maior ás Prophecias do Bandarra</rs>.</item>
               <item><ref target="http://www.pessoadigital.pt/en/pub/Pessoa_O_Banqueiro_Anarchista"><rs type="title">O Banqueiro Anarchista</rs></ref>. <lb/>
                  <list rend="indent">
                     <item>Idem em inglez.</item>
                     <item>Idem em francez.</item>
                     <item>(Outras traduções).</item>
                  </list>
               </item>
               <item><ref target="http://www.pessoadigital.pt/en/pub/Pessoa_O_Marinheiro"><rs type="title">O Marinheiro</rs></ref>. <lb/>
                  <list rend="indent">
                     <item>Idem em francez.</item>
                  </list>
               </item>
               <item>
                  <rs type="title">O Interregno</rs>, (<choice>
                     <abbr>ed<am>.</am></abbr>
                     <expan>ed<ex>ição</ex></expan>
                  </choice>
                  <choice>
                     <abbr>def<am>.</am></abbr>
                     <expan>def<ex>initiva</ex></expan>
                  </choice>) <lb/>
                  <list rend="indent">
                     <item>Idem em inglez.</item>
                     <item>(Outras traducções).</item>
                  </list>
               </item>
               <item>
                  <rs type="collection" key="C11"><rs type="title" key="T170">Ficções de
                        Interlúdio</rs></rs>: <list rend="inline">
                     <item>
                        <label>1.</label>
                        <rs type="work" key="W32"><rs type="title" key="T48"><rs type="name"
                                 key="AC" role="author">Alberto Caeiro</rs></rs></rs>. </item>
                     <item>
                        <label>2.</label>
                        <rs type="work" key="O3"><rs type="name" key="RR" role="author">Ricardo
                              Reis</rs> (I-II)</rs>. et <abbr>seq<am>.</am></abbr>
                     </item>
                     <note>(ou primeiro em volumes individuaes).</note>
                  </list>
               </item>
               <item><rs type="work" key="O1" style="b"><rs type="title">Cancioneiro</rs></rs>.
                     <list rend="inline">
                     <item>
                        <choice>
                           <abbr>Liv<am>.</am></abbr>
                           <expan>Liv<ex>ro</ex></expan>
                        </choice> I (48 <choice>
                           <abbr>pp<am>.</am></abbr>
                           <expan>p<ex>aginas</ex></expan>
                        </choice>). </item>
                     <item><choice>
                           <abbr>Liv<am>.</am></abbr>
                           <expan>Liv<ex>ro</ex></expan>
                        </choice> II (idem).</item>
                     <item><choice>
                           <abbr>Liv<am>.</am></abbr>
                           <expan>Liv<ex>ro</ex></expan>
                        </choice> III (idem).</item>
                  </list>
               </item>
               <item rend="indent-2">
                  <rs type="title">Canções da Derrota</rs> (<ref target="http://www.pessoadigital.pt/en/pub/Pessoa_Mar_Portuguez"><rs type="title">Mar Portuguez</rs></ref> -
                     <rs type="title">Côrte-Real</rs> - <rs type="title">Elegia<lb/> Heroica</rs>). </item>
               <item rend="indent-2">
                  <rs type="title">Theoria da Nação Portugueza</rs>. (ou <rs type="title"
                     >Portugal</rs>, ou <rs type="title">Introducção<lb/> Ao Portugal Futuro</rs>). </item>
               <item>
                  <rs type="work" key="O4" style="c"><rs type="title">Accessorios</rs>, por <rs
                        type="name" key="AdC" role="author">Alvaro de Campos</rs></rs>.<lb/>
                  <ref target="http://www.pessoadigital.pt/en/pub/Campos_Ultimatum"><rs type="title">Ultimatum</rs></ref>, etc., por <rs type="name" key="AdC" role="author"
                     >Alvaro de Campos</rs>. </item>
               <item>
                  <rs type="title">Fabulas para as Nações Jovens</rs>. (<choice><abbr>&amp;</abbr><expan>e</expan></choice> <choice>
                     <abbr>trad</abbr>
                     <expan>trad<ex>ucção</ex></expan>
                  </choice>). </item>
               <item rend="indent-2">
                  <rs type="title">Regresso a Damasco</rs> (ou integrar em livro onde se
                  incluem,<lb/> por <choice>
                     <abbr>ex<am>.</am></abbr>
                     <expan>ex<ex>emplo</ex></expan>
                  </choice> -) </item>
            </list>
         </div>
      </body>
   </text>
</TEI>
