﻿<?xml version="1.0" encoding="UTF-8"?>
<?xml-model href="../schema/pessoaTEI.rng" type="application/xml" schematypens="http://relaxng.org/ns/structure/1.0"?>
<TEI xmlns="http://www.tei-c.org/ns/1.0">
   <teiHeader>
      <fileDesc>
         <titleStmt>
            <title>BNP/E3 55L-5<hi rend="superscript">v</hi>
            </title>
            <author>
               <rs type="name" key="FP">Fernando Pessoa</rs>
            </author>
            <respStmt>
               <resp>Transcrição, Edição</resp>
               <name>Pedro Sepúlveda</name>
            </respStmt>
            <respStmt>
               <resp>Modelagem de dados, Codificação</resp>
               <name>Ulrike Henny-Krahmer</name>
            </respStmt>
            <respStmt>
               <resp>Codificação</resp>
               <name>Sviatoslav Drach</name>
            </respStmt>
            <respStmt>
               <resp>Codificação</resp>
               <name>Ana Leonor Branco</name>
            </respStmt>
         </titleStmt>
         <publicationStmt>
            <publisher>Universidade Nova de Lisboa, Instituto de Estudos de Literatura e Tradição
               (IELT)</publisher>
            <publisher>Cologne Center for eHumanities (CCeH)</publisher>
            <date>2017</date>
            <availability status="free">
               <licence target="http://creativecommons.org/licenses/by/3.0/"/>
            </availability>
            <idno type="filename">BNP_E3_55L-5v.xml</idno>
         </publicationStmt>
         <sourceDesc>
            <msDesc>
               <msIdentifier>
                  <institution>Biblioteca Nacional de Portugal</institution>
                  <idno>BNP/E3 55L-5v</idno>
               </msIdentifier>
               <msContents>
                  <summary>
                     <p> Lista manuscrita, publicada em Sepúlveda e Uribe, <hi rend="italic">O
                           planeamento editorial de Fernando Pessoa</hi> (2016, 148-149). </p>
                  </summary>
                  <msItemStruct>
                     <author>
                        <rs type="name" key="FP">Fernando Pessoa</rs>
                     </author>
                     <note type="genre">
                        <rs type="genre" key="lista_editorial">Lista editorial</rs>
                     </note>
                     <textLang mainLang="pt"/>
                  </msItemStruct>
               </msContents>
               <history>
                  <origin>
                     <p>
                        <origDate from="1919" to="1920" cert="medium">c. 1919-1920</origDate>
                     </p>
                  </origin>
               </history>
            </msDesc>
         </sourceDesc>
      </fileDesc>
   </teiHeader>
   <facsimile xml:base="http://images.cceh.uni-koeln.de/pessoa/">
      <graphic
         url="bn-acpc-e-e3-55l-1-100_JPG_24-C-R0150/bn-acpc-e-e3-55l-1-100_0010_5v_t24-C-R0150.jpg"
      />
   </facsimile>
   <text>
      <body>
         <div>
            <list>
               <item>
                  <label>1.</label>
                  <rs type="title">ʺA Decadencia da Mentiraʺ</rs> ― <rs type="name" key="P32">Oscar
                     Wilde</rs>. </item>
               <item>
                  <label>2.</label>
                  ʺ<rs type="title">Os Principaes Poemas de <rs type="name" key="P87">Edgar
                        Poe</rs></rs>.ʺ
               </item>
               <item>
                  <label>3.</label>
                  <rs type="title">ʺDe ʼA Renascençaʼ de <rs type="name" key="P164">Walter
                        Pater</rs>.ʺ</rs> Trechos selectos. </item>
               <item>
                  <note place="margin-left">(?)</note>
                  <label>4.</label>
                  <rs type="title">Selecta de <rs type="name" key="P217">Dryden</rs></rs>. </item>
               <item>
                  <label>5.</label>
                  <rs type="title">Alguns Poemas de <rs type="name" key="P185">Matthew
                     Arnold</rs></rs>. </item>
               <item>
                  <label>6.</label>
                  <rs type="title">Os Poemas de <rs type="name" key="P24">José Anastacio da
                        Cunha</rs></rs>. </item>
               <item>
                  <label>7.</label>
                  <rs type="title">Selecta ou ʺPhenix Renascida.ʺ</rs>
               </item>
               <item>
                  <label>8.</label>
                  <rs type="title">Da Anthologia Grega</rs> ― (<rs type="name" key="RR"
                     role="author">Ricardo Reis</rs>) </item>
               <item>
                  <label>9.</label>
                  <rs type="name" key="P162">Wordsworth</rs>. </item>
               <item>
                  <label>10.</label>
                  <supplied resp="PS" reason="omitted-in-original"/>
               </item>
            </list>
            <gap reason="selection" unit="line" extent="7"/>
         </div>
      </body>
   </text>
</TEI>
