<?xml version="1.0" encoding="UTF-8"?>
<?xml-model href="../schema/pessoaTEI.rng" type="application/xml" schematypens="http://relaxng.org/ns/structure/1.0"?>
<TEI xmlns="http://www.tei-c.org/ns/1.0">
    <teiHeader>
        <fileDesc>
            <titleStmt>
                <title>BNP/E3 51-89<hi rend="superscript">r</hi></title>
                <author>
                    <rs type="name" key="FP">Fernando Pessoa</rs>
                </author>
                <respStmt>
                    <resp>Transcrição, Edição</resp>
                    <name>Pedro Sepúlveda</name>
                </respStmt>
                <respStmt>
                    <resp>Transcrição</resp>
                    <name>Pablo Javier Pérez López</name>
                </respStmt>
                <respStmt>
                    <resp>Codificação, Modelagem de dados</resp>
                    <name>Ulrike Henny-Krahmer</name>
                </respStmt>
                <respStmt>
                    <resp>Codificação</resp>
                    <name>Isabel Figueiredo-Iken</name>
                </respStmt>
                <respStmt>
                    <resp>Codificação</resp>
                    <name>Sviatoslav Drach</name>
                </respStmt>
                <respStmt>
                    <resp>Consultoria</resp>
                    <name>Institut für Dokumentologie und Editorik (IDE)</name>
                </respStmt>
            </titleStmt>
            <publicationStmt>
                <publisher>Universidade Nova de Lisboa, Instituto de Estudos de Literatura e
                    Tradição (IELT)</publisher>
                <publisher>Cologne Center for eHumanities (CCeH)</publisher>
                <date>2017</date>
                <availability status="restricted">
                    <licence target="http://creativecommons.org/licenses/by/3.0/"/>
                </availability>
                <idno type="filename">BNP_E3_51-89r.xml</idno>
            </publicationStmt>
            <sourceDesc>
                <msDesc>
                    <msIdentifier>
                        <institution>Biblioteca Nacional de Portugal</institution>
                        <idno>BNP/E3 51-89r</idno>
                    </msIdentifier>
                    <msContents>
                        <summary>
                            <p> Lista manuscrita, publicada em Sepúlveda, <hi rend="italic">O livro de
                                Caeiro</hi> (2010, 409). Por baixo da lista, na mesma página,
                                encontra-se o poema manuscrito que começa pelo verso «Para ser grande, sê
                                inteiro», datado de 14/2/1933 e atribuído a Ricardo Reis. Pessoa terá
                                enviado o poema, publicado na revista <hi rend="italic">Presença</hi> nesse
                                mesmo mês, a João Gaspar Simões, juntamente com carta de 18/2/1933 (cf. CP,
                                209). </p>
                        </summary>
                        <msItemStruct>
                            <author>
                                <rs type="name" key="FP">Fernando Pessoa</rs>
                            </author>
                            <note type="genre">
                                <rs type="genre" key="lista_editorial">Lista editorial</rs>
                                <rs type="genre" key="nota_editorial">Nota editorial</rs>
                            </note>
                            <textLang mainLang="pt"/>
                        </msItemStruct>
                    </msContents>
                    <history>
                        <origin>
                            <p>
                                <origDate when="1933-02-14" cert="medium">c. 14-2-1933</origDate>
                            </p>
                        </origin>
                    </history>
                </msDesc>
            </sourceDesc>
        </fileDesc>
    </teiHeader>
    <facsimile>
        <graphic
            url="bn-acpc-e-e3-51-1-106_JPG_24-C-R0150/bn-acpc-e-e3-51-1-106_0183_89_t24-C-R0150.jpg"
        />
    </facsimile>
    <text>
        <body>
            <div>
                <gap unit="word" extent="2" reason="selection"/>
                <delSpan spanTo="#A1" rend="overstrike"/>
                <list>
                    <item>
                        <label>1.</label>
                        <rs type="title"><rs type="place">Portugal</rs>.</rs>
                    </item>
                    <item>
                        <label>2.</label>
                        <rs type="title"><rs type="work" key="O1" style="b">Cancioneiro</rs>, <choice>
                            <abbr>Liv<am>.</am>
                            </abbr>
                            <expan resp="UH">Liv<ex>ro</ex>
                            </expan>
                        </choice> I</rs> (100 poemas). </item>
                    <item xml:id="I3">
                        <label>3.</label>
                        <rs type="title"><rs type="name" key="AC" role="author">Caeiro</rs></rs>
                        (só?). </item>
                </list>
                <ab rend="right">(para 1933).</ab>
                <metamark rend="line" function="distinct"/>
                <p>
                    <metamark rend="arrow" function="note" target="#I3"/>a não ser que a revisão de
                        <rs type="name" key="AC" role="author">Caeiro</rs>
                    dê<lb/>muito que fazer.</p>
                <metamark rend="line" function="distinct"/>
                <anchor xml:id="A1" type="delSpanAnchor"/>
                <gap reason="selection" unit="line" extent="16"/>
            </div>
        </body>
    </text>
</TEI>
