<?xml version="1.0" encoding="UTF-8"?>
<?xml-model href="../schema/pessoaTEI.rng" type="application/xml" schematypens="http://relaxng.org/ns/structure/1.0"?>
<TEI xmlns="http://www.tei-c.org/ns/1.0">
   <teiHeader>
      <fileDesc>
         <titleStmt>
            <title>BNP/E3 144Y-51<hi rend="superscript">r</hi>
            </title>
            <author>
               <rs type="name" key="FP">Fernando Pessoa</rs>
            </author>
            <respStmt>
               <resp>Transcrição, Edição</resp>
               <name>Pedro Sepúlveda</name>
            </respStmt>
            <respStmt>
               <resp>Modelagem de dados, Codificação</resp>
               <name>Ulrike Henny-Krahmer</name>
            </respStmt>
            <respStmt>
               <resp>Codificação</resp>
               <name>Isabel Figueiredo-Iken</name>
            </respStmt>
            <respStmt>
               <resp>Codificação</resp>
               <name>Inês Filipa Rebelo do Carmo</name>
            </respStmt>
            <respStmt>
               <resp>Codificação</resp>
               <name>Sviatoslav Drach</name>
            </respStmt>
            <respStmt>
               <resp>Consultoria</resp>
               <name>Institut für Dokumentologie und Editorik (IDE)</name>
            </respStmt>
         </titleStmt><editionStmt><p>Corpus version C2.1.0</p></editionStmt>
         <publicationStmt>
            <publisher>Universidade Nova de Lisboa, Instituto de Estudos de Literatura e Tradição
               (IELT)</publisher>
            <publisher>Cologne Center for eHumanities (CCeH)</publisher>
            <date>2017</date>
            <availability status="free">
               <licence target="http://creativecommons.org/licenses/by/4.0/"/>
            </availability>
            <idno type="filename">BNP_E3_144Y-51r.xml</idno>
         </publicationStmt>
         <sourceDesc>
            <msDesc>
               <msIdentifier>
                  <institution>Biblioteca Nacional de Portugal</institution>
                  <idno>BNP/E3 144Y-51r</idno>
               </msIdentifier>
               <msContents>
                  <summary>
                     <p>Lista manuscrita no caderno 144Y (cf. <ref target="http://purl.pt/13899">http://purl.pt/13899</ref>).</p>
                  </summary>
                  <msItemStruct>
                     <author>
                        <rs type="name" key="FP">Fernando Pessoa</rs>
                     </author>
                     <note type="genre">
                        <rs type="genre" key="lista_editorial">Lista editorial</rs>
                        <rs type="genre" key="plano_editorial">Plano editorial</rs>
                     </note>
                     <textLang mainLang="pt" otherLangs="en"/>
                  </msItemStruct>
               </msContents>
               <history>
                  <origin>
                     <p>
                        <origDate when="1917" cert="medium">c. 1917</origDate>
                     </p>
                  </origin>
               </history>
            </msDesc>
         </sourceDesc>
      </fileDesc>
      <revisionDesc>
         <change when="2023-11-15" who="#FAF">
                    Added edition statement to the teiHeader
                </change>
      </revisionDesc>
   </teiHeader>
   <facsimile xml:base="http://images.cceh.uni-koeln.de/pessoa/">
      <graphic url="bn-acpc-e-e3_144y_JPG_24-C-R0150/bn-acpc-e-e3_144y_0101_51r_t24-C-R0150.jpg"/>
   </facsimile>
   <text>
      <body>
         <div>
            <head>
               <hi rend="underline">Obras de <rs type="name" key="P30">Mario de
                  Sá-Carneiro</rs>.</hi>
               <lb/>
               <note place="margin-right">(1890-1916).</note>
            </head>
            <list>
               <item>
                  <choice>
                     <abbr>Vol<am>.</am>
                     </abbr>
                     <expan>Vol<ex>ume</ex>
                     </expan>
                  </choice> I. — <rs type="title">Amisade — Principio</rs>.</item>
               <item>
                  <choice>
                     <abbr>Vol<am>.</am>
                     </abbr>
                     <expan>Vol<ex>ume</ex>
                     </expan>
                  </choice> II — <rs type="title">A Confissão de Lucio — Poemas</rs>.</item>
               <item>
                  <choice>
                     <abbr>Vol<am>.</am>
                     </abbr>
                     <expan>Vol<ex>ume</ex>
                     </expan>
                  </choice> III — <rs type="title">Ceu em Fogo</rs>.</item>
               <item>
                  <choice>
                     <abbr>Vol<am>.</am>
                     </abbr>
                     <expan>Vol<ex>ume</ex>
                     </expan>
                  </choice> IV — <rs type="title">Cartas e Fragmentos</rs>. <note place="margin-right">(inc. study on<lb/> human?)<lb/> (para rever).</note>
               </item>
            </list>
            <metamark rend="line" function="distinct"/>
            <p>
               <hi rend="underline">
                  <rs type="name" key="P56">José de Almada-Negreiros</rs>
               </hi>
            </p>
            <metamark rend="line" function="end"/>
         </div>
      </body>
   </text>
</TEI>
