<?xml version="1.0" encoding="UTF-8"?>
<?xml-model href="../schema/pessoaTEI.rng" type="application/xml" schematypens="http://relaxng.org/ns/structure/1.0"?>
<TEI xmlns="http://www.tei-c.org/ns/1.0">
   <teiHeader>
      <fileDesc>
         <titleStmt>
            <title>BNP/E3 48D-5<hi rend="superscript">r</hi></title>
            <author>
               <rs type="name" key="FP">Fernando Pessoa</rs>
            </author>
            <respStmt>
               <resp>Transcrição, Edição</resp>
               <name>Pedro Sepúlveda</name>
            </respStmt>
            <respStmt>
               <resp>Transcrição</resp>
               <name>Pablo Javier Pérez López</name>
            </respStmt>
            <respStmt>
               <resp>Codificação, Modelagem de dados</resp>
               <name>Ulrike Henny</name>
            </respStmt>
            <respStmt>
               <resp>Codificação</resp>
               <name>Isabel Figueiredo-Iken</name>
            </respStmt>
            <respStmt>
               <resp>Codificação</resp>
               <name>Sviatoslav Drach</name>
            </respStmt>
            <respStmt>
               <resp>Consultoria</resp>
               <name>Institut für Dokumentologie und Editorik (IDE)</name>
            </respStmt>
         </titleStmt>
         <publicationStmt>
            <publisher>Universidade Nova de Lisboa, Instituto de Estudos de Literatura e Tradição
               (IELT)</publisher>
            <publisher>Cologne Center for eHumanities (CCeH)</publisher>
            <date>2016</date>
            <availability>
               <licence target="http://creativecommons.org/licenses/by/3.0/"/>
            </availability>
            <idno type="filename">BNP_E3_48D-5r.xml</idno>
         </publicationStmt>
         <sourceDesc>
            <msDesc>
               <msIdentifier>
                  <institution>Biblioteca Nacional de Portugal</institution>
                  <idno>BNP/E3 48D-5r</idno>
               </msIdentifier>
               <msContents>
                  <summary>
                     <p> Lista manuscrita, publicada em <hi rend="italic">Sensacionismo e outros
                        Ismos</hi> (2009, 74). </p>
                  </summary>
                  <msItemStruct>
                     <author>
                        <rs type="name" key="FP">Fernando Pessoa</rs>
                     </author>
                     <respStmt>
                        <resp>Transcrição, Edição</resp>
                        <name>Pedro Sepúlveda</name>
                     </respStmt>
                     <respStmt>
                        <resp>Codificação</resp>
                        <name>Ulrike Henny</name>
                     </respStmt>
                     <respStmt>
                        <resp>Codificação</resp>
                        <name>Isabel Figueiredo-Iken</name>
                     </respStmt>
                     <note type="genre">
                        <rs type="genre" key="lista_editorial">Lista editorial</rs>
                     </note>
                     <textLang mainLang="pt" otherLangs="en fr"/>
                  </msItemStruct>
               </msContents>
               <history>
                  <origin>
                     <p>
                        <origDate when="1917" cert="medium">c. 1917</origDate>
                     </p>
                  </origin>
               </history>
            </msDesc>
         </sourceDesc>
      </fileDesc>
   </teiHeader>
   <facsimile>
      <graphic
         url="bn-acpc-e-e3-48d-1-76_JPG_24-C-R0150/bn-acpc-e-e3-48d-1-76_0011_5_t24-C-R0150.jpg"/>
   </facsimile>
   <text>
      <body>
         <div>
            <head>Manifestos de <hi rend="underline"><rs type="periodical" key="J12">Orpheu</rs></hi></head>
            <list>
               <item rend="indent-2">
                  <label>1.</label>
                  <hi rend="underline"><rs type="title">Constatação Sensacionista</rs></hi>
                  <lb/> de <rs type="name" key="FP" role="author" style="b">Fernando Pessoa</rs>. </item>
               <item rend="indent-2">
                  <label>2.</label>
                  <hi rend="underline"><rs type="title">Ultimatum</rs></hi> (Mandado de Despejo) <lb/> de <rs
                     type="name" key="AdC" role="author">Alvaro de Campos</rs>. </item>
            </list>
         </div>
      </body>
   </text>
</TEI>
