<?xml version="1.0" encoding="UTF-8"?> 
<?xml-model href="../schema/pessoaTEI.rng" type="application/xml" schematypens="http://relaxng.org/ns/structure/1.0"?>
<TEI xmlns="http://www.tei-c.org/ns/1.0">
    <teiHeader>
        <fileDesc>
            <titleStmt>
                <title>BNP/E3 22-77<hi rend="superscript">v</hi></title>
                <author>
                    <rs type="name" key="FP">Fernando Pessoa</rs>
                </author>
                <respStmt>
                    <resp>Transcrição, Edição</resp>
                    <name>Pedro Sepúlveda</name>
                </respStmt>
                <respStmt>
                    <resp>Transcrição</resp>
                    <name>Pablo Javier Pérez López</name>
                </respStmt>
                <respStmt>
                    <resp>Transcrição</resp>
                    <name>Jorge Uribe</name>
                </respStmt>
                <respStmt>
                    <resp>Modelagem de dados, Codificação</resp>
                    <name>Ulrike Henny-Krahmer</name>
                </respStmt>
                <respStmt>
                    <resp>Codificação</resp>
                    <name>Isabel Figueiredo-Iken</name>
                </respStmt>
                <respStmt>
                    <resp>Codificação</resp>
                    <name>Sviatoslav Drach</name>
                </respStmt>
                <respStmt>
                    <resp>Consultoria</resp>
                    <name>Institut für Dokumentologie und Editorik (IDE)</name>
                </respStmt>
            </titleStmt>
            <publicationStmt>
                <publisher>Universidade Nova de Lisboa, Instituto de Estudos de Literatura e
                    Tradição (IELT)</publisher>
                <publisher>Cologne Center for eHumanities (CCeH)</publisher>
                <date>2017</date>
                <availability status="free">
                    <licence target="http://creativecommons.org/licenses/by/3.0/"/>
                </availability>
                <idno type="filename">BNP_E3_22-77v.xml</idno>
            </publicationStmt>
            <sourceDesc>
                <msDesc>
                    <msIdentifier>
                        <institution>Biblioteca Nacional de Portugal</institution>
                        <idno>BNP/E3 22-77v</idno>
                    </msIdentifier>
                    <msContents>
                        <summary>
                            <p> Lista manuscrita, publicada em <hi rend="italic">Sensacionismo e
                                    Outros Ismos</hi> (2009, 33). Na mesma folha encontra-se um
                                poema que começa por «Deus sabe melhor do que eu», datado de «4-2-1915»
                                (cf. PFP-I, 25). </p>
                        </summary>
                        <msItemStruct>
                            <author>
                                <rs type="name" key="FP">Fernando Pessoa</rs>
                            </author>
                            <note type="genre">
                                <rs type="genre" key="lista_editorial">Lista editorial</rs>
                            </note>
                            <textLang mainLang="pt"/>
                        </msItemStruct>
                    </msContents>
                    <history>
                        <origin>
                            <p>
                                <origDate when="1915-02-04">
                                    <hi rend="italic">c</hi>. 4-02-1915 </origDate>
                            </p>
                        </origin>
                    </history>
                </msDesc>
            </sourceDesc>
        </fileDesc>
    </teiHeader>
    <facsimile xml:base="http://images.cceh.uni-koeln.de/pessoa/">
        <graphic
            url="bn-acpc-e-e3-22-1-110_JPG_24-C-R0150/bn-acpc-e-e3-22-1-110_0156_77v_t24-C-R0150.jpg"
        />
    </facsimile>
    <text>
        <body>
            <div>
                <head rend="right"><hi rend="underline"><rs type="periodical" key="J35"
                        >Europa</rs>.</hi></head>
                <list>
                    <item>
                        <label>1.</label>
                        <rs type="title">Manifesto</rs>. </item>
                    <item>
                        <label>2.</label>
                        <rs type="title">O Marinheiro</rs>. </item>
                    <item>
                        <label>3.</label>
                        <rs type="title">O Mundo Interior</rs>. </item>
                    <item>
                        <label>4.</label>
                        <rs type="title">As Cinco Chagas de <rs type="name" key="P50" style="a"
                            >Christo</rs></rs>. </item>
                    <item>
                        <label>5.</label> (<rs type="name" key="P37">Côrtes-Rodrigues</rs>). </item>
                </list>
                <metamark rend="line" function="distinct"/>
                <ab> ((<rs type="name" key="AdC" role="author">Alvaro de Campos</rs>)). </ab>
                <metamark rend="line" function="end"/>
                <gap reason="selection" unit="line" extent="9"/>
            </div>
        </body>
    </text>
</TEI>
