<?xml version="1.0" encoding="UTF-8"?> 
<?xml-model href="../schema/pessoaTEI.rng" type="application/xml" schematypens="http://relaxng.org/ns/structure/1.0"?>
<TEI xmlns="http://www.tei-c.org/ns/1.0">
    <teiHeader>
        <fileDesc>
            <titleStmt>
                <title>BNP/E3 143-5<hi rend="superscript">r</hi>
                </title>
                <author>
                    <rs type="name" key="FP">Fernando Pessoa</rs>
                </author>
                <respStmt>
                    <resp>Transcrição, Edição</resp>
                    <name>Pedro Sepúlveda</name>
                </respStmt>
                <respStmt>
                    <resp>Codificação, Modelagem de dados</resp>
                    <name>Ulrike Henny-Krahmer</name>
                </respStmt>
                <respStmt>
                    <resp>Codificação</resp>
                    <name>Isabel Figueiredo-Iken</name>
                </respStmt>
                <respStmt>
                    <resp>Consultoria</resp>
                    <name>Institut für Dokumentologie und Editorik (IDE)</name>
                </respStmt>
            </titleStmt>
            <publicationStmt>
                <publisher>Universidade Nova de Lisboa, Instituto de Estudos de Literatura e
                    Tradição (IELT)</publisher>
                <publisher>Cologne Center for eHumanities (CCeH)</publisher>
                <date>2017</date>
                <availability status="free">
                    <licence target="http://creativecommons.org/licenses/by/3.0/"/>
                </availability>
                <idno type="filename">BNP_E3_143-5r.xml</idno>
            </publicationStmt>
            <sourceDesc>
                <msDesc>
                    <msIdentifier>
                        <institution>Biblioteca Nacional de Portugal</institution>
                        <idno>BNP/E3 143-5r</idno>
                    </msIdentifier>
                    <msContents>
                        <summary>
                            <p> Lista manuscrita, publicada em<hi rend="italic"> Sensacionismo e
                                    Outros Ismos</hi> (2009, 428). </p>
                        </summary>
                        <msItemStruct>
                            <author>
                                <rs type="name" key="FP">Fernando Pessoa</rs>
                            </author>
                            <note type="genre">
                                <rs type="genre" key="lista_editorial">Lista editorial</rs>
                                <rs type="genre" key="nota_editorial">Nota editorial</rs>
                            </note>
                            <textLang mainLang="en" otherLangs="pt"/>
                        </msItemStruct>
                    </msContents>
                    <history>
                        <origin>
                            <p>
                                <origDate from="1915" to="1916" cert="medium">c.
                                    1915-1916</origDate>
                            </p>
                        </origin>
                    </history>
                </msDesc>
            </sourceDesc>
        </fileDesc>
    </teiHeader>
    <facsimile>
        <graphic
            url="bn-acpc-e-e3-143-1-14_JPG_24-C-R0150/bn-acpc-e-e3-143-1-14_0009_5_t24-C-R0150.jpg"
        />
    </facsimile>
    <text>
        <body>
            <div>
                <head>
                    <hi rend="underline">
                        <rs type="name" key="P16">Thomas Crosse</rs>:</hi>
                    <rs type="title">Some Portuguese <choice>
                            <seg n="1">Poets</seg>
                            <seg n="2">
                                <add place="below">Writers</add>
                            </seg>
                        </choice>
                    </rs>
                </head>
                <p>I have chosen rather lesser known, &amp; unjustly<lb/>unknown, poets:</p>
                <list>
                    <item>
                        <label>1.</label>
                        <rs type="title">The Poetry of the Song Books</rs>. </item>
                    <item rend="indent-2">
                        <label>2.</label>
                        <rs type="name" key="P22">Christovam Falcão</rs> e <rs type="name" key="P23"
                            >Bernardino<lb/>Ribeiro</rs>. </item>
                    <item>
                        <label>3.</label>
                        <rs type="name" key="P24">José Anastacio da Cunha</rs>. </item>
                    <item>
                        <label>4.</label>
                        <rs type="name" key="P18">Anthero de Quental</rs>. </item>
                    <item>
                        <label>5.</label>
                        <rs type="name" key="P25">Guerra Junqueiro</rs>. </item>
                    <item>
                        <label>6.</label>
                        <rs type="name" key="P26">Cesario Verde</rs>. </item>
                    <item>
                        <label>7.</label>
                        <rs type="title">Decadent, and Pessimist</rs>. </item>
                    <item>
                        <label>8.</label>
                        <rs type="title">The “Sensationist”</rs>. </item>
                </list>
            </div>
        </body>
    </text>
</TEI>
