<?xml version="1.0" encoding="UTF-8"?> 
<?xml-model href="../schema/pessoaTEI.rng" type="application/xml" schematypens="http://relaxng.org/ns/structure/1.0"?>
<TEI xmlns="http://www.tei-c.org/ns/1.0">
    <teiHeader>
        <fileDesc>
            <titleStmt>
                <title>BNP/E3 48-27<hi rend="superscript">r</hi></title>
                <author>
                    <rs type="name" key="FP">Fernando Pessoa</rs>
                </author>
                <respStmt>
                    <resp>Transcrição, Edição</resp>
                    <name>Pedro Sepúlveda</name>
                </respStmt>
                <respStmt>
                    <resp>Transcrição</resp>
                    <name>Pablo Javier Pérez López</name>
                </respStmt>
                <respStmt>
                    <resp>Transcrição</resp>
                    <name>Jorge Uribe</name>
                </respStmt>
                <respStmt>
                    <resp>Codificação, Modelagem de dados</resp>
                    <name>Ulrike Henny-Krahmer</name>
                </respStmt>
                <respStmt>
                    <resp>Codificação</resp>
                    <name>Isabel Figueiredo-Iken</name>
                </respStmt>
                <respStmt>
                    <resp>Codificação</resp>
                    <name>Sviatoslav Drach</name>
                </respStmt>
                <respStmt>
                    <resp>Consultoria</resp>
                    <name>Institut für Dokumentologie und Editorik (IDE)</name>
                </respStmt>
            </titleStmt>
            <publicationStmt>
                <publisher>Universidade Nova de Lisboa, Instituto de Estudos de Literatura e
                    Tradição (IELT)</publisher>
                <publisher>Cologne Center for eHumanities (CCeH)</publisher>
                <date>2017</date>
                <availability status="free">
                    <licence target="http://creativecommons.org/licenses/by/3.0/"/>
                </availability>
                <idno type="filename">BNP_E3_48-27r.xml</idno>
            </publicationStmt>
            <sourceDesc>
                <msDesc>
                    <msIdentifier>
                        <institution>Biblioteca Nacional de Portugal</institution>
                        <idno>BNP/E3 48-27r</idno>
                    </msIdentifier>
                    <msContents>
                        <summary>
                            <p> Lista manuscrita, publicada em <hi rend="italic">Alberto
                                Caeiro</hi>. <hi rend="italic">Poesia</hi> (2001, 203-204). </p>
                        </summary>
                        <msItemStruct>
                            <author>
                                <rs type="name" key="FP">Fernando Pessoa</rs>
                            </author>
                            <note type="genre">
                                <rs type="genre" key="lista_editorial">Lista editorial</rs>
                                <rs type="genre" key="plano_editorial">Plano editorial</rs></note>
                            <textLang mainLang="pt" otherLangs="en"/>
                        </msItemStruct>
                    </msContents>
                    <history>
                        <origin>
                            <p>
                                <origDate when="1914-03" cert="medium">c. Março de 1914</origDate>
                            </p>
                        </origin>
                    </history>
                </msDesc>
            </sourceDesc>
        </fileDesc>
    </teiHeader>
    <facsimile>
        <graphic
            url="bn-acpc-e-e3-48-1-56_JPG_24-C-R0150/bn-acpc-e-e3-48-1-56_0053_27_t24-C-R0150.jpg"/>
    </facsimile>
    <text>
        <body>
            <div>
                <list>
                    <head>
                        <hi rend="underline">
                            <rs type="name" key="AC" role="author">Alberto Caeiro:</rs>
                        </hi>
                    </head>
                    <item>
                        <label>1.</label>
                        <rs type="work" key="W1"><rs type="title" key="T1">Eu nunca guardei
                                rebanhos...</rs></rs>
                    </item>
                    <item>
                        <label>2.</label>
                        <rs type="work" key="W2"><rs type="title" key="T2">O meu olhar é nitido como
                                um girassol...</rs></rs>
                    </item>
                    <item>
                        <label>3.</label>
                        <rs type="work" key="W3"><rs type="title" key="T3">Ao entardecer, debruçado
                                pela janella...</rs></rs>
                    </item>
                    <item>
                        <label>4.</label>
                        <rs type="work" key="W4"><rs type="title" key="T4">Esta tarde a trovoada
                                cahiu...</rs></rs>
                    </item>
                    <item>
                        <label>5.</label>
                        <rs type="work" key="W5"><rs type="title" key="T5">Ha metaphysica bastante
                                em não pensar em nada...</rs></rs>
                    </item>
                    <item>
                        <label>6.</label>
                        <rs type="work" key="W6"><rs type="title" key="T6">Pensar em Deus é
                                desobedecer a Deus...</rs></rs>
                    </item>
                    <item xml:id="I7">
                        <label>7 a 33</label> (several). </item>
                    <item>
                        <label>34.</label>
                        <rs type="work" key="W7"><rs type="title" key="T7">Se ás vezes digo que as
                                flores sorriem...</rs></rs>
                    </item>
                    <item>
                        <label>35.</label>
                        <rs type="work" key="W8"><rs type="title" key="T8">Se quizerem que eu tenha
                                um mysticismo, tenho-o...</rs></rs>
                    </item>
                    <item>
                        <label>36.</label>
                        <rs type="work" key="W9"><rs type="title" key="T9">Li hoje duas
                                paginas...</rs></rs>
                    </item>
                    <item>
                        <label>37.</label>
                        <rs type="work" key="W10"><rs type="title" key="T10">N'um dia excessivamente
                                nitido...</rs></rs>
                    </item>
                    <item>
                        <label>38.</label>
                        <rs type="work" key="W11"><rs type="title" key="T11">As 4 canções que
                                seguem...</rs></rs>
                    </item>
                    <item>
                        <label>39.</label>
                        <rs type="work" key="W12"><subst>
                                <del n="1" rend="overstrike"><rs type="title" key="T12">Estas 4
                                        canções escrevi-as estando doente</rs>.</del>
                                <add>On his poetry.</add>
                            </subst></rs>
                    </item>
                    <item>
                        <label>40.</label>
                        <rs type="work" key="W14"><rs type="title" key="T14">Ás vezes, em dias de
                                luz perfeita e exacta...</rs></rs>
                    </item>
                    <item>
                        <label>41.</label>
                        <rs type="work" key="W15"><rs type="title" key="T15">Só a natureza é divina,
                                e ela não é divina...</rs></rs>
                    </item>
                    <item>
                        <label>42.</label>
                        <rs type="work" key="W16"><rs type="title" key="T16">As bolas de sabão que
                                esta creança...</rs></rs>
                    </item>
                    <item>
                        <label>43.</label>
                        <rs type="work" key="W17"><rs type="title" key="T17">O que nós vemos das
                                cousas são as cousas...</rs></rs>
                    </item>
                    <item>
                        <label>44.</label>
                        <supplied resp="PS" reason="omitted-in-original"/>
                    </item>
                    <item>
                        <label>45.</label>
                        <supplied resp="PS" reason="omitted-in-original"/>
                    </item>
                </list>
                <ab rend="center">(perhaps there are more than these).</ab>
                <ab rend="center">(Try to reach 50, or, at the <lb/> very least, 45)</ab>
                <ab rend="right"><note n="2">or 49 (44, 45, 46, 47, 48,49)</note></ab>
                <metamark rend="line-44" function="distinct"/>
                <div>
                    <head>
                        <hi rend="underline">
                            <rs type="name" key="AC" role="author">
                                <choice>
                                    <abbr>Alb<am>.</am></abbr>
                                    <expan>Alb<ex>erto</ex></expan>
                                </choice>
                                <choice>
                                    <abbr>C<am>.</am></abbr>
                                    <expan>C<ex>aeiro</ex></expan>
                                </choice>
                            </rs>
                        </hi>
                    </head>
                    <table>
                        <row>
                            <cell>1.</cell>
                            <cell><rs type="work" key="W18"><rs type="title" key="T18">O Guardador
                                        de Rebanhos</rs></rs>.</cell>
                            <cell>1911-1912</cell>
                        </row>
                        <row>
                            <cell>2.</cell>
                            <cell><rs type="work" key="W19"><rs type="title" key="T19">Cinco Odes
                                        Futuristas</rs></rs>.</cell>
                            <cell>(1913)-1914</cell>
                        </row>
                        <row>
                            <cell>3.</cell>
                            <cell>
                                <rs type="work" key="W20"><rs type="title" key="T20">Chuva
                                        Obliqua</rs></rs> (<rs type="title" key="T21">Poemas <choice>
                                        <abbr>Inters</abbr>
                                        <expan>Inters<ex>eccionistas</ex></expan>
                                    </choice></rs>). </cell>
                            <cell>1914.</cell>
                        </row>
                    </table>
                </div>
            </div>
        </body>
    </text>
</TEI>
