<?xml version="1.0" encoding="UTF-8"?>
<?xml-model href="../schema/pessoaTEI.rng" type="application/xml" schematypens="http://relaxng.org/ns/structure/1.0"?>
<TEI xmlns="http://www.tei-c.org/ns/1.0">
    <teiHeader>
        <fileDesc>
            <titleStmt>
                <title>BNP/E3 144D<hi rend="superscript">2</hi>-6</title>
                <author>
                    <rs type="name" key="FP">Fernando Pessoa</rs>
                </author>
                <respStmt>
                    <resp>Transcrição, Edição</resp>
                    <name>Pedro Sepúlveda</name>
                </respStmt>
                <respStmt>
                    <resp>Transcrição</resp>
                    <name>Pablo Javier Pérez López</name>
                </respStmt>
                <respStmt>
                    <resp>Codificação, Modelagem de dados</resp>
                    <name>Ulrike Henny-Krahmer</name>
                </respStmt>
                <respStmt>
                    <resp>Consultoria</resp>
                    <name>Institut für Dokumentologie und Editorik (IDE)</name>
                </respStmt>
            </titleStmt>
            <publicationStmt>
                <publisher>Universidade Nova de Lisboa, Instituto de Estudos de Literatura e
                    Tradição (IELT)</publisher>
                <publisher>Cologne Center for eHumanities (CCeH)</publisher>
                <date>2017</date>
                <availability status="free">
                    <licence target="http://creativecommons.org/licenses/by/3.0/"/>
                </availability>
                <idno type="filename">BNP_E3_144D2-6.xml</idno>
            </publicationStmt>
            <sourceDesc>
                <msDesc>
                    <msIdentifier>
                        <institution>Biblioteca Nacional de Portugal</institution>
                        <idno>BNP/E3 144D2-6</idno>
                    </msIdentifier>
                    <msContents>
                        <summary>
                            <p>Lista manuscrita no caderno 144D2 (cf. <ref
                                    target="http://purl.pt/13880">http://purl.pt/13880</ref>),
                                publicada em <hi rend="italic">Obras de Jean Seul de Méluret</hi>
                                (2006, 42).</p>
                        </summary>
                        <msItemStruct>
                            <author>
                                <rs type="name" key="FP">Fernando Pessoa</rs>
                            </author>
                            <note type="genre">
                                <rs type="genre" key="lista_editorial">Lista editorial</rs>
                            </note>
                            <textLang mainLang="pt" otherLangs="fr en"/>
                        </msItemStruct>
                    </msContents>
                    <history>
                        <origin>
                            <p>
                                <origDate when="1913" cert="medium">c. 1913</origDate>
                            </p>
                        </origin>
                    </history>
                </msDesc>
            </sourceDesc>
        </fileDesc>
    </teiHeader>
    <facsimile>
        <graphic url="bn-acpc-e-e3_144d2_JPG_24-C-R0150/bn-acpc-e-e3_144d2_0021_6r_t24-C-R0150.jpg"/>
        <graphic url="bn-acpc-e-e3_144d2_JPG_24-C-R0150/bn-acpc-e-e3_144d2_0022_6v_t24-C-R0150.jpg"
        />
    </facsimile>
    <text>
        <body>
            <div>
                <div>
                    <head><del rend="overstrike"><hi rend="underline">Politica e
                            Sociologia.</hi></del></head>
                    <delSpan spanTo="#A1"/>
                    <list>
                        <item>
                            <label>1.</label>
                            <rs type="title">A Oligarchia das Bestas</rs>. </item>
                        <item>
                            <label>2.</label>
                            <rs type="title">O Triumpho do radicalismo inglez sociologicamente
                                considerado</rs>. </item>
                        <item>
                            <label>3.</label>
                            <rs type="title">O principio do fim. (Fim de outomno)</rs>. </item>
                        <item>
                            <label>4.</label>
                            <rs type="title">Logica politica</rs>. </item>
                        <item>
                            <label>5.</label>
                            <rs type="title">A Irlanda</rs>. </item>
                    </list>
                    <anchor xml:id="A1"/>
                </div>
                <div>
                    <head rend="indent">= Pamphletos e Opusculos =</head>
                    <metamark rend="line-44" function="distinct"/>
                    <list>
                        <item>
                            <label>1.</label>
                            <rs type="title">Sobre um inquerito literario</rs>. </item>
                        <item>
                            <label>2.</label>
                            <rs type="title">A nova poesia portugueza</rs>. </item>
                        <item>
                            <label>3.</label>
                            <rs type="title">A Oligarchia das Bestas</rs>. </item>
                        <item>
                            <label>4.</label>
                            <rs type="title">Camões e a Superstição Camoneana</rs>. </item>
                        <item>
                            <label>5.</label>
                            <rs type="title">Portugal e Hespanha: O Problema Sociologico</rs>. </item>
                        <item>
                            <label>6.</label>
                            <rs type="title">Sobre a extensão do voto a todos os vertebrados</rs>. </item>
                        <item>
                            <label>7.</label>
                            <rs type="title">O Masculinismo</rs>. </item>
                        <item>
                            <label>8.</label>
                            <rs type="title">Sobre a necessidade <supplied resp="PS">de</supplied>
                                crear lupanares masculinos</rs>. </item>
                        <item>
                            <note place="margin-left">E.</note>
                            <label>9.</label>
                            <rs type="title">The Situation of Europe in its ultimate sociological
                                significance</rs>. </item>
                        <item>
                            <note place="margin-left">E.</note>
                            <label>10.</label>
                            <rs type="title">The Economistic Fallacy</rs>. </item>
                        <item>
                            <note place="margin-left">E.</note>
                            <label>11.</label>
                            <rs type="title">The Portuguese Republic: A Study for foreigners</rs>. </item>
                        <item>
                            <note place="margin-left">E.</note>
                            <label>12.</label>
                            <rs type="title">Creationism: another new Philosophy. (2 articles)</rs>. </item>
                        <item>
                            <note place="margin-left">E.</note>
                            <label>13.</label>
                            <rs type="title">Portuguese Poetry of Today and Yesterday</rs>. </item>
                        <item>
                            <note place="margin-left">(P.E.)</note>
                            <label>14.</label>
                            <rs type="title">O Mytho de William Shakespeare</rs>. </item>
                        <item>
                            <note place="margin-left">(E?)</note>
                            <label>15.</label>
                            <rs type="title">A situação da Inglaterra</rs>. </item>
                        <item>
                            <note place="margin-left">E.</note>
                            <label>16.</label>
                            <rs type="title">Letter to the British Minister in Lisbon</rs>. </item>
                        <item>
                            <note place="margin-left">E.</note>
                            <label>17.</label>
                            <rs type="title">The St. Tomé Question</rs>. </item>
                        <item>
                            <label>18.</label>
                            <rs type="title">Outomno: estudo sobre a civilização europêa</rs>. </item>
                        <item>
                            <note place="margin-left">F.</note>
                            <label>19.</label>
                            <rs type="title">L’ Irlande: le problème général</rs>. </item>
                        <item>
                            <note place="margin-left">F.</note>
                            <label>20.</label>
                            <rs type="title">La France en 1950</rs>. (Lettre d’un Japonais) </item>
                        <item>
                            <label>21.</label> (3 opusculos occultistas) (Adot). </item>
                        <pb n="2"/>
                        <item>
                            <label>22.</label> Lettre à M. Émile Faguet. </item>
                        <item>
                            <label>23.</label>
                            <rs type="title">Pamphletos</rs> (com <rs type="name" key="P44">Garcia
                                Pulido</rs>) </item>
                        <item>
                            <label>24.</label>
                            <rs type="title">On the death of Capt. Scott. (A Symphony of the
                                Darth)</rs>. </item>
                        <item>
                            <del rend="overstrike" n="2">
                                <label>25.</label>
                                <rs type="title">Caricatura</rs> (<choice>
                                    <abbr>art<am>.</am></abbr>
                                    <expan>art<ex>igo</ex></expan>
                                </choice> sobre <rs type="name" key="P56">Almada
                                Negreiros</rs>).</del>
                            <note n="2">done</note>
                        </item>
                        <item>
                            <del rend="overstrike" n="2">
                                <label>26.</label>
                                <rs type="title">Artigos para o Theatro</rs>.</del>
                            <note n="2">done and doing.</note>
                        </item>
                        <item>
                            <label>27.</label>
                            <rs type="title">The International Moment</rs>. </item>
                        <item>
                            <label>28.</label>
                            <rs type="title">Portuguese Poetry of To-Day</rs> (“<rs
                                type="periodical" key="J71">Poetry Review</rs>”) </item>
                        <item>
                            <label>29.</label>
                            <rs type="title">Une nouvelle école de peinture</rs>. (see Picabiu’s
                            picture). </item>
                        <item>
                            <label>30.</label>
                            <rs type="title">Un Des cas d’exhibitionisme</rs>. </item>
                        <item>
                            <label>31.</label>
                            <rs type="title">Affonso VII. — satiras</rs>. </item>
                        <item>
                            <label>32.</label>
                            <rs type="title">Historia Comica do <rs type="name" key="P363">Sapateiro
                                    Affonso</rs></rs>. </item>
                        <item>
                            <label>33.</label>
                            <supplied reason="omitted-in-original" resp="PS"/>
                        </item>
                    </list>
                </div>
            </div>
        </body>
    </text>
</TEI>
