<?xml version="1.0" encoding="UTF-8"?>
<?xml-model href="../schema/pessoaTEI.rng" type="application/xml" schematypens="http://relaxng.org/ns/structure/1.0"?>
<TEI xmlns="http://www.tei-c.org/ns/1.0">
    <teiHeader>
        <fileDesc>
            <titleStmt>
                <title>BNP/E3 144D<hi rend="superscript">2</hi>-6</title>
                <author>
                    <rs type="name" key="FP">Fernando Pessoa</rs>
                </author>
                <respStmt>
                    <resp>Transcrição, Edição</resp>
                    <name>Pedro Sepúlveda</name>
                </respStmt>
                <respStmt>
                    <resp>Transcrição</resp>
                    <name>Pablo Javier Pérez López</name>
                </respStmt>
                <respStmt>
                    <resp>Codificação, Modelagem de dados</resp>
                    <name>Ulrike Henny</name>
                </respStmt>
                <respStmt>
                    <resp>Consultoria</resp>
                    <name>Institut für Dokumentologie und Editorik (IDE)</name>
                </respStmt>
            </titleStmt>
            <publicationStmt>
                <publisher>Universidade Nova de Lisboa, Instituto de Estudos de Literatura e
                    Tradição (IELT)</publisher>
                <publisher>Cologne Center for eHumanities (CCeH)</publisher>
                <date>2017</date>
                <availability>
                    <licence target="http://creativecommons.org/licenses/by/3.0/"/>
                </availability>
                <idno type="filename">BNP_E3_144D2-6.xml</idno>
            </publicationStmt>
            <sourceDesc>
                <msDesc xml:id="M1" type="structured">
                    <msIdentifier>
                        <institution>Biblioteca Nacional de Portugal</institution>
                        <idno>BNP/E3 144D2-6</idno>
                    </msIdentifier>
                    <msContents>
                        <msItemStruct>
                            <author>
                                <rs type="name" key="FP">Fernando Pessoa</rs>
                            </author>
                            <note type="genre">
                                <rs type="genre" key="lista_editorial">Lista editorial</rs>
                            </note>
                            <textLang mainLang="pt" otherLangs="fr en"/>
                        </msItemStruct>
                    </msContents>
                    <history>
                        <origin>
                            <p>
                                <origDate when="1913" cert="medium">c. 1913</origDate>
                            </p>
                        </origin>
                    </history>
                </msDesc>
                <msDesc corresp="#M1" type="prose">
                    <msIdentifier/>
                    <p/>
                </msDesc>
            </sourceDesc>
        </fileDesc>
    </teiHeader>
    <facsimile>
        <graphic url="bn-acpc-e-e3_144d2_JPG_24-C-R0150/bn-acpc-e-e3_144d2_0021_6r_t24-C-R0150.jpg"/>
        <graphic url="bn-acpc-e-e3_144d2_JPG_24-C-R0150/bn-acpc-e-e3_144d2_0022_6v_t24-C-R0150.jpg"
        />
    </facsimile>
    <text>
        <body>
            <div>
                <head><del rend="overstrike"><hi rend="underline">Politica e
                    Sociologia.</hi></del></head>
                <list>
                    <item>
                        <label>1.</label> A Oligarchia das Bestas. </item>
                    <item>
                        <label>2.</label> O Triumpho do radicalismo inglez sociologicamente
                        considerado. </item>
                    <item>
                        <label>3.</label> O principio do fim. (Fim de outomno). </item>
                    <item>
                        <label>4.</label> Logica politica. </item>
                    <item>
                        <label>5.</label> A Irlanda. </item>
                </list>
                <ab rend="indent">= Pamphletos e Opusculos =</ab>
                <metamark rend="line-44" function="distinct"/>
                <list>
                    <item>
                        <label>1.</label> Sobre um inquerito literario. </item>
                    <item>
                        <label>2.</label> A nova poesia portugueza. </item>
                    <item>
                        <label>3.</label> A Oligarchia das Bestas. </item>
                    <item>
                        <label>4.</label> Camões e a Superstição Camoneana. </item>
                    <item>
                        <label>5.</label> Portugal e Hespanha: O Problema Sociologico. </item>
                    <item>
                        <label>6.</label> Sobre a extensão do voto a todos os vertebrados. </item>
                    <item>
                        <label>7.</label> O Masculinismo. </item>
                    <item>
                        <label>8.</label> Sobre a necessidade <supplied resp="PS">de</supplied>
                        crear lupanares masculinos. </item>
                    <item>
                        <note place="margin-left">E.</note>
                        <label>9.</label> The Situation of Europe in its ultimate sociological
                        significance. </item>
                    <item>
                        <note place="margin-left">E.</note>
                        <label>10.</label> The Economistic Fallacy. </item>
                    <item>
                        <note place="margin-left">E.</note>
                        <label>11.</label> The Portuguese Republic: A Study for foreigners. </item>
                    <item>
                        <note place="margin-left">E.</note>
                        <label>12.</label> Creationism: another new Philosophy. (2 articles). </item>
                    <item>
                        <note place="margin-left">E.</note>
                        <label>13.</label> Portuguese Poetry of Today and Yesterday. </item>
                    <item>
                        <note place="margin-left">(P.E.)</note>
                        <label>14.</label> O Mytho de William Shakespeare. </item>
                    <item>
                        <note place="margin-left">(E?)</note>
                        <label>15.</label> A situação da Inglaterra. </item>
                    <item>
                        <note place="margin-left">E.</note>
                        <label>16.</label> Letter to the British Minister in Lisbon. </item>
                    <item>
                        <note place="margin-left">E.</note>
                        <label>17.</label> The St. Tomé Question. </item>
                    <item>
                        <label>18.</label> Outomno: estudo sobre a civilização europêa. </item>
                    <item>
                        <note place="margin-left">F.</note>
                        <label>19.</label> L’ Irlande: le problème général. </item>
                    <item>
                        <note place="margin-left">F.</note>
                        <label>20.</label> La France en 1950. (Lettre d’un Japonais) </item>
                    <item>
                        <label>21.</label> (3 opusculos occultistas) (Adot). </item>
                    <pb n="2"/>
                    <item>
                        <label>22.</label> Lettre à M. Émile Faguet. </item>
                    <item>
                        <label>23.</label> Pamphletos (com Garcia Pulido) </item>
                    <item>
                        <label>24.</label> On the death of Capt. Scott. (A Symphony of the Darth). </item>
                    <item>
                        <label>25.</label> Caricatura (<choice>
                            <abbr>art<am>.</am></abbr>
                            <expan>art<ex>igo</ex></expan>
                        </choice> sobre Almada Negreiros). <note>done</note>
                    </item>
                    <item>
                        <label>26.</label> Artigos para o Theatro. <note>done and doing.</note>
                    </item>
                    <item>
                        <label>27.</label> The International Moment. </item>
                    <item>
                        <label>28.</label> Portuguese Poetry of To-Day (“Poetry Review”) </item>
                    <item>
                        <label>29.</label> Une nouvelle école de peinture. (see Picabiu’s picture). </item>
                    <item>
                        <label>30.</label> Un Des cas d’exhibitionisme. </item>
                    <item>
                        <label>31.</label> AffonsoVII. — satiras. </item>
                    <item>
                        <label>32.</label> Historia Comica do Sapateiro Affonso. </item>
                    <item>
                        <label>33.</label>
                        <supplied reason="omitted-in-original" resp="PS"/>
                    </item>
                </list>
            </div>
        </body>
    </text>
</TEI>
