<?xml version="1.0" encoding="UTF-8"?> 
<?xml-model href="../schema/pessoaTEI.rng" type="application/xml" schematypens="http://relaxng.org/ns/structure/1.0"?>
<TEI xmlns="http://www.tei-c.org/ns/1.0">
    <teiHeader>
        <fileDesc>
            <titleStmt>
                <title>BNP/E3 8-3<hi rend="superscript">v</hi>
                </title>
                <author>
                    <rs type="name" key="FP">Fernando Pessoa</rs>
                </author>
                <respStmt>
                    <resp>Transcrição, Edição</resp>
                    <name>Pedro Sepúlveda</name>
                </respStmt>
                <respStmt>
                    <resp>Transcrição</resp>
                    <name>Pablo Javier Pérez López</name>
                </respStmt>
                <respStmt>
                    <resp>Transcrição</resp>
                    <name>Jorge Uribe</name>
                </respStmt>
                <respStmt>
                    <resp>Codificação, Modelagem de dados</resp>
                    <name>Ulrike Henny</name>
                </respStmt>
                <respStmt>
                    <resp>Codificação</resp>
                    <name>Isabel Figueiredo-Iken</name>
                </respStmt>
                <respStmt>
                    <resp>Codificação</resp>
                    <name>Sviatoslav Drach</name>
                </respStmt>
                <respStmt>
                    <resp>Consultoria</resp>
                    <name>Institut für Dokumentologie und Editorik (IDE)</name>
                </respStmt>
            </titleStmt>
            <publicationStmt>
                <publisher>Universidade Nova de Lisboa, Instituto de Estudos de Literatura e
                    Tradição (IELT)</publisher>
                <publisher>Cologne Center for eHumanities (CCeH)</publisher>
                <date>2016</date>
                <availability>
                    <licence target="http://creativecommons.org/licenses/by/3.0/"/>
                </availability>
                <idno type="filename">BNP_E3_8-3v.xml</idno>
            </publicationStmt>
            <sourceDesc>
                <msDesc>
                    <msIdentifier>
                        <institution>Biblioteca Nacional de Portugal</institution>
                        <idno>BNP/E3 8-3v</idno>
                    </msIdentifier>
                    <msContents>
                        <summary>
                            <p> Lista manuscrita numa folha de papel com a marca de água «Express Bond |
                                5860», publicada em <hi rend="italic">Livro do Desasocego</hi> (2010, 727).
                            </p>
                        </summary>
                        <msItemStruct>
                            <author>
                                <rs type="name" key="FP">Fernando Pessoa</rs>
                            </author>
                            <note type="genre">
                                <rs type="genre" key="lista_editorial">Lista editorial</rs>
                            </note>
                            <textLang mainLang="pt" otherLangs="en fr"/>
                        </msItemStruct>
                    </msContents>
                    <history>
                        <origin>
                            <p>
                                <origDate when="1914" cert="medium">c. 1914</origDate>
                            </p>
                        </origin>
                    </history>
                </msDesc>
            </sourceDesc>
        </fileDesc>
    </teiHeader>
    <facsimile>
        <graphic
            url="bn-acpc-e-e3-8-1-13_JPG_24-C-R0150/bn-acpc-e-e3-8-1-13_0006_3v_t24-C-R0150.jpg"/>
    </facsimile>
    <text>
        <body>
            <div>
                <list>
                    <item>
                        <label>1.</label>
                        <rs type="work" key="O2" style="b">
                            <rs type="name" key="AC" role="author">
                                <hi rend="underline">Alberto Caeiro</hi>
                            </rs> – “<rs type="title">O Guardador de Rebanhos</rs>.” </rs>
                    </item>
                    <item>
                        <label>2.</label>
                        <rs type="title">Entrevista com <rs type="name"
                                key="AC" role="topic">
                                <choice>
                                    <abbr>A<am>.</am>
                                    </abbr>
                                    <expan resp="UH">A<ex>lberto</ex>
                                    </expan>
                                </choice> Caeiro</rs>
                        </rs>, talvez no <rs type="periodical" key="J7">
                            <hi rend="underline">Theatro</hi>
                        </rs>. </item>
                    <item>
                        <label>3.</label>
                        <rs type="title">Artigo sobre <rs type="name"
                                key="AC" role="topic">
                                <choice>
                                    <abbr>A<am>.</am>
                                    </abbr>
                                    <expan resp="UH">A<ex>lberto</ex>
                                    </expan>
                                </choice> Caeiro</rs>
                        </rs>, n’ <rs type="periodical" key="J5">
                            <hi rend="underline">A Aguia</hi>
                        </rs>
                    </item>
                    <item>
                        <label>4.</label>
                        <rs type="title">Artigo sobre <rs type="name"
                                key="AC" role="topic">Caeiro</rs>
                        </rs> no “<rs type="periodical" key="J8">
                            <choice>
                                <abbr>T<am>.</am>
                                </abbr>
                                <expan resp="UH">T<ex>homas</ex>
                                </expan>
                            </choice>
                            <choice>
                                <abbr>P<am>.</am>
                                </abbr>
                                <expan resp="UH">P<ex>ower</ex>
                                </expan>
                            </choice>’s Weekly.</rs>” – ?. </item>
                    <item>
                        <label>5.</label>
                        <choice>
                            <abbr>Trad<am>.</am>
                            </abbr>
                            <expan resp="UH">Trad<ex>ucção</ex>
                            </expan>
                        </choice> de <rs type="name" key="AC" role="author">
                            <choice>
                                <abbr>A<am>.</am>
                                </abbr>
                                <expan resp="UH">A<ex>lberto</ex>
                                </expan>
                            </choice>
                            <choice>
                                <abbr>C<am>.</am>
                                </abbr>
                                <expan resp="UH">C<ex>aeiro</ex>
                                </expan>
                            </choice>
                        </rs> – <rs type="work" key="O2" style="b"><rs type="title">
                                <hi rend="underline">The Keeper of Sheep</hi>
                            </rs></rs>
                    </item>
                    <item>
                        <label>6.</label>
                        <rs type="work" key="O2" style="b">
                            <choice>
                                <abbr>
                                    <metamark rend="line-14" function="ditto"/>
                                </abbr>
                                <expan>Traducção de <rs type="name" key="AC" role="author">Alberto
                                        Caeiro</rs>
                                </expan>
                            </choice> – <rs type="title">
                                <hi rend="underline">Le Gardien d<choice>
                                        <seg n="1">es</seg>
                                        <seg n="2">
                                            <add place="above">e</add>
                                        </seg>
                                    </choice> Troupeaux</hi>
                            </rs>
                        </rs>
                    </item>
                    <item rend="indent-2">
                        <label>7.</label> Tentar <rs type="title">artigo no <rs
                                type="periodical" key="J6">
                                <hi rend="underline">Mercure de France</hi></rs>, sobre<lb/>
                            <rs type="name" key="AC" role="topic">Alberto Caeiro</rs>
                        </rs>. </item>
                </list>
                <gap reason="selection" unit="line" extent="3"/>
            </div>
        </body>
    </text>
</TEI>
