<?xml version="1.0" encoding="UTF-8"?>
<?xml-model href="../schema/pessoaTEI.rng" type="application/xml" schematypens="http://relaxng.org/ns/structure/1.0"?>
<TEI xmlns="http://www.tei-c.org/ns/1.0">
   <teiHeader>
      <fileDesc>
         <titleStmt>
            <title>BNP/E3 48-56<hi rend="superscript">r</hi>
            </title>
            <author>
               <rs type="name" key="FP">Fernando Pessoa</rs>
            </author>
            <respStmt>
               <resp>Transcrição, Edição</resp>
               <name>Pedro Sepúlveda</name>
            </respStmt>
            <respStmt>
               <resp>Modelagem de dados, Codificação</resp>
               <name>Ulrike Henny-Krahmer</name>
            </respStmt>
            <respStmt>
               <resp>Codificação</resp>
               <name>Inês Filipa Rebelo do Carmo</name>
            </respStmt>
            <respStmt>
               <resp>Codificação</resp>
               <name>Isabel Figueiredo-Iken</name>
            </respStmt>
            <respStmt>
               <resp>Codificação</resp>
               <name>Sviatoslav Drach</name>
            </respStmt>
            <respStmt>
               <resp>Consultoria</resp>
               <name>Institut für Dokumentologie und Editorik (IDE)</name>
            </respStmt>
         </titleStmt><editionStmt><p>Corpus version C2.1.0</p></editionStmt>
         <publicationStmt>
            <publisher>Universidade Nova de Lisboa, Instituto de Estudos de Literatura e Tradição
               (IELT)</publisher>
            <publisher>Cologne Center for eHumanities (CCeH)</publisher>
            <date>2017</date>
            <availability status="free">
               <licence target="http://creativecommons.org/licenses/by/4.0/"/>
            </availability>
            <idno type="filename">BNP_E3_48-56r.xml</idno>
         </publicationStmt>
         <sourceDesc>
            <msDesc>
               <msIdentifier>
                  <institution>Biblioteca Nacional de Portugal</institution>
                  <idno>BNP/E3 48-56r</idno>
               </msIdentifier>
               <msContents>
                  <summary>
                     <p>Lista manuscrita.</p>
                  </summary>
                  <msItemStruct>
                     <author>
                        <rs type="name" key="FP">Fernando Pessoa</rs>
                     </author>
                     <note type="genre">
                        <rs type="genre" key="lista_editorial">Lista editorial</rs>
                        <rs type="genre" key="plano_editorial">Plano editorial</rs>
                     </note>
                     <textLang mainLang="en"/>
                  </msItemStruct>
               </msContents>
               <history>
                  <origin>
                     <p>
                        <origDate>?</origDate>
                     </p>
                  </origin>
               </history>
            </msDesc>
         </sourceDesc>
      </fileDesc>
      <revisionDesc>
         <change when="2023-11-15" who="#FAF">
                    Added edition statement to the teiHeader
                </change>
      </revisionDesc>
   </teiHeader>
   <facsimile xml:base="http://images.cceh.uni-koeln.de/pessoa/">
      <graphic url="bn-acpc-e-e3-48-1-56_JPG_24-C-R0150/bn-acpc-e-e3-48-1-56_0111_56_t24-C-R0150.jpg"/>
   </facsimile>
   <text>
      <body>
         <div>
            <head>
               <hi rend="underline">English Anthology.</hi>
            </head>
            <list>
               <item>
                  <hi rend="underline">
                     <rs type="name" key="P267">Robert Browning</rs>
                  </hi>: <rs type="title">Evelyn Hope.</rs>
               </item>
               <item>
                  <choice>
                     <abbr>
                        <metamark rend="space" function="ditto"/>
                     </abbr>
                     <expan>
                        <hi rend="underline">
                           <rs type="name" key="P267">Robert
                           Browning</rs>
                        </hi>
                     </expan>
                  </choice>: <rs type="title">The Last Ride Together</rs>.
               </item>
               <item>
                  <choice>
                     <abbr>
                        <metamark rend="space" function="ditto"/>
                     </abbr>
                     <expan>
                        <hi rend="underline">
                           <rs type="name" key="P267">Robert
                           Browning</rs>
                        </hi>
                     </expan>
                  </choice>: <rs type="title">Prospice</rs>.
               </item>
               <item>
                  <choice>
                     <abbr>
                        <metamark rend="space" function="ditto"/>
                     </abbr>
                     <expan>
                        <hi rend="underline">
                           <rs type="name" key="P267">Robert
                           Browning</rs>
                        </hi>
                     </expan>
                  </choice>: <rs type="title">Rabbi Ben Ezra</rs>.
               </item>
               <item>
                  <choice>
                     <abbr>
                        <metamark rend="space" function="ditto"/>
                     </abbr>
                     <expan>
                        <hi rend="underline">
                           <rs type="name" key="P267">Robert
                           Browning</rs>
                        </hi>
                     </expan>
                  </choice>: <rs type="title">James Lee</rs> (?) </item>
               <item>
                  <hi rend="underline">
                     <rs type="name" key="P296">
                        <choice>
                           <abbr>A<am>.</am> C<am>.</am>
                           </abbr>
                           <expan>A<ex>lgernon</ex> C<ex>harles</ex>
                           </expan>
                        </choice> Swinburne</rs>
                  </hi>: <rs type="title">Before the beginning of
                     years…</rs>
               </item>
               <item>
                  <choice>
                     <abbr>
                        <metamark rend="space" function="ditto"/>
                     </abbr>
                     <expan>
                        <hi rend="underline">
                           <rs type="name" key="P296">
                              <choice>
                                 <abbr>A<am>.</am> C<am>.</am>
                                 </abbr>
                                 <expan>A<ex>lgernon</ex> C<ex>harles</ex>
                                 </expan>
                              </choice> Swinburne</rs>
                        </hi>
                     </expan>
                  </choice>: <rs type="title">The Forsaken Garden</rs>.
               </item>
               <item>
                  <hi rend="underline">
                     <rs type="name" key="P175">
                        <choice>
                           <abbr>P<am>.</am> B<am>.</am>
                           </abbr>
                           <expan>P<ex>ercy</ex> B<ex>ysshe</ex>
                           </expan>
                        </choice> Shelley</rs>
                  </hi>: <rs type="title">The Sensitive Plant</rs>.
               </item>
               <item>
                  <choice>
                     <abbr>
                        <metamark rend="space" function="ditto"/>
                     </abbr>
                     <expan>
                        <hi rend="underline">
                           <rs type="name" key="P175">
                              <choice>
                                 <abbr>P<am>.</am> B<am>.</am>
                                 </abbr>
                                 <expan>P<ex>ercy</ex> B<ex>ysshe</ex>
                                 </expan>
                              </choice> Shelley</rs>
                        </hi>
                     </expan>
                  </choice>: <rs type="title">Ode to the West-Wind</rs>.
               </item>
               <item>
                  <choice>
                     <abbr>
                        <metamark rend="space" function="ditto"/>
                     </abbr>
                     <expan>
                        <hi rend="underline">
                           <rs type="name" key="P175">
                              <choice>
                                 <abbr>P<am>.</am> B<am>.</am>
                                 </abbr>
                                 <expan>P<ex>ercy</ex> B<ex>ysshe</ex>
                                 </expan>
                              </choice> Shelley</rs>
                        </hi>
                     </expan>
                  </choice>: <rs type="title">To Night</rs> (?) </item>
            </list>
         </div>
      </body>
   </text>
</TEI>
