<?xml version="1.0" encoding="UTF-8"?>
<?xml-model href="../schema/pessoaTEI.rng" type="application/xml" schematypens="http://relaxng.org/ns/structure/1.0"?>
<TEI xmlns="http://www.tei-c.org/ns/1.0">
   <teiHeader>
      <fileDesc>
         <titleStmt>
            <title>BNP/E3 144X-5<hi rend="superscript">r</hi></title>
            <author>
               <rs type="person" key="FP">Fernando Pessoa</rs>
            </author>
            <respStmt>
               <resp>Transcrição, Edição</resp>
               <name>Pedro Sepúlveda</name>
            </respStmt>
            <respStmt>
               <resp>Codificação, Modelagem de dados</resp>
               <name>Ulrike Henny</name>
            </respStmt>
            <respStmt>
               <resp>Codificação</resp>
               <name>Isabel Figueiredo-Iken</name>
            </respStmt>
            <respStmt>
               <resp>Codificação</resp>
               <name>Sviatoslav Drach</name>
            </respStmt>
            <respStmt>
               <resp>Consultoria</resp>
               <name>Institut für Dokumentologie und Editorik (IDE)</name>
            </respStmt>
         </titleStmt>
         <publicationStmt>
            <publisher>Universidade Nova de Lisboa, Instituto de Estudos de Literatura e Tradição
               (IELT)</publisher>
            <publisher>Cologne Center for eHumanities (CCeH)</publisher>
            <date>2017</date>
            <availability>
               <licence target="http://creativecommons.org/licenses/by/3.0/"/>
            </availability>
            <idno type="filename">BNP_E3_144X-5r.xml</idno>
         </publicationStmt>
         <sourceDesc>
            <msDesc xml:id="M1" type="structured">
               <msIdentifier>
                  <institution>Biblioteca Nacional de Portugal</institution>
                  <idno>BNP/E3 144X-5r</idno>
               </msIdentifier>
               <msContents>
                  <msItemStruct>
                     <author>
                        <rs type="person" key="FP">Fernando Pessoa</rs>
                     </author>
                     <note type="genre">
                        <rs type="genre" key="lista_editorial">Lista editorial</rs>
                     </note>
                     <textLang mainLang="pt" otherLangs="en"/>
                  </msItemStruct>
               </msContents>
               <history>
                  <origin>
                     <p>
                        <origDate when="1915" cert="medium">c. 1915</origDate>
                     </p>
                  </origin>
               </history>
            </msDesc>
            <msDesc corresp="#M1" type="prose">
               <msIdentifier/>
               <p>Lista manuscrita no caderno 144X (cf. <ref target="http://purl.pt/13898"
                     >http://purl.pt/13898</ref>).</p>
            </msDesc>
         </sourceDesc>
      </fileDesc>
   </teiHeader>
   <facsimile>
      <graphic url="bn-acpc-e-e3_144x_JPG_24-C-R0150/bn-acpc-e-e3_144x_0009_5r_t24-C-R0150.jpg"/>
   </facsimile>
   <text>
      <body>
         <div>
            <head><hi rend="underline">Contos.</hi></head>
            <list>
               <item><label>1.</label><rs type="text">A Perversão ao Longe.</rs></item>
               <item><label>2.</label><rs type="text">Elogio historico de <abbr>D<am>.</am></abbr>
                     Miguel Roupinho.</rs></item>
               <item><label>3.</label><rs type="text">O livro do rey Igorab.</rs>
               </item>
               <item><label>4.</label><rs type="text">O pó.</rs>
               </item>
               <item><label>5.</label><rs type="text">A Morte do <abbr>dr<am>.</am></abbr> Cerdeira.
                  </rs></item>
               <item><label>6.</label><rs type="text">A perda do hiate “Nada.” </rs></item>
               <item><label>7.</label><rs type="text">O desapparecimento do <choice>
                        <abbr>prof<am>.</am></abbr>
                        <expan>prof<ex>essor</ex></expan>
                     </choice> Serzedas. </rs></item>
               <item><label>8.</label><rs type="text">O desconhecido. </rs></item>
               <item><label>9.</label><rs type="text">A Grande symphonia (Master-Musician).</rs>
               </item>
               <item><label>10.</label><rs type="text">Jacob Dermot.</rs>
               </item>
               <item><label>11.</label><rs type="text">A porta.</rs>
               </item>
               <item><label>12.</label><rs type="text">Um jantar muito original. </rs></item>
               <item><label>13.</label><rs type="text">Na casa de saúde de Cascaes. </rs></item>
               <item><label>14.</label><rs type="text">Uma tarde clerical. </rs></item>
               <item><label>15.</label><rs type="text">Uma lição, ao ar livre, de philosophia
                     scientifica. </rs></item>
               <item><label>16.</label><rs type="text">O circulo da vida. </rs></item>
               <item><label>17.</label><rs type="text">Deus, principio do Mal. </rs></item>
               <item><label>18.</label><rs type="text">O sonho de Buddha.</rs>
               </item>
               <item><label>19.</label><rs type="text">O prior de Buarcos.</rs>
               </item>
               <item><label>20.</label><rs type="text"><hi rend="underline">N</hi> dimensões.</rs>
               </item>
               <item><label>21.</label><rs type="text">A tortura pela escuridão. </rs></item>
               <item><label>22.</label><rs type="text">O manuscripto de Ludovico Ricci. </rs></item>
               <item><label>23.</label><rs type="text">O eremita da Serra Negra. </rs></item>
               <item><label>24.</label><rs type="text">Num bar de Londres. </rs></item>
               <item><label>25.</label><rs type="text">O Mendigo. </rs></item>
               <item><label>26.</label><rs type="text">O Manuscripto indefinido.</rs>
               </item>
               <item><label>27.</label><rs type="text">O Eunuco (“Na Pharmacia do Evaristo”).</rs>
               </item>
               <item><label>28.</label><rs type="text">O Orphão absoluto (<supplied resp="PS"
                        reason="omitted-in-original"/>). </rs></item>
               <item><label>29.</label><rs type="text">O caso da Azinhaga do Meio.</rs>
               </item>
               <item><label>30.</label><rs type="text"> O Morrimento. </rs></item>
               <item><label>31.</label><rs type="text">Manuscripto d’um alienista devido.
                  </rs></item>
               <item><label>32.</label><rs type="text">Do caderno d’um sceptico. </rs></item>
               <item><label>33.</label><rs type="text"> O philatelista</rs></item>
               <item><label>34.</label><rs type="text">O caso do professor de sciencias. (Quaresma
                     Decifrador)</rs>
               </item>
               <item><label>35.</label><rs type="text">O caso do <choice>
                        <abbr>s<am>.</am></abbr>
                        <expan>s<ex>essor</ex>enhor</expan>
                     </choice>Arnott. ([Quaresma Decifrador])</rs>
               </item>
               <item><label>36.</label><rs type="text">A equação do 2º grau. ([Quaresma
                     Decifrador])</rs>
               </item>
               <item><label>37.</label><rs type="text">O roubo na rua dos Capellistas ([Quaresma
                     Decifrador])</rs>
               </item>
               <item><label>38.</label><rs type="text">A experiencia do <abbr>Dr<am>.</am></abbr>
                     Lacroix (mediador plastico)</rs>
               </item>
               <item><label>39.</label><rs type="text">O que me disse o general Barcellos.
                  </rs></item>
               <item><label>40.</label><rs type="text">Notas sobre um suicida. </rs></item>
               <item><label>41.</label><rs type="text">Na “Brazileira.” </rs></item>
               <item><label>42.</label><rs type="text">O segredo do <abbr>dr<am>.</am></abbr> Borja
                     (timidez)</rs>
               </item>
               <item><label>43.</label><supplied resp="PS" reason="omitted-in-original"/>
               </item>
               <item><label>44.</label><supplied resp="PS" reason="omitted-in-original"/>
               </item>
            </list>
         </div>
      </body>
   </text>
</TEI>
