<?xml version="1.0" encoding="UTF-8"?>
<?xml-model href="../schema/pessoaTEI.rng" type="application/xml" schematypens="http://relaxng.org/ns/structure/1.0"?>
<TEI xmlns="http://www.tei-c.org/ns/1.0">
   <teiHeader>
      <fileDesc>
         <titleStmt>
            <title>BNP/E3 48B-110</title>
            <author>
               <rs type="person" key="FP">Fernando Pessoa</rs>
            </author>
            <respStmt>
               <resp>Transcrição, Edição</resp>
               <name>Pedro Sepúlveda</name>
            </respStmt>
            <respStmt>
               <resp>Codificação, Modelagem de dados</resp>
               <name>Ulrike Henny</name>
            </respStmt>
            <respStmt>
               <resp>Codificação</resp>
               <name>Isabel Figueiredo-Iken</name>
            </respStmt>
            <respStmt>
               <resp>Codificação</resp>
               <name>Sviatoslav Drach</name>
            </respStmt>
            <respStmt>
               <resp>Consultoria</resp>
               <name>Institut für Dokumentologie und Editorik (IDE)</name>
            </respStmt>
         </titleStmt>
         <publicationStmt>
            <publisher>Universidade Nova de Lisboa, Instituto de Estudos de Literatura e Tradição
               (IELT)</publisher>
            <publisher>Cologne Center for eHumanities (CCeH)</publisher>
            <date>2017</date>
            <availability>
               <licence target="http://creativecommons.org/licenses/by/3.0/"/>
            </availability>
            <idno type="filename">BNP_E3_48B-110.xml</idno>
         </publicationStmt>
         <sourceDesc>
            <msDesc xml:id="M1" type="structured">
               <msIdentifier>
                  <institution>Biblioteca Nacional de Portugal</institution>
                  <idno>BNP/E3 48B-110</idno>
               </msIdentifier>
               <msContents>
                  <msItemStruct>
                     <author>
                        <rs type="person" key="FP">Fernando Pessoa</rs>
                     </author>
                     <note type="genre">
                        <rs type="genre" key="lista_editorial">Lista editorial</rs>
                     </note>
                     <textLang mainLang="pt"/>
                  </msItemStruct>
               </msContents>
               <history>
                  <origin>
                     <p>
                        <origDate when="1923" cert="medium">c. 1923</origDate>
                     </p>
                  </origin>
               </history>
            </msDesc>
            <msDesc corresp="#M1" type="prose">
               <msIdentifier/>
               <p>Lista manuscrita.</p>
            </msDesc>
         </sourceDesc>
      </fileDesc>
   </teiHeader>
   <facsimile>
      <graphic
         url="bn-acpc-e-e3-48b-1-158_JPG_24-C-R0150/bn-acpc-e-e3-48b-1-158_0226_110_t24-C-R0150.jpg"/>
      <graphic
         url="bn-acpc-e-e3-48-1-56_JPG_24-C-R0150/bn-acpc-e-e3-48b-1-158_0227110_t24-C-R0150.jpg"/>
   </facsimile>
   <text>
      <body>
         <div>
            <list>
               <item><label>1.</label><choice>
                     <abbr>Banq<am>.</am></abbr>
                     <expan>Banq<ex>ueiro</ex></expan>
                  </choice><choice>
                     <abbr>Anarch<am>.</am></abbr>
                     <expan>Anarch<ex>ista</ex></expan>
                  </choice></item>
               <item><label>2.</label>Sodoma Divinizada.</item>
               <item><label>3.</label>Ultimatum.</item>
               <note place="right"><metamark rend="line" function="distinct"/>
               </note>
               <item><label>4.</label>Ideal Esthetico.</item>
               <item><label>5.</label>Bandarra.</item>
               <item><label>6.</label><supplied resp="PS" reason="omitted-in-original"/>
               </item>
               <item><label>7.</label><supplied resp="PS" reason="omitted-in-original"/>
               </item>
               <item><label>8.</label><supplied resp="PS" reason="omitted-in-original"/></item>
            </list>
            <note place="right transversal">Cadernos para dar<lb/>que sentir. </note>
            <metamark rend="line-44" function="distinct"/>
            <list>
               <item>
                  <note place="center">Mario Saa.</note>
               </item>
               <item><note place="center">Almada.</note></item>
               <item><note place="left">3 –</note>
                  <note place="center"> Henrique Rosa.</note></item>
               <item><note place="center">
                     <choice>
                        <abbr>Man<am>.</am></abbr>
                        <expan>Man<ex>uel</ex></expan>
                     </choice><choice>
                        <abbr>Ant<am>.</am></abbr>
                        <expan>Ant<ex>onio</ex></expan>
                     </choice> de Almeida.</note></item>
               <item><note place="center">João Camoesas.</note></item>
               <item><note place="center"><choice>
                        <abbr>F<am>.</am></abbr>
                        <expan>F<ex>rancisco</ex></expan>
                     </choice><choice>
                        <abbr>F<am>.</am></abbr>
                        <expan>F<ex>ernandes</ex></expan>
                     </choice> Lopes.</note></item>
               <item><note place="center"><choice>
                        <abbr>J<am>.</am></abbr>
                     </choice><choice>
                        <abbr>L<am>.</am></abbr>
                     </choice> Supico.</note></item>
            </list>
            <metamark rend="line-44" function="distinct"/>
            <note place="center">Cogitanda</note>
            <note place="center">80$00</note>
            <note place="center">20$00 </note>
            <list>
               <item>Papel</item>
               <metamark rend="line-14" function="distinct"/>
               <item><note place="right"> 100.00</note></item>
               <item>Papel capa etc. </item>
               <item><note place="right">25.00</note>
               </item>
               <item><choice>
                     <abbr>Imp<am>.</am></abbr>
                     <expan>Imp<ex>ressão</ex></expan>
                  </choice></item>
               <metamark rend="line-14" function="distinct"/>
               <item><note place="right">75.00</note></item>
               <note place="right"><metamark rend="line-14" function="distinct"/></note>
               <item><note place="right">200.00</note></item>
               <note place="right"><metamark rend="line-14" function="distinct"/></note>
               <item><note place="right">350.00</note></item>
            </list>
            <metamark rend="sign" place="left"/>
            <metamark rend="line-44" function="distinct"/>
            <gap reason="selection" unit="line" extent="5"/>
            <metamark rend="line-44" function="distinct"/>
            <p><choice>
                  <abbr>Trad<am>.</am></abbr>
                  <expan>Trad<ex>ucção</ex></expan>
               </choice> de Shakespeare. </p>
            <p><metamark rend="line" function="ditto"/> Edgar Poe.</p>
         </div>
      </body>
   </text>
</TEI>
