<?xml version="1.0" encoding="UTF-8"?> 
<?xml-model href="../schema/pessoaTEI.rng" type="application/xml" schematypens="http://relaxng.org/ns/structure/1.0"?>
<TEI xmlns="http://www.tei-c.org/ns/1.0">
    <teiHeader>
        <fileDesc>
            <titleStmt>
                <title>BNP/E3 143-6<hi rend="superscript">r</hi>
                </title>
                <author>
                    <rs type="name" key="FP">Fernando Pessoa</rs>
                </author>
                <respStmt>
                    <resp>Transcrição, Edição</resp>
                    <name>Pedro Sepúlveda</name>
                </respStmt>
                <respStmt>
                    <resp>Transcrição</resp>
                    <name>Pablo Javier Pérez López</name>
                </respStmt>
                <respStmt>
                    <resp>Modelagem de dados, Codificação</resp>
                    <name>Ulrike Henny-Krahmer</name>
                </respStmt>
                <respStmt>
                    <resp>Codificação</resp>
                    <name>Inês Filipa Rebelo do Carmo</name>
                </respStmt>
                <respStmt>
                    <resp>Codificação</resp>
                    <name>Isabel Figueiredo-Iken</name>
                </respStmt>
                <respStmt>
                    <resp>Codificação</resp>
                    <name>Sviatoslav Drach</name>
                </respStmt>
                <respStmt>
                    <resp>Consultoria</resp>
                    <name>Institut für Dokumentologie und Editorik (IDE)</name>
                </respStmt>
            </titleStmt>
            <publicationStmt>
                <publisher>Universidade Nova de Lisboa, Instituto de Estudos de Literatura e
                    Tradição (IELT)</publisher>
                <publisher>Cologne Center for eHumanities (CCeH)</publisher>
                <date>2017</date>
                <availability status="free">
                    <licence target="http://creativecommons.org/licenses/by/3.0/"/>
                </availability>
                <idno type="filename">BNP_E3_143-6r.xml</idno>
            </publicationStmt>
            <sourceDesc>
                <msDesc>
                    <msIdentifier>
                        <institution>Biblioteca Nacional de Portugal</institution>
                        <idno>BNP/E3 143-6r</idno>
                    </msIdentifier>
                    <msContents>
                        <summary>
                            <p> Lista datilografada, publicada em <hi rend="italic">A Demonstração
                                    do Indemonstrável</hi> (2011, 78-79). </p>
                        </summary>
                        <msItemStruct>
                            <author>
                                <rs type="name" key="FP">Fernando Pessoa</rs>
                            </author>
                            <note type="genre">
                                <rs type="genre" key="lista_editorial">Lista editorial</rs>
                                <rs type="genre" key="nota_editorial">Nota editorial</rs>
                            </note>
                            <textLang mainLang="en" otherLangs="pt fr"/>
                        </msItemStruct>
                    </msContents>
                    <history>
                        <origin>
                            <p>
                                <origDate when="1919" cert="medium">c. 1919</origDate>
                            </p>
                        </origin>
                    </history>
                </msDesc>
            </sourceDesc>
        </fileDesc>
    </teiHeader>
    <facsimile xml:base="http://images.cceh.uni-koeln.de/pessoa/">
        <graphic
            url="bn-acpc-e-e3-143-1-14_JPG_24-C-R0150/bn-acpc-e-e3-143-1-14_0011_6_t24-C-R0150.jpg"
        />
    </facsimile>
    <text>
        <body>
            <div>
                <list>
                    <head>
                        <hi rend="underline">Possible articles by <rs type="name" key="P16">Thomas
                                Crosse</rs> (or some such):</hi>
                    </head>
                    <item rend="indent-2">
                        <rs type="title">A conspectus of the <rs type="name" key="P20" style="a">Columbus</rs>
                            theories</rs> (see what<lb/> the recent Italian re-Genoa one
                        says).</item>
                    <item>
                        <rs type="name" key="P27" style="a">Diogo Pires</rs>, otherwise <rs
                            type="name" key="P27" style="b">Solomon Molcho</rs>.</item>
                    <item>
                        <rs type="title">The Myth of <rs type="name" key="P21" style="a">King
                                Sebastian</rs></rs>.</item>
                    <item>
                        <rs type="title">Biomancy</rs> (fairly <subst>
                            <del rend="overtyped" n="1">large</del>
                            <add place="above" n="2">big</add>
                        </subst> article)</item>
                    <item rend="indent-2">
                        <rs type="title">Sophistry, or Curious Proofs and Arguments: from <lb/>the
                            Greek Sophists</rs> (<abbr>v.</abbr>
                        <rs type="name" key="P29">Funck-Brentano</rs>, <rs type="title">Les<lb/>
                            Sophistes Grecs</rs>) through medieval sophists<lb/>and schoolmen, to
                        modern sophists, includ<pc>-</pc>
                        <lb/>ing such theses as <rs type="title">Comme Quoi <rs type="name"
                                key="P12">Napoléon</rs></rs>)<lb/>(See whether some idea can be
                        obtained of<lb/>
                        <rs type="title">Whately’s Historic Doubts</rs>). (This article<lb/>can be
                        divided into two – one on Sophistry <lb/>Proper, the other on Curious Proofs
                        and Ar<pc>-</pc><lb/>guments).</item>
                    <item>
                        <rs type="title">Singularities of Language</rs>.</item>
                    <item>(<rs type="title">Historia tragico-Maritima</rs>) (or translate
                        perhaps).</item>
                    <item>
                        <rs type="title">Tobacco / Tobacco in <rs type="place">Portugal</rs></rs>
                        (special) ??? </item>
                    <item>
                        <rs type="title">Freemansonry in <rs type="place">Portugal</rs></rs>
                        (special) ? </item>
                    <item rend="indent-2">
                        <rs type="title">Kings that will Return</rs>. (the general myth of
                        which<lb/>the one of <rs type="name" key="P21">King Sebastian</rs> is a
                        particular<lb/> case).</item>
                    <item>
                        <rs type="title">The Epigram</rs>. (or a little book choosing them).</item>
                </list>
            </div>
        </body>
    </text>
</TEI>
