<?xml version="1.0" encoding="UTF-8"?>
<?xml-model href="../schema/pessoaTEI.rng" type="application/xml" schematypens="http://relaxng.org/ns/structure/1.0"?>
<TEI xmlns="http://www.tei-c.org/ns/1.0">
   <teiHeader>
      <fileDesc>
         <titleStmt>
            <title>BNP/E3 92J-2<hi rend="superscript">r</hi></title>
            <author>
               <rs type="name" key="FP">Fernando Pessoa</rs>
            </author>
            <respStmt>
               <resp>Transcrição, Edição</resp>
               <name>Pedro Sepúlveda</name>
            </respStmt>
            <respStmt>
               <resp>Transcrição</resp>
               <name>Pablo Javier Pérez López</name>
            </respStmt>
            <respStmt>
               <resp>Codificação, Modelagem de dados</resp>
               <name>Ulrike Henny</name>
            </respStmt>
            <respStmt>
               <resp>Codificação</resp>
               <name>Isabel Figueiredo-Iken</name>
            </respStmt>
            <respStmt>
               <resp>Codificação</resp>
               <name>Sviatoslav Drach</name>
            </respStmt>
            <respStmt>
               <resp>Consultoria</resp>
               <name>Institut für Dokumentologie und Editorik (IDE)</name>
            </respStmt>
         </titleStmt>
         <publicationStmt>
            <p>Publication Information</p>
         </publicationStmt>
         <sourceDesc>
            <msDesc>
               <msIdentifier>
                  <institution>Biblioteca Nacional de Portugal</institution>
                  <idno>BNP/E3 92J-2r</idno>
               </msIdentifier>
               <msContents>
                  <summary>
                     <p> Lista manuscrita. Por cima encontra-se uma lista de afazeres quotidianos. </p>
                  </summary>
                  <msItemStruct>
                     <author>
                        <rs type="name" key="FP">Fernando Pessoa</rs>
                     </author>
                     <note type="genre">
                        <rs type="genre" key="lista_editorial">Lista editorial</rs>
                     </note>
                     <textLang mainLang="pt" otherLangs="en fr"/>
                  </msItemStruct>
               </msContents>
               <history>
                  <origin>
                     <p>
                        <origDate when="1913" cert="medium">c. 1913</origDate>
                     </p>
                  </origin>
               </history>
            </msDesc>
         </sourceDesc>
      </fileDesc>
   </teiHeader>
   <facsimile>
      <graphic
         url="bn-acpc-e-e3-92j-1-100_JPG_24-C-R0150/bn-acpc-e-e3-92j-1-100_0003_2_t24-C-R0150.jpg"/>
   </facsimile>
   <text>
      <body>
         <div>
            <list>
               <item>Satiras: <label>1.</label> <rs type="title">Vertebrados (voto)</rs>.</item>
               <item><label>2.</label> <rs type="title">France en 1950</rs>.</item>
               <item><label>3.</label> <rs type="title">Resposta de um affonsista (elaborate irony)</rs></item>
               <item><label>4.</label> <rs type="title">Exhibitionnisme...</rs></item>
               <item><label>5.</label> <rs type="title">Um caso de loucura á *rua <choice>
                     <abbr>Af<am>.</am></abbr>
                     <expan>Af<ex>fonso</ex></expan>
                  </choice>
                  <choice>
                     <abbr>C<am>.</am></abbr>
                     <expan>C<ex/>osta</expan>
                  </choice></rs> – <rs type="name" key="P360"><choice>
                     <abbr>B<am>.</am></abbr>
                     <expan>B<ex/>ernardino</expan>
                  </choice> Machado</rs></item>
            </list>
         </div>
      </body>
   </text>
</TEI>
