<?xml version="1.0" encoding="UTF-8"?>
<?xml-model href="../schema/pessoaTEI.rng" type="application/xml" schematypens="http://relaxng.org/ns/structure/1.0"?>
<TEI xmlns="http://www.tei-c.org/ns/1.0">
   <teiHeader>
      <fileDesc>
         <titleStmt>
            <title>BNP/E3 48B-31<hi rend="superscript">r</hi></title>
            <author>
               <rs type="name" key="FP">Fernando Pessoa</rs>
            </author>
            <respStmt>
               <resp>Transcrição, Edição</resp>
               <name>Pedro Sepúlveda</name>
            </respStmt>
            <respStmt>
               <resp>Transcrição</resp>
               <name>Filipa Freitas</name>
            </respStmt>
            <respStmt>
               <resp>Modelagem de dados, Codificação</resp>
               <name>Ulrike Henny</name>
            </respStmt>
            <respStmt>
               <resp>Codificação</resp>
               <name>Ana Leonor Branco</name>
            </respStmt>
            <respStmt>
               <resp>Codificação</resp>
               <name>Sviatoslav Drach</name>
            </respStmt>
         </titleStmt>
         <publicationStmt>
            <publisher>Universidade Nova de Lisboa, Instituto de Estudos de Literatura e Tradição
               (IELT)</publisher>
            <publisher>Cologne Center for eHumanities (CCeH)</publisher>
            <date>2016</date>
            <availability>
               <licence target="http://creativecommons.org/licenses/by/3.0/"/>
            </availability>
            <idno type="filename">BNP_E3_48B-31r.xml</idno>
         </publicationStmt>
         <sourceDesc>
            <msDesc>
               <msIdentifier>
                  <institution>Biblioteca Nacional de Portugal</institution>
                  <idno>BNP/E3 48B-31r</idno>
               </msIdentifier>
               <msContents>
                  <summary>
                     <p> Lista manuscrita. </p>
                  </summary>
                  <msItemStruct>
                     <author>
                        <rs type="name" key="FP">Fernando Pessoa</rs>
                     </author>
                     <note type="genre">
                        <rs type="genre" key="lista_editorial">Lista editorial</rs>
                     </note>
                     <textLang mainLang="pt" otherLangs=""/>
                  </msItemStruct>
               </msContents>
               <history>
                  <origin>
                     <p>
                        <origDate from="1920" to="1927">1920-1927</origDate>
                     </p>
                  </origin>
               </history>
            </msDesc>
         </sourceDesc>
      </fileDesc>
   </teiHeader>
   <facsimile>
      <graphic
         url="bn-acpc-e-e3-48b-1-158_JPG_24-C-R0150/bn-acpc-e-e3-48b-1-158_0062_31_t24-C-R0150.jpg"
      />
   </facsimile>
   <text>
      <body>
         <div>
            <list>
               <item>Traduccções – <choice>
                     <abbr>Univ<am>.</am></abbr>
                     <expan>Univ<ex>ersal</ex></expan>
                  </choice> Anthology.</item>
               <metamark rend="line-44" function="distinct"/>
               <item><rs type="name" key="P14">Espronceda</rs> – <supplied resp="PS" reason="omitted-in-original"/></item>
               <metamark rend="line-44" function="distinct"/>
               <item><rs type="title">A <choice>
                     <abbr>Olig<am>.</am></abbr>
                     <expan>Olig<ex>archia</ex></expan>
                  </choice> das <choice>
                     <abbr>B<am>.</am></abbr>
                     <expan>B<ex>estas</ex></expan>
                  </choice></rs> – Decline and Fall.<lb/><rs type="title"> O Triumpho do <choice>
                     <abbr>Rad<am>.</am></abbr>
                     <expan>Rad<ex>icalismo</ex></expan>
                  </choice></rs><supplied resp="PS" reason="omitted-in-original"/><lb/> <rs type="title">Fim de
                  Outomno</rs>.</item>
               <metamark rend="line-44" function="distinct"/>
               <item><rs type="title">Portugal</rs> etc.</item>
               <metamark rend="line-44" function="distinct"/>
               <item><rs type="name" key="P130">Francis Bacon</rs></item>
               <metamark rend="line-44" function="distinct"/>
               <item><rs type="title">The Duke of Parma</rs></item>
               <metamark rend="line-44" function="end"/>
            </list>
         </div>
      </body>
   </text>
</TEI>
