<?xml version="1.0" encoding="UTF-8"?>
<?xml-model href="../schema/pessoaTEI.rng" type="application/xml" schematypens="http://relaxng.org/ns/structure/1.0"?>
<TEI xmlns="http://www.tei-c.org/ns/1.0">
   <teiHeader>
      <fileDesc>
         <titleStmt>
            <title>BNP/E3 185<hi rend="superscript">r</hi></title>
            <author>
               <rs type="name" key="FP">Fernando Pessoa</rs>
            </author>
            <respStmt>
               <resp>Transcrição, Edição</resp>
               <name>Pedro Sepúlveda</name>
            </respStmt>
            <respStmt>
               <resp>Codificação, Modelagem de dados</resp>
               <name>Ulrike Henny-Krahmer</name>
            </respStmt>
            <respStmt>
               <resp>Codificação</resp>
               <name>Isabel Figueiredo-Iken</name>
            </respStmt>
            <respStmt>
               <resp>Codificação</resp>
               <name>Sviatoslav Drach</name>
            </respStmt>
            <respStmt>
               <resp>Consultoria</resp>
               <name>Institut für Dokumentologie und Editorik (IDE)</name>
            </respStmt>
         </titleStmt>
         <publicationStmt>
            <publisher>Universidade Nova de Lisboa, Instituto de Estudos de Literatura e Tradição
               (IELT)</publisher>
            <publisher>Cologne Center for eHumanities (CCeH)</publisher>
            <date>2017</date>
            <availability status="free">
               <licence target="http://creativecommons.org/licenses/by/3.0/"/>
            </availability>
            <idno type="filename">BNP_E3_185r.xml</idno>
         </publicationStmt>
         <sourceDesc>
            <msDesc>
               <msIdentifier>
                  <institution>Biblioteca Nacional de Portugal</institution>
                  <idno>BNP/E3 185r</idno>
               </msIdentifier>
               <msContents>
                  <summary>
                     <p>Lista datilografada.</p>
                  </summary>
                  <msItemStruct>
                     <author>
                        <rs type="name" key="FP">Fernando Pessoa</rs>
                     </author>
                     <note type="genre">
                        <rs type="genre" key="lista_editorial">Lista editorial</rs>
                     </note>
                     <textLang mainLang="en"/>
                  </msItemStruct>
               </msContents>
               <history>
                  <origin>
                     <p>
                        <origDate when="1927" cert="medium">c. 1927</origDate>
                     </p>
                  </origin>
               </history>
            </msDesc>
         </sourceDesc>
      </fileDesc>
   </teiHeader>
   <facsimile>
      <graphic
         url="bn-acpc-e-e3-167-186_JPG_24-C-R0150/bn-acpc-e-e3-167-186_0039_185_t24-C-R0150.jpg"/>
   </facsimile>
   <text>
      <body>
         <div>
            <list>
               <item>
                  <label>1.</label>
                  <rs type="title">The Jews and Freemasonry</rs>. </item>
               <item>
                  <label>2.</label>
                  <rs type="title">The Anti-Shakespearean Illusion</rs>. </item>
               <item>
                  <label>3.</label>
                  <rs type="title">The Case of<rs type="name" key="P32"> Oscar Wilde</rs></rs>. </item>
               <item rend="indent-2">
                  <label>4.</label>
                  <rs type="title">The Case of <rs type="name" key="P358">Robert Burns</rs></rs>
                     (includ<pc>-</pc><lb/>ing the conditions of fame?) </item>
               <item>
                  <label>5.</label>
                  <rs type="title">The Problem of <rs type="name" key="P220">Dante</rs></rs>
                  (probably later). </item>
               <item>
                  <label>6.</label>
                  <rs type="title">The Problem of a Universal Language</rs>. </item>
               <item>
                  <label>7.</label>
                  <rs type="title">Talent and Genius</rs>. </item>
               <item rend="indent-2">
                  <label>8.</label>
                  <rs type="title">The Myth of the Lost King.</rs> (or <rs type="title">The<lb/>
                     Myth of King <rs type="name" key="P21"> Sebastian</rs></rs>). </item>
               <item rend="indent-2">
                  <label>9.</label>
                  <rs type="title">Prophecy</rs> (more or less the subject<lb/> of the <rs
                     type="title">introduction to <rs type="name" key="P259"
                        >Ban<pc>-</pc><lb/>darra</rs></rs> III, with illustrative<lb/> examples from
                     <rs type="name" key="P259"><choice>
                        <abbr>B<am>.</am></abbr>
                        <expan>B<ex>andarra</ex></expan>
                     </choice></rs> himself, as <lb/>also from <rs type="name" key="P357"
                     >Nostradamus</rs>.) </item>
            </list>
         </div>
      </body>
   </text>
</TEI>
