<?xml version="1.0" encoding="UTF-8"?>
<?xml-model href="../schema/pessoaTEI.rng" type="application/xml" schematypens="http://relaxng.org/ns/structure/1.0"?>
<TEI xmlns="http://www.tei-c.org/ns/1.0">
   <teiHeader>
      <fileDesc>
         <titleStmt>
            <title>BNP/E3 48C-50</title>
            <author>
               <rs type="name" key="FP">Fernando Pessoa</rs>
            </author>
            <respStmt>
               <resp>Transcrição, Edição</resp>
               <name>Pedro Sepúlveda</name>
            </respStmt>
            <respStmt>
               <resp>Transcrição</resp>
               <name>Filipa Freitas</name>
            </respStmt>
            <respStmt>
               <resp>Modelagem de dados, Codificação</resp>
               <name>Ulrike Henny-Krahmer</name>
            </respStmt>
            <respStmt>
               <resp>Codificação</resp>
               <name>Inês Filipa Rebelo do Carmo</name>
            </respStmt>
            <respStmt>
               <resp>Codificação</resp>
               <name>Ana Leonor Branco</name>
            </respStmt>
            <respStmt>
               <resp>Codificação</resp>
               <name>Sviatoslav Drach</name>
            </respStmt>
         </titleStmt>
         <publicationStmt>
            <publisher>Universidade Nova de Lisboa, Instituto de Estudos de Literatura e Tradição
               (IELT)</publisher>
            <publisher>Cologne Center for eHumanities (CCeH)</publisher>
            <date>2017</date>
            <availability status="free">
               <licence target="http://creativecommons.org/licenses/by/3.0/"/>
            </availability>
            <idno type="filename">BNP_E3_48C-50.xml</idno>
         </publicationStmt>
         <sourceDesc>
            <msDesc>
               <msIdentifier>
                  <institution>Biblioteca Nacional de Portugal</institution>
                  <idno>BNP/E3 48C-50</idno>
               </msIdentifier>
               <msContents>
                  <summary>
                     <p> Lista manuscrita. </p>
                  </summary>
                  <msItemStruct>
                     <author>
                        <rs type="name" key="FP">Fernando Pessoa</rs>
                     </author>
                     <note type="genre">
                        <rs type="genre" key="lista_editorial">Lista editorial</rs>
                        <rs type="genre" key="plano_editorial">Plano editorial</rs>
                        <rs type="genre" key="nota_editorial">Nota editorial</rs>
                     </note>
                     <textLang mainLang="pt" otherLangs=""/>
                  </msItemStruct>
               </msContents>
               <history>
                  <origin>
                     <p>
                        <origDate when="1920" cert="medium">c. 1920</origDate>
                     </p>
                  </origin>
               </history>
            </msDesc>
         </sourceDesc>
      </fileDesc>
   </teiHeader>
   <facsimile xml:base="http://images.cceh.uni-koeln.de/pessoa/">
      <graphic
         url="bn-acpc-e-e3-48c-1-50_JPG_24-C-R0150/bn-acpc-e-e3-48c-1-50_0111_50_t24-C-R0150.jpg"/>
      <graphic
         url="bn-acpc-e-e3-48c-1-50_JPG_24-C-R0150/bn-acpc-e-e3-48c-1-50_0112_50v_t24-C-R0150.jpg"/>
   </facsimile>
   <text>
      <body>
         <div>
            <list>
               <item rend="indent-2">
                  <label>1.</label> Weekly news-letter to English newspapers; either entire, solely,
                  or <lb/> divided into 2 or 3 parts, separate subscription to<lb/> each of which is
                  possible and on the part of people<lb/> not editors of newspapers.</item>
               <item rend="indent-2">
                  <label>2.</label> Weekly commercial letter for the Portuguese market from<lb/>
                  foreign markets <choice>
                     <abbr>&amp;</abbr>
                     <expan>and</expan>
                  </choice> from the local one also. (This<lb/> can widen <choice>
                     <abbr>&amp;</abbr>
                     <expan>and</expan>
                  </choice> develop into a weekly paper).</item>
               <item rend="indent-2">
                  <label>3.</label> Weekly Portuguese trade letter for foreign tradesmen (in
                  English).<lb/> (This can be the third part of <hi rend="circled">1</hi>)</item>
               <item rend="indent-2">
                  <label>4.</label> Translation of Catalogues and prospectuses into Portuguese,
                  (or<lb/> from <choice>
                     <abbr>Port<am>.</am></abbr>
                     <expan>Port<ex>uguese</ex></expan>
                  </choice> into foreign languages) <note rend="circled" place="margin-right"
                     type="addition">Extend to translation of<lb/>
                     <hi rend="underline">courses</hi>, <choice>
                        <abbr>&amp;</abbr>
                        <expan>and</expan>
                     </choice> offer <seg type="anchor">services <add place="below">e. g.
                           Payment</add></seg> for their<lb/> installation.</note></item>
               <item rend="indent-2">
                  <label>5.</label> Obtaining of foreign advertisements for <choice>
                     <abbr>Port<am>.</am></abbr>
                     <expan>Port<ex>uguese</ex></expan>
                  </choice> papers – look<lb/> up (1) constant and universal foreign advertisers,
                  (2)<lb/> houses requiring foreign agents, (3) others.</item>
               <item rend="indent-2">
                  <label>6.</label> Editon of Six-Language Commercial <choice>
                     <abbr>&amp;</abbr>
                     <expan>and</expan>
                  </choice> Technical Dictionary, <choice>
                     <abbr>&amp;</abbr>
                     <expan>and</expan>
                  </choice><lb/> subscriptions (and advertisements for it).</item>
               <item>
                  <label>7.</label> “<rs type="title">All about <rs type="place"
                  >Portugal</rs></rs>”</item>
               <item>
                  <label>8.</label> Propaganda Leaflets on <rs type="place">Portugal</rs>.</item>
               <item>
                  <label>9.</label>
                  <rs type="title">Great Anthology</rs></item>
               <item rend="indent-2">
                  <label>10.</label> Amateur Mechanic (or, complete, Enclyclopedia<lb/> Practica) –
                  in “tomos” in Portuguese.</item>
               <item>
                  <label>11.</label> In Parts – <gap reason="illegible" unit="word" extent="1"/> –
                  Short <choice>
                     <abbr>Hist<am>.</am></abbr>
                     <expan>Hist<ex>ory</ex></expan>
                  </choice> of Freethought.</item>
               <item>
                  <label>12.</label> Some Encyclopedia (v. Britannica, Nelson's, Foreign’s, Chambers, etc.)</item>
               <pb/>
               <item>
                  <label>13.</label> Translation of <rs type="name" key="P65">Shakespeare</rs> –
                  tomos quizenais (or <hi rend="underline">volumes</hi>)</item>
               <item rend="indent-2">
                  <label>14.</label>
                  <rs type="title">Grande Anthologia</rs>, in <seg type="anchor">Portuguese<add
                        place="above">(não será posta à venda)</add></seg>. – Begin <hi
                     rend="underline">Tempest</hi>. <list rend="indent">
                     <item>(<choice>
                           <abbr>fasc<am>.</am></abbr>
                           <expan>fasc<ex>iculos</ex></expan>
                        </choice> semanaes de 200, ou quinzenaes de 500)</item>
                     <item>(too <gap reason="illegible" unit="word" extent="1"/> or <gap
                           reason="illegible" unit="word" extent="1"/> for all Brazil;
                        announced)</item>
                     <item>(conta de participação com um emprego <gap reason="illegible" unit="word"
                           extent="1"/><lb/> grande). (Buy <rs type="title">“Short History
                           Library”</rs>)</item>
                     <item>(issue begins in 1921)</item>
                     <item>(Agents in all Brazil) (one per state) (or <hi rend="underline"
                        >one</hi><lb/> here for all Brazil)</item>
                     <item>(we <gap reason="illegible" unit="word" extent="1"/> how propaganda<lb/>
                        is made)</item>
                  </list>
               </item>
            </list>
            <metamark rend="line" function="distinct"/>
            <list>
               <item rend="indent-2"><label><hi rend="underline">Anthologia</hi>
                     <del rend="overstrike"><add place="below"><hi rend="underline"
                           >Athena</hi></add></del> : -</label> Publicação portugueza incluindo
                  traducções de obras completas<lb/> – de varios tamanhos, e em exacta conformação
                  com o original –<lb/> Publica-se em tomos mensaes, podendo levar annuncios em<lb/>
                  folhas de resguardo; cousa como o “Strand Magazine”.<lb/> Numeros (tomos), de 160
                  (16x10) paginas, em bom papel.<lb/> Paginas supplementares de annuncios: De 16x2
                  (32) a 16x5 (80). Generos de annuncios: <del rend="overstrike">livros</del>
                  editores de toda a parte, principiando<lb/> pelos nacionaes; casa de artigos de
                  luxo; etc. (menos o<lb/> annuncio commercial) <list>
                     <item>
                        <label><hi rend="underline">1º numero</hi>: –</label>
                        <list>
                           <item>“<rs type="title">A Tormenta</rs>” de <rs type="name" key="P65"
                                 >Shakespeare</rs>.</item>
                           <item><rs type="title">Poemas</rs> de <rs type="name" key="P24">José
                                 Anastacio da Cunha</rs>.</item>
                           <item><rs type="title">Alguns poemas</rs> de <rs type="name" key="P87"
                                 >Edgar Poe</rs>.</item>
                        </list> ´</item>
                     <item>
                        <label><hi rend="underline">2º numero</hi>: –</label>
                        <list>
                           <item><rs type="title">Poemas dos velhos Cancioneiros</rs>.</item>
                           <item>“<rs type="title">Hamlet, Principe da <rs type="place"
                                    >Dinamarca</rs></rs>”</item>
                        </list>
                     </item>
                  </list>
               </item>
            </list>
         </div>
      </body>
   </text>
</TEI>
