<?xml version="1.0" encoding="UTF-8"?>
<?xml-model href="../schema/pessoaTEI.rng" type="application/xml" schematypens="http://relaxng.org/ns/structure/1.0"?>
<TEI xmlns="http://www.tei-c.org/ns/1.0">
   <teiHeader>
      <fileDesc>
         <titleStmt>
            <title>BNP/E3 48-12<hi rend="superscript">r</hi></title>
            <author>
               <rs type="person" key="FP">Fernando Pessoa</rs>
            </author>
            <respStmt>
               <resp>Transcrição, Edição</resp>
               <name>Pedro Sepúlveda</name>
            </respStmt>
            <respStmt>
               <resp>Modelagem de dados, Codificação</resp>
               <name>Ulrike Henny</name>
            </respStmt>
            <respStmt>
               <resp>Codificação</resp>
               <name>Isabel Figueiredo-Iken</name>
            </respStmt>
            <respStmt>
               <resp>Consultoria</resp>
               <name>Institut für Dokumentologie und Editorik (IDE)</name>
            </respStmt>
         </titleStmt>
         <publicationStmt>
            <publisher>Universidade Nova de Lisboa, Instituto de Estudos de Literatura e Tradição (IELT)</publisher>
            <publisher>Cologne Center for eHumanities (CCeH)</publisher>
            <date>2016</date>
            <availability>
               <licence target="http://creativecommons.org/licenses/by/3.0/"/>
            </availability>
            <idno type="filename">BNP_E3_48-12r.xml</idno>
         </publicationStmt>
         <sourceDesc>
            <msDesc>
               <msIdentifier>
                  <institution>Biblioteca Nacional de Portugal</institution>
                  <idno>BNP/E3 48-12r</idno>
               </msIdentifier>
               <msContents>
                  <msItemStruct>
                     <author>
                        <rs type="person" key="FP">Fernando Pessoa</rs>
                     </author>
                     <note type="genre">
                        <rs type="genre" key="lista_editorial">Lista editorial</rs>
                     </note>
                     <textLang mainLang="pt"/>
                  </msItemStruct>
               </msContents>
               <history>
                  <origin>
                     <p>
                        <origDate notBefore="1924">post. 1924</origDate>
                     </p>
                  </origin>
               </history>
            </msDesc>
         </sourceDesc>
      </fileDesc>
   </teiHeader>
   <facsimile>
      <graphic url="bn-acpc-e-e3-48-1-56_JPG_24-C-R0150/bn-acpc-e-e3-48-1-56_0023_12_t24-C-R0150.jpg"/>
   </facsimile>
   <text>
      <body>
         <div>
            <head><hi rend="underline">ANTHOLOGIA, em volumes de 32 pag. (vergé), a 2$50.</hi></head>
            <list>
               <item><label>1.</label> <rs type="person" key="P87">Edgar Poe</rs>.</item>      
               <item><label>2.</label> <rs type="person" key="P186">Garrett</rs>.</item>        
               <item><label>3.</label> <rs type="person" key="P24">José Anastacio da Cunha</rs>.</item>       
               <item><label>4.</label> <rs type="person" key="P187">Thomas Antonio Gonzaga</rs>.</item>
               <item><label>5.</label> <rs type="person" key="P81">Manuel de Veiga</rs>.</item>
               <item><label>6.</label> <rs type="person" key="P103">Omar Khayyam</rs>.</item>
               <item><label>7.</label> <rs type="text">Arte Poetica</rs>, de <rs type="person" key="P188">Horacio</rs>.</item>
               <item><label>8.</label> <rs type="person" key="P175">Shelley</rs>.</item>
               <item><label>9.</label> <rs type="person" key="P76">Bocage</rs>.</item>
               <item><label>10.</label> 
                  <rs type="text"><abbr>A<am>.</am></abbr> Castro</rs>, de  <rs type="person" key="P189">Antonio Ferreira</rs>.</item>        
               <item><label>11.</label><rs type="text">Anthologia Grega (Selecta)</rs>.</item>
               <item><label>12.</label> <rs type="person" key="P145">Camillo Pessanha</rs>.</item>
               <item><label>13.</label> <rs type="person" key="P26">Cesario Verde</rs>.</item>
               <item><label>14.</label> <rs type="person" key="P160">Soares de Passos</rs></item>
               <item><label>15.</label> <rs type="person" key="P172">João de Lemos</rs>.</item>
               <item><label>16.</label> <rs type="person" key="P190">João de Deus</rs>.</item>
               <item><label>17.</label> <rs type="person" key="P191">Castilho</rs>.</item>
               <item><label>18.</label> <rs type="person" key="P53">Antonio Nobre</rs>.</item>        
               <item><label>19.</label> <rs type="person" key="P124">José Duro</rs>.</item>
               <item><label>20.</label> <rs type="text">Poemas do Rig-Veda</rs>.</item>
               <item><label>21.</label> <rs type="text">O Bandarra</rs>.</item>
               <item><label>22.</label> <rs type="text">O Cantico dos Canticos</rs>.</item>
               <item><label>23.</label> <rs type="text">Ecclesiastes</rs>.</item>
               <item><label>24.</label> <rs type="text">Dos Cancioneiros</rs>.</item> 
               <item><label>25.</label> <rs type="text">Dispersão</rs>, de  <rs type="person" key="P30">Mário de Sá-Carneiro</rs>.</item> 
               <item><label>26.</label> <rs type="person" key="P180">Alberto Osorio de Castro</rs>.</item> 
               <item><label>27.</label> <rs type="person" key="P174">Augusto Gil</rs>.</item> 
               <item><label>28.</label> <rs type="person" key="P192">Fausto Guedes Teixeira</rs>.</item> 
               <item><label>29.</label> <rs type="person" key="P185">Arnold</rs>.</item> 
               <item><label>30.</label> <rs type="person" key="P185">Arnold</rs> – <rs type="text">Sohrab e Rustum</rs>.</item> 
               <item><label>31.</label> <rs type="text">O Prometheu Preso</rs>, de <rs type="person" key="P193">Eschylo</rs>.</item> 
               <item><label>32.</label> <rs type="person" key="P194">Leopardi</rs>.</item> 
               <item><label>33.</label> <rs type="person" key="P195">Gérard de Nerval</rs>.</item> 
               <item><label>34.</label> <rs type="person" key="P196">Verlaine</rs>.</item> 
               <item><label>35.</label> <rs type="person" key="P197">Mallarmé</rs>.</item> 
               <item><label>36.</label> <rs type="person" key="P176">Heine</rs>.</item> 
               <item><label>37.</label> <rs type="person" key="P198">Goethe</rs>.</item> 
               <item><label>38.</label> <rs type="person" key="P199">Lenau</rs>.</item>
               <item><label>39.</label> <rs type="person" key="P200">Francisco Costa</rs>.</item> 
               <item><label>40.</label> <rs type="person" key="P18">Anthero de Quental</rs> – <rs type="text">Sonetos</rs>.</item> 
               <item><label>41.</label> <rs type="person" key="P18">Anthero de Quental</rs> – <rs type="text">não-Sonetos</rs>.</item> 
               <item><label>42.</label> <rs type="text">Sonetos Portuguezes</rs>.</item> 
               <item><label>43.</label> <rs type="person" key="P80">Angelo de Lima</rs>.</item> 
               <item><label>44.</label> <rs type="person" key="P25">Guerra Junqueiro</rs></item>
               <item><label>45.</label> <rs type="person" key="P179">Gomes Leal</rs>.</item> 
               <item><label>46.</label> <rs type="text">A Phenix Renascida</rs>.</item> 
               <item><label>47.</label> <rs type="person" key="P162">Wordsworth</rs>.</item> 
               <item><label>48.</label> <rs type="person" key="P163">Coleridge</rs>.</item> 
               <item><label>49.</label> <rs type="text">Eprigrammas Francezes</rs>.</item> 
               <item><label>50.</label> <rs type="text">Epigrammas Portuguezes</rs>.</item> 
            </list>
         </div>
      </body>
   </text>
</TEI>
