<?xml version="1.0" encoding="UTF-8"?>
<?xml-model href="../schema/pessoaTEI.rng" type="application/xml" schematypens="http://relaxng.org/ns/structure/1.0"?>
<TEI xmlns="http://www.tei-c.org/ns/1.0">
   <teiHeader>
      <fileDesc>
         <titleStmt>
            <title>BNP/E3 49B<hi rend="superscript">6</hi>-19<hi rend="superscript">v</hi></title>
            <author>
               <rs type="name" key="FP">Fernando Pessoa</rs>
            </author>
            <respStmt>
               <resp>Transcrição, Edição</resp>
               <name>Pedro Sepúlveda</name>
            </respStmt>
            <respStmt>
               <resp>Codificação, Modelagem de dados</resp>
               <name>Ulrike Henny</name>
            </respStmt>
            <respStmt>
               <resp>Codificação</resp>
               <name>Isabel Figueiredo-Iken</name>
            </respStmt>
            <respStmt>
               <resp>Codificação</resp>
               <name>Sviatoslav Drach</name>
            </respStmt>
            <respStmt>
               <resp>Consultoria</resp>
               <name>Institut für Dokumentologie und Editorik (IDE)</name>
            </respStmt>
         </titleStmt>
         <publicationStmt>
            <publisher>Universidade Nova de Lisboa, Instituto de Estudos de Literatura e Tradição
               (IELT)</publisher>
            <publisher>Cologne Center for eHumanities (CCeH)</publisher>
            <date>2017</date>
            <availability>
               <licence target="http://creativecommons.org/licenses/by/3.0/"/>
            </availability>
            <idno type="filename">BNP_E3_49B6-19v.xml</idno>
         </publicationStmt>
         <sourceDesc>
            <msDesc>
               <msIdentifier>
                  <institution>Biblioteca Nacional de Portugal</institution>
                  <idno>BNP/E3 49B6-19v</idno>
               </msIdentifier>
               <msContents>
                  <summary>
                     <p>Lista manuscrita, publicada em <hi rend="italic">Sensacionismo e Outros Ismos</hi>
                        (2009, 82).</p>
                  </summary>
                  <msItemStruct>
                     <author>
                        <rs type="name" key="FP">Fernando Pessoa</rs>
                     </author>
                     <note type="genre">
                        <rs type="genre" key="lista_editorial">Lista editorial</rs>
                     </note>
                     <textLang mainLang="pt"/>
                  </msItemStruct>
               </msContents>
               <history>
                  <origin>
                     <p>
                        <origDate from="1916" to="1917" cert="medium">c. 1916-1917</origDate>
                     </p>
                  </origin>
               </history>
            </msDesc>
         </sourceDesc>
      </fileDesc>
   </teiHeader>
   <facsimile>
      <graphic
         url="bn-acpc-e-e3-49b-1-1-100_JPG_24-C-R0150/bn-acpc-e-e3-49b-6-1-100_0038_19v_t24-C-R0150.jpg"
      />
   </facsimile>
   <text>
      <body>
         <div>
            <list>
               <item xml:id="I1"><rs type="name" key="P30"> Mario de Sá-Carneiro</rs>: <supplied resp="PS"
                     reason="omitted-in-original"/>√</item>
               <item xml:id="I2"><rs type="name" key="P89"> Coelho Pacheco</rs>: <supplied resp="PS"
                     reason="omitted-in-original"/>√</item>
               <item xml:id="I3"><rs type="name" key="P59"> Albino de Menezes</rs>: <supplied resp="PS"
                     reason="omitted-in-original"/><note rend="circled">√</note></item>
               <item xml:id="I4"><rs type="name" key="P56"> José de Almada-Negreiros</rs>:<supplied
                     resp="PS" reason="omitted-in-original"/><rs type="name" key="FP"
                     role="author">Fernando Pessoa</rs>√</item>
               <item xml:id="I5"><anchor xml:id="A1"/><rs type="name" key="P109">Augusto<choice>
                        <abbr>F<am>.</am></abbr>
                        <expan>F<ex>erreira</ex></expan>
                     </choice>Gomes</rs>:<supplied resp="PS" reason="omitted-in-original"/><anchor
                     rend="#A1"/><note rend="circled">√</note></item>
               <item xml:id="I6"><rs type="name" key="P108"><anchor xml:id="A2"/>Silva Tavares</rs><anchor
                     rend="#A2"/>
                  <note rend="circled">√</note></item>
               <item xml:id="I7"><rs type="name" key="AdC"><anchor xml:id="A3"/>Alvaro de Campos</rs><anchor
                     rend="#A3"/>√</item>
            </list>
            <ab n="a">
               <note target="range(I1,I2,I3,I4,I5,I6,I7)" place="margin-right" type="addition"/>
               <note place="right">?</note>
               <metamark rend="curly bracket" function="grouping"/></ab>
            <gap reason="selection" unit="lines" extent="13"/>
         </div>
      </body>
   </text>
</TEI>
