<?xml version="1.0" encoding="UTF-8"?>
<?xml-model href="../schema/pessoaTEI.rng" type="application/xml" schematypens="http://relaxng.org/ns/structure/1.0"?>
<TEI xmlns="http://www.tei-c.org/ns/1.0">
   <teiHeader>
      <fileDesc>
         <titleStmt>
            <title>BNP/E3 114-79<hi rend="superscript">r</hi>
            </title>
            <author>
               <rs type="name" key="FP">Fernando Pessoa</rs>
            </author>
            <respStmt>
               <resp>Transcrição, Edição</resp>
               <name>Pedro Sepúlveda</name>
            </respStmt>
            <respStmt>
               <resp>Modelagem de dados, Codificação</resp>
               <name>Ulrike Henny-Krahmer</name>
            </respStmt>
            <respStmt>
               <resp>Codificação</resp>
               <name>Inês Filipa Rebelo do Carmo</name>
            </respStmt>
            <respStmt>
               <resp>Codificação</resp>
               <name>Isabel Figueiredo-Iken</name>
            </respStmt>
            <respStmt>
               <resp>Codificação</resp>
               <name>Sviatoslav Drach</name>
            </respStmt>
            <respStmt>
               <resp>Consultoria</resp>
               <name>Institut für Dokumentologie und Editorik (IDE)</name>
            </respStmt>
         </titleStmt><editionStmt><p>Corpus version C2.1.0</p></editionStmt>
         <publicationStmt>
            <publisher>Universidade Nova de Lisboa, Instituto de Estudos de Literatura e Tradição
               (IELT)</publisher>
            <publisher>Cologne Center for eHumanities (CCeH)</publisher>
            <date>2017</date>
            <availability status="free">
               <licence target="http://creativecommons.org/licenses/by/4.0/"/>
            </availability>
            <idno type="filename">BNP_E3_114-79r.xml</idno>
         </publicationStmt>
         <sourceDesc>
            <msDesc>
               <msIdentifier>
                  <institution>Biblioteca Nacional de Portugal</institution>
                  <idno>BNP/E3 114-79r</idno>
               </msIdentifier>
               <msContents>
                  <summary>
                     <p>Lista manuscrita, publicada em <hi rend="italic">Sensacionismo e Outros
                           Ismos</hi> (2009, 385). A folha de papel contém um esboço de carta
                        dirigida a um editor inglês, associado ao periódico literário <hi rend="italic">The Egoist</hi> e mencionando o envio do segundo número de
                           <hi rend="italic">Orpheu</hi>, publicado em julho de 1915. ʺNaval Odeʺ surge aqui
                        como possível tradução da <ref target="http://www.pessoadigital.pt/pt/pub/Campos_Ode_Maritima">ʺOde Marítimaʺ</ref>, 
                        enquanto que ʺSlanting Rainʺ seria a tradução de <ref target="http://www.pessoadigital.pt/pt/pub/Pessoa_Chuva-Obliqua">ʺChuva Oblíquaʺ</ref>.</p>
                  </summary>
                  <msItemStruct>
                     <author>
                        <rs type="name" key="FP">Fernando Pessoa</rs>
                     </author>
                     <note type="genre">
                        <rs type="genre" key="lista_editorial">Lista editorial</rs>
                     </note>
                     <textLang mainLang="pt" otherLangs="en"/>
                  </msItemStruct>
               </msContents>
               <history>
                  <origin>
                     <p>
                        <origDate when="1916" cert="medium">c. 1916</origDate>
                     </p>
                  </origin>
               </history>
            </msDesc>
         </sourceDesc>
      </fileDesc>
      <revisionDesc>
         <change when="2023-11-15" who="#FAF">
                    Added edition statement to the teiHeader
                </change>
         <change when="2024-02-26" who="#IRC">
            Added the key to Ode Marítima and replaced some punctuation.
         </change>
      </revisionDesc>
   </teiHeader>
   <facsimile xml:base="http://images.cceh.uni-koeln.de/pessoa/">
      <graphic url="bn-acpc-e-e3-114-1-1-119_JPG_24-C-R0150/bn-acpc-e-e3-114-1-1-119_0161_79_t24-C-R0150.jpg"/>
   </facsimile>
   <text>
      <body>
         <div>
            <gap reason="selection" unit="line" extent="19"/>
            <list>
               <head>
                  <hi rend="underline">Translations of:</hi>
               </head>
               <item>
                  <rs type="title">Naval Ode</rs>,</item>
               <item>
                  <rs type="title">Slanting Rain</rs>.</item>
               <item>
                  <rs type="title">Manucure.</rs>
               </item>
            </list>
            <list>
               <item>
                  <rs type="work">
                     <ref target="http://www.pessoadigital.pt/en/pub/Campos_Ode_Maritima">
                        <rs type="title" key="O4-11">Ode Maritima</rs>
                     </ref> — <rs type="name" key="AdC">
                        <choice>
                           <abbr>Alv<am>.</am>
                           </abbr>
                           <expan>Alv<ex>aro</ex>
                           </expan>
                        </choice> de Campos.</rs>
                  </rs>
               </item>
               <item>
                  <rs type="title">A Passagem das Horas</rs> — o mesmo.</item>
               <item>
                  <rs type="work">
                     <rs type="title">Scena do Odio</rs> — <rs type="name" key="P56">
                        <choice>
                           <abbr>J<am>.</am> Alm<am>.</am>
                           </abbr>
                           <expan>J<ex>osé</ex>
                              <ex>de</ex> Alm<ex>ada</ex>
                           </expan>
                        </choice> Negreiros.</rs>
                  </rs>
               </item>
            </list>
            <gap reason="selection" unit="line" extent="3"/>
         </div>
      </body>
   </text>
</TEI>
