<?xml version="1.0" encoding="UTF-8"?>
<?xml-model href="../schema/pessoaTEI.rng" type="application/xml" schematypens="http://relaxng.org/ns/structure/1.0"?>
<TEI xmlns="http://www.tei-c.org/ns/1.0">
   <teiHeader>
      <fileDesc>
         <titleStmt>
            <title>BNP/E3 144X-5<hi rend="superscript">r</hi></title>
            <author>
               <rs type="name" key="FP">Fernando Pessoa</rs>
            </author>
            <respStmt>
               <resp>Transcrição, Edição</resp>
               <name>Pedro Sepúlveda</name>
            </respStmt>
            <respStmt>
               <resp>Codificação, Modelagem de dados</resp>
               <name>Ulrike Henny-Krahmer</name>
            </respStmt>
            <respStmt>
               <resp>Codificação</resp>
               <name>Isabel Figueiredo-Iken</name>
            </respStmt>
            <respStmt>
               <resp>Codificação</resp>
               <name>Sviatoslav Drach</name>
            </respStmt>
            <respStmt>
               <resp>Consultoria</resp>
               <name>Institut für Dokumentologie und Editorik (IDE)</name>
            </respStmt>
         </titleStmt>
         <publicationStmt>
            <publisher>Universidade Nova de Lisboa, Instituto de Estudos de Literatura e Tradição
               (IELT)</publisher>
            <publisher>Cologne Center for eHumanities (CCeH)</publisher>
            <date>2017</date>
            <availability>
               <licence target="http://creativecommons.org/licenses/by/3.0/"/>
            </availability>
            <idno type="filename">BNP_E3_144X-5r.xml</idno>
         </publicationStmt>
         <sourceDesc>
            <msDesc>
               <msIdentifier>
                  <institution>Biblioteca Nacional de Portugal</institution>
                  <idno>BNP/E3 144X-5r</idno>
               </msIdentifier>
               <msContents>
                  <summary>
                     <p>Lista manuscrita no caderno 144X (cf. <ref target="http://purl.pt/13898"
                           >http://purl.pt/13898</ref>).</p>
                  </summary>
                  <msItemStruct>
                     <author>
                        <rs type="name" key="FP">Fernando Pessoa</rs>
                     </author>
                     <note type="genre">
                        <rs type="genre" key="lista_editorial">Lista editorial</rs>
                     </note>
                     <textLang mainLang="pt" otherLangs="en"/>
                  </msItemStruct>
               </msContents>
               <history>
                  <origin>
                     <p>
                        <origDate when="1915" cert="medium">c. 1915</origDate>
                     </p>
                  </origin>
               </history>
            </msDesc>
         </sourceDesc>
      </fileDesc>
   </teiHeader>
   <facsimile>
      <graphic url="bn-acpc-e-e3_144x_JPG_24-C-R0150/bn-acpc-e-e3_144x_0009_5r_t24-C-R0150.jpg"/>
      <graphic url="bn-acpc-e-e3_144x_JPG_24-C-R0150/bn-acpc-e-e3_144x_0010_5v_t24-C-R0150.jpg"/>
   </facsimile>
   <text>
      <body>
         <div>
            <head><hi rend="underline">Contos.</hi></head>
            <list>
               <item>
                  <label>1.</label>
                  <rs type="title">A Perversão ao Longe</rs>. </item>
               <item>
                  <label>2.</label>
                  <rs type="title">Elogio historico de D. Miguel Roupinho.</rs>
               </item>
               <item>
                  <label>3.</label>
                  <rs type="title">O livro do rey Igorab</rs>. </item>
               <item>
                  <label>4.</label>
                  <rs type="title">O pó</rs>. </item>
               <item>
                  <label>5.</label>
                  <rs type="title">A Morte do dr. Cerdeira</rs>. </item>
               <item>
                  <label>6.</label>
                  <rs type="title">A perda do hiate “Nada.”</rs>
               </item>
               <item>
                  <label>7.</label>
                  <rs type="title">O desapparecimento do <choice>
                        <abbr>prof<am>.</am></abbr>
                        <expan>prof<ex>essor</ex></expan>
                     </choice> Serzedas.</rs>
               </item>
               <item>
                  <label>8.</label>
                  <rs type="title">O desconhecido</rs>. </item>
               <item>
                  <label>9.</label>
                  <rs type="title">A Grande symphonia (Master-Musician)</rs>. </item>
               <item>
                  <label>10.</label>
                  <rs type="title">Jacob Dermot</rs>. </item>
               <item>
                  <label>11.</label>
                  <rs type="title">A porta</rs>. </item>
               <item>
                  <label>12.</label>
                  <rs type="title">Um jantar muito original</rs>. </item>
               <item>
                  <label>13.</label>
                  <rs type="title">Na casa de saúde de Cascaes</rs>. </item>
               <item>
                  <label>14.</label>
                  <rs type="title">Uma tarde clerical</rs>. </item>
               <item>
                  <label>15.</label>
                  <rs type="title">Uma lição, ao ar livre, de philosophia scientifica</rs>. </item>
               <item>
                  <label>16.</label>
                  <rs type="title">O circulo da vida</rs>. </item>
               <item>
                  <label>17.</label>
                  <rs type="title">Deus, principio do Mal</rs>. </item>
               <item>
                  <label>18.</label>
                  <rs type="title">O sonho de Buddha</rs>. </item>
               <item>
                  <label>19.</label>
                  <rs type="title">O prior de Buarcos</rs>. </item>
               <item>
                  <label>20.</label>
                  <rs type="title"><hi rend="underline">N</hi> dimensões</rs>. </item>
               <item>
                  <label>21.</label>
                  <rs type="title">A tortura pela escuridão</rs>.</item>
               <pb n="2"/>
               <item>
                  <label>22.</label>
                  <rs type="title">O manuscripto de Ludovico Ricci</rs>.</item>
               <item>
                  <label>23.</label>
                  <rs type="title">O eremita da Serra Negra</rs>.</item>
               <item>
                  <label>24.</label>
                  <rs type="title">Num bar de Londres</rs>.</item>
               <item>
                  <label>25.</label>
                  <rs type="title">O Mendigo</rs>.</item>
               <item>
                  <label>26.</label>
                  <rs type="title">O Manuscripto indefinido</rs>. </item>
               <item>
                  <label>27.</label>
                  <rs type="title">O Eunuco (“<rs type="title">Na Pharmacia do Evaristo</rs>”)</rs>. </item>
               <item>
                  <label>28.</label>
                  <rs type="title">O Orphão absoluto (<choice>
                        <abbr><metamark rend="line-14" function="ditto"/></abbr>
                        <expan><rs type="title">Na Pharmacia do Evaristo</rs></expan>
                     </choice>).</rs>
               </item>
               <item>
                  <label>29.</label>
                  <rs type="title">O caso da Azinhaga do Meio</rs>. </item>
               <item>
                  <label>30.</label>
                  <rs type="title">O Morrimento</rs>. </item>
               <item>
                  <label>31.</label>
                  <rs type="title">Manuscripto d’um alienista devido</rs>. </item>
               <item>
                  <label>32.</label>
                  <rs type="title">Do caderno d’um sceptico</rs>. </item>
               <item>
                  <label>33.</label>
                  <rs type="title">O philatelista</rs>
               </item>
               <item>
                  <label>34.</label>
                  <rs type="title">O caso do professor de sciencias. <seg rend="right">(<rs
                           type="title"><rs type="name" key="P34">Quaresma</rs>
                        Decifrador</rs>)</seg></rs>
               </item>
               <item>
                  <label>35.</label>
                  <rs type="title">O caso do <choice>
                        <abbr>s<am>.</am></abbr>
                        <expan>s<ex>enhor</ex></expan>
                     </choice> Arnott. <seg rend="right">(<choice>
                           <abbr><metamark rend="line-14" function="ditto"/></abbr>
                           <expan><rs type="title"><rs type="name" key="P34">Quaresma</rs>
                                 Decifrador</rs></expan>
                        </choice>)</seg></rs>
               </item>
               <item>
                  <label>36.</label>
                  <rs type="title">A equação do 2º grau. <seg rend="right">(<choice>
                           <abbr><metamark rend="line-14" function="ditto"/></abbr>
                           <expan><rs type="title"><rs type="name" key="P34">Quaresma</rs>
                                 Decifrador</rs></expan>
                        </choice>)</seg></rs>
               </item>
               <item>
                  <label>37.</label>
                  <rs type="title">O roubo na rua dos Capellistas <seg rend="right">(<choice>
                           <abbr><metamark rend="line-14" function="ditto"/></abbr>
                           <expan><rs type="title"><rs type="name" key="P34">Quaresma</rs>
                                 Decifrador</rs></expan>
                        </choice>)</seg></rs>
               </item>
               <item>
                  <label>38.</label>
                  <rs type="title">A experiencia do Dr. Lacroix (mediador plastico)</rs>
               </item>
               <item>
                  <label>39.</label>
                  <rs type="title">O que me disse o general Barcellos.</rs>
               </item>
               <item>
                  <label>40.</label>
                  <rs type="title">Notas sobre um suicida</rs>. </item>
               <item>
                  <label>41.</label>
                  <rs type="title">Na “Brazileira.”</rs>
               </item>
               <item>
                  <label>42.</label>
                  <rs type="title">O segredo do dr. Borja (timidez)</rs>
               </item>
               <item>
                  <label>43.</label>
                  <supplied resp="PS" reason="omitted-in-original"/>
               </item>
               <item>
                  <label>44.</label>
                  <supplied resp="PS" reason="omitted-in-original"/>
               </item>
            </list>
         </div>
      </body>
   </text>
</TEI>
