<?xml version="1.0" encoding="UTF-8"?>
<?xml-model href="../schema/pessoaTEI.rng" type="application/xml" schematypens="http://relaxng.org/ns/structure/1.0"?>
<TEI xmlns="http://www.tei-c.org/ns/1.0">
   <teiHeader>
      <fileDesc>
         <titleStmt>
            <title>BNP/E3 135A-54<hi rend="superscript">r</hi></title>
            <author>
               <rs type="name" key="FP">Fernando Pessoa</rs>
            </author>
            <respStmt>
               <resp>Transcrição, Edição</resp>
               <name>Pedro Sepúlveda</name>
            </respStmt>
            <respStmt>
               <resp>Transcrição</resp>
               <name>Pablo Javier Pérez López</name>
            </respStmt>
            <respStmt>
               <resp>Codificação, Modelagem de dados</resp>
               <name>Ulrike Henny-Krahmer</name>
            </respStmt>
            <respStmt>
               <resp>Codificação</resp>
               <name>Isabel Figueiredo-Iken</name>
            </respStmt>
            <respStmt>
               <resp>Codificação</resp>
               <name>Sviatoslav Drach</name>
            </respStmt>
            <respStmt>
               <resp>Consultoria</resp>
               <name>Institut für Dokumentologie und Editorik (IDE)</name>
            </respStmt>
         </titleStmt>
         <publicationStmt>
            <publisher>Universidade Nova de Lisboa, Instituto de Estudos de Literatura e Tradição
               (IELT)</publisher>
            <publisher>Cologne Center for eHumanities (CCeH)</publisher>
            <date>2017</date>
            <availability>
               <licence target="http://creativecommons.org/licenses/by/3.0/"/>
            </availability>
            <idno type="filename">BNP_E3_135A-54r.xml</idno>
         </publicationStmt>
         <sourceDesc>
            <msDesc>
               <msIdentifier>
                  <institution>Biblioteca Nacional de Portugal</institution>
                  <idno>BNP/E3 135A-54r</idno>
               </msIdentifier>
               <msContents>
                  <summary>
                     <p> Lista manuscrita, publicada em <hi rend="italic">Sensacionismo e outros
                        Ismos</hi> (2009, 101). </p>
                  </summary>
                  <msItemStruct>
                     <author>
                        <rs type="name" key="FP">Fernando Pessoa</rs>
                     </author>
                     <note type="genre">
                        <rs type="genre" key="lista_editorial">Lista editorial</rs><rs type="genre"
                           key="plano_editorial">Plano editorial</rs>
                     </note>
                     <textLang mainLang="pt" otherLangs="en"/>
                  </msItemStruct>
               </msContents>
               <history>
                  <origin>
                     <p>
                        <origDate when="1919" cert="medium">c. 1919</origDate>
                     </p>
                  </origin>
               </history>
            </msDesc>
         </sourceDesc>
      </fileDesc>
   </teiHeader>
   <facsimile>
      <graphic
         url="bn-acpc-e-e3-135a-1-100_JPG_24-C-R0150/bn-acpc-e-e3-135a-1-100_0107_54_t24-C-R0150.jpg"
      />
   </facsimile>
   <text>
      <body>
         <div>
            <head><hi rend="underline">HACKWORK.</hi></head>
            <list>
               <item><label>1.</label>
                  Artigos em <rs type="periodical" key="J5">“A Aguia”</rs> –<lb/> 2 primeiros<lb/>
                  <choice>
                     <abbr> Art<am>.</am></abbr>
                     <expan> Art<ex>igo</ex></expan>
                  </choice>
                  <choice>
                     <abbr>s<am>.</am></abbr>
                     <expan>s<ex>obre</ex></expan>
                  </choice> <rs type="name" key="P56">Almada-Negreiros</rs>. </item>
               <item><label>2.</label>
                  Artigo em <rs type="periodical" key="J70">“Exilio”.</rs></item>
               <item><label>3.</label>
                  Os artigos em <rs type="periodical" key="J7">
                     <hi rend="underline">O Theatro.</hi></rs></item>
               <item><label>4.</label>
                  Chronicas em <rs type="periodical"><hi rend="underline">“<rs type="periodical" key="J45">0
                        Jornal</rs>”</hi>.</rs></item>
               <item><label>5.</label>
                  Resposta ao <choice>
                     <abbr>Inq<am>.</am></abbr>
                     <expan>Inq<ex/>uerito</expan>
                  </choice> Literario.</item>
               <item><label>6.</label>
                  <rs type="title">Paues</rs> (“<rs type="periodical" key="J27">Renascença</rs>”)</item>
               <item><label>7.</label>
                  “<rs type="title">Como organizar <rs type="place">Portugal</rs>.”</rs></item>
            </list>
         </div>
      </body>
   </text>
</TEI>
