<?xml version="1.0" encoding="UTF-8"?>
<?xml-model href="../schema/pessoaTEI.rng" type="application/xml" schematypens="http://relaxng.org/ns/structure/1.0"?>
<TEI xmlns="http://www.tei-c.org/ns/1.0">
   <teiHeader>
      <fileDesc>
         <titleStmt>
            <title>BNP/E3 48B-109<hi rend="superscript">r</hi></title>
            <author>
               <rs type="name" key="FP">Fernando Pessoa</rs>
            </author>
            <respStmt>
               <resp>Transcrição, Edição</resp>
               <name>Pedro Sepúlveda</name>
            </respStmt>
            <respStmt>
               <resp>Codificação, Modelagem de dados</resp>
               <name>Ulrike Henny-Krahmer</name>
            </respStmt>
            <respStmt>
               <resp>Codificação</resp>
               <name>Isabel Figueiredo-Iken</name>
            </respStmt>
            <respStmt>
               <resp>Codificação</resp>
               <name>Sviatoslav Drach</name>
            </respStmt>
            <respStmt>
               <resp>Consultoria</resp>
               <name>Institut für Dokumentologie und Editorik (IDE)</name>
            </respStmt>
         </titleStmt>
         <publicationStmt>
            <publisher>Universidade Nova de Lisboa, Instituto de Estudos de Literatura e Tradição
               (IELT)</publisher>
            <publisher>Cologne Center for eHumanities (CCeH)</publisher>
            <date>2017</date>
            <availability>
               <licence target="http://creativecommons.org/licenses/by/3.0/"/>
            </availability>
            <idno type="filename">BNP_E3_48B-109r.xml</idno>
         </publicationStmt>
         <sourceDesc>
            <msDesc>
               <msIdentifier>
                  <institution>Biblioteca Nacional de Portugal</institution>
                  <idno>BNP/E3 48B-109r</idno>
               </msIdentifier>
               <msContents>
                  <summary>
                     <p>Lista manuscrita, publicada em Sepúlveda e Uribe, <hi rend="italic">O
                           planeamento editorial de Fernando Pessoa</hi> (2016, 170).</p>
                  </summary>
                  <msItemStruct>
                     <author>
                        <rs type="name" key="FP">Fernando Pessoa</rs>
                     </author>
                     <note type="genre">
                        <rs type="genre" key="lista_editorial">Lista editorial</rs>
                     </note>
                     <textLang mainLang="pt"/>
                  </msItemStruct>
               </msContents>
               <history>
                  <origin>
                     <p>
                        <origDate when="1924" cert="medium">c. 1924</origDate>
                     </p>
                  </origin>
               </history>
            </msDesc>
         </sourceDesc>
      </fileDesc>
   </teiHeader>
   <facsimile>
      <graphic
         url="bn-acpc-e-e3-48b-1-158_JPG_24-C-R0150/bn-acpc-e-e3-48b-1-158_0224_109_t24-C-R0150.jpg"
      />
   </facsimile>
   <text>
      <body>
         <div>
            <gap reason="selection" unit="line" extent="3"/>
            <metamark rend="line-44" function="distinct"/>
            <head><hi rend="underline">Nº. 1</hi> – 1<subst>
               <del rend="overtyped">7</del>
               <add place="above">0</add>
            </subst>
               <choice>
                  <abbr> pag<am>.</am></abbr>
                  <expan>pag<ex>inas</ex></expan>
               </choice></head>
            <note place="margin-right"><hi rend="circled"><metamark rend="space" function="note"/></hi></note>
            <list>
               <item><label>1.</label><rs type="title">O Corvo</rs> – 4.</item>
               <item><label>2.</label><rs type="name" key="P81"><choice>
                        <abbr>M<am>.</am></abbr>
                        <expan>M<ex>anuel</ex></expan>
                     </choice> da Veiga</rs> – 2.</item>
               <item><label>3.</label><rs type="title">Gladio</rs> – 1.</item>
               <item><label>4.</label><rs type="name" key="P161">O’Shaughnessy</rs> – <subst>
                  <del rend="overstrike">2</del>
                  <add place="after">1.</add>
               </subst>
                  </item>
               <item><label>5.</label><rs type="title"> O celebre soneto mystico. </rs>– 1 </item>
               <item>? <label>6.</label><subst>
                     <del rend="overstrike">Uma cousa do Frei <gap reason="illegible" extent="1"
                           unit="word"/> – 2</del>
                     <add place="above">
                        <rs type="name" key="P30">Mario de Sá-Carneiro</rs> – 2 (Caranguejola)</add>
                  </subst> </item>
               <item>?<label>7.</label>
                  <rs type="name" key="RR" role="author">Ricardo Reis</rs> – 1.</item>
            </list>
            <div rend="right">
            <note rend="framed"> Apice </note>
            </div>
            <metamark rend="line-44" function="distinct"/>
            <div>
            <p>(6 <choice>
                  <abbr>pag<am>.</am></abbr>
                  <expan>pag<ex>inas</ex></expan>
               </choice> 10 numeros from <lb/> volume.)</p>
            </div>
            <metamark rend="line-44" function="distinct"/>
            <div>
              <p><subst><del rend="overstrike">6</del> <add place="above">5</add></subst> <choice>
                  <abbr>pag<am>.</am></abbr>
                  <expan>pag<ex>inas</ex></expan>
               </choice> assinadas – a 50$00 = 320$00
              </p>
               <p>1 <metamark rend="quotes" function="ditto"/><metamark rend="quotes" function="ditto"/>
                  – a 20$00</p>
         </div>
         </div>
      </body>
   </text>
</TEI>
