<?xml version="1.0" encoding="UTF-8"?>
<?xml-model href="../schema/pessoaTEI.rng" type="application/xml" schematypens="http://relaxng.org/ns/structure/1.0"?>
<TEI xmlns="http://www.tei-c.org/ns/1.0">
   <teiHeader>
      <fileDesc>
         <titleStmt>
            <title>BNP/E3 144D<hi rend="superscript">2</hi>-111<hi rend="superscript">r</hi></title>
            <author>
               <rs type="name" key="FP">Fernando Pessoa</rs>
            </author>
            <respStmt>
               <resp>Transcrição, Edição</resp>
               <name>Pedro Sepúlveda</name>
            </respStmt>
            <respStmt>
               <resp>Transcrição</resp>
               <name>Pablo Javier Pérez López</name>
            </respStmt>
            <respStmt>
               <resp>Transcrição</resp>
               <name>Jorge Uribe</name>
            </respStmt>
            <respStmt>
               <resp>Codificação, Modelagem de dados</resp>
               <name>Ulrike Henny</name>
            </respStmt>
            <respStmt>
               <resp>Codificação</resp>
               <name>Isabel Figueiredo-Iken</name>
            </respStmt>
            <respStmt>
               <resp>Codificação</resp>
               <name>Sviatoslav Drach</name>
            </respStmt>
            <respStmt>
               <resp>Consultoria</resp>
               <name>Institut für Dokumentologie und Editorik (IDE)</name>
            </respStmt>
         </titleStmt>
         <publicationStmt>
            <publisher>Universidade Nova de Lisboa, Instituto de Estudos de Literatura e Tradição
               (IELT)</publisher>
            <publisher>Cologne Center for eHumanities (CCeH)</publisher>
            <date>2016</date>
            <availability>
               <licence target="http://creativecommons.org/licenses/by/3.0/"/>
            </availability>
            <idno type="filename">BNP_E3_144D2-111r.xml</idno>
         </publicationStmt>
         <sourceDesc>
            <msDesc>
               <msIdentifier>
                  <institution>Biblioteca Nacional de Portugal</institution>
                  <idno>BNP/E3 144D2-111r</idno>
               </msIdentifier>
               <msContents>
                  <summary>
                     <p> Lista manuscrita no caderno 144D<hi rend="superscript">2</hi> (cf. <ref
                        target="http://purl.pt/13880">http://purl.pt/13880</ref>), publicada em <hi
                           rend="italic">Sensacionismo e outros Ismos</hi> (2009, 343). </p>
                  </summary>
                  <msItemStruct>
                     <author>
                        <rs type="name" key="FP">Fernando Pessoa</rs>
                     </author>
                     <note type="genre">
                        <rs type="genre" key="lista_editorial">Lista editorial</rs><rs type="genre"
                           key="plano_editorial">Plano editorial</rs>
                     </note>
                     <textLang mainLang="pt"/>
                  </msItemStruct>
               </msContents>
               <history>
                  <origin>
                     <p>
                        <origDate from="1913" to="1914" cert="medium">c. 1913-1914</origDate>
                     </p>
                  </origin>
               </history>
            </msDesc>
         </sourceDesc>
      </fileDesc>
   </teiHeader>
   <facsimile>
      <graphic url="bn-acpc-e-e3_144d2_JPG_24-C-R0150/bn-acpc-e-e3_144d2_0283_111r_t24-C-R0150.jpg"
      />
   </facsimile>
   <text>
      <body>
         <div>
            <head>Q.</head>
            <list>
               <item><hi rend="underline"><rs type="title">Aureola</rs></hi> – poemas extensos.</item>
               <metamark rend="line-44" function="distinct"/>
               <item><hi rend="underline"><rs type="title">Episodios</rs></hi> – varios pequenos livros</item>
               <metamark rend="line-44" function="distinct"/>
               <item><hi rend="underline"><del rend="overstrike">Paues</del> <rs type="title">Gladio</rs></hi> – 2 partes
                  : Portugal</item>
               <item><note place="right"> (3) : (Poemas mysticos)</note></item>
               <metamark rend="line-44" function="distinct"/>
               <item><hi rend="underline"><rs type="title">As sete salas do palacio abandonado</rs></hi></item>
               <item><note place="centre">7 partes.</note></item>
               <metamark rend="line-44" function="end"/>
            </list>
         </div>
      </body>
   </text>
</TEI>
