<?xml version="1.0" encoding="UTF-8"?>
<?xml-model href="../schema/pessoaTEI.rng" type="application/xml" schematypens="http://relaxng.org/ns/structure/1.0"?>
<TEI xmlns="http://www.tei-c.org/ns/1.0">
   <teiHeader>
      <fileDesc>
         <titleStmt>
            <title>BNP/E3 133F-36<hi rend="superscript">v</hi>
            </title>
            <author>
               <rs type="name" key="FP">Fernando Pessoa</rs>
            </author>
            <respStmt>
               <resp>Transcrição, Edição</resp>
               <name>Pedro Sepúlveda</name>
            </respStmt>
            <respStmt>
               <resp>Transcrição</resp>
               <name>Pablo Javier Pérez López</name>
            </respStmt>
            <respStmt>
               <resp>Modelagem de dados, Codificação</resp>
               <name>Ulrike Henny-Krahmer</name>
            </respStmt>
            <respStmt>
               <resp>Codificação</resp>
               <name>Inês Filipa Rebelo do Carmo</name>
            </respStmt>
            <respStmt>
               <resp>Codificação</resp>
               <name>Isabel Figueiredo-Iken</name>
            </respStmt>
            <respStmt>
               <resp>Codificação</resp>
               <name>Sviatoslav Drach</name>
            </respStmt>
            <respStmt>
               <resp>Consultoria</resp>
               <name>Institut für Dokumentologie und Editorik (IDE)</name>
            </respStmt>
         </titleStmt><editionStmt><p>Corpus version C2.1.0</p></editionStmt>
         <publicationStmt>
            <publisher>Universidade Nova de Lisboa, Instituto de Estudos de Literatura e Tradição
               (IELT)</publisher>
            <publisher>Cologne Center for eHumanities (CCeH)</publisher>
            <date>2017</date>
            <availability status="free">
               <licence target="http://creativecommons.org/licenses/by/4.0/"/>
            </availability>
            <idno type="filename">BNP_E3_133F-36v.xml</idno>
         </publicationStmt>
         <sourceDesc>
            <msDesc>
               <msIdentifier>
                  <institution>Biblioteca Nacional de Portugal</institution>
                  <idno>BNP/E3 133F-36v</idno>
               </msIdentifier>
               <msContents>
                  <summary>
                     <p> Lista manuscrita, publicada em <hi rend="italic">Prosa de Álvaro de
                           Campos</hi> (2012, 293). </p>
                  </summary>
                  <msItemStruct>
                     <author>
                        <rs type="name" key="FP">Fernando Pessoa</rs>
                     </author>
                     <note type="genre">
                        <rs type="genre" key="lista_editorial">Lista editorial</rs>
                        <rs type="genre" key="plano_editorial">Plano editorial</rs>
                     </note>
                     <textLang mainLang="pt"/>
                  </msItemStruct>
               </msContents>
               <history>
                  <origin>
                     <p>
                        <origDate when="1925" cert="medium">c. 1925</origDate>
                     </p>
                  </origin>
               </history>
            </msDesc>
         </sourceDesc>
      </fileDesc>
      <revisionDesc>
         <change when="2023-11-15" who="#FAF">
                    Added edition statement to the teiHeader
                </change>
         <change when="2024-02-06" who="#IRC">
            Added title keys.
         </change>
      </revisionDesc>
   </teiHeader>
   <facsimile xml:base="http://images.cceh.uni-koeln.de/pessoa/">
      <graphic url="bn-acpc-e-e3-133f-1-100_JPG_24-C-R0150/bn-acpc-e-e3-133f-1-100_0074_36v_t24-C-R0150.jpg"/>
   </facsimile>
   <text>
      <body>
         <div>
            <delSpan rend="overstrike" spanTo="#A1"/>
            <list rend="rotate-left">
               <item xml:id="I1">
                  <label>1.</label>
                  <ref target="http://www.pessoadigital.pt/en/pub/Campos_Ultimatum">
                     <rs type="title" key="W202">Ultimatum</rs>
                  </ref>. </item>
               <item xml:id="I2">
                  <label>2.</label>
                  <rs type="title">Desnivelamento</rs>
               </item>
               <item xml:id="I3">
                  <label>3.</label>
                  <ref target="http://www.pessoadigital.pt/en/pub/Campos_O_Que_e_a_Metaphysica">
                     <rs type="title" key="W210">O que é a <choice>
                           <abbr>met<am>.</am>
                           </abbr>
                           <expan>met<ex>aphysica</ex>
                           </expan>
                        </choice>?</rs>
                  </ref>
                  <note place="margin-left" target="range(I1,I5)">
                     <metamark rend="curly-bracket" function="grouping"/>
                  </note>
               </item>
               <item xml:id="I4">
                  <label>4.</label>
                  <ref target="http://www.pessoadigital.pt/en/pub/Campos_Apontamentos_para_uma_Esthetica">
                     <rs type="title" key="W206">Apontamentos</rs>
                  </ref>
               </item>
               <item xml:id="I5">
                  <label>5.</label>
                  <rs type="title">Inhelenismo</rs>
               </item>
            </list>
            <metamark rend="line" function="distinct"/>
            <ab rend="center">Subsidios <lb/> para o estudo <lb/> do futuro <metamark rend="arrow-right-down" target="#A2" function="assignment"/>
            </ab>
            <metamark rend="line" function="distinct"/>
            <ab rend="right">
               <del>
                  <gap reason="illegible" unit="word" extent="1"/>
               </del>
            </ab>
            <metamark rend="line" function="distinct"/>
            <ab rend="right">
               <anchor xml:id="A2"/> (subtitulo)</ab>
            <metamark rend="line" function="distinct"/>
            <ab rend="center">
               <hi rend="underline">Desnivelamento</hi> (titulo da <lb/> carta a <rs type="name" key="P144">
                  <choice>
                     <abbr>J<am>.</am>
                     </abbr>
                     <expan>J<ex>osé</ex>
                     </expan>
                  </choice> Pacheco</rs>) </ab>
            <metamark rend="line" function="distinct"/>
            <list>
               <item>
                  <label>1.</label>
                  <ref target="http://www.pessoadigital.pt/en/pub/Campos_Ultimatum">
                     <rs type="title" key="W202">Ultimatum</rs>
                  </ref> de <rs type="name" key="AdC" role="author">
                     <choice>
                        <abbr>A<am>.</am> de C<am>.</am>
                        </abbr>
                        <expan>A<ex>lvaro</ex> de C<ex>ampos</ex>
                        </expan>
                     </choice>
                  </rs>. </item>
               <item xml:id="I6">
                  <label>2.</label>
                  <rs type="title">Carro Electrico</rs>
                  <note place="margin-right"> O incidente dado com <lb/> este castelhano de <lb/>
                     casa? </note>
                  <note place="margin-left" target="range(I6,I7)">
                     <metamark rend="curly-bracket" function="grouping">
                        <label rend="rotate-left">Quase-<lb/>Epistolario</label>
                     </metamark>
                  </note>
               </item>
               <item xml:id="I7">
                  <label>3.</label>
                  <rs type="title">Desnivelamento</rs>
               </item>
               <item>
                  <label>4.</label>
                  <subst>
                     <del rend="overstrike">Apontamentos</del>
                     <add place="above">
                        <ref target="http://www.pessoadigital.pt/en/pub/Campos_O_Que_e_a_Metaphysica"><rs type="title" key="W210">O que é a Metaphysica?</rs></ref>
                     </add>
                  </subst>...... </item>
               <item>
                  <label>5.</label>
                  <ref target="http://www.pessoadigital.pt/en/pub/Campos_Apontamentos_para_uma_Esthetica">
                     <rs type="title" key="W206">Apontamentos...</rs>
                  </ref>
               </item>
               <item>
                  <label>6.</label>
                  <rs type="title">Prefacio(s) a nada</rs>. <note place="margin-right">
                     <list>
                        <item xml:id="I8">
                           <label>1.</label>
                           <rs type="title">
                              <choice>
                                 <abbr>Pref<am>.</am>
                                 </abbr>
                                 <expan>Pref<ex>acio</ex>
                                 </expan>
                              </choice> a <rs type="name" key="AC" role="topic">Caeiro</rs>
                           </rs>
                        </item>
                        <item xml:id="I9">
                           <label>2.</label>
                           <rs type="title">
                              <choice>
                                 <abbr>Pref<am>.</am>
                                 </abbr>
                                 <expan>Pref<ex>acio</ex>
                                 </expan>
                              </choice> aos <choice>
                                 <abbr>Manif<am>.</am>
                                 </abbr>
                                 <expan>Manif<ex>estos</ex>
                                 </expan>
                              </choice>
                           </rs>
                           <note place="margin-left">
                              <metamark function="grouping" rend="curly-bracket" target="range(I8,I10)"/>
                           </note>
                        </item>
                        <item xml:id="I10">
                           <label>3.</label>
                           <supplied resp="PS" reason="omitted-in-original"/>
                        </item>
                     </list>
                  </note>
               </item>
               <item>
                  <label>7.</label>
                  <rs type="title">Inhellenismo</rs> (Notas). </item>
               <item>
                  <label>8.</label>
                  <rs type="title">Subsidios para o Estudo do Futuro</rs>. </item>
            </list>
         </div>
         <anchor xml:id="A1"/>
      </body>
   </text>
</TEI>
