<?xml version="1.0" encoding="UTF-8"?>
<?xml-model href="../schema/pessoaTEI.rng" type="application/xml" schematypens="http://relaxng.org/ns/structure/1.0"?>
<TEI xmlns="http://www.tei-c.org/ns/1.0">
   <teiHeader>
      <fileDesc>
         <titleStmt>
            <title>BNP/E3 48C-29<hi rend="superscript">r</hi>
            </title>
            <author>
               <rs type="name" key="FP">Fernando Pessoa</rs>
            </author>
            <respStmt>
               <resp>Transcrição, Edição</resp>
               <name>Pedro Sepúlveda</name>
            </respStmt>
            <respStmt>
               <resp>Transcrição</resp>
               <name>Pablo Javier Pérez López</name>
            </respStmt>
            <respStmt>
               <resp>Transcrição</resp>
               <name>Jorge Uribe</name>
            </respStmt>
            <respStmt>
               <resp>Modelagem de dados, Codificação</resp>
               <name>Ulrike Henny-Krahmer</name>
            </respStmt>
            <respStmt>
               <resp>Codificação</resp>
               <name>Isabel Figueiredo-Iken</name>
            </respStmt>
            <respStmt>
               <resp>Codificação</resp>
               <name>Inês Filipa Rebelo do Carmo</name>
            </respStmt>
            <respStmt>
               <resp>Codificação</resp>
               <name>Sviatoslav Drach</name>
            </respStmt>
            <respStmt>
               <resp>Consultoria</resp>
               <name>Institut für Dokumentologie und Editorik (IDE)</name>
            </respStmt>
         </titleStmt><editionStmt><p>Corpus version C2.1.0</p></editionStmt>
         <publicationStmt>
            <publisher>Universidade Nova de Lisboa, Instituto de Estudos de Literatura e
                    Tradição (IELT)</publisher>
            <publisher>Cologne Center for eHumanities (CCeH)</publisher>
            <date>2017</date>
            <availability status="free">
               <licence target="http://creativecommons.org/licenses/by/4.0/"/>
            </availability>
            <idno type="filename">BNP_E3_48C-29r.xml</idno>
         </publicationStmt>
         <sourceDesc>
            <msDesc>
               <msIdentifier>
                  <institution>Biblioteca Nacional de Portugal</institution>
                  <idno>BNP/E3 48C-29r</idno>
               </msIdentifier>
               <msContents>
                  <summary>
                     <p> Lista datilografada, publicada em <hi rend="italic">Livro do
                                    Desassossego </hi>(1990, I, 42). </p>
                  </summary>
                  <msItemStruct>
                     <author>
                        <rs type="name" key="FP">Fernando Pessoa</rs>
                     </author>
                     <note type="genre">
                        <rs type="genre" key="lista_editorial">Lista editorial</rs>
                        <rs type="genre" key="nota_editorial">Nota editorial</rs>
                     </note>
                     <textLang mainLang="pt"/>
                  </msItemStruct>
               </msContents>
               <history>
                  <origin>
                     <p>
                        <origDate from="1918" to="1920" cert="medium">c.
                                    1918-1920</origDate>
                     </p>
                  </origin>
               </history>
            </msDesc>
         </sourceDesc>
      </fileDesc>
      <revisionDesc>
         <change when="2023-11-15" who="#FAF">
                    Added edition statement to the teiHeader
                </change>
      </revisionDesc>
   </teiHeader>
   <facsimile xml:base="http://images.cceh.uni-koeln.de/pessoa/">
      <graphic url="bn-acpc-e-e3-48c-1-50_JPG_24-C-R0150/bn-acpc-e-e3-48c-1-50_0069_29_t24-C-R0150.jpg"/>
   </facsimile>
   <text>
      <body>
         <div>
            <head>
               <hi rend="underline">“<rs type="collection" key="C15">
                     <rs type="title" key="T183">ASPECTOS</rs>
                  </rs>”.</hi>
            </head>
            <p>Prefacio geral.</p>
            <list>
               <item rend="indent-2">
                  <label>1.</label>
                  <rs type="work" key="W83">
                     <rs type="name" key="AC" role="author">Alberto
                                Caeiro</rs> (1889 — 1915) — <rs type="title" key="T103">“O Guardador
                                de Reba<pc>-</pc>
                        <lb/>nhos” e outros poemas e fragmentos</rs>
                  </rs>. </item>
               <item>
                  <label>2.</label>
                  <rs type="work" key="O3" style="b">
                     <rs type="name" key="RR" role="author">Ricardo Reis</rs>: <rs type="title">“Odes”</rs>
                  </rs>. </item>
               <item rend="indent-2">
                  <label>3.</label>
                  <rs type="name" key="P1" style="b">Antonio Mora</rs>: <rs type="title">“<rs type="name" key="AC" role="topic">Alberto Caeiro</rs> e a renovação
                            do<lb/> paganismo”</rs>. </item>
               <item>
                  <label>4.</label>
                  <rs type="work" key="O4" style="b">
                     <rs type="name" key="AdC" role="author">Alvaro de Campos</rs>: <rs type="title">“Arco de Triumpho”,
                                Poemas</rs>
                  </rs>. </item>
               <addSpan spanTo="#A1" n="2"/>
               <item>
                  <label>5.</label>
                  <rs type="name" key="P62">Vicente Guedes</rs>: <rs type="title">“Livro do
                            Desasocego”</rs>. </item>
               <anchor xml:id="A1"/>
            </list>
            <metamark rend="line" function="distinct"/>
            <gap reason="selection" unit="line" extent="35"/>
         </div>
      </body>
   </text>
</TEI>
