<?xml version="1.0" encoding="UTF-8"?>
<?xml-model href="../schema/pessoaTEI.rng" type="application/xml" schematypens="http://relaxng.org/ns/structure/1.0"?>
<TEI xmlns="http://www.tei-c.org/ns/1.0">
   <teiHeader>
      <fileDesc>
         <titleStmt>
            <title>BNP/E3 87-26<hi rend="superscript">r</hi></title>
            <author>
               <rs type="name" key="FP">Fernando Pessoa</rs>
            </author>
            <respStmt>
               <resp>Transcrição, Edição</resp>
               <name>Pedro Sepúlveda</name>
            </respStmt>
            <respStmt>
               <resp>Transcrição</resp>
               <name>Pablo Javier Pérez López</name>
            </respStmt>
            <respStmt>
               <resp>Transcrição</resp>
               <name>Jorge Uribe</name>
            </respStmt>
            <respStmt>
               <resp>Codificação, Modelagem de dados</resp>
               <name>Ulrike Henny-Krahmer</name>
            </respStmt>
            <respStmt>
               <resp>Codificação</resp>
               <name>Isabel Figueiredo-Iken</name>
            </respStmt>
            <respStmt>
               <resp>Codificação</resp>
               <name>Sviatoslav Drach</name>
            </respStmt>
            <respStmt>
               <resp>Consultoria</resp>
               <name>Institut für Dokumentologie und Editorik (IDE)</name>
            </respStmt>
         </titleStmt>
         <publicationStmt>
            <publisher>Universidade Nova de Lisboa, Instituto de Estudos de Literatura e Tradição
               (IELT)</publisher>
            <publisher>Cologne Center for eHumanities (CCeH)</publisher>
            <date>2017</date>
            <availability>
               <licence target="http://creativecommons.org/licenses/by/3.0/"/>
            </availability>
            <idno type="filename">BNP_E3_87-26r.xml</idno>
         </publicationStmt>
         <sourceDesc>
            <msDesc>
               <msIdentifier>
                  <institution>Biblioteca Nacional de Portugal</institution>
                  <idno>BNP/E3 87-26r</idno>
               </msIdentifier>
               <msContents>
                  <summary>
                     <p> Lista manuscrita numa folha com timbre de «A Brazileira | Lisboa»,
                        publicada em <hi rend="italic">Sensacionismo e outros Ismos</hi> (2009, 82).
                     </p>
                  </summary>
                  <msItemStruct>
                     <author>
                        <rs type="name" key="FP">Fernando Pessoa</rs>
                     </author>
                     <note type="genre">
                        <rs type="genre" key="lista_editorial">Lista editorial</rs>
                     </note>
                     <textLang mainLang="pt" otherLangs="en fr"/>
                  </msItemStruct>
               </msContents>
               <history>
                  <origin>
                     <p>
                        <origDate from="1916" to="1917" cert="medium">c. 1916-1917</origDate>
                     </p>
                  </origin>
               </history>
            </msDesc>
         </sourceDesc>
      </fileDesc>
   </teiHeader>
   <facsimile>
      <graphic
         url="bn-acpc-e-e3-87-1-103_JPG_24-C-R0150/bn-acpc-e-e3-87-1-103_0065_26_t24-C-R0150.jpg"/>
   </facsimile>
   <text>
      <body>
         <div>
            <head><hi rend="underline"><rs type="periodical" key="J12">Orpheu</rs> 3 e 4</hi></head>
            <table>
               <row>
                  <cell><rs type="name" key="P30">Mario de Sá-Carneiro</rs>:</cell>
                  <cell/>
                  <cell rend="right">16</cell>
               </row>
               <row>
                  <cell><rs type="name" key="P106">Albino de Menzes</rs>:</cell>
                  <cell><add n="2">#</add></cell>
                  <cell rend="right">6</cell>
               </row>
               <row>
                  <cell><rs type="name" key="P89">José Coelho Pacheco</rs>:</cell>
                  <cell/>
                  <cell rend="right">8</cell>
               </row>
               <row>
                  <cell><rs type="name" key="P107">Mario da Cunha e Sá</rs>:</cell>
                  <cell><add n="2">#</add></cell>
                  <cell rend="right">8</cell>
               </row>
               <row>
                  <cell>
                     <subst>
                        <add place="above" n="2"><rs type="name" key="P108">Silva Tavares</rs></add>
                        <del rend="overstrike" n="1">AN Fernando</del>
                     </subst>: </cell>
                  <cell/>
                  <cell rend="right">8</cell>
               </row>
               <row>
                  <cell><rs type="name" key="P56">José de Almada-Negreiros</rs>:</cell>
                  <cell/>
                  <cell rend="right">18</cell>
               </row>
               <row>
                  <cell><rs type="name" key="P109">Augusto Ferreira Gomes</rs>:</cell>
                  <cell/>
                  <cell rend="right">10</cell>
               </row>
               <row>
                  <cell><rs type="name" key="P110">M. Fernando de Carvalho</rs>:</cell>
                  <cell/>
                  <cell rend="right">10</cell>
               </row>
               <row>
                  <cell><rs type="name" key="P111">Barradas Telles D’Aviz</rs>:</cell>
                  <cell><add n="2">#</add></cell>
                  <cell rend="right">6</cell>
               </row>
               <row>
                  <cell><rs type="name" key="FP" role="author" style="b">Fernando
                     Pessoa</rs>:</cell>
                  <cell/>
                  <cell rend="right">8</cell>
               </row>
               <row>
                  <cell><rs type="name" key="P86">Castello de Moraes</rs>:</cell>
                  <cell/>
                  <cell rend="right">12</cell>
               </row>
               <row>
                  <cell><rs type="name" key="AdC" role="author">Alvaro de Campos</rs>:</cell>
                  <cell/>
                  <cell rend="right">12</cell>
               </row>
               <metamark rend="space-vertical" function="distinct"/>
               <row>
                  <cell>Indice do 1º Volume.</cell>
                  <cell/>
                  <cell rend="right">6</cell>
               </row>
               <row>
                  <cell/>
                  <cell/>
                  <cell rend="right">
                     <metamark rend="line-44" function="sum"/> 128 pp. <metamark rend="line-44"
                        function="end"/>
                  </cell>
               </row>
            </table>
         </div>
      </body>
   </text>
</TEI>
