﻿<?xml version="1.0" encoding="UTF-8"?>
<?xml-model href="../schema/pessoaTEI.rng" type="application/xml" schematypens="http://relaxng.org/ns/structure/1.0"?>
<TEI xmlns="http://www.tei-c.org/ns/1.0">
   <teiHeader>
      <fileDesc>
         <titleStmt>
            <title>BNP/E3 48D-10<hi rend="superscript">r</hi>
            </title>
            <author>
               <rs type="name" key="FP">Fernando Pessoa</rs>
            </author>
            <respStmt>
               <resp>Transcrição, Edição</resp>
               <name>Pedro Sepúlveda</name>
            </respStmt>
            <respStmt>
               <resp>Codificação, Modelagem de dados</resp>
               <name>Ulrike Henny</name>
            </respStmt>
            <respStmt>
               <resp>Codificação</resp>
               <name>Sviatoslav Drach</name>
            </respStmt>
            <respStmt>
               <resp>Codificação</resp>
               <name>Ana Leonor Branco</name>
            </respStmt>
         </titleStmt>
         <publicationStmt>
            <publisher>Universidade Nova de Lisboa, Instituto de Estudos de Literatura e Tradição
               (IELT)</publisher>
            <publisher>Cologne Center for eHumanities (CCeH)</publisher>
            <date>2016</date>
            <availability>
               <licence target="http://creativecommons.org/licenses/by/3.0/"/>
            </availability>
            <idno type="filename">BNP_E3_48D-10r.xml</idno>
         </publicationStmt>
         <sourceDesc>
            <msDesc>
               <msIdentifier>
                  <institution>Biblioteca Nacional de Portugal</institution>
                  <idno>BNP/E3 48D-10r</idno>
               </msIdentifier>
               <msContents>
                  <summary>
                     <p> Lista manuscrita, publicada em Sepúlveda e Uribe, <hi rend="italic">O
                           planeamento editorial de Fernando Pessoa</hi> (2016, 192-193). </p>
                  </summary>
                  <msItemStruct>
                     <author>
                        <rs type="name" key="FP">Fernando Pessoa</rs>
                     </author>
                     <note type="genre">
                        <rs type="genre" key="lista_editorial">Lista editorial</rs>
                     </note>
                     <textLang mainLang="pt"/>
                  </msItemStruct>
               </msContents>
               <history>
                  <origin>
                     <p>
                        <origDate when="1930" cert="medium">c. 1930</origDate>
                     </p>
                  </origin>
               </history>
            </msDesc>
         </sourceDesc>
      </fileDesc>
   </teiHeader>
   <facsimile>
      <graphic
         url="bn-acpc-e-e3-48d-1-76_JPG_24-C-R0150/bn-acpc-e-e3-48d-1-76_0021_10_t24-C-R0150.jpg"/>
   </facsimile>
   <text>
      <body>
         <div>
            <list>
               <item>
                  <label>1.</label>
                  <rs type="title">Auto do Circo</rs>. </item>
               <item>
                  <label>2.</label>
                  <rs type="title">O Banqueiro Anarchista</rs>. </item>
               <item>
                  <label>3.</label>
                  <rs type="title">Dispersão</rs> (2<hi rend="superscript">a</hi> Edição). </item>
               <item>
                  <label>4.</label>
                  <rs type="title">A Grande Sombra</rs>. </item>
               <item>
                  <label>5.</label>
                  <rs type="work" key="O4-13"><rs type="title">Opiario</rs></rs> – <rs type="work"
                     key="O4-12"><rs type="title">Ode Triumphal</rs></rs>. </item>
               <item>
                  <label>6.</label>
                  <rs type="title">A Estranha Morte do <choice>
                        <abbr>Prof<am>.</am></abbr>
                        <expan>Prof<ex>essor</ex></expan>
                     </choice>
                     <rs type="name" key="P79">Antena</rs></rs>. </item>
               <item>
                  <label>7.</label>
                  <rs type="work" key="O1" style="b">
                     <rs type="title">Cancioneiro</rs>
                  </rs> – Livro 1. </item>
               <item>
                  <label>8.</label>
                  <rs type="work" key="O3" style="b"><rs type="title">Odes</rs></rs> – Livro I (<rs
                     type="name" key="RR" role="author">Ricardo Reis</rs>). </item>
               <item>
                  <label>9.</label>
                  <rs type="title">Photographias do Invisivel</rs>. </item>
               <item>
                  <label>10.</label>
                  <rs type="work" key="O4-11"><rs type="title">Ode Maritima</rs></rs>. </item>
               <item>
                  <label>11.</label>
                  <rs type="title">Os Principaes Poemas de <rs type="name" key="P87">Edgar
                     Poe</rs></rs>. </item>
               <item>
                  <label>12.</label>
                  <rs type="title">Saudação a <rs type="name" key="P216">Walt Whitman</rs></rs>. </item>
               <item>
                  <label>13.</label>
                  <supplied resp="PS" reason="omitted-in-original"/>
               </item>
            </list>
         </div>
      </body>
   </text>
</TEI>
