<?xml version="1.0" encoding="UTF-8"?>
<?xml-model href="../schema/pessoaTEI.rng" type="application/xml" schematypens="http://relaxng.org/ns/structure/1.0"?>
<TEI xmlns="http://www.tei-c.org/ns/1.0">
   <teiHeader>
      <fileDesc>
         <titleStmt>
            <title>BNP/E3 133I-27<hi rend="superscript">r</hi></title>
            <author>
               <rs type="name" key="FP">Fernando Pessoa</rs>
            </author>
            <respStmt>
               <resp>Transcrição, Edição</resp>
               <name>Pedro Sepúlveda</name>
            </respStmt>
            <respStmt>
               <resp>Modelagem de dados, Codificação</resp>
               <name>Ulrike Henny-Krahmer</name>
            </respStmt>
            <respStmt>
               <resp>Codificação</resp>
               <name>Isabel Figueiredo-Iken</name>
            </respStmt>
            <respStmt>
               <resp>Codificação</resp>
               <name>Sviatoslav Drach</name>
            </respStmt>
            <respStmt>
               <resp>Consultoria</resp>
               <name>Institut für Dokumentologie und Editorik (IDE)</name>
            </respStmt>
         </titleStmt>
         <publicationStmt>
            <publisher>Universidade Nova de Lisboa, Instituto de Estudos de Literatura e Tradição
               (IELT)</publisher>
            <publisher>Cologne Center for eHumanities (CCeH)</publisher>
            <date>2017</date>
            <availability status="free">
               <licence target="http://creativecommons.org/licenses/by/3.0/"/>
            </availability>
            <idno type="filename">BNP_E3_133I-27r.xml</idno>
         </publicationStmt>
         <sourceDesc>
            <msDesc>
               <msIdentifier>
                  <institution>Biblioteca Nacional de Portugal</institution>
                  <idno>BNP/E3 133I-27r</idno>
               </msIdentifier>
               <msContents>
                  <summary>
                     <p>Lista manuscrita em papel com marca de água «Almaço Prado».</p>
                  </summary>
                  <msItemStruct>
                     <author>
                        <rs type="name" key="FP">Fernando Pessoa</rs>
                     </author>
                     <note type="genre">
                        <rs type="genre" key="lista_editorial">Lista editorial</rs>
                     </note>
                     <textLang mainLang="pt" otherLangs="en"/>
                  </msItemStruct>
               </msContents>
               <history>
                  <origin>
                     <p>
                        <origDate from="1920" to="1927">1920-1927</origDate>
                     </p>
                  </origin>
               </history>
            </msDesc>
         </sourceDesc>
      </fileDesc>
   </teiHeader>
   <facsimile>
      <graphic
         url="bn-acpc-e-e3-133i-1-100_JPG_24-C-R0150/bn-acpc-e-e3-133i-1-100_0054_27_t24-C-R0150.jpg"
      />
   </facsimile>
   <text>
      <body>
         <div>
            <list>
               <item rend="indent-2">
                  <hi rend="underline"><subst>
                        <add n="2" place="above">Trez</add>
                        <del n="1">Cinco</del>
                     </subst> Contos por semana</hi><lb/> em fasciculos. </item>
               <item rend="indent-2">(<subst>
                     <add place="above" n="2">three</add>
                     <del n="1">five</del>
                  </subst>) tales in a small, cheap<lb/>
                  <gap reason="illegible" unit="word" extent="1"/> — 100 <lb/>
                  <gap reason="illegible" unit="character" extent="1"/> works </item>
            </list>
            <list>
               <item>
                  <label><abbr>e<am>.</am></abbr>
                     <abbr>g<am>.</am></abbr> —</label>
                  <list rend="inline">
                     <item>
                        <label>1.</label>
                        <rs type="name" key="P224">Martin Hewitt</rs>
                     </item>
                     <item>
                        <label>2.</label>
                        <rs type="name" key="P347"><choice>
                              <abbr>W<am>.</am></abbr>
                           </choice>
                           <choice>
                              <abbr>W<am>.</am></abbr>
                           </choice> Jacobs</rs>. </item>
                     <item><label>3.</label>
                        <supplied resp="PS" reason="omitted-in-original"/></item>
                     <item><label>4.</label>
                        <supplied resp="PS" reason="omitted-in-original"/></item>
                     <item><label>5.</label>
                        <supplied resp="PS" reason="omitted-in-original"/></item>
                  </list>
               </item>
            </list>
         </div>
      </body>
   </text>
</TEI>
