<?xml version="1.0" encoding="UTF-8"?>
<?xml-model href="../schema/pessoaTEI.rng" type="application/xml" schematypens="http://relaxng.org/ns/structure/1.0"?>
<TEI xmlns="http://www.tei-c.org/ns/1.0">
   <teiHeader>
      <fileDesc>
         <titleStmt>
            <title>BNP/E3 137A-21<hi rend="superscript">r</hi> a 24<hi rend="superscript">r</hi>
            </title>
            <author>
               <rs type="name" key="FP">Fernando Pessoa</rs>
            </author>
            <respStmt>
               <resp>Transcrição, Edição</resp>
               <name>Pedro Sepúlveda</name>
            </respStmt>
            <respStmt>
               <resp>Transcrição</resp>
               <name>Pablo Javier Pérez López</name>
            </respStmt>
            <respStmt>
               <resp>Codificação</resp>
               <name>Ulrike Henny-Krahmer</name>
            </respStmt>
            <respStmt>
               <resp>Codificação</resp>
               <name>Isabel Figueiredo-Iken</name>
            </respStmt>
            <respStmt>
               <resp>Codificação</resp>
               <name>Sviatoslav Drach</name>
            </respStmt>
         </titleStmt>
         <publicationStmt>
            <publisher>Universidade Nova de Lisboa, Instituto de Estudos de Literatura e Tradição
               (IELT)</publisher>
            <publisher>Cologne Center for eHumanities (CCeH)</publisher>
            <date>2017</date>
            <availability status="free">
               <licence target="http://creativecommons.org/licenses/by/3.0/"/>
            </availability>
            <idno type="filename">BNP_E3_137A-21r-a-24r.xml</idno>
         </publicationStmt>
         <sourceDesc>
            <msDesc>
               <msIdentifier>
                  <institution>Biblioteca Nacional de Portugal</institution>
                  <idno>BNP/E3 137A-21r a 24r</idno>
               </msIdentifier>
               <msContents>
                  <summary>
                     <p> Lista datilografada, publicada em Ferreira, <hi rend="italic">Fernando
                           Pessoa: O Comércio e a Publicidade</hi> (1986, 159-162). </p>
                  </summary>
                  <msItemStruct>
                     <note type="genre">
                        <rs type="genre" key="lista_editorial">Lista editorial</rs><rs type="genre"
                           key="plano_editorial">Plano editorial</rs><rs type="genre"
                           key="nota_editorial">Nota editorial</rs>
                     </note>
                     <textLang mainLang="pt" otherLangs="en la"/>
                  </msItemStruct>
               </msContents>
               <history>
                  <origin>
                     <p>
                        <origDate when="1921" cert="medium">c. 1921</origDate>
                     </p>
                  </origin>
               </history>
            </msDesc>
         </sourceDesc>
      </fileDesc>
   </teiHeader>
   <facsimile>
      <graphic
         url="bn-acpc-e-e3-137a-1-100_JPG_24-C-R0150/bn-acpc-e-e3-137a-1-100_0041_21_t24-C-R0150.jpg"/>
      <graphic
         url="bn-acpc-e-e3-137a-1-100_JPG_24-C-R0150/bn-acpc-e-e3-137a-1-100_0043_22_t24-C-R0150.jpg"/>
      <graphic
         url="bn-acpc-e-e3-137a-1-100_JPG_24-C-R0150/bn-acpc-e-e3-137a-1-100_0045_23_t24-C-R0150.jpg"/>
      <graphic
         url="bn-acpc-e-e3-137a-1-100_JPG_24-C-R0150/bn-acpc-e-e3-137a-1-100_0047_24_t24-C-R0150.jpg"
      />
   </facsimile>
   <text>
      <body>
         <div>
            <list>
               <item><rs type="title">“Canções”</rs> (<rs type="name" key="P17">Antonio Botto</rs>),
                  2.ª edição, augmentada.</item>
               <item><rs type="title">“A Tormenta”</rs> (<rs type="name" key="P65"
                  >Shakespeare</rs>), <choice>
                     <abbr>trad<am>.</am></abbr>
                     <expan>trad<ex>ucção</ex></expan>
                  </choice>
                  <rs type="name" key="FP" role="translator">Fernando Pessoa</rs>.</item>
               <item>
                  <rs type="title">“Prometeu Preso”</rs> (<rs type="name" key="P193">Eschylo</rs>), <choice>
                     <abbr>trad<am>.</am></abbr>
                     <expan>trad<ex>ucção</ex></expan>
                  </choice>
                  <rs type="name" key="RR" role="translator">Ricardo Reis</rs>.</item>
               <item rend="indent-2">
                  <rs type="title">“Hamlet, Principe da Dinamarca”</rs> (<rs type="name" key="P65"
                     >Shakespeare</rs>), <choice>
                     <abbr>trad<am>.</am></abbr>
                     <expan>trad<ex>ucção</ex></expan>
                  </choice>
                  <lb/>
                  <rs type="name" key="FP" role="translator">Fernando Pessoa</rs>.</item>
               <item>
                  <rs type="title">“O Rei Lear”</rs> (<rs type="name" key="P65">Shakespeare</rs>), <choice>
                     <abbr>trad<am>.</am></abbr>
                     <expan>trad<ex>ucção</ex></expan>
                  </choice>
                  <rs type="name" key="FP" role="translator">Fernando Pessoa</rs>. </item>
               <item>
                  <rs type="title">Poemas de <rs type="name" key="P166">Sappho</rs> e de <rs
                        type="name" key="P414">Alceu</rs></rs>. <choice>
                     <abbr>Trad<am>.</am></abbr>
                     <expan>Trad<ex>ucção</ex></expan>
                  </choice>
                  <rs type="name" key="RR" role="translator">Ricardo Reis</rs>.</item>
               <item rend="indent-2">
                  <rs type="title">“Trovas do Bandarra”</rs>, com commentario interpretativo de<lb/>
                  <rs type="name" key="P390">Raphael Baldaya</rs>. </item>
               <item>
                  <rs type="title">Poemas da Antologia Grega.</rs> (Sel.). <choice>
                     <abbr>Trad<am>.</am></abbr>
                     <expan>Trad<ex>ucção</ex></expan>
                  </choice>
                  <rs type="name" key="RR" role="translator">Ricardo Reis</rs>. </item>
               <item><rs type="title">Poemas Principaes de <rs type="name" key="P87">Edgar
                     Poe</rs></rs>. <choice>
                     <abbr>Trad<am>.</am></abbr>
                     <expan>Trad<ex>ucção</ex></expan>
                  </choice>
                  <rs type="name" key="FP" role="translator">Fernando Pessoa</rs>. </item>
               <item>
                  <rs type="title">“A Politica”</rs> (<rs type="name" key="P401">Aristoteles</rs>). <choice>
                     <abbr>Trad<am>.</am></abbr>
                     <expan>Trad<ex>ucção</ex></expan>
                  </choice>
                  <rs type="name" key="RR" role="translator">Ricardo Reis</rs>. </item>
               <item>
                  <rs type="title">“O Principe”</rs> (<rs type="name" key="P402">Macchiavelli</rs>). <choice>
                     <abbr>Trad<am>.</am></abbr>
                     <expan>Trad<ex>ucção</ex></expan>
                  </choice>
               </item>
               <item>
                  <rs type="title">Haikai</rs> e Outros Poemas Japonezes. <choice>
                     <abbr>Trad<am>.</am></abbr>
                     <expan>Trad<ex>ucção</ex></expan>
                  </choice>
                  <supplied resp="PS" reason="omitted-in-original"/>
               </item>
               <item><rs type="title">Poemas Persas</rs>. <choice>
                     <abbr>Trad<am>.</am></abbr>
                     <expan>Trad<ex>ucção</ex></expan>
                  </choice><supplied resp="PS" reason="omitted-in-original"/>
               </item>
               <item rend="indent-2">
                  <rs type="title">“Rima do Velho Marinheiro”.</rs> (Coleridge). <choice>
                     <abbr>Trad<am>.</am></abbr>
                     <expan>Trad<ex>ucção</ex></expan>
                  </choice>
                  <rs type="name" key="FP" role="translator">Fernando<lb/> Pessoa</rs>. </item>
               <item>
                  <rs type="title">“Contos selectos”</rs> (<rs type="name" key="P104"
                        ><abbr>O.</abbr> Henry</rs>). <choice>
                     <abbr>Trad<am>.</am></abbr>
                     <expan>Trad<ex>ucção</ex></expan>
                  </choice>
                  <supplied resp="PS" reason="omitted-in-original"/>
               </item>
               <item>
                  <rs type="title">“Contos selectos”</rs> (<rs type="name" key="P347">W. W.
                     Jacobs</rs>). <choice>
                     <abbr>Trad<am>.</am></abbr>
                     <expan>Trad<ex>ucção</ex></expan>
                  </choice>
                  <supplied resp="PS" reason="omitted-in-original"/>
               </item>
               <item><rs type="title">Poemas</rs> (<rs type="name" key="P70">Luiz de
                  Montalvor</rs>).</item>
               <item><rs type="title">“Protocolos dos Sábios de Sião”</rs> (---). <choice>
                     <abbr>Trad<am>.</am></abbr>
                     <expan>Trad<ex>ucção</ex></expan>
                  </choice>
                  <rs type="name" key="P67">A. L. R.</rs></item>
               <item><rs type="title">Dois Estudos sobre a Grécia</rs>. (A. W. Benn). <choice>
                     <abbr>Trad<am>.</am></abbr>
                     <expan>Trad<ex>ucção</ex></expan>
                  </choice>
                  <supplied resp="PS" reason="omitted-in-original"/>
               </item>
               <item>
                  <rs type="title">“Laocoonte”</rs> (<rs type="name" key="P403">Lessing</rs>). <choice>
                     <abbr>Trad<am>.</am></abbr>
                     <expan>Trad<ex>ucção</ex></expan>
                  </choice>
                  <supplied resp="PS" reason="omitted-in-original"/>
               </item>
               <item><rs type="title">“Theoria do Suffragio Politico”</rs> (<rs type="name" key="FP"
                     role="author">Fernando Pessoa</rs>).</item>
               <item rend="indent-2">Livros a traduzir da Home University Library (Williams
                  &amp;<lb/> Norgate).</item>
               <item><rs type="title">“Diccionario Technico Universal”.</rs></item>
               <pb n="2"/>
               <item><rs type="title">“Mar Portuguez”</rs> (<rs type="name" key="FP" role="author"
                     >Fernando Pessoa</rs>).</item>
               <item><rs type="title">“Cancioneiro, <choice>
                        <abbr>Liv<am>.</am></abbr>
                        <expan>Liv<ex>ros</ex></expan>
                     </choice> I e II.”</rs> (<rs type="name" key="FP" role="author">Fernando
                     Pessoa</rs>).</item>
               <item><rs type="title">“Cancioneiro, <choice>
                        <abbr>Liv<am>.</am></abbr>
                        <expan>Liv<ex>ros</ex></expan>
                     </choice> III e IV”</rs> (<rs type="name" key="FP" role="author">Fernando
                     Pessoa</rs>).</item>
               <item><rs type="title">“Auto das Bacchantes”</rs> (<rs type="name" key="FP"
                     role="author">Fernando Pessoa</rs>).</item>
               <item><rs type="title">“Arco de Triumpho”</rs> (<rs type="name" key="AdC"
                     role="author" style="a">Alvaro de Campos</rs>).</item>
               <item><rs type="title">“A Invenção do Dia Claro”</rs> (<rs type="name" key="P56">José
                     de Almada-Negreiros</rs>).</item>
               <item rend="indent-2"><rs type="title">“Indicios de Ouro”</rs> (<rs type="name"
                     key="P30">Mario de Sá-Carneiro</rs>). <choice>
                     <abbr>Ed<am>.</am></abbr>
                     <expan>Ed<ex>ição</ex></expan>
                  </choice>
                  <rs type="name" key="FP" role="editor">Fernando<lb/> Pessoa</rs> (ou <rs
                     type="title">“Poemas Completos”</rs>, in<pc>-</pc><lb/>cluindo aquelle livro
                  inedito, e ou<pc>-</pc><lb/>tros ineditos que haja) (ou <rs type="title"
                     >“Obras<lb/> Completas de <rs type="name" key="P30">Mario de
                     Sá-Carneiro”</rs></rs>,<lb/> sendo o primeiro volume o dos <rs type="title"
                     >“Poemas<lb/> Completos”</rs>, ut supra).</item>
               <item><rs type="title">“A Idéa de Progresso”</rs> (<rs type="name" key="P273">J. B.
                     Bury</rs>). <choice>
                     <abbr>Trad<am>.</am></abbr>
                     <expan>Trad<ex>ucção</ex></expan>
                  </choice>
                  <supplied resp="PS" reason="omitted-in-original"/>
               </item>
               <item><rs type="title">“Historia do Christianismo”</rs> (<rs type="name" key="P4">J.
                     M. Robertson</rs>). <choice>
                     <abbr>Trad<am>.</am></abbr>
                     <expan>Trad<ex>ucção</ex></expan>
                  </choice>
                  <supplied resp="PS" reason="omitted-in-original"/>
               </item>
               <item><rs type="title">“A Renascença”</rs> (<rs type="name" key="P164">Walter
                     Pater</rs>). <choice>
                     <abbr>Trad<am>.</am></abbr>
                     <expan>Trad<ex>ucção</ex></expan>
                  </choice>
                  <supplied resp="PS" reason="omitted-in-original"/>
               </item>
               <item rend="indent-2"><rs type="title">“Historia da Liberdade de Pensamento”</rs>
                     (<rs type="name">J. B. Bury</rs>). <choice>
                     <abbr>Trad<am>.</am></abbr>
                     <expan>Trad<ex>ucção</ex></expan>
                  </choice>
                  <lb/> (v. <rs type="title">“Home University Library”</rs>, supra).</item>
               <item>
                  <rs type="title">“A Fábula das Abelhas”</rs> (<rs type="name" key="P404"
                     >Mandeville</rs>). <choice>
                     <abbr>Trad<am>.</am></abbr>
                     <expan>Trad<ex>ucção</ex></expan>
                  </choice>
                  <supplied resp="PS" reason="omitted-in-original"/>
               </item>
               <item><rs type="title">“Octavio”.</rs> (<rs type="name" key="P75">Vitoriano
                     Braga</rs>).</item>
               <item><rs type="title">“O Milagre”.</rs> (<rs type="name" key="P75">Vitoriano
                     Braga</rs>).</item>
               <item><rs type="title">“A Casaca Encarnada”</rs>. (<rs type="name" key="P75"
                     >Vitoriano Braga</rs>).</item>
            </list>
            <pb n="3"/>
            <list>
               <head><hi rend="underline"> Publicações que se relacionam com<lb/> o problema dos
                     judeus.</hi></head>
               <item rend="indent-2">
                  <label>1.</label>
                  <rs type="title">“Protocolos dos Sabios de Sião”</rs>, traduzidos para<lb/>
                  portuguez, com uma introducção e um commen<pc>-</pc><lb/>tario historico, por A.
                  L. R. <list>
                     <note>(Divisão da obra:</note>
                     <item>
                        <label>1.</label>
                        <hi rend="underline">Introducção</hi> (Origens dos Protocolos,
                        his<pc>-</pc><lb/>toria da sua publicação, e estudo sobre<lb/> a sua
                        authenticidade, incluindo uma refu<pc>-</pc><lb/>tação dos artigos do <rs
                           type="title">“Times”</rs> a este res<pc>-</pc><lb/>peito). </item>
                     <item>
                        <label>2.</label>
                        <hi rend="underline">Protocolos dos Sabios de Sião</hi>. </item>
                     <item>
                        <label>3.</label>
                        <hi rend="underline">Commentario historico e explicativo</hi>.
                        (Es<pc>-</pc><lb/>pecie de complemento da demonstração da<lb/> sua
                        autenticidade pela enumeração summa<pc>-</pc><lb/>ria dos factos e das
                        circumstancias occorri<pc>-</pc><lb/>das na nossa civilização que se
                        ajustam<lb/> ás indicações dos Protocolos). </item>
                  </list>
               </item>
               <item rend="indent-2">
                  <label>2.</label>
                  <rs type="title">“O Judeu, Sociologicamente Considerado”</rs>, estudo<lb/> por <rs
                     type="name" key="FP" role="author">Fernando Pessoa</rs>. <p>(D’esta obra, ou
                     folheto, deverão ser<lb/> feitas traducções para varias linguas,<lb/>
                     predominantemente para inglez e fran<pc>-</pc><lb/>cez, subsequentemente para
                     outras).</p>
               </item>
               <item rend="indent-2">
                  <label>3.</label>
                  <rs type="title">“Aviso”</rs>, estudo sociologico por <rs type="name" key="FP"
                     role="author">Fernando Pessoa</rs>. <p>(É um estudo summario dos
                     fundamentos<lb/> da civilização europeia, e das forças<lb/> que a sustentam e
                     das que a dissolvem.<lb/> D’esta obra, tambem, devem ser feitas<lb/> as
                     traducções indicadas para a n° 2).</p>
               </item>
               <pb n="4"/>
               <item rend="indent-2"><rs type="title">“English Poems, I &amp; II”</rs> (Antinous,
                  Inscriptions). <rs type="name" key="FP" role="author">Fernando<lb/>
                  Pessoa</rs>.</item>
               <item rend="indent-2"><rs type="title">“English Poems, III &amp; IV”</rs>
                  (Epithalamium, Five Songs). <rs type="name" key="FP" role="author"
                     >Fer<pc>-</pc><lb/>nando Pessoa</rs>.</item>
               <item><rs type="title">“English Poems, V” (Elegy).</rs>
                  <rs type="name" key="FP" role="author">Fernando Pessoa</rs>.</item>
               <item><rs type="title">“English Sonnets, Book I.”</rs>
                  <rs type="name" key="FP" role="author">Fernando Pessoa</rs>.</item>
               <item><rs type="title">“English Sonnets, Book II”.</rs>
                  <rs type="name" key="FP" role="author">Fernando Pessoa</rs>.</item>
               <item><rs type="title">“Theory of Political Suffrage”.</rs>
                  <rs type="name" key="FP" role="author">Fernando Pessoa</rs>.</item>
               <item><rs type="title">“Prometheus Revinctus − A Dramatic Poem”.</rs>
                  <rs type="name" key="FP" role="author">Fernando Pessoa</rs>.</item>
               <item><rs type="title">“How Napoleon Never Existed”</rs> (<rs type="name" key="P13"
                     >Pérès</rs>). <choice>
                     <abbr>Trad<am>.</am></abbr>
                     <expan>Trad<ex>ucção</ex></expan>
                  </choice>
                  <supplied resp="PS" reason="omitted-in-original"/>
               </item>
               <item rend="indent-2"><rs type="title">“The Student of Salamanca”</rs> (<rs
                     type="name" key="P14">Espronceda</rs>). <choice>
                     <abbr>Trad<am>.</am></abbr>
                     <expan>Trad<ex>ucção</ex></expan>
                  </choice>
                  <rs type="name" key="FP" role="translator">Fernando<lb/> Pessoa</rs>.</item>
               <item><rs type="title">“Sonnets of Camoens”.</rs>
                  <choice>
                     <abbr>Trad<am>.</am></abbr>
                     <expan>Trad<ex>ucção</ex></expan>
                  </choice>
                  <rs type="name" key="FP" role="translator">Fernando Pessoa</rs>. </item>
               <item><rs type="title">“Sonnets of Quental”</rs>. <choice>
                     <abbr>Trad<am>.</am></abbr>
                     <expan>Trad<ex>ucção</ex></expan>
                  </choice>
                  <rs type="name" key="FP" role="translator">Fernando Pessoa</rs>. </item>
               <item><rs type="title">“Complete Poems of <rs type="name" key="AC" role="author"
                        >Alberto Caeiro”</rs></rs>. <choice>
                     <abbr>Trad<am>.</am></abbr>
                     <expan>Trad<ex>ucção</ex></expan>
                  </choice>
                  <rs type="name" key="P16">Thomas Crosse</rs>. </item>
               <item><rs type="title">“Songs”</rs> (<rs type="name" key="P17">Antonio Botto</rs>). <choice>
                     <abbr>Trad<am>.</am></abbr>
                     <expan>Trad<ex>ucção</ex></expan>
                  </choice>
                  <supplied resp="PS" reason="omitted-in-original"/></item>
               <item rend="indent-2"><rs type="title">“Songs from the Old Portuguese
                     Song-Books”</rs>. <choice>
                     <abbr>Trad<am>.</am></abbr>
                     <expan>Trad<ex>ucção</ex></expan>
                  </choice>
                  <rs type="name" key="FP" role="translator">Fernando<lb/> Pessoa</rs>.</item>
               <item><rs type="title">“The Duke of Parma —A Tragedy”</rs>. <rs type="name" key="FP"
                     role="author">Fernando Pessoa</rs>. </item>
               <item><rs type="title">“All About Portugal”</rs>. <choice>
                     <abbr>Ed<am>.</am></abbr>
                     <expan>Ed<ex>ição</ex></expan>
                  </choice>
                  <rs type="name" key="FP" role="editor">Fernando Pessoa</rs> (special). </item>
               <item><rs type="periodical" key="J3"><rs type="title">“The Southern Review”</rs></rs>
                  (quarterly or half-yearly).</item>
            </list>
         </div>
      </body>
   </text>
</TEI>
