<?xml version="1.0" encoding="UTF-8"?>
<?xml-model href="../schema/pessoaTEI.rng" type="application/xml" schematypens="http://relaxng.org/ns/structure/1.0"?>
<TEI xmlns="http://www.tei-c.org/ns/1.0">
   <teiHeader>
      <fileDesc>
         <titleStmt>
            <title>BNP/E3 93-56<hi rend="superscript">r</hi></title>
            <author>
               <rs type="name" key="FP">Fernando Pessoa</rs>
            </author>
            <respStmt>
               <resp>Transcrição, Edição</resp>
               <name>Pedro Sepúlveda</name>
            </respStmt>
            <respStmt>
               <resp>Codificação, Modelagem de dados</resp>
               <name>Ulrike Henny-Krahmer</name>
            </respStmt>
            <respStmt>
               <resp>Codificação</resp>
               <name>Isabel Figueiredo-Iken</name>
            </respStmt>
            <respStmt>
               <resp>Codificação</resp>
               <name>Sviatoslav Drach</name>
            </respStmt>
            <respStmt>
               <resp>Consultoria</resp>
               <name>Institut für Dokumentologie und Editorik (IDE)</name>
            </respStmt>
         </titleStmt>
         <publicationStmt>
            <publisher>Universidade Nova de Lisboa, Instituto de Estudos de Literatura e Tradição
               (IELT)</publisher>
            <publisher>Cologne Center for eHumanities (CCeH)</publisher>
            <date>2017</date>
            <availability>
               <licence target="http://creativecommons.org/licenses/by/3.0/"/>
            </availability>
            <idno type="filename">BNP_E3_93-56r.xml</idno>
         </publicationStmt>
         <sourceDesc>
            <msDesc>
               <msIdentifier>
                  <institution>Biblioteca Nacional de Portugal</institution>
                  <idno>BNP/E3 93-56r</idno>
               </msIdentifier>
               <msContents>
                  <summary>
                     <p> Lista manuscrita em papel pautado de agenda, referente a «Maio | 7 |
                        terça-feira». </p>
                  </summary>
                  <msItemStruct>
                     <author>
                        <rs type="name" key="FP">Fernando Pessoa</rs>
                     </author>
                     <note type="genre">
                        <rs type="genre" key="lista_editorial">Lista editorial</rs>
                     </note>
                     <textLang mainLang="pt"/>
                  </msItemStruct>
               </msContents>
               <history>
                  <origin>
                     <p>
                        <origDate from="1929" to="1930" cert="medium">c. 1929-1930</origDate>
                     </p>
                  </origin>
               </history>
            </msDesc>
         </sourceDesc>
      </fileDesc>
   </teiHeader>
   <facsimile>
      <graphic
         url="bn-acpc-e-e3-93-1-100_JPG_24-C-R0150/bn-acpc-e-e3-93-1-100_0115_56_t24-C-R0150.jpg"/>
   </facsimile>
   <text>
      <body>
         <div>
            <note><supplied resp="PS" reason="omitted-in-original"/></note>
            <metamark rend="line-44" function="distinct"/>
            <list>
               <item xml:id="I1"><label>1.</label><rs type="work"><rs type="name" key="P65"
                        >Shakespeare</rs>,<rs type="title"> “A Tormenta”.</rs></rs></item>
               <item xml:id="I2"><label>2.</label>um ou dois contos<lb/> os <subst>
                     <del rend="overstrike">poemas bons</del>
                     <add place="above">poemas</add>
                  </subst>
                  <add/> de <rs type="name" key="P87">Edgar Poe</rs>
                  <lb/>. <rs type="name">Synge</rs>—<rs type="title"><choice>
                        <abbr>Cav<am>.</am></abbr>
                        <expan>Cav<ex>algada</ex></expan>
                     </choice>até o mar</rs></item>
               <item xml:id="I3"><label>3.</label>Sonetos Unicos. Contos symbolicos de <rs
                     type="name" key="P271"><choice>
                        <abbr>H<am>.</am></abbr>
                     </choice><choice>
                        <abbr>G<am>.</am></abbr>
                     </choice>Wells</rs>. O <rs type="title">Prometheu Preso</rs>, de <rs
                     type="name" key="P193">Eschylo</rs>.</item>
               <item xml:id="I4"><label>4.</label><rs type="work"><rs type="name" key="P65"
                        >Shakespeare</rs>,<rs type="title"> Macbeth.</rs></rs> (?)</item>
               <item xml:id="I5"><label>5.</label><supplied resp="PS" reason="omitted-in-original"
                  /></item>
            </list>
            <ab>
               <note target="range(I1,I2,)" place="margin-left" type="addition"/>
               <metamark rend="curly-bracket" function="grouping"/></ab>
            <ab>
               <note target="range(I3,I4,)" place="margin-left" type="addition"/>
               <metamark rend="curly-bracket" function="grouping"/></ab>
            <ab>
               <note target="range(I2, #I2)" place="margin-right" type="addition"/>
               <metamark rend="curly-bracket" function="grouping"/></ab>
            <ab>
               <note target="range(I3,I4,)" place="margin-right" type="addition"/>
               <metamark rend="curly-bracket" function="grouping"/></ab>
         </div>
      </body>
   </text>
</TEI>
