<?xml version="1.0" encoding="UTF-8"?>
<?xml-model href="../schema/pessoaTEI.rng" type="application/xml" schematypens="http://relaxng.org/ns/structure/1.0"?>
<TEI xmlns="http://www.tei-c.org/ns/1.0">
   <teiHeader>
      <fileDesc>
         <titleStmt>
            <title>BNP/E3 48B-27<hi rend="superscript">r</hi>
            </title>
            <author>
               <rs type="name" key="FP">Fernando Pessoa</rs>
            </author>
            <respStmt>
               <resp>Transcrição, Edição</resp>
               <name>Pedro Sepúlveda</name>
            </respStmt>
            <respStmt>
               <resp>Transcrição</resp>
               <name>Pablo Javier Pérez López</name>
            </respStmt>
            <respStmt>
               <resp>Transcrição</resp>
               <name>Jorge Uribe</name>
            </respStmt>
            <respStmt>
               <resp>Modelagem de dados, Codificação</resp>
               <name>Ulrike Henny-Krahmer</name>
            </respStmt>
            <respStmt>
               <resp>Codificação</resp>
               <name>Inês Filipa Rebelo do Carmo</name>
            </respStmt>
            <respStmt>
               <resp>Codificação</resp>
               <name>Isabel Figueiredo-Iken</name>
            </respStmt>
            <respStmt>
               <resp>Codificação</resp>
               <name>Sviatoslav Drach</name>
            </respStmt>
            <respStmt>
               <resp>Consultoria</resp>
               <name>Institut für Dokumentologie und Editorik (IDE)</name>
            </respStmt>
         </titleStmt><editionStmt><p>Corpus version C2.1.0</p></editionStmt>
         <publicationStmt>
            <publisher>Universidade Nova de Lisboa, Instituto de Estudos de Literatura e
                    Tradição (IELT)</publisher>
            <publisher>Cologne Center for eHumanities (CCeH)</publisher>
            <date>2017</date>
            <availability status="free">
               <licence target="http://creativecommons.org/licenses/by/4.0/"/>
            </availability>
            <idno type="filename">BNP_E3_48B-27r.xml</idno>
         </publicationStmt>
         <sourceDesc>
            <msDesc>
               <msIdentifier>
                  <institution>Biblioteca Nacional de Portugal</institution>
                  <idno>BNP/E3 48B-27r</idno>
               </msIdentifier>
               <msContents>
                  <summary>
                     <p> Lista manuscrita, publicada em <hi rend="italic">Obras de António
                                    Mora</hi> (2002, 160). </p>
                  </summary>
                  <msItemStruct>
                     <author>
                        <rs type="name" key="FP">Fernando Pessoa</rs>
                     </author>
                     <note type="genre">
                        <rs type="genre" key="lista_editorial">Lista editorial</rs>
                     </note>
                     <textLang mainLang="pt"/>
                  </msItemStruct>
               </msContents>
               <history>
                  <origin>
                     <p>
                        <origDate when="1915" cert="medium">c. 1915</origDate>
                     </p>
                  </origin>
               </history>
            </msDesc>
         </sourceDesc>
      </fileDesc>
      <revisionDesc>
         <change when="2023-11-15" who="#FAF">
                    Added edition statement to the teiHeader
                </change>
      </revisionDesc>
   </teiHeader>
   <facsimile xml:base="http://images.cceh.uni-koeln.de/pessoa/">
      <graphic url="bn-acpc-e-e3-48b-1-158_JPG_24-C-R0150/bn-acpc-e-e3-48b-1-158_0054_27_t24-C-R0150.jpg"/>
   </facsimile>
   <text>
      <body>
         <div>
            <list>
               <item rend="indent-2">
                  <label>1.</label>
                  <rs type="title">
                     <hi rend="underline">O neo-romantismo
                            reaccionario</hi>
                  </rs> —<lb/> Analyse e refutação do
                        inte<pc>-</pc>
                  <lb/>gralismo monarchico. — <rs type="name" key="FP" role="author" style="a">
                     <choice>
                        <abbr>F<am>.</am>
                        </abbr>
                        <expan>F<ex>ernando</ex>
                        </expan>
                     </choice> Pessôa</rs>. </item>
               <item rend="indent-2">
                  <label>2.</label>
                  <rs type="title">
                     <hi rend="underline">Introducção ao estudo do
                                pro<pc>-</pc>
                        <lb/>blema nacional</hi>
                  </rs>. — <rs type="name" key="FP" role="author" style="a">
                     <choice>
                        <abbr>F<am>.</am>
                        </abbr>
                        <expan>F<ex>ernando</ex>
                        </expan>
                     </choice> Pessôa</rs>. </item>
               <item rend="indent-2">
                  <label>3.</label>
                  <rs type="title">
                     <hi rend="underline">A <rs type="place">Allemanha</rs> na
                                guerra</hi>
                  </rs>— Defeza <lb/> e justificação da sua attitude. — <lb/>
                  <rs type="name" key="P1" style="a">Antonio Móra</rs>. </item>
               <item rend="indent-2">
                  <label>4.</label>
                  <rs type="title">
                     <hi rend="underline">A Guerra</hi>
                  </rs> — Estudo
                        Sociologico — <lb/>
                  <rs type="name" key="FP" role="author" style="a">Fernando Pessôa</rs>. </item>
               <item>
                  <label>5.</label>
                  <rs type="title">
                     <hi rend="underline">O caso de <rs type="periodical" key="J12">“Orpheu”</rs>
                     </hi>
                  </rs>. — <rs type="name" key="FP" role="author" style="a">
                     <choice>
                        <abbr>F<am>.</am>
                        </abbr>
                        <expan>F<ex>ernando</ex>
                        </expan>
                     </choice> Pessôa</rs>. </item>
               <item rend="indent-2">
                  <label>6.</label>
                  <rs type="title">
                     <hi rend="underline">Prolegómenos a uma
                                    reconstruc<pc>-</pc>
                        <lb/>ção do paganismo</hi>
                  </rs> — <rs type="name" key="P1" style="a">
                     <choice>
                        <abbr>A<am>.</am>
                        </abbr>
                        <expan>A<ex>ntonio</ex>
                        </expan>
                     </choice> Móra.</rs>
               </item>
            </list>
         </div>
      </body>
   </text>
</TEI>
