<?xml version="1.0" encoding="UTF-8"?>
<?xml-model href="../schema/pessoaTEI.rng" type="application/xml" schematypens="http://relaxng.org/ns/structure/1.0"?>
<TEI xmlns="http://www.tei-c.org/ns/1.0">
   <teiHeader>
      <fileDesc>
         <titleStmt>
            <title>BNP/E3 48-40 a 41</title>
            <author>
               <rs type="name" key="FP">Fernando Pessoa</rs>
            </author>
            <respStmt>
               <resp>Transcrição, Edição</resp>
               <name>Pedro Sepúlveda</name>
            </respStmt>
            <respStmt>
               <resp>Codificação, Modelagem de dados</resp>
               <name>Ulrike Henny</name>
            </respStmt>
            <respStmt>
               <resp>Codificação</resp>
               <name>Isabel Figueiredo-Iken</name>
            </respStmt>
            <respStmt>
               <resp>Codificação</resp>
               <name>Sviatoslav Drach</name>
            </respStmt>
            <respStmt>
               <resp>Consultoria</resp>
               <name>Institut für Dokumentologie und Editorik (IDE)</name>
            </respStmt>
         </titleStmt>
         <publicationStmt>
            <publisher>Universidade Nova de Lisboa, Instituto de Estudos de Literatura e Tradição
               (IELT)</publisher>
            <publisher>Cologne Center for eHumanities (CCeH)</publisher>
            <date>2017</date>
            <availability>
               <licence target="http://creativecommons.org/licenses/by/3.0/"/>
            </availability>
            <idno type="filename">BNP_E3_48-40-a-41.xml</idno>
         </publicationStmt>
         <sourceDesc>
            <msDesc>
               <msIdentifier>
                  <institution>Biblioteca Nacional de Portugal</institution>
                  <idno>BNP/E3 48-40 a 41</idno>
               </msIdentifier>
               <msContents>
                  <summary>
                     <p>Lista manuscrita.</p>
                  </summary>
                  <msItemStruct>
                     <author>
                        <rs type="name" key="FP">Fernando Pessoa</rs>
                     </author>
                     <note type="genre">
                        <rs type="genre" key="lista_editorial">Lista editorial</rs>
                     </note>
                     <textLang mainLang="en" otherLangs="pt"/>
                  </msItemStruct>
               </msContents>
               <history>
                  <origin>
                     <p>
                        <origDate from="1916" to="1919">1916-1919</origDate>
                     </p>
                  </origin>
               </history>
            </msDesc>
         </sourceDesc>
      </fileDesc>
   </teiHeader>
   <facsimile>
      <graphic
         url="bn-acpc-e-e3-48-1-56_JPG_24-C-R0150/bn-acpc-e-e3-48-1-56_0079_40_t24-C-R0150.jpg"/>
      <graphic
         url="bn-acpc-e-e3-48-1-56_JPG_24-C-R0150/bn-acpc-e-e3-48-1-56_0080_40v_t24-C-R0150.jpg"/>
      <graphic
         url="bn-acpc-e-e3-48-1-56_JPG_24-C-R0150/bn-acpc-e-e3-48-1-56_0081_41_t24-C-R0150.jpg"/>
   </facsimile>
   <text>
      <body>
         <div>
            <head><hi rend="underline">Matters</hi>:</head>
            <list>
               <item rend="indent-2">
                  <label>1.</label> Road-mending concern <lb/> (obtain data). </item>
               <item rend="indent-2">
                  <label>2.</label> Tobacco Monopoly (ob<pc>-</pc><lb/>tain data). </item>
               <item rend="indent-2">
                  <label>3.</label> My idea of THE <lb/> transaction (obtain <lb/> data). </item>
               <item rend="indent-2">
                  <label>4.</label> Businesses like Ameri<pc>-</pc><lb/>ca’s (data to <lb/>each) </item>
               <item rend="indent-2">
                  <label>5.</label> A solid firm, with <lb/><gap reason="illegible" extent="1"
                     unit="word"/> for food supplies <lb/><pb n="2"/>to the MM and
                  A<pc>-</pc><lb/>bastecimentos, or <lb/> also for other, pri<pc>-</pc><lb/> vate,
                  concerns. If<lb/> Coal firm also,<lb/> this would be<lb/> excellent. </item>
               <item rend="indent-2">
                  <label>6.</label> Businesses (credit)<lb/>
                     <abbr>P<am>.</am></abbr>
                     <abbr>A<am>.</am></abbr>
                     <abbr>M<am>.</am></abbr>
                  </item>
               <item rend="indent-2">
                  <label>7.</label> <gap reason="illegible" extent="1" unit="word"/>
                  <gap reason="illegible" extent="1" unit="word"/> (if<lb/> unsold). </item>
               <item rend="indent-2">
                  <label>8.</label> Note to (5): <choice>
                     <abbr>U<am>.</am></abbr>
                  </choice>
                  <choice>
                     <abbr>S<am>.</am></abbr>
                  </choice> Cetteu,<lb/>
                  <gap reason="illegible" extent="1" unit="word"/> whereas<lb/> New fundamentals
                     <gap reason="illegible" extent="1" unit="word"/>. </item>
               <pb n="3"/>
               <item rend="indent-2">
                  <label>9.</label> Export business of <lb/>several facts – <lb/>best thing a
                  special<lb/> firm for the pur<pc>-</pc><lb/>pose of doing all<lb/> businesses
                  of<lb/> this kind through <lb/>them. </item>
               <item rend="indent-2">
                  <label>10.</label> Directory-patent<lb/> or otherwise. </item>
               <item rend="indent-2">
                  <label>11.</label> Dictionary-patent<lb/> or otherwise. </item>
               <item rend="indent-2">
                  <label>12.</label> <rs type="title">“Great Anthology”</rs>
               </item>
               <item>
                  <label>13.</label> <rs type="title">“Political Suffrage”</rs>
               </item>
               <item>
                  <label>14.</label> <rs type="title">“Anarchist Banker”.</rs>
               </item>
               <item rend="indent-2">
                  <label>15.</label> Minimum Conser <pc>-</pc><lb/>vative Program – if <lb/> there
                  is time for it. </item>
               <item rend="indent-2">
                  <label>16.</label> Coal Agency for same <lb/> firm here, of the <lb/> kind with
                  substantial <lb/> references. – Perhaps <lb/> coal and steel <lb/> firm. </item>
               <item rend="indent-2">
                  <label>17.</label> Cosmopolis, or an <lb/> international or<pc>-</pc><lb/>
                  ganization. </item>
            </list>
         </div>
      </body>
   </text>
</TEI>
