<?xml version="1.0" encoding="UTF-8"?>
<?xml-model href="../schema/pessoaTEI.rng" type="application/xml" schematypens="http://relaxng.org/ns/structure/1.0"?>
<TEI xmlns="http://www.tei-c.org/ns/1.0">
   <teiHeader>
      <fileDesc>
         <titleStmt>
            <title>BNP/E3 144U-47<hi rend="superscript">v</hi></title>
            <author>
               <rs type="name" key="FP">Fernando Pessoa</rs>
            </author>
            <respStmt>
               <resp>Transcrição, Edição</resp>
               <name>Pedro Sepúlveda</name>
            </respStmt>
            <respStmt>
               <resp>Transcrição</resp>
               <name>Pablo Javier Pérez López</name>
            </respStmt>
            <respStmt>
               <resp>Transcrição</resp>
               <name>Jorge Uribe</name>
            </respStmt>
            <respStmt>
               <resp>Codificação, Modelagem de dados</resp>
               <name>Ulrike Henny</name>
            </respStmt>
            <respStmt>
               <resp>Codificação</resp>
               <name>Isabel Figueiredo-Iken</name>
            </respStmt>
            <respStmt>
               <resp>Codificação</resp>
               <name>Sviatoslav Drach</name>
            </respStmt>
            <respStmt>
               <resp>Consultoria</resp>
               <name>Institut für Dokumentologie und Editorik (IDE)</name>
            </respStmt>
         </titleStmt>
         <publicationStmt>
            <publisher>Universidade Nova de Lisboa, Instituto de Estudos de Literatura e Tradição
               (IELT)</publisher>
            <publisher>Cologne Center for eHumanities (CCeH)</publisher>
            <date>2016</date>
            <availability>
               <licence target="http://creativecommons.org/licenses/by/3.0/"/>
            </availability>
            <idno type="filename">BNP_E3_144U-47v.xml</idno>
         </publicationStmt>
         <sourceDesc>
            <msDesc>
               <msIdentifier>
                  <institution>Biblioteca Nacional de Portugal</institution>
                  <idno>BNP/E3 144U-47v</idno>
               </msIdentifier>
               <msContents>
                  <summary>
                     <p> Lista manuscrita no caderno 144U (cf. <ref target="http://purl.pt/13896"
                        >http://purl.pt/13896</ref>), publicada em <hi rend="italic">Sensacionismo e
                           outros Ismos</hi> (2009, 568). </p>
                  </summary>
                  <msItemStruct>
                     <author>
                        <rs type="name" key="FP">Fernando Pessoa</rs>
                     </author>
                     <note type="genre">
                        <rs type="genre" key="lista_editorial">Lista editorial</rs><rs type="genre"
                           key="plano_editorial">Plano editorial</rs>
                     </note>
                     <textLang mainLang="pt" otherLangs="en"/>
                  </msItemStruct>
               </msContents>
               <history>
                  <origin>
                     <p>
                        <origDate when="1917" cert="medium">c. 1917</origDate>
                     </p>
                  </origin>
               </history>
            </msDesc>
         </sourceDesc>
      </fileDesc>
   </teiHeader>
   <facsimile>
      <graphic url="bn-acpc-e-e3_144u_JPG_24-C-R0150/bn-acpc-e-e3_144u_0096_47v_t24-C-R0150.jpg"/>
   </facsimile>
   <text>
      <body>
         <div>
            <head><hi rend="underline">Episodios.</hi></head>
            <list>
               <item><rs type="title">A Mumia. </rs>— 5 poemas.</item>
               <item><rs type="title">Ficções de Interludio</rs> — 5 poemas.</item>
               <item><rs type="title">As sete salas<metamark rend="line" function="placeholder"><add
                           resp="PS"> [do palacio abandonado]</add></metamark></rs> — (7) (9) (8)
                  poemas. <note place="margin right"> 10</note></item>
               <item><rs type="title">Chuva Obliqua</rs> — 6 poemas. <note place="margin right">
                     8</note>
               </item>
               <item><rs type="title">A Casa Branca Nau Preta.</rs>
                  <note place="margin right"> 3 </note>
               </item>
               <item><rs type="title">Passos da Cruz</rs> — 14 sonetos. <note place="margin right">
                     14 </note>
               </item>
               <item><note place="margin left"> 1. </note><rs type="title"> Tedio em Festa</rs>—
                  (Paues + 2 others). </item>
               <item><rs type="title">Além-Deus</rs> — 5 poemas. <note place="margin right"> 5.
                  </note>
               </item>
               <item><rs type="title">Nyria.</rs></item>
            </list>
         </div>
      </body>
   </text>
</TEI>
