<?xml version="1.0" encoding="UTF-8"?>
<?xml-model href="../schema/pessoaTEI.rng" type="application/xml" schematypens="http://relaxng.org/ns/structure/1.0"?>
<TEI xmlns="http://www.tei-c.org/ns/1.0">
   <teiHeader>
      <fileDesc>
         <titleStmt>
            <title>BNP/E3 48-44<hi rend="superscript">r</hi>
            </title>
            <author>
               <rs type="name" key="FP">Fernando Pessoa</rs>
            </author>
            <respStmt>
               <resp>Transcrição, Edição</resp>
               <name>Pedro Sepúlveda</name>
            </respStmt>
            <respStmt>
               <resp>Modelagem de dados, Codificação</resp>
               <name>Ulrike Henny-Krahmer</name>
            </respStmt>
            <respStmt>
               <resp>Codificação</resp>
               <name>Inês Filipa Rebelo do Carmo</name>
            </respStmt>
            <respStmt>
               <resp>Codificação</resp>
               <name>Isabel Figueiredo-Iken</name>
            </respStmt>
            <respStmt>
               <resp>Codificação</resp>
               <name>Sviatoslav Drach</name>
            </respStmt>
            <respStmt>
               <resp>Consultoria</resp>
               <name>Institut für Dokumentologie und Editorik (IDE)</name>
            </respStmt>
         </titleStmt><editionStmt><p>Corpus version C2.1.0</p></editionStmt>
         <publicationStmt>
            <publisher>Universidade Nova de Lisboa, Instituto de Estudos de Literatura e Tradição
               (IELT)</publisher>
            <publisher>Cologne Center for eHumanities (CCeH)</publisher>
            <date>2017</date>
            <availability status="free">
               <licence target="http://creativecommons.org/licenses/by/4.0/"/>
            </availability>
            <idno type="filename">BNP_E3_48-44r.xml</idno>
         </publicationStmt>
         <sourceDesc>
            <msDesc>
               <msIdentifier>
                  <institution>Biblioteca Nacional de Portugal</institution>
                  <idno>BNP/E3 48-44r</idno>
               </msIdentifier>
               <msContents>
                  <summary>
                     <p>Lista manuscrita numa folha de papel com o timbre «F. N. Pessoa | Apartado
                        147 | Lisboa».</p>
                  </summary>
                  <msItemStruct>
                     <author>
                        <rs type="name" key="FP">Fernando Pessoa</rs>
                     </author>
                     <note type="genre">
                        <rs type="genre" key="lista_editorial">Lista editorial</rs>
                     </note>
                     <textLang mainLang="en" otherLangs="pt"/>
                  </msItemStruct>
               </msContents>
               <history>
                  <origin>
                     <p>
                        <origDate when="1919" cert="medium">c. 1919</origDate>
                     </p>
                  </origin>
               </history>
            </msDesc>
         </sourceDesc>
      </fileDesc>
      <revisionDesc>
         <change when="2023-11-15" who="#FAF">
                    Added edition statement to the teiHeader
                </change>
      </revisionDesc>
   </teiHeader>
   <facsimile xml:base="http://images.cceh.uni-koeln.de/pessoa/">
      <graphic url="bn-acpc-e-e3-48-1-56_JPG_24-C-R0150/bn-acpc-e-e3-48-1-56_0087_44_t24-C-R0150.jpg"/>
   </facsimile>
   <text>
      <body>
         <div>
            <p>
               <hi rend="underline">Weekly Trade Letter.</hi> (no <abbr>adots<am>.</am>
               </abbr>
               needed)</p>
            <p>
               <hi rend="underline">Weekly News Letter.</hi> (do)</p>
            <gap reason="selection" unit="line" extent="8"/>
            <metamark rend="line" function="distinct"/>
            <gap reason="selection" unit="line" extent="4"/>
            <list>
               <head>
                  <hi rend="underline">The Portuguese Review.</hi> Quarterly</head>
               <item rend="indent-2">
                  <label>1.</label>
                  <rs type="title">Theory of Political Suffrage</rs>
                  <lb/> (an Idea of Progress) </item>
               <item rend="indent-2">
                  <label>2.</label>
                  <rs type="work">
                     <rs type="name" key="P295" role="author">Eça de Queiroz</rs>: <rs type="title">O Man<pc>-</pc>
                        <lb/>darim.</rs>
                  </rs> (as serial)</item>
               <item>
                  <label>3.</label>
                  <rs type="name" key="P30">
                     <choice>
                        <abbr>M<am>.</am>
                        </abbr>
                        <expan>M<ex>ario</ex>
                        </expan>
                     </choice> de Sá-<choice>
                        <abbr>C<am>.</am>
                        </abbr>
                        <expan>C<ex>arneiro</ex>
                        </expan>
                     </choice>
                  </rs>
                  <note place="margin-right">
                     <rs type="title">
                        <choice>
                           <abbr>Pref<am>.</am>
                           </abbr>
                           <expan>Pref<ex>acio</ex>
                           </expan>
                        </choice>
                        <rs type="name">Antero</rs>
                     </rs>
                  </note>
               </item>
               <item rend="indent-2">
                  <label>4.</label> Poem. (English by<lb/> the <gap reason="illegible" extent="1" unit="word"/>)</item>
               <item rend="indent-2">
                  <label>5.</label>
                  <hi rend="underline">The Quarter’s trade.</hi>
                  <lb/> Complete </item>
            </list>
            <metamark rend="line" function="distinct"/>
            <div>
               <head>
                  <del rend="overstrike">Trade Letter</del>
               </head>
               <head>
                  <hi rend="underline">“Portuguese Trade”</hi> (Quarterly)</head>
               <p>No. 1 - April-June 1920<note>
                     <add place="after">p.</add>
                  </note>
                  <lb/> or
                  half-yearly </p>
               <p>
                  <choice>
                     <abbr>Jan<am>.</am>
                     </abbr>
                     <expan>Jan<ex>uary</ex>
                     </expan>
                  </choice>-June 1920. </p>
            </div>
            <gap reason="selection" unit="line" extent="72"/>
         </div>
      </body>
   </text>
</TEI>
