<?xml version="1.0" encoding="UTF-8"?>
<?xml-model href="../schema/pessoaTEI.rng" type="application/xml" schematypens="http://relaxng.org/ns/structure/1.0"?>
<TEI xmlns="http://www.tei-c.org/ns/1.0">
   <teiHeader>
      <fileDesc>
         <titleStmt>
            <title>BNP/E3 188-2<hi rend="superscript">r</hi></title>
            <author>
               <rs type="name" key="FP">Fernando Pessoa</rs>
            </author>
            <respStmt>
               <resp>Transcrição, Edição</resp>
               <name>Pedro Sepúlveda</name>
            </respStmt>
            <respStmt>
               <resp>Codificação, Modelagem de dados</resp>
               <name>Ulrike Henny</name>
            </respStmt>
            <respStmt>
               <resp>Codificação</resp>
               <name>Isabel Figueiredo-Iken</name>
            </respStmt>
            <respStmt>
               <resp>Codificação</resp>
               <name>Sviatoslav Drach</name>
            </respStmt>
            <respStmt>
               <resp>Consultoria</resp>
               <name>Institut für Dokumentologie und Editorik (IDE)</name>
            </respStmt>
         </titleStmt>
         <publicationStmt>
            <publisher>Universidade Nova de Lisboa, Instituto de Estudos de Literatura e Tradição
               (IELT)</publisher>
            <publisher>Cologne Center for eHumanities (CCeH)</publisher>
            <date>2017</date>
            <availability>
               <licence target="http://creativecommons.org/licenses/by/3.0/"/>
            </availability>
            <idno type="filename">BNP_E3_188-2r.xml</idno>
         </publicationStmt>
         <sourceDesc>
            <msDesc>
               <msIdentifier>
                  <institution>Biblioteca Nacional de Portugal</institution>
                  <idno>BNP/E3 188-2r</idno>
               </msIdentifier>
               <msContents>
                  <summary>
                     <p>Lista manuscrita em papel com marca de água «Parchment Wove».</p>
                  </summary>
                  <msItemStruct>
                     <author>
                        <rs type="name" key="FP">Fernando Pessoa</rs>
                     </author>
                     <note type="genre">
                        <rs type="genre" key="lista_editorial">Lista editorial</rs>
                     </note>
                     <textLang mainLang="pt" otherLangs="en"/>
                  </msItemStruct>
               </msContents>
               <history>
                  <origin>
                     <p>
                        <origDate when="1919" cert="medium">c. 1919</origDate>
                     </p>
                  </origin>
               </history>
            </msDesc>
         </sourceDesc>
      </fileDesc>
   </teiHeader>
   <facsimile>
      <graphic url="bn-acpc-e-e3-188_JPG_24-C-R0150/bn-acpc-e-e3-188_0003_2_t24-C-R0150.jpg"/>
   </facsimile>
   <text>
      <body>
         <div>
            <head><hi rend="underline">
                  <choice>
                     <abbr>G<am>.</am></abbr>
                     <expan>G<ex>remio</ex></expan>
                  </choice>de <choice>
                     <abbr>C<am>.</am></abbr>
                     <expan>C<ex>ultura</ex></expan>
                  </choice><choice>
                     <abbr> P<am>.</am></abbr>
                     <expan> P<ex>ortugueza</ex></expan>
                  </choice></hi></head>
            <list>
               <head>Subscripções para o Gremio:</head>
               <item> Por <choice>
                     <abbr>nu<am>.</am></abbr>
                     <expan>nu<ex>mero</ex></expan>
                  </choice>: 1$00.</item>
               <item> Doações de ahi para cima, de quem<lb/> sympathisar com a attitude do
                  Gremio.</item>
            </list>
            <list>
               <head><hi rend="underline">Despezas do Gremio:</hi></head>
               <item> Renda mensal: 40$00.</item>
               <item>Empregado: 10$00.</item>
               <item>Prestação da mobilia: 60$00.</item>
               <item> Outras despezas: 40$00</item>
               <note place="right"><metamark rend="line" function="distinct"/></note>
               <item><note place="right">150$00</note></item>
               <note place="right"><metamark rend="line" function="end"/></note>
            </list>
            <list>
               <head><hi rend="underline">Select a printing office:</hi></head>
               <item>17.00 copies of <choice>
                     <abbr>Th<am>.</am></abbr>
                  </choice><choice>
                     <abbr>Sr<am>.</am></abbr>
                  </choice><lb/>(each † Acção) = 1.020$00 </item>
               <item>Sold at 50 c/ each = </item>
               <item> from at 200 $ = 1.700$00</item>
               <note place="right"><metamark rend="line" function="distinct"/></note>
               <item><note place="right">150$00</note></item>
               <item><note place="right">Profit = 680$00</note></item>
               <note place="right"><metamark rend="line" function="end"/></note>
            </list>
         </div>
      </body>
   </text>
</TEI>
