<?xml version="1.0" encoding="UTF-8"?>
<?xml-model href="../schema/pessoaTEI.rng" type="application/xml" schematypens="http://relaxng.org/ns/structure/1.0"?>
<TEI xmlns="http://www.tei-c.org/ns/1.0">
   <teiHeader>
      <fileDesc>
         <titleStmt>
            <title>BNP/E3 144D<hi rend="superscript">2</hi>-41<hi rend="superscript">v</hi></title>
            <author>
               <rs type="name" key="FP">Fernando Pessoa</rs>
            </author>
            <respStmt>
               <resp>Transcrição, Edição</resp>
               <name>Pedro Sepúlveda</name>
            </respStmt>
            <respStmt>
               <resp>Transcrição</resp>
               <name>Pablo Javier Pérez López</name>
            </respStmt>
            <respStmt>
               <resp>Modelagem de dados, Codificação</resp>
               <name>Ulrike Henny-Krahmer</name>
            </respStmt>
            <respStmt>
               <resp>Codificação</resp>
               <name>Inês Filipa Rebelo do Carmo</name>
            </respStmt>
            <respStmt>
               <resp>Codificação</resp>
               <name>Isabel Figueiredo-Iken</name>
            </respStmt>
            <respStmt>
               <resp>Codificação</resp>
               <name>Sviatoslav Drach</name>
            </respStmt>
            <respStmt>
               <resp>Consultoria</resp>
               <name>Institut für Dokumentologie und Editorik (IDE)</name>
            </respStmt>
         </titleStmt>
         <publicationStmt>
            <publisher>Universidade Nova de Lisboa, Instituto de Estudos de Literatura e Tradição
               (IELT)</publisher>
            <publisher>Cologne Center for eHumanities (CCeH)</publisher>
            <date>2017</date>
            <availability status="free">
               <licence target="http://creativecommons.org/licenses/by/3.0/"/>
            </availability>
            <idno type="filename">BNP_E3_144D2-41v.xml</idno>
         </publicationStmt>
         <sourceDesc>
            <msDesc>
               <msIdentifier>
                  <institution>Biblioteca Nacional de Portugal</institution>
                  <idno>BNP/E3 144D2-41v</idno>
               </msIdentifier>
               <msContents>
                  <summary>
                     <p> Lista manuscrita no caderno 144D<hi rend="superscript">2</hi> (cf. <ref
                           target="http://purl.pt/13880">http://purl.pt/13880</ref>), publicada em
                           <hi rend="italic">Obras de Jean Seul de Méluret</hi> (2006, 45). </p>
                  </summary>
                  <msItemStruct>
                     <author>
                        <rs type="name" key="FP">Fernando Pessoa</rs>
                     </author>
                     <note type="genre">
                        <rs type="genre" key="lista_editorial">Lista editorial</rs>
                     </note>
                     <textLang mainLang="pt" otherLangs="fr"/>
                  </msItemStruct>
               </msContents>
               <history>
                  <origin>
                     <p>
                        <origDate when="1914" cert="medium">c. 1914</origDate>
                     </p>
                  </origin>
               </history>
            </msDesc>
         </sourceDesc>
      </fileDesc>
   </teiHeader>
   <facsimile xml:base="http://images.cceh.uni-koeln.de/pessoa/">
      <graphic url="bn-acpc-e-e3_144d2_JPG_24-C-R0150/bn-acpc-e-e3_144d2_0132_41v_t24-C-R0150.jpg"/>
   </facsimile>
   <text>
      <body>
         <div>
            <head><hi rend="underline"><rs type="periodical" key="J35">Europa</rs> –<lb/>No.
               I.</hi></head>
            <list>
               <item>
                  <label>1.</label>
                  <rs type="title">Manifesto da <choice>
                        <abbr>R<am>.</am> E<am>.</am></abbr>
                        <expan>R<ex>evista</ex> E<ex>uropa</ex></expan>
                     </choice></rs>
               </item>
               <item>
                  <label>2.</label>
                  <rs type="title">Além-Deus</rs>.
               </item>
               <item>
                  <label>3.</label>
                  <rs type="title">Eu-proprio-o-outro</rs>. </item>
               <item>
                  <label>4.</label>
                  <rs type="title">Como o faria <choice>
                        <abbr><metamark rend="dots" function="placeholder"/></abbr>
                        <expan><supplied resp="PS" reason="omitted-in-original"/></expan>
                     </choice> (pastiches)</rs>
               </item>
               <item>
                  <label>5.</label>
                  <rs type="title">Traducção do manifesto</rs>. </item>
            </list>
            <metamark rend="line" function="distinct"/>
            <list>
               <head><hi rend="underline">No. 2.</hi></head>
               <item>
                  <label>1.</label>
                  <rs type="title">La France à <del rend="overstrike">2000</del> l’an 2000</rs>. </item>
               <item>
                  <label>2.</label><seg type="certainty" cert="low" resp="FP" rend="cross right"><rs
                        type="title">Poèmes à la X</rs>.</seg>
               </item>
            </list>
         </div>
      </body>
   </text>
</TEI>
