<?xml version="1.0" encoding="UTF-8"?>
<?xml-model href="../schema/pessoaTEI.rng" type="application/xml" schematypens="http://relaxng.org/ns/structure/1.0"?>
<TEI xmlns="http://www.tei-c.org/ns/1.0">
   <teiHeader>
      <fileDesc>
         <titleStmt>
            <title>BNP/E3 731<hi rend="superscript">r</hi>
            </title>
            <author>
               <rs type="name" key="FP">Fernando Pessoa</rs>
            </author>
            <respStmt>
               <resp>Transcrição, Edição</resp>
               <name>Pedro Sepúlveda</name>
            </respStmt>
            <respStmt>
               <resp>Modelagem de dados, Codificação</resp>
               <name>Ulrike Henny-Krahmer</name>
            </respStmt>
            <respStmt>
               <resp>Codificação</resp>
               <name>Isabel Figueiredo-Iken</name>
            </respStmt>
            <respStmt>
               <resp>Codificação</resp>
               <name>Inês Filipa Rebelo do Carmo</name>
            </respStmt>
            <respStmt>
               <resp>Codificação</resp>
               <name>Sviatoslav Drach</name>
            </respStmt>
            <respStmt>
               <resp>Consultoria</resp>
               <name>Institut für Dokumentologie und Editorik (IDE)</name>
            </respStmt>
         </titleStmt><editionStmt><p>Corpus version C2.1.0</p></editionStmt>
         <publicationStmt>
            <publisher>Universidade Nova de Lisboa, Instituto de Estudos de Literatura e Tradição
               (IELT)</publisher>
            <publisher>Cologne Center for eHumanities (CCeH)</publisher>
            <date>2017</date>
            <availability status="free">
               <licence target="http://creativecommons.org/licenses/by/4.0/"/>
            </availability>
            <idno type="filename">BNP_E3_731r.xml</idno>
         </publicationStmt>
         <sourceDesc>
            <msDesc>
               <msIdentifier>
                  <institution>Biblioteca Nacional de Portugal</institution>
                  <idno>BNP/E3 731r</idno>
               </msIdentifier>
               <msContents>
                  <summary>
                     <p> Lista datilografada, com um acrescento manuscrito, no verso de papel
                        impresso de «Aviso por causa da moral», texto publicado em nome de Campos,
                        com data de 1923. </p>
                  </summary>
                  <msItemStruct>
                     <author>
                        <rs type="name" key="FP">Fernando Pessoa</rs>
                     </author>
                     <note type="genre">
                        <rs type="genre" key="lista_editorial">Lista editorial</rs>
                     </note>
                     <textLang mainLang="pt"/>
                  </msItemStruct>
               </msContents>
               <history>
                  <origin>
                     <p>
                        <origDate notBefore="1923">post. 1923</origDate>
                     </p>
                  </origin>
               </history>
            </msDesc>
         </sourceDesc>
      </fileDesc>
      <revisionDesc>
         <change when="2023-11-15" who="#FAF">
                    Added edition statement to the teiHeader
                </change>
      </revisionDesc>
   </teiHeader>
   <facsimile xml:base="http://images.cceh.uni-koeln.de/pessoa/">
      <graphic url="doc_BNP_E3_731r.jpg"/>
   </facsimile>
   <text>
      <body>
         <div>
            <head>
               <hi rend="underline"> Traducções. </hi>
            </head>
            <list>
               <item>
                  <rs type="title">O CORVO</rs>, de <rs type="name" key="P87">Edgar Poe</rs>. </item>
               <item>
                  <rs type="title">ODE</rs>, de <rs type="name" key="P161">O’Shaughnessy</rs>.</item>
               <item>
                  <rs type="title">A CIDADE NO MAR</rs>, de <rs type="name" key="P87">Edgar
                     Poe</rs>.</item>
               <item>
                  <rs type="title">A ULTIMA CAVALGADA</rs>, de <rs type="name" key="P267">Robert
                     Browning</rs>.</item>
               <item>
                  <rs type="title">O HOMEM E A COBRA</rs>, de <rs type="name" key="P268">Ambrose
                     Bierce</rs>.</item>
               <item>
                  <rs type="title">POEMAS EM PROSA</rs>, de <rs type="name" key="P32">Oscar
                     Wilde</rs>.</item>
               <item>
                  <rs type="title">A DECADENCIA DA MENTIRA</rs>, de <rs type="name" key="P32">Oscar Wilde</rs>. </item>
               <item>
                  <rs type="title">EPILOGO</rs>, da <rs type="title">“Renascença”</rs>, de <rs type="name" key="P164">Walter Pater</rs>.</item>
               <item>
                  <rs type="title">LEONARDO DA VINCI</rs>, de <rs type="name" key="P164">Walter
                     Pater</rs>.</item>
               <item>
                  <rs type="title">CARTA AO CONDE DE CHESTERFIELD</rs>, do <rs type="name" key="P156">
                     <choice>
                        <abbr>D<am>r.</am>
                        </abbr>
                        <expan>D<ex>outor</ex>
                        </expan>
                     </choice> Johnson</rs>.</item>
               <item>
                  <rs type="title">DESCIDA AO MAELSTROM</rs>, de <rs type="name" key="P87">Edgar
                     Poe</rs>.</item>
               <item>
                  <rs type="title">A CAVALGADA ATÉ AO MAR</rs>, de <rs type="name" key="P270">
                     <choice>
                        <abbr>J<am>.</am> M<am>.</am>
                        </abbr>
                        <expan>J<ex>ohn</ex> M<ex>illington</ex>
                        </expan>
                     </choice> Synge</rs>.</item>
               <item>
                  <rs type="title">A TERRA DOS CEGOS</rs>, de <rs type="name" key="P271">
                     <choice>
                        <abbr>H<am>.</am> G<am>.</am>
                        </abbr>
                        <expan>H<ex>erbert</ex> G<ex>eorge</ex>
                        </expan>
                     </choice> Wells</rs>.</item>
               <item>
                  <rs type="title">A PORTA NO MURO</rs>, de <rs type="name" key="P271">
                     <choice>
                        <abbr>H<am>.</am> G<am>.</am>
                        </abbr>
                        <expan>H<ex>erbert</ex> G<ex>eorge</ex>
                        </expan>
                     </choice> Wells</rs>.</item>
               <item>
                  <rs type="title">O SENHOR DO CASTELLO NEGRO</rs>, de <rs type="name" key="P105">Sir <choice>
                        <abbr>A<am>.</am>
                        </abbr>
                        <expan>A<ex>rthur</ex>
                        </expan>
                     </choice> Conan Doyle</rs>.</item>
               <item>
                  <rs type="title">A SOMBRA</rs>, de <rs type="name" key="P87">Edgar
                  Poe</rs>.</item>
               <item>
                  <rs type="title">STROPHES DA GRANDE CHARTREUSE</rs>, de <rs type="name" key="P185">Matthew Arnold</rs>.</item>
               <item>
                  <rs type="title">ODE Á IMMORTALIDADE</rs>, de <rs type="name" key="P162">William Wordsworth</rs>.</item>
               <item>
                  <rs type="title">DE COMO NAPOLEÃO NUNCA EXISTIU</rs>, de <rs type="name" key="P13">
                     <choice>
                        <abbr>J<am>.</am>B<am>.</am>
                        </abbr>
                        <expan>J<ex>ean-</ex>B<ex>aptiste</ex>
                        </expan>
                     </choice> Pérès</rs>.</item>
               <item>
                  <rs type="title">MAXIMAS</rs>, de <rs type="name" key="P272">La
                     Rochefoucauld</rs>.</item>
               <item>
                  <del rend="overtyped" n="2">
                     <rs type="title">PROPHECIAS</rs>, de <rs type="name" key="P259">Bandarra</rs>.</del>
               </item>
               <addSpan spanTo="#A1" n="2"/>
               <item>
                  <rs type="name" key="P104">
                     <abbr>O<am>.</am>
                     </abbr> Henry</rs> ― <rs type="title">Caminhos do Destino</rs>.</item>
               <anchor xml:id="A1"/>
            </list>
         </div>
      </body>
   </text>
</TEI>
