<?xml version="1.0" encoding="UTF-8"?>
<?xml-model href="../schema/pessoaTEI.rng" type="application/xml" schematypens="http://relaxng.org/ns/structure/1.0"?>
<TEI xmlns="http://www.tei-c.org/ns/1.0">
   <teiHeader>
      <fileDesc>
         <titleStmt>
            <title>BNP/E3 144G-1 a 13</title>
            <author>
               <rs type="name" key="FP">Fernando Pessoa</rs>
            </author>
            <respStmt>
               <resp>Transcrição, Edição</resp>
               <name>Pedro Sepúlveda</name>
            </respStmt>
            <respStmt>
               <resp>Modelagem de dados, Codificação</resp>
               <name>Ulrike Henny-Krahmer</name>
            </respStmt>
            <respStmt>
               <resp>Codificação</resp>
               <name>Isabel Figueiredo-Iken</name>
            </respStmt>
            <respStmt>
               <resp>Codificação</resp>
               <name>Inês Filipa Rebelo do Carmo</name>
            </respStmt>
            <respStmt>
               <resp>Codificação</resp>
               <name>Sviatoslav Drach</name>
            </respStmt>
            <respStmt>
               <resp>Consultoria</resp>
               <name>Institut für Dokumentologie und Editorik (IDE)</name>
            </respStmt>
         </titleStmt><editionStmt><p>Corpus version C2.1.0</p></editionStmt>
         <publicationStmt>
            <publisher>Universidade Nova de Lisboa, Instituto de Estudos de Literatura e Tradição
               (IELT)</publisher>
            <publisher>Cologne Center for eHumanities (CCeH)</publisher>
            <date>2017</date>
            <availability status="free">
               <licence target="http://creativecommons.org/licenses/by/4.0/"/>
            </availability>
            <idno type="filename">BNP_E3_144G-1-a-13.xml</idno>
         </publicationStmt>
         <sourceDesc>
            <msDesc>
               <msIdentifier>
                  <institution>Biblioteca Nacional de Portugal</institution>
                  <idno>BNP/E3 144G-1 a 13</idno>
               </msIdentifier>
               <msContents>
                  <summary>
                     <p>Lista manuscrita no caderno 144G (cf. <ref target="http://purl.pt/13883">http://purl.pt/13883</ref>), publicada parcialmente em Ferreira, <hi rend="italic">Fazer pela vida. Um retrato de Fernando Pessoa
                           empreendedor</hi> (2005, 217-222).</p>
                  </summary>
                  <msItemStruct>
                     <author>
                        <rs type="name" key="FP">Fernando Pessoa</rs>
                     </author>
                     <note type="genre">
                        <rs type="genre" key="lista_editorial">Lista editorial</rs>
                     </note>
                     <textLang mainLang="pt" otherLangs="en"/>
                  </msItemStruct>
               </msContents>
               <history>
                  <origin>
                     <p>
                        <origDate when="1919" cert="medium">c. 1919</origDate>
                     </p>
                  </origin>
               </history>
            </msDesc>
         </sourceDesc>
      </fileDesc>
      <revisionDesc>
         <change when="2023-11-15" who="#FAF">
                    Added edition statement to the teiHeader
                </change>
      </revisionDesc>
   </teiHeader>
   <facsimile xml:base="http://images.cceh.uni-koeln.de/pessoa/">
      <graphic url="bn-acpc-e-e3_144g_JPG_24-C-R0150/bn-acpc-e-e3_144g_0009_1r_t24-C-R0150.jpg"/>
      <graphic url="bn-acpc-e-e3_144g_JPG_24-C-R0150/bn-acpc-e-e3_144g_0011_2r_t24-C-R0150.jpg"/>
      <graphic url="bn-acpc-e-e3_144g_JPG_24-C-R0150/bn-acpc-e-e3_144g_0013_3r_t24-C-R0150.jpg"/>
      <graphic url="bn-acpc-e-e3_144g_JPG_24-C-R0150/bn-acpc-e-e3_144g_0015_4r_t24-C-R0150.jpg"/>
      <graphic url="bn-acpc-e-e3_144g_JPG_24-C-R0150/bn-acpc-e-e3_144g_0017_5r_t24-C-R0150.jpg"/>
      <graphic url="bn-acpc-e-e3_144g_JPG_24-C-R0150/bn-acpc-e-e3_144g_0018_5v_t24-C-R0150.jpg"/>
      <graphic url="bn-acpc-e-e3_144g_JPG_24-C-R0150/bn-acpc-e-e3_144g_0019_6r_t24-C-R0150.jpg"/>
      <graphic url="bn-acpc-e-e3_144g_JPG_24-C-R0150/bn-acpc-e-e3_144g_0020_6v_t24-C-R0150.jpg"/>
      <graphic url="bn-acpc-e-e3_144g_JPG_24-C-R0150/bn-acpc-e-e3_144g_0021_7r_t24-C-R0150.jpg"/>
      <graphic url="bn-acpc-e-e3_144g_JPG_24-C-R0150/bn-acpc-e-e3_144g_0022_7v_t24-C-R0150.jpg"/>
      <graphic url="bn-acpc-e-e3_144g_JPG_24-C-R0150/bn-acpc-e-e3_144g_0023_8r_t24-C-R0150.jpg"/>
      <graphic url="bn-acpc-e-e3_144g_JPG_24-C-R0150/bn-acpc-e-e3_144g_0024_8v_t24-C-R0150.jpg"/>
      <graphic url="bn-acpc-e-e3_144g_JPG_24-C-R0150/bn-acpc-e-e3_144g_0025_9r_t24-C-R0150.jpg"/>
      <graphic url="bn-acpc-e-e3_144g_JPG_24-C-R0150/bn-acpc-e-e3_144g_0026_9v_t24-C-R0150.jpg"/>
      <graphic url="bn-acpc-e-e3_144g_JPG_24-C-R0150/bn-acpc-e-e3_144g_0027_10r_t24-C-R0150.jpg"/>
      <graphic url="bn-acpc-e-e3_144g_JPG_24-C-R0150/bn-acpc-e-e3_144g_0029_11r_t24-C-R0150.jpg"/>
      <graphic url="bn-acpc-e-e3_144g_JPG_24-C-R0150/bn-acpc-e-e3_144g_0031_12r_t24-C-R0150.jpg"/>
      <graphic url="bn-acpc-e-e3_144g_JPG_24-C-R0150/bn-acpc-e-e3_144g_0033_13r_t24-C-R0150.jpg"/>
      <graphic url="bn-acpc-e-e3_144g_JPG_24-C-R0150/bn-acpc-e-e3_144g_0034_13v_t24-C-R0150.jpg"/>
   </facsimile>
   <text>
      <body>
         <div>
            <head>A.</head>
            <p rend="indent-2">
               <hi rend="underline">Aristography</hi>: a new system of<lb/>
               shorthand.</p>
            <p rend="indent-2">In Portuguese, English, French and<lb/>Spanish primarily. </p>
            <p rend="indent-2">Write out first the fundamental<lb/>elements of the system,
                  includ<pc>-</pc>
               <lb/>ing the ʺgrammaloguesʺ. The ad<pc>-</pc>
               <lb/>enda — to be
               worked at after<pc>-</pc>
               <lb/>wards — are the phraseographic<lb/> outlines.</p>
            <p rend="indent-2">Commercial possibilities: (1) The es<pc>-</pc>
               <lb/>tablishment of a
               concern ra<pc>-</pc>
               <lb/>dically dedicated to <abbr>A<am>.</am>
               </abbr>, though<lb/>
               with possible ulterior develop<pc>-</pc>
               <lb/>ments in correlated matters<lb/> (as
               Pitmanis); (2) The establish<pc>-</pc>
               <lb/>ment of a general concern
               (<choice>
                  <abbr>e<am>.</am> g<am>.</am>
                  </abbr>
                  <expan>e<ex>xempli</ex> g<ex>ratia</ex>
                  </expan>
               </choice>
               <lb/> Cosmopolis) of which the <abbr>A<am>.</am>
               </abbr> section<lb/> is but a part;
               (3) the making <lb/>over of the rights of the invention<lb/> to come concern or
               other, pre<pc>-</pc>
               <lb/>ferably on the basis of a certain <lb/>immediate sum or a
               stipulated<lb/> monthly payment. In the last<lb/> case study whether these rights
               <lb/>should be for all the languages.</p>
         </div>
         <pb n="2"/>
         <div>
            <head>B.</head>
            <head>
               <hi rend="underline">Parlour</hi> (board) <hi rend="underline"> games</hi>:</head>
            <list>
               <item>
                  <label>1.</label> Football.</item>
               <item>
                  <label>2.</label> Cricket.</item>
               <item>
                  <label>3.</label> Strategy.</item>
               <item>
                  <label>4.</label> The other game (simple).</item>
               <item>
                  <label>5.</label> Aspects (astrological game).</item>
            </list>
            <p rend="indent-2">The only logical commercial possi<pc>-</pc>
               <lb/>bility seems to be to
               patent <lb/>these and sell the patents<lb/>summarily. But in the case<lb/>of
               ʺCosmopolisʺ it might be<lb/>worth considering whether the<lb/>games might not
               better be<lb/> ʺpublishedʺ by it.</p>
         </div>
         <pb n="3"/>
         <div>
            <head>C.</head>
            <p rend="indent-2">An <hi rend="underline">Insurance Company</hi> for the <lb/>purpose
               of guaranteeing<lb/>the honesty of <hi rend="underline">all classes</hi>
               <lb/>of
               employees. (<rs type="name" key="P224">Martin Hewitt</rs>).</p>
            <p rend="indent-2">Study the special type of or<pc>-</pc>
               <lb/>ganization required, and
               <lb/>work out the details involv<pc>-</pc>
               <lb/>ed in the plan; consider
               es<pc>-</pc>
               <lb/>pecially whether the insurance<lb/> is paid by employer or
                  em<pc>-</pc>
               <lb/>ployee (the first, it seems), etc.</p>
            <p rend="indent-2">As basis the necessity there seems<lb/>to be for this, considering
               the<lb/>great deal of dishonesty there <lb/>is now. Yet would the idea<lb/>catch?
               Would this better be<lb/> a special company, or only a<lb/>special <choice>
                  <abbr>dept<am>.</am>
                  </abbr>
                  <expan>dep<ex>artmen</ex>t</expan>
               </choice> of an establish<pc>-</pc>
               <lb/>ed company?</p>
            <p rend="indent-2">Try to form this and, if successful,<lb/>sell the organizer’s rights
               to<lb/> the 10% on the legal number<lb/> of first years, or whatever these<lb/>
               rights may be.</p>
         </div>
         <pb n="4"/>
         <div>
            <head>D.</head>
            <list>
               <head>
                  <hi rend="underline">Telegraphic Codes:</hi>
               </head>
               <item>
                  <label>1.</label> The ʺTen times Tenʺ Code.</item>
               <item>
                  <label>2.</label> The ABCD code.</item>
               <item rend="indent-2">
                  <label>3.</label> The Elementary Code (the one<lb/>originally
                  invented).</item>
            </list>
            <addSpan spanTo="#A1" n="2"/>
            <list>
               <item xml:id="I1">
                  <label>1.</label> Combined Code (to 50 or 80) </item>
               <item xml:id="I2">
                  <label>2.</label> Condensation Code. <note target="range(I1,I2)" place="margin-left" type="addition">
                     <metamark rend="curly-bracket" function="grouping"/>
                  </note>
               </item>
               <item rend="indent-2">
                  <label>3.</label> Simple Code (from <gap reason="illegible" extent="2" unit="character"/>
                  <lb/>
                  <gap reason="illegible" extent="1" unit="character"/> by <gap reason="illegible" extent="1" unit="character"/>)</item>
            </list>
            <anchor xml:id="A1"/>
            <p rend="indent-2">
               <hi rend="underline">Commercial possibilities</hi>: The best <lb/>
               plan seems to be to sell<lb/> the ideas, either summarily,<lb/>or, for instance,
               for use with<lb/>the ABC 5th. Edition. Only in <lb/> the case of ʺCosmopolisʺ would
               <lb/>it be worth considering whether<lb/>a special elaboration and a <lb/>
               particular publication might<lb/>not be preferable. </p>
            <addSpan spanTo="#A2" n="2"/>
            <p rend="indent-2">3. Model or type for the construction<lb/>of private codes.
               (99-999)</p>
            <anchor xml:id="A2"/>
         </div>
         <pb n="5"/>
         <div>
            <head>E.</head>
            <p>
               <hi rend="underline">ʺCosmopolisʺ</hi> — or some like name.</p>
            <p>Notes for its organization:</p>
            <addSpan spanTo="#A3" n="2"/>
            <ab rend="right">(3 plans here),</ab>
            <anchor xml:id="A3"/>
            <list>
               <item rend="indent-2">
                  <label>
                     <mod rend="circled" n="2">1.</mod>
                  </label> Informações diarias a respeito
                  de<lb/>comboios, de partidas e chegadas<lb/> de vapores e de passageiros, de
                  <lb/>entradas em hóteis etc. (Hotels<lb/> can pay to this. <choice>
                     <abbr>Adv<am>.</am>
                     </abbr>
                     <expan>Adv<ex>ertisements</ex>
                     </expan>
                  </choice> on back <lb/>of these papers). <add n="2">
                     <note>(A)</note>
                  </add>
               </item>
               <item rend="indent-2">
                  <label>2.</label> Idem a respeito de viagens, comboios,<lb/> viagens
                  circulatorias, etc. </item>
               <item rend="indent-2">
                  <label>
                     <mod rend="circled" n="2">3.</mod>
                  </label> Traducções de e para todas as
                     lin<pc>-</pc>
                  <lb/>guas; correspondencia commercial<lb/>
                  <add n="2">
                     <note place="margin-left">(A)</note>
                  </add> nellas, ou a um tanto por
                  carta,<lb/> ou mediante contracto (mensal). </item>
               <item>
                  <label>4.<add n="2">
                        <note>?</note>
                     </add>
                  </label> Montagem e realização de escriptos. </item>
               <item rend="indent-2">
                  <label>
                     <mod rend="circled" n="2">5.</mod>
                  </label> Listas de exportadores,
                  importadores,<lb/> negociantes e fabricantes (talvez <lb/>por contracto com casas
                  como<lb/> Dun). </item>
               <item rend="indent-2">
                  <label>
                     <mod rend="circled" n="2">6.</mod>
                  </label> Obtenção de agentes nas
                  provincias <lb/>e no estrangeiro. </item>
               <item rend="indent-2">
                  <label>7.<add n="2">
                        <note>!</note>
                     </add>
                  </label> Buscas litterarias nas bibliothecas;<lb/>
                  pesquizas heraldicas e geneologi<pc>-</pc>
                  <lb/>cas. </item>
               <note place="center">E (2)</note>
               <pb n="6"/>
               <item rend="indent-2">
                  <label>
                     <mod rend="circled" n="2">8.</mod>
                  </label> Redacção correcta de cartas,
                     cir<pc>-</pc>
                  <lb/>culares, catalogos, etc. em <lb/>portuguez e outras linguas. </item>
               <item rend="indent-2">
                  <label>9.</label> Revisão de provas typographicas,<lb/>seguindo a orthographia
                  que se quizer. Revisão or<pc>-</pc>
                  <lb/>thographica tambem. </item>
               <item rend="indent-2">
                  <label>10.</label> Cortes de jornaes, nacionaes e<lb/>estrangeiros (contractos
                  com casas<lb/> estrangeiras para estes). </item>
               <item rend="indent-2">
                  <label>11.</label> Agencia litteraria geral: opinião<lb/>sobre livros que se
                  tencionem<lb/> publicar; agencia de collocação<lb/> de artigos, livros, etc., aqui
                  e <lb/>no estrangeiro (traduzindo-se;<lb/> se fôr preciso). </item>
               <item rend="indent-2">
                  <label>12.</label> Informações litterarias geraes; tra<pc>-</pc>
                  <lb/>balhos
                  litterarios de encommenda; <lb/>procura de preços para se
                  re<pc>-</pc>
                  <lb/>presentar. </item>
               <item rend="indent-2">
                  <label>
                     <mod rend="circled" n="2">13.</mod>
                  </label> Informação semanal sobre
                     com<pc>-</pc>
                  <lb/>mercio e movimento commercial, do movimento
                  al<pc>-</pc>
                  <lb/>fandegario e financeiro, in<pc>-</pc>
                  <lb/>cluindo o do Estado e
                  dos es<pc>-</pc>
                  <lb/>tados estrangeiros e bolsas es<pc>-</pc>
                  <pb n="7"/>
                  <note place="center">E (3)</note>
                  <lb/>trangeiras (retographias). </item>
               <item>
                  <label>
                     <mod rend="circled" n="2">14.</mod>
                  </label> Informação estatistica. </item>
               <item rend="indent-2">
                  <label>15.</label> Informações commerciaes (<hi rend="underline">não</hi>
                  <lb/>
                  particulares, excepto quando<lb/> para fins commerciaes) daqui<lb/> e do
                  estrangeiro (contractos)). </item>
               <item rend="indent-2">
                  <label>16.</label> Compras aqui e no estrangeiro,<lb/>assignaturas de jornaes
                     estran<pc>-</pc>
                  <lb/>geiros e nacionaes — mais ba<pc>-</pc>
                  <lb/>ratas, talvez,
                  para réclame —, <lb/>obtenção de catalogos, etc. </item>
               <item rend="indent-2">
                  <label>
                     <mod rend="circled" n="2">17.</mod>
                  </label> Á disposição do publico
                     (sub<pc>-</pc>
                  <lb/>scriptores a uma quota facil)<lb/> annuarios estrangeiros e
                     nacio<pc>-</pc>
                  <lb/>naes, codigos telegraphicos, listas<lb/> de fabricantes e
                  archivo geral,<lb/> diccionarios, almanaches, livros<lb/> de referencia,
                  etc.</item>
               <item rend="indent-2">
                  <label>
                     <mod rend="circled" n="2">18.</mod>
                  </label> Manufactura de codigos
                     particula<pc>-</pc>
                  <lb/>res, de cifras para correspon<pc>-</pc>
                  <lb/>dencia
                  secreta, etc. </item>
               <item rend="indent-2">
                  <label>
                     <mod rend="circled" n="2">19.</mod>
                  </label> Edições de codigos
                     telegraphi<pc>-</pc>
                  <lb/>cos proprios. </item>
               <item rend="indent-2">
                  <label>
                     <mod rend="circled" n="2">20.</mod>
                  </label> Bibliotheca technica e
                  commercial<lb/> de consulta. </item>
               <item>
                  <label>
                     <mod rend="circled" n="2">21.</mod>
                  </label> Edição do <rs type="periodical">“All About Portugal”</rs>. </item>
               <pb n="8"/>
               <note place="center">E (4)</note>
               <item rend="indent-2">
                  <label>
                     <mod rend="circled" n="2">22.</mod>
                  </label> Edições especiaes: pequeno
                     diccio<pc>-</pc>
                  <lb/>nario portuguez, diccionarios<lb/> technicos —
                  commerciaes. </item>
               <item>
                  <label>
                     <mod rend="circled" n="2">23.</mod>
                  </label> Aristographia. </item>
               <item rend="indent-2">
                  <label>
                     <mod rend="circled" n="2">24.</mod>
                  </label> Trabalhos á machina, ao <hi rend="underline">copio<pc>-</pc>
                     <lb/>grapho</hi> e <hi rend="underline">retographo</hi>, e da<lb/> imprensa, por preços reduzi<pc>-</pc>
                  <lb/>dos. </item>
               <item rend="indent-2">
                  <label>25.</label> Edição de uma agenda, ou de mais<lb/> (segundo as technicas —
                  agricola, etc.) </item>
               <item rend="indent-2">
                  <label>
                     <mod rend="circled" n="2">26.</mod>
                  </label> Annuarios em todos os jornaes
                  de <lb/>
                  <rs type="place">Portugal</rs> e estrangeiro, com
                  con<pc>-</pc>
                  <lb/>tractos especiaes e escolha de<lb/> C. </item>
               <item rend="indent-2">
                  <label>
                     <mod rend="circled" n="2">27.</mod>
                  </label> Especialidade em mandar vir
                  <lb/>livros do estrangeiro, e em<lb/>manter quem quizer informa<pc>-</pc>
                  <lb/>do
                  acerca de livros, do seu<lb/> interesse, que vão sahindo. </item>
               <item rend="indent-2">
                  <label>28.</label>
                  <rs type="periodical">ʺA Semanaʺ</rs> — semanario de<lb/> artigos completos, em
                  todos <lb/>os generos e resumidos, salvo<lb/>os artigos especiaes. </item>
               <item rend="indent-2">
                  <label>
                     <mod rend="circled" n="2">29.</mod>
                  </label> Endereçar e expedir
                  cartas,<lb/>circulares, etc. </item>
               <item rend="indent-2">
                  <label>
                     <mod rend="circled" n="2">30.</mod>
                  </label> Bureau de recepção de <pb n="9"/>
                  <note place="center">E (5)</note>
                  <lb/> correspondencia, para quem não<lb/>queira
                  receber em casa (especie<lb/> de posta-restante com apartados,<lb/>não se
                  admittindo iniciaes, para<lb/>não confundir com annuncios,<lb/> mas podendo haver
                  endereços <lb/>como ʺ<hi rend="underline">Caixa 23</hi>ʺ, <hi rend="underline">Cosmopolis</hi>). </item>
               <item rend="indent-2">
                  <label>
                     <mod rend="circled" n="2">31.</mod>
                  </label> Edição de bilhetes postaes
                     illustra<pc>-</pc>
                  <lb/>dos, sobretudo do paiz, e <hi rend="superscript">albuns
                     de</hi> visitas. </item>
               <item rend="indent-2">
                  <seg type="certainty" cert="low" rend="cross" resp="FP" n="2">
                     <label>32.</label> Listas de casas para alugar, en<pc>-</pc>
                     <lb/>
                     <add n="2">
                        <note place="margin-left">X</note>
                     </add> carrega-se de as alugar; e
                     tam<pc>-</pc>
                     <lb/> bem compra e venda de proprie<pc>-</pc>
                     <lb/>dades
                     (combinação com os agen<pc>-</pc>
                     <lb/>tes para não os prejudicar).</seg>
               </item>
               <item>
                  <label>
                     <mod rend="circled" n="2">33.</mod>
                  </label> Organização de leilões. </item>
               <item rend="indent-2">
                  <label>34.</label> Trabalhos de advocacia e procura<pc>-</pc>
                  <lb/>doria (talvez
                  excluindo a co<pc>-</pc>
                  <lb/>brança de contas e de dividas). </item>
               <item rend="indent-2">
                  <label>
                     <mod rend="circled" n="2">35.</mod>
                  </label> Agencia de noticias (contracto
                  com<lb/>Reuter?), correspondencia para<lb/>jornaes estrangeiros. </item>
               <item rend="indent-2">
                  <label>
                     <mod rend="circled" n="2">36.</mod>
                  </label> Photographias do que se deseje,
                  aqui<lb/>ou lá fóra (para aqui photogra<pc>-</pc>
                  <lb/>phos seus). </item>
               <item rend="indent-2">
                  <label>37.</label> Informações e trabalhos em todas<lb/>as repartições do estado
                  (<choice>
                     <abbr>e<am>.</am> g<am>.</am>
                     </abbr>
                     <expan>e<ex>xempli</ex> g<ex>ratia</ex>
                     </expan>
                  </choice>
                  <pb n="10"/>
                  <note place="center">E (6)</note>
                  <lb/> registo de minas). </item>
               <item rend="indent-2">
                  <label>
                     <mod rend="circled" n="2">38.</mod>
                  </label> Informação para o estrangeiro
                  a<lb/> respeito de <rs type="place">Portugal</rs>. </item>
               <item rend="indent-2">
                  <label>
                     <mod rend="circled" n="2">39.</mod>
                  </label> Publicidade: escrevem-se e
                     illus<pc>-</pc>
                  <lb/>tram-se annuncios, e organi<pc>-</pc>
                  <lb/>za-se
                  publicidade. (no paiz de <gap reason="illegible" unit="word" extent="1"/>)</item>
               <item rend="indent-2">
                  <label>40.</label> Opinião a respeito do papel<lb/>timbrado, como fica melhor,
                  etc.<lb/>Montagem de escriptorios, at<pc>-</pc>
                  <lb/>tendendo á mobilia, á
                     ru<pc>-</pc>
                  <lb/>cisnação, etc. </item>
               <item rend="indent-2">
                  <label>41.</label> Club, com restaurant, sobretudo para<lb/>commerciantes (or
                  cheap meals). <add n="2">*</add>
               </item>
               <item rend="indent-2">
                  <seg type="certainty" cert="low" rend="cross" resp="FP" n="2">
                     <label>42.<add place="below" n="2">+</add>
                     </label> Bilhetes postaes estrangeiros
                     es<pc>-</pc>
                     <lb/>criptos de lá.</seg>
               </item>
               <item rend="indent-2">
                  <seg type="certainty" cert="low" rend="cross" resp="FP" n="2">
                     <label>43.<add place="below" n="2">+</add>
                     </label> Fornecem-se citações. (<choice>
                        <abbr>Dict<am>.</am>
                        </abbr>
                        <expan>Dict<ex>ionnary</ex>
                        </expan>
                     </choice> of<lb/> Quotations).</seg>
               </item>
               <item rend="indent-2">
                  <label>
                     <mod rend="circled" n="2">44.</mod>
                  </label> Agencia de marcas e
                  patentes,<lb/> no paiz e no estrangeiro; in<pc>-</pc>
                  <lb/>formações a este
                  respeito, listas<lb/> de cousas a inventar. </item>
               <item rend="indent-2">
                  <label>45.</label> Idéas para marcas, ex-libris,<lb/>normas de firmas, etc.
                  Titulos<lb/> de livros... </item>
               <item rend="indent-2">
                  <label>46.</label> Aperfeiçoamento de invenções —<lb/>ideas summariamente dadas. </item>
               <pb n="11"/>
               <note place="center">E (7)</note>
               <item rend="indent-2">
                  <label>
                     <mod rend="circled" n="2">47.</mod>
                  </label> Projectos de toda a especie —
                  em<lb/> engenharia, architectura, etc. <add n="2">
                     <note place="margin-right">T.</note>
                  </add>
               </item>
               <item rend="indent-2">
                  <label>
                     <mod rend="circled" n="2">48.</mod>
                  </label> Projectos de decoração de
                     mon<pc>-</pc>
                  <lb/>tras, de construção e decora<pc>-</pc>
                  <lb/>ção de
                  estabelecimentos. </item>
               <item rend="indent-2">
                  <label>49.</label> Sala de leitura, com jornaes<lb/>e revistas de toda a parte. </item>
               <item rend="indent-2">
                  <label>50.</label> Graduação de subscriptores; por ex.,<lb/>nem todos os que teem
                  direito á <lb/>sala de leitura, o devem ter á <lb/>consulta da bibliotheca, etc. </item>
               <item rend="indent-2">
                  <label>51.</label> Orçamentos e relatorios, por<lb/>technicos <add n="2">(v. nº
                     47 )</add>
                  <add n="2">
                     <note place="margin-right">T.</note>
                  </add>
               </item>
               <item rend="indent-2">
                  <label>52.</label> Que pessoal fixo é preciso, e que<lb/>pessoal de occasião? </item>
               <item rend="indent-2">
                  <label>53.</label> Qual a parte, ou o papel, do<lb/>organizador dʼesta Agencia? </item>
               <item rend="indent-2">
                  <label>
                     <mod rend="framed" n="2">54.</mod>
                  </label> Compra e venda de<lb/>minas, de
                  concessões coloniaes e outras. </item>
               <item rend="indent-2">
                  <label>55.</label> Emblema e papeis para a casa. </item>
               <item rend="indent-2">
                  <mod rend="circled" n="2">
                     <label>56.</label>
                  </mod> Gabinete de leitura (lending
                  library)<lb/> bem organizado e em todos os <lb/>ramos. </item>
               <item>
                  <label>57.</label> Local para esta Agencia. </item>
               <item rend="indent-2">
                  <label>58.</label> Agencia de collocações (excepto <choice>
                     <abbr>pa<am>.</am>
                     </abbr>
                     <expan>pa<ex>ra</ex>
                     </expan>
                  </choice>
                  <add n="2">
                     <note place="margin-right">T.</note>
                  </add>
                  <lb/>creadas de servir). </item>
               <pb n="12"/>
               <note place="center">E (8)</note>
               <item rend="indent-2">
                  <label>59.</label> Posto telephonico de chamadas, inclusive<lb/> para fóra de <rs type="place">Lisboa</rs>. (Posto de <lb/>telegraphia sem fios). <add n="2">*</add>
               </item>
               <item rend="indent-2">
                  <label>
                     <mod rend="circled" n="2">60.</mod>
                  </label> Fornecimento de interpretes e
                     indi<pc>-</pc>
                  <lb/>cações (gratis) aos touristes e<lb/>viajantes. </item>
               <item rend="indent-2">
                  <label>
                     <mod rend="circled" n="2">61.</mod>
                  </label> Propaganda geral de <rs type="place">Portugal</rs> no es<pc>-</pc>
                  <lb/>trangeiro. </item>
               <item rend="indent-2">
                  <label>62.</label> Indicações para emprestimos, hy<pc>-</pc>
                  <lb/>pothecas, etc.
                  (mas não os faz). </item>
               <item rend="indent-2">
                  <label>63.</label> Examinar o criterio de <hi rend="underline">não
                     con<pc>-</pc>
                     <lb/>correr</hi> com ninguem, mas apenas<lb/>facilitar, informar,
                  pôr em <lb/>relação uns individuos com<lb/> outros. </item>
               <item rend="indent-2">
                  <label>
                     <mod rend="circled" n="2">64.</mod>
                  </label> Guide-books, desenvolvidos e
                  resumidos,<lb/> para touristes; guide-books do es<pc>-</pc>
                  <lb/>trangeiro mais
                  baratos. </item>
               <item rend="indent-2">
                  <label>
                     <mod rend="circled" n="2">65.</mod>
                  </label> Annuario Geral de <rs type="place">Portugal</rs> e Colonias. </item>
               <item rend="indent-2">
                  <label>
                     <mod rend="circled" n="2">66.</mod>
                  </label> Annuario da Sociedade. <add n="2">
                     <note place="margin-right">(Archivo de endereços,<lb/>em vez de
                        annuario.<lb/> Sociedade e commercial)</note>
                  </add>
               </item>
               <item rend="indent-2">
                  <label>
                     <mod rend="circled" n="2">67.</mod>
                  </label> Almanach da Cosmopolis —
                  genero<lb/>Whittaker e Statesmanʼs. </item>
               <item rend="indent-2">
                  <label>
                     <mod rend="circled" n="2">68.</mod>
                  </label> Semanario sobre <rs type="place">Portugal</rs> para o<lb/>estrangeiro. </item>
               <item rend="indent-2">
                  <label>
                     <mod rend="circled" n="2">69.</mod>
                  </label> Annuario Portuguez para o<lb/>
                  estrangeiro. </item>
               <item>
                  <label>70.</label> Edições genero Tauchnitz (ingleza) </item>
               <pb n="13"/>
               <note place="center">E (9)</note>
               <item rend="indent-2">
                  <label>
                     <mod rend="circled" n="2">71.</mod>
                  </label> Edições de classicos
                  portuguezes, tra<pc>-</pc>
                  <lb/>duzidos, para o estrangeiro. </item>
               <item rend="indent-2">
                  <label>
                     <mod rend="circled" n="2">72.</mod>
                  </label> Edições baratas de classicos (o
                  <lb/>plano de <hi rend="underline">Olisippo</hi>). </item>
               <item rend="indent-2">
                  <label>
                     <mod rend="circled" n="2">73.</mod>
                  </label> Indicação de escholas e
                  collegios,<lb/>professores e explicadores. </item>
               <item rend="indent-2">
                  <label>74.</label> Indicações a provincianos e<lb/>estrangeiros onde devem
                  <lb/>fazer compras em <rs type="place">Lisboa</rs>; e <lb/>a nacionaes onde as
                  devem<lb/> fazer no estrangeiro. </item>
               <item rend="indent-2">
                  <label>75.</label>
                  <add n="2">(</add>Cosmopolis interessa-se sempre<lb/>por tudo quanto é portuguez
                  <lb/>ou brasileiro, e procura auxi<pc>-</pc>
                  <lb/>liar no que pode os
                  nacionaes<lb/>d’estes dois paizes.<add n="2">)</add>
               </item>
               <item>
                  <label>76.</label> Passaportes da Cosmopolis. </item>
               <item>
                  <label>77.</label> Compras da <choice>
                     <abbr>C<am>.</am>
                     </abbr>
                     <expan>C<ex>osmopolis</ex>
                     </expan>
                  </choice> para o paiz e estrangeiro. </item>
               <item rend="indent-2">
                  <label>78.</label>
                  <add n="2">(</add>Oito chefes de secção, um inspector<lb/> geral, e um director,
                  ou director-<lb/>chefe.<add n="2">)</add>
               </item>
               <item rend="indent-2">
                  <label>79.</label> Cosmopolis interessa-se por todos os <lb/>estrangeiros que
                  queiram visitar <lb/>ou vir estabelecer-se em<rs type="place"> Portugal</rs>
                  <lb/>ou no<rs type="place"> Brasil</rs>. </item>
               <item rend="indent-2">
                  <label>80.</label> Cursos especiaes — Pelman, will-power <pb n="14"/>
                  <note place="center">E (10)</note>
                  <lb/>(mas decente), etc. Em todo o caso,<lb/>
                  nem escholas de linguas, nem nada<lb/>que concorra com contributos
                  espe<pc>-</pc>
                  <lb/>ciaes. Pode, porém, haver certos<lb/>cursos (a estudar) por
                     correspon<pc>-</pc>
                  <lb/>dencia. </item>
               <item rend="indent-2">
                  <label>81.</label> Cinco revistas de ʺestreitamento de re<pc>-</pc>
                  <lb/>laçõesʺ,
                  de typo differente, em<lb/>vista dos paizes: luso-britannica,<lb/>
                  luso-americana, luso-franceza,<lb/>luso-hispanhola e luso-italiana. </item>
               <item rend="indent-2">
                  <label>
                     <mod rend="circled" n="2">82.</mod>
                  </label> Rehabilitação da
                  ʺContemporaneaʺ, po<pc>-</pc>
                  <lb/>dendo ter as dimensões do ʺMotorʺ e<lb/>
                  chamar-se mesmo ʺCosmopolis.ʺ </item>
               <item rend="indent-2">
                  <label>83.</label>
                  <add n="2">(</add>Wives <choice>
                     <abbr>&amp;</abbr>
                     <expan>and</expan>
                  </choice> daughters (female relatives)<lb/>of subscribers can
                  subscribe on<lb/> a <gap reason="illegible" unit="word" extent="1"/> basis.<add n="2">)</add>
               </item>
               <item rend="indent-2">
                  <label>
                     <mod rend="circled" n="2">84.</mod>
                  </label> Agencia geral para o estimulo
                  dos<lb/> interesses portuguezes e brasileiros<lb/> no estrangeiro. <hi rend="underline">Consules</hi> da Cos<pc>-</pc>
                  <lb/>mopolis. </item>
               <item rend="indent-2">
                  <label>
                     <mod rend="circled" n="2">85.</mod>
                  </label> Informações das casas
                  estrangeiras <lb/>que estão representadas em <lb/>
                  <rs type="place">Portugal</rs>. </item>
               <item rend="indent-2">
                  <label>86.</label> Quota dos socios A — 10 escudos. E<lb/> de ahi para baixo.
                  Talvez sa<pc>-</pc>
                  <pb n="15"/>
                  <note place="center">E (11)</note> las especiaes, de jantar e outras,<lb/> para
                  estes socios. </item>
               <item rend="indent-2">
                  <label>87.</label>
                  <add n="2">(</add>(Ida ao estrangeiro para estu<pc>-</pc>
                  <lb/>dar quanto seja
                  preciso — syste<pc>-</pc>
                  <lb/>mas de archivo e decoração es<pc>-</pc>
                  <lb/>pecial,
                     etc.)<add n="2">)</add>
               </item>
               <addSpan spanTo="#A4" n="2"/>
               <item rend="indent-2">
                  <label>88.</label> (Three plans here: (A) Cosmopolis, a<pc>-</pc>
                  <lb/>gencia
                  geral; (B) <choice>
                     <abbr>G<am>.</am>
                     </abbr>
                     <expan>G<ex>remio</ex>
                     </expan>
                  </choice> de <choice>
                     <abbr>C<am>.</am>
                     </abbr>
                     <expan>C<ex>ultura</ex>
                     </expan>
                  </choice> Portugueza,<lb/> empreza <gap reason="illegible" unit="word" extent="1"/>; (C) Club Com<pc>-</pc>
                  <lb/>mercial Portuguez.) </item>
               <anchor xml:id="A4"/>
            </list>
         </div>
         <pb n="16"/>
         <div>
            <head>F.</head>
            <p rend="indent-2">All purely <gap reason="illegible" unit="word" extent="1"/> matters,
                  hav<pc>-</pc>
               <lb/>ing no <hi rend="underline">special</hi>
               characterist<pc>-</pc>
               <lb/>ics — such as may integrate<lb/> them in other plans — to<lb/>
               <hi rend="underline">
                  <rs type="name">
                     <abbr>M<am>.</am> N<am>.</am>
                     </abbr> de Freitas</rs>
               </hi>.</p>
            <addSpan spanTo="#A5" n="2"/>
            <p>(Quite so — 17.6.1919).</p>
            <anchor xml:id="A5"/>
         </div>
         <pb n="17"/>
         <div>
            <head>G.</head>
            <p rend="indent-2">Portuguese Wine <choice>
                  <abbr>&amp;</abbr>
                  <expan>and</expan>
               </choice> Mineral Water<lb/>enterprise — to place
               special<lb/>types abroad, or, even, at home. </p>
         </div>
         <pb n="18"/>
         <div>
            <head>H.</head>
            <head>
               <hi rend="underline">ATHENA</hi> — escola de organização.</head>
            <list>
               <item>
                  <label>1.</label> Cursos de latim e de grego. </item>
               <item rend="indent-2">
                  <label>2.</label> Curso systematizado de portuguez (e,<lb/> no caso estrangeiro,
                  de outras linguas).<lb/>(Mesmo aqui, do ensino systematizado <lb/>de linguas
                  estrangeiras). </item>
               <item rend="indent-2">
                  <label>3.</label> Não é uma escola de natureza<lb/>primaria, mas de
                  aperfeiçoamento<lb/> e systematização. </item>
               <item rend="indent-2">
                  <label>4.</label> Crear creadores. </item>
               <item rend="indent-2">
                  <label>5.</label> We educate idlers also <choice>
                     <abbr>&amp;</abbr>
                     <expan>and</expan>
                  </choice> pure demo<pc>-</pc>
                  <lb/>cratic
                  personalities. To be a perfect <gap reason="illegible" unit="word" extent="1"/>
                  <lb/> of public, a man of the word, is a man in thing of <gap reason="selection" unit="line" extent="11"/>
               </item>
               <pb n="18"/>
               <item rend="indent-2">
                  <label>6.</label>
                  <rs type="name">José Collares</rs> — manager (principal)<lb/>for correspondence. </item>
               <item>
                  <label>7.</label> Generality is our speciality. </item>
               <item rend="indent-2">
                  <label>8.</label>
                  <hi rend="underline">Courses:</hi>
                  <list>
                     <item>
                        <label>(a)</label> Business organization.</item>
                     <item>
                        <label>(b)</label> The Science of Idling.</item>
                     <item>
                        <label>(c)</label>
                        <supplied resp="PS" reason="omitted-in-original"/>
                     </item>
                  </list>
               </item>
            </list>
         </div>
      </body>
   </text>
</TEI>
