<?xml version="1.0" encoding="UTF-8"?>
<?xml-model href="../schema/pessoaTEI.rng" type="application/xml" schematypens="http://relaxng.org/ns/structure/1.0"?>
<TEI xmlns="http://www.tei-c.org/ns/1.0">
   <teiHeader>
      <fileDesc>
         <titleStmt>
            <title>BNP/E3 48B-108<hi rend="superscript">r</hi></title>
            <author>
               <rs type="name" key="FP">Fernando Pessoa</rs>
            </author>
            <respStmt>
               <resp>Transcrição, Edição</resp>
               <name>Pedro Sepúlveda</name>
            </respStmt>
            <respStmt>
               <resp>Codificação, Modelagem de dados</resp>
               <name>Ulrike Henny-Krahmer</name>
            </respStmt>
            <respStmt>
               <resp>Codificação</resp>
               <name>Isabel Figueiredo-Iken</name>
            </respStmt>
            <respStmt>
               <resp>Codificação</resp>
               <name>Sviatoslav Drach</name>
            </respStmt>
            <respStmt>
               <resp>Consultoria</resp>
               <name>Institut für Dokumentologie und Editorik (IDE)</name>
            </respStmt>
         </titleStmt>
         <publicationStmt>
            <publisher>Universidade Nova de Lisboa, Instituto de Estudos de Literatura e Tradição
               (IELT)</publisher>
            <publisher>Cologne Center for eHumanities (CCeH)</publisher>
            <date>2017</date>
            <availability>
               <licence target="http://creativecommons.org/licenses/by/3.0/"/>
            </availability>
            <idno type="filename">BNP_E3_48B-108r.xml</idno>
         </publicationStmt>
         <sourceDesc>
            <msDesc>
               <msIdentifier>
                  <institution>Biblioteca Nacional de Portugal</institution>
                  <idno>BNP/E3 48B-108r</idno>
               </msIdentifier>
               <msContents>
                  <summary>
                     <p> Lista manuscrita no verso de papel impresso de «Sobre um manifesto de
                        estudantes», panfleto publicado em 1923. Publicada em Sepúlveda e Uribe, <hi
                           rend="italic">O planeamento editorial de Fernando Pessoa</hi> (2016,
                        166-167). </p>
                  </summary>
                  <msItemStruct>
                     <author>
                        <rs type="name" key="FP">Fernando Pessoa</rs>
                     </author>
                     <note type="genre">
                        <rs type="genre" key="lista_editorial">Lista editorial</rs>
                     </note>
                     <textLang mainLang="pt"/>
                  </msItemStruct>
               </msContents>
               <history>
                  <origin>
                     <p>
                        <origDate notBefore="1923">post. 1923</origDate>
                     </p>
                  </origin>
               </history>
            </msDesc>
         </sourceDesc>
      </fileDesc>
   </teiHeader>
   <facsimile>
      <graphic
         url="bn-acpc-e-e3-48b-1-158_JPG_24-C-R0150/bn-acpc-e-e3-48b-1-158_0222_108_t24-C-R0150.jpg"
      />
   </facsimile>
   <text>
      <body>
         <div>
            <list>
               <item><rs type="work"><rs type="title"><hi rend="underline"> O Corvo</hi>.</rs>
                     <rs type="name" key="P87" role="author">Edgar Poe</rs>.</rs></item>

               <item><rs type="work"><rs type="title"><hi rend="underline"> Ode.</hi></rs><rs
                        type="name" role="author" key="P161">O’Shaughnessy</rs>.</rs>
               </item>
               <item><rs type="name" key="P103">Omar Khayyam</rs>.</item>
               <item><rs type="title">Os <hi rend="underline"> Vedas</hi>.</rs></item>
               <item><rs type="work">Canções de <rs type="name" role="author" key="P65"
                        >Shakespeare.</rs></rs></item>
               <item><gap reason="illegible" extent="2" unit="character"/></item>
               <item><rs type="work"><rs type="name" role="author"><rs type="name" key="P267"
                           >Browning</rs></rs>. <rs type="title"><hi rend="underline">Last
                           Ride.</hi></rs></rs></item>
               <item><metamark rend="line" function="ditto"/>
                  <hi rend="underline"><rs type="title">Prospice</rs>.</hi></item>
               <item><metamark rend="line" function="ditto"/>
                  <hi rend="underline"><rs type="title">Rabbi Ben Ezra</rs>.</hi></item>
               <item><metamark rend="line" function="ditto"/>
                  <hi rend="underline"><rs type="title">Love among the Ruins</rs>.</hi></item>
               <item>Cantiga <gap reason="illegible" extent="3" unit="character"/></item>
               <item><rs type="work"><rs type="title">Maria Manuela.</rs> (<rs type="name"
                        role="author" key="P125">Molarinho</rs>)</rs></item>
               <item><rs type="work"><rs type="title"><hi rend="underline">Sonetos.</hi></rs><rs
                        type="person" role="author"><rs type="name" key="P80">Angelo de
                        Lima</rs>.</rs></rs></item>
               <item><rs type="name" key="P81">Manuel da Veiga.</rs></item>
               <item><rs type="work"><rs type="name"><choice>
                           <abbr>J<am>.</am></abbr>
                           <expan>J<ex>osé</ex></expan>
                        </choice>
                        <rs type="name" key="P24">Anastacio</rs>
                     </rs>– <rs type="title"><choice>
                           <abbr>Dol<am>.</am></abbr>
                           <expan>Dol <ex>orosa</ex></expan>
                        </choice> Doença</rs></rs></item>
               <item><rs type="name"><metamark rend="line" function="ditto"/></rs> – 1os
                  poemas</item>
               <item><rs type="title">Soneto mystico.</rs></item>
               <item>Um soneto de<rs type="name" key="P76"> Bocage</rs>.</item>
               <item><rs type="work"><rs type="title"><hi rend="underline">Epigrammas</hi></rs> de
                        <rs type="name" role="author" key="P397">Couto Guerreiro.</rs></rs></item>
               <item><rs type="name" key="P145">Camilo Pessanha.</rs></item>
               <item><rs type="title">Phenix Renascida.</rs></item>
               <item><rs type="work"><rs type="name" role="author" key="P54"><choice>
                           <abbr> Eug<am>.</am></abbr>
                           <expan> Eug<ex>enio</ex></expan>
                        </choice> de Castro</rs>:<rs type="title"><choice>
                           <abbr> Epigr<am>.</am></abbr>
                           <expan> Epigr<ex>aphe</ex></expan>
                        </choice>
                        <choice>
                           <abbr> S<am>.</am></abbr>
                           <expan>S <ex>ombra</ex></expan>
                        </choice> do <choice>
                           <abbr> Q<am>.</am></abbr>
                           <expan>Q<ex>uadrante</ex></expan>
                        </choice>.</rs></rs></item>
               <item><rs type="work"><rs type="name" role="author" key="P186">Garret</rs> – <rs
                        type="title">Lyrica do fim.</rs></rs></item>
               <item><rs type="work"><rs type="name" role="author" key="P172"><choice>
                           <abbr>J<am>.</am></abbr>
                           <expan>J<ex>oão </ex></expan>
                        </choice> de Lemos</rs> – <rs type="title">Lua de Londres.</rs></rs></item>
               <item><del rend="overstrike"><rs type="work"><rs type="title">Soneto</rs> de <rs
                           type="name" role="author" key="P76">Bocage</rs></rs></del></item>
               <item><rs type="work"><rs type="name" role="author" key="FP"><choice>
                           <abbr>F<am>.</am></abbr>
                           <expan>F<ex>ernando </ex></expan>
                        </choice>
                        <choice>
                           <abbr>P<am>.</am></abbr>
                           <expan>P<ex>essoa </ex></expan>
                        </choice></rs><rs type="title"><hi rend="underline">
                  Gladio</hi></rs></rs></item>
               <item><rs type="work"><rs type="name" role="author" key="P30">Sá-Carneiro</rs> – <rs
                        type="text"><hi rend="underline"><rs type="title"
                  >Apice</rs></hi></rs></rs></item>
               <item><rs type="work"><rs type="name" role="author"><metamark rend="line"
                           function="ditto"/></rs> –<rs type="title"> Caranguejola</rs></rs></item>
               <item><rs type="name" role="author" key="RR">Ricardo Reis</rs>.</item>
               <item><rs type="name" key="P398">Francisco Beleza</rs>.</item>
               <item><rs type="name" key="P136">Mario Beirão</rs>.</item>
               <item><rs type="name" key="P52">Pascoaes</rs>.</item>
               <item><rs type="name" key="P180"><choice>
                        <abbr>Alb<am>.</am></abbr>
                        <expan>Alb<ex>erto</ex></expan>
                     </choice> Osorio de Castro</rs>.</item>
               <item><rs type="name" key="P122">Henrique Rosa</rs>.</item>
               <item><rs type="name" key="P70">Luiz de Montalvor</rs>.</item>
            </list>
         </div>
      </body>
   </text>
</TEI>
