<?xml version="1.0" encoding="UTF-8"?>
<?xml-model href="../schema/pessoaTEI.rng" type="application/xml" schematypens="http://relaxng.org/ns/structure/1.0"?>
<TEI xmlns="http://www.tei-c.org/ns/1.0">
   <teiHeader>
      <fileDesc>
         <titleStmt>
            <title>BNP/E3 48C-24</title>
            <author>
               <rs type="name" key="FP">Fernando Pessoa</rs>
            </author>
            <respStmt>
               <resp>Transcrição, Edição</resp>
               <name>Pedro Sepúlveda</name>
            </respStmt>
            <respStmt>
               <resp>Transcrição</resp>
               <name>Pablo Javier Pérez López</name>
            </respStmt>
            <respStmt>
               <resp>Transcrição</resp>
               <name>Jorge Uribe</name>
            </respStmt>
            <respStmt>
               <resp>Modelagem de dados, Codificação</resp>
               <name>Ulrike Henny-Krahmer</name>
            </respStmt>
            <respStmt>
               <resp>Codificação</resp>
               <name>Isabel Figueiredo-Iken</name>
            </respStmt>
            <respStmt>
               <resp>Codificação</resp>
               <name>Inês Filipa Rebelo do Carmo</name>
            </respStmt>
            <respStmt>
               <resp>Codificação</resp>
               <name>Sviatoslav Drach</name>
            </respStmt>
            <respStmt>
               <resp>Consultoria</resp>
               <name>Institut für Dokumentologie und Editorik (IDE)</name>
            </respStmt>
         </titleStmt><editionStmt><p>Corpus version C2.1.0</p></editionStmt>
         <publicationStmt>
            <publisher>Universidade Nova de Lisboa, Instituto de Estudos de Literatura e
                    Tradição (IELT)</publisher>
            <publisher>Cologne Center for eHumanities (CCeH)</publisher>
            <date>2017</date>
            <availability status="free">
               <licence target="http://creativecommons.org/licenses/by/4.0/"/>
            </availability>
            <idno type="filename">BNP_E3_48C-24.xml</idno>
         </publicationStmt>
         <notesStmt>
            <note type="summary">
                    </note>
         </notesStmt>
         <sourceDesc>
            <msDesc>
               <msIdentifier>
                  <institution>Biblioteca Nacional de Portugal</institution>
                  <idno>BNP/E3 48C-24</idno>
               </msIdentifier>
               <msContents>
                  <summary>
                     <p> Lista datilografada, publicada em <hi rend="italic">Prosa. Ricardo
                                    Reis</hi> (2003, 287). </p>
                  </summary>
                  <msItemStruct>
                     <author>
                        <rs type="name" key="FP">Fernando Pessoa</rs>
                     </author>
                     <note type="genre">
                        <rs type="genre" key="lista_editorial">Lista editorial</rs>
                     </note>
                     <textLang mainLang="pt"/>
                  </msItemStruct>
               </msContents>
               <history>
                  <origin>
                     <p>
                        <origDate when="1915" cert="medium">c. 1915</origDate>
                     </p>
                  </origin>
               </history>
            </msDesc>
         </sourceDesc>
      </fileDesc>
      <revisionDesc>
         <change when="2023-11-15" who="#FAF">
                    Added edition statement to the teiHeader
                </change>
      </revisionDesc>
   </teiHeader>
   <facsimile xml:base="http://images.cceh.uni-koeln.de/pessoa/">
      <graphic url="bn-acpc-e-e3-48c-1-50_JPG_24-C-R0150/bn-acpc-e-e3-48c-1-50_0059_24_t24-C-R0150.jpg"/>
   </facsimile>
   <text>
      <body>
         <div>
            <list>
               <head>
                  <hi rend="underline">
                     <rs type="collection" key="C2">
                        <rs type="title" key="T56">Bibliotheca de Cultura
                        Cosmopolita</rs>
                     </rs>.</hi>
               </head>
               <item>
                  <rs type="work" key="W18">
                     <rs type="name" key="AC" role="author">Alberto
                                Caeiro</rs>: <rs type="title" key="T18">“O Guardador de
                                Rebanhos”</rs>
                  </rs>. </item>
               <item>
                  <rs type="work" key="W35">
                     <rs type="name" key="RR" role="author">Ricardo
                                Reis</rs>: <rs type="title" key="T57">“Odes — <choice>
                           <abbr>Liv<am>.</am>
                           </abbr>
                           <expan>Liv<ex>ros</ex>
                           </expan>
                        </choice> I e II”</rs>
                  </rs>. </item>
               <item>
                  <rs type="work" key="W36">
                     <choice>
                        <abbr>
                           <metamark rend="line" function="ditto"/>
                        </abbr>
                        <expan>
                           <rs type="name" key="RR" role="author">Ricardo
                                    Reis</rs>
                        </expan>
                     </choice>
                     <rs type="title" key="T58">“Odes — <choice>
                           <abbr>Liv<am>.</am>
                           </abbr>
                           <expan>Liv<ex>ros</ex>
                           </expan>
                        </choice> III e IV.”</rs>
                  </rs>
               </item>
               <item>
                  <choice>
                     <abbr>
                        <metamark rend="line" function="ditto"/>
                     </abbr>
                     <expan>
                        <rs type="name" key="RR" role="author">Ricardo Reis</rs>
                     </expan>
                  </choice>
                  <rs type="work" key="W37">
                     <rs type="title" key="T59">“O Regresso dos
                                Deuses”</rs>
                  </rs>. </item>
               <item>
                  <rs type="work" key="W38">
                     <rs type="name" key="AdC" role="author">Alvaro de
                                Campos</rs>: <rs type="title" key="T60">“Cinco Odes
                            Triumphaes”</rs>
                  </rs>. </item>
               <item>
                  <choice>
                     <abbr>
                        <metamark rend="line" function="ditto"/>
                     </abbr>
                     <expan>
                        <rs type="name" key="AdC" role="author">Alvaro de
                                Campos</rs>
                     </expan>
                  </choice>: <rs type="work" key="W39">
                     <rs type="title" key="T61">“O
                                Sensacionismo”</rs>
                  </rs>. </item>
               <item rend="indent-2">
                  <choice>
                     <abbr>
                        <metamark rend="line" function="ditto"/>
                     </abbr>
                     <expan>
                        <rs type="name" key="AdC" role="author">Alvaro de
                                Campos</rs>
                     </expan>
                  </choice>: <rs type="work" key="W40">
                     <rs type="title" key="T62">“Modernas
                                Correntes na Literatura<lb/>Portugueza”</rs>
                  </rs>. </item>
            </list>
         </div>
      </body>
   </text>
</TEI>
