<?xml version="1.0" encoding="UTF-8"?>
<?xml-model href="../schema/pessoaTEI.rng" type="application/xml" schematypens="http://relaxng.org/ns/structure/1.0"?>
<TEI xmlns="http://www.tei-c.org/ns/1.0">
   <teiHeader>
      <fileDesc>
         <titleStmt>
            <title>BNP/E3 754<hi rend="superscript">r</hi>
            </title>
            <respStmt>
               <resp>Transcrição, Edição</resp>
               <name>Pedro Sepúlveda</name>
            </respStmt>
            <respStmt>
               <resp>Transcrição</resp>
               <name>Pablo Javier Pérez López</name>
            </respStmt>
            <respStmt>
               <resp>Modelagem de dados, Codificação</resp>
               <name>Ulrike Henny-Krahmer</name>
            </respStmt>
            <respStmt>
               <resp>Codificação</resp>
               <name>Inês Filipa Rebelo do Carmo</name>
            </respStmt>
            <respStmt>
               <resp>Codificação</resp>
               <name>Isabel Figueiredo-Iken</name>
            </respStmt>
            <respStmt>
               <resp>Codificação</resp>
               <name>Sviatoslav Drach</name>
            </respStmt>
         </titleStmt><editionStmt><p>Corpus version C2.1.0</p></editionStmt>
         <publicationStmt>
            <publisher>Universidade Nova de Lisboa, Instituto de Estudos de Literatura e Tradição
               (IELT)</publisher>
            <publisher>Cologne Center for eHumanities (CCeH)</publisher>
            <date>2017</date>
            <availability status="free">
               <licence target="http://creativecommons.org/licenses/by/4.0/"/>
            </availability>
            <idno type="filename">BNP_E3_754r.xml</idno>
         </publicationStmt>
         <sourceDesc>
            <msDesc>
               <msIdentifier>
                  <institution>Biblioteca Nacional de Portugal</institution>
                  <idno>BNP/E3 754r</idno>
               </msIdentifier>
               <msContents>
                  <summary>
                     <p>Lista manuscrita no verso de uma folha impressa de «Sobre um manifesto de
                        estudantes», panfleto publicado em 1923, publicada em <hi rend="italic">Prosa de Álvaro de Campos</hi> (2012, 295).</p>
                  </summary>
                  <msItemStruct>
                     <author>Fernando Pessoa</author>
                     <note type="genre">
                        <rs type="genre" key="lista_editorial">Lista editorial</rs>
                     </note>
                     <textLang mainLang="pt" otherLangs="en"/>
                  </msItemStruct>
               </msContents>
               <history>
                  <origin>
                     <p>
                        <origDate notBefore="1926">post. 1926</origDate>
                     </p>
                  </origin>
               </history>
            </msDesc>
         </sourceDesc>
      </fileDesc>
      <revisionDesc>
         <change when="2023-11-15" who="#FAF">
                    Added edition statement to the teiHeader
                </change>
      </revisionDesc>
   </teiHeader>
   <facsimile xml:base="http://images.cceh.uni-koeln.de/pessoa/">
      <graphic url="doc_BNP_E3_754r.jpg"/>
   </facsimile>
   <text>
      <body>
         <div>
            <head rend="center">Pequenos folhetos,<lb/> com assignatura<lb/> — 10 por 20.00 — </head>
            <head>
               <hi rend="underline">
                  <rs type="periodical" key="J11">Contemporânea</rs>
               </hi>
            </head>
            <table>
               <row>
                  <cell>
                     <supplied resp="PS" reason="omitted-in-original"/>
                  </cell>
                  <cell/>
                  <cell rend="right">10</cell>
                  <cell>(nada)</cell>
               </row>
               <row>
                  <cell>
                     <ref target="http://www.pessoadigital.pt/en/pub/Pessoa_Trois-Chansons-mortes">
                        <rs type="work" key="O1-36">
                           <rs type="title">Trois Chansons
                        Mortes</rs>
                        </rs>
                     </ref>
                  </cell>
                  <cell>—</cell>
                  <cell rend="right">7</cell>
                  <cell>(20)</cell>
               </row>
               <metamark rend="line"
                         place="left"
                         function="transposition"
                         target="#R1 #R2"
                         n="2"/>
               <row xml:id="R1">
                  <cell>
                     <ref target="http://www.pessoadigital.pt/en/pub/Pessoa_Spell">
                        <rs type="work" key="O1-34">
                           <rs type="title">Spell</rs>
                        </rs>
                     </ref>
                  </cell>
                  <cell>—</cell>
                  <cell rend="right">89</cell>
                  <cell>(p. 150)</cell>
               </row>
               <row xml:id="R2">
                  <cell>
                     <ref target="http://www.pessoadigital.pt/en/pub/Pessoa_Carta_ao_author_de_S">
                        <rs type="title">Carta ao Author de Sachá</rs>
                     </ref>
                  </cell>
                  <cell>—</cell>
                  <cell rend="right">98</cell>
                  <cell>(p. 93)</cell>
               </row>
               <row>
                  <cell>
                     <anchor xml:id="A1"/>
                     <metamark rend="arrow-left-down" target="#A1" function="assignment"/>
                     <ref target="http://www.pessoadigital.pt/en/pub/Campos_Lisbon_Revisited_1923">
                        <rs type="work" key="O4-9">
                           <rs type="title">Lisbon revisited
                           (1923)</rs>
                        </rs>
                     </ref>
                     <rs type="name" key="AdC" role="author">Alvaro de Campos</rs>
                  </cell>
                  <cell>—</cell>
                  <cell/>
                  <cell>(8)</cell>
               </row>
            </table>
            <metamark rend="line" function="distinct"/>
            <table>
               <row>
                  <cell xml:id="C1">
                     <ref target="http://www.pessoadigital.pt/pt/pub/Pessoa_Natal">
                        <rs type="work" key="O1-26">
                           <rs type="title">Natal</rs>
                        </rs>
                     </ref>
                  </cell>
                  <cell rows="2">
                     <metamark rend="curly-bracket" function="grouping" target="range(C1,C2)"/>
                  </cell>
                  <cell rows="2">6</cell>
                  <cell>(88)</cell>
               </row>
               <row>
                  <cell xml:id="C2">
                     <ref target="http://www.pessoadigital.pt/pt/pub/Campos_Soneto_ja_Antigo">
                        <rs type="work" key="O4-15">
                           <rs type="title">Soneto já
                     antigo</rs>
                        </rs>
                     </ref>. <rs type="name" key="AdC" role="author">
                        <choice>
                           <abbr>A<am>.</am>
                           </abbr>
                           <expan>A<ex>lvaro</ex>
                           </expan>
                        </choice> de Campos</rs>
                  </cell>
                  <cell>(121)</cell>
               </row>
               <row>
                  <cell>
                     <supplied resp="PS" reason="omitted-in-original"/>
                  </cell>
                  <cell/>
                  <cell>5</cell>
                  <cell/>
               </row>
               <row>
                  <cell xml:id="C3">
                     <ref target="http://www.pessoadigital.pt/pt/pub/Pessoa_Mar_Portuguez">
                        <rs type="title">Mar Portuguez</rs>
                     </ref>
                  </cell>
                  <cell rows="2">
                     <metamark rend="curly-bracket" function="grouping" target="range(C3,C4)"/>
                  </cell>
                  <cell rows="2">4</cell>
                  <cell>(9)</cell>
               </row>
               <row>
                  <cell xml:id="C4">
                     <ref target="http://www.pessoadigital.pt/pt/pub/Campos_De_Newcastle">
                        <rs type="title">Carta de <rs type="name" key="AdC" role="author">
                              <choice>
                                 <abbr>Alv<am>.</am>
                                 </abbr>
                                 <expan>Alv<ex>aro</ex>
                                 </expan>
                              </choice> de Campos</rs>
                        </rs>
                     </ref>
                  </cell>
                  <cell>(<supplied resp="PS" reason="omitted-in-original"/>)</cell>
               </row>
            </table>
            <metamark rend="line" function="distinct"/>
            <table>
               <row>
                  <cell>
                     <ref target="http://www.pessoadigital.pt/en/pub/Pessoa_O_Banqueiro_Anarchista">
                        <rs type="title">
                           <choice>
                              <abbr>Banq<am>.</am>
                              </abbr>
                              <expan>Banq<ex>ueiro</ex>
                              </expan>
                           </choice> Anarchista</rs>
                     </ref>
                  </cell>
                  <cell>—</cell>
                  <cell>1</cell>
                  <cell>(p. 5)</cell>
               </row>
               <row>
                  <cell>(nada)</cell>
                  <cell>—</cell>
                  <cell>2</cell>
                  <cell>(<del rend="overstrike">p. <supplied reason="omitted-in-original" resp="PS"/>
                     </del>)</cell>
               </row>
               <row>
                  <cell>
                     <ref target="http://www.pessoadigital.pt/en/pub/Pessoa_Antonio_Botto_e_o_ideal">
                        <rs type="name" key="P17">Antonio Botto</rs> e o <supplied resp="PS" reason="omitted-in-original"/>
                     </ref>
                  </cell>
                  <cell>—</cell>
                  <cell>3</cell>
                  <cell>(p. 121)</cell>
               </row>
            </table>
            <metamark rend="line" function="distinct"/>
            <table>
               <row>
                  <cell>3.ª serie — n.° 1</cell>
                  <cell>—</cell>
                  <cell>
                     <ref target="http://www.pessoadigital.pt/en/pub/Pessoa_O-Menino-da-sua-Mae">
                        <rs type="work" key="O1-29">
                           <rs type="title">O Menino da Sua
                        Mãe</rs>
                        </rs>
                     </ref>
                  </cell>
               </row>
               <row>
                  <cell>
                     <choice>
                        <abbr>
                           <metamark rend="line" function="ditto"/>
                        </abbr>
                        <expan>3.ª serie — n.°</expan>
                     </choice> 2 </cell>
                  <cell>—</cell>
                  <cell rend="indent-2">
                     <ref target="http://www.pessoadigital.pt/en/pub/Campos_Lisbon_Revisited_1926">
                        <rs type="work" key="O4-10">
                           <rs type="title">Lisbon Revisited
                              (1926)</rs>
                        </rs>
                     </ref>
                     <lb/>
                     <rs type="name" key="AdC" role="author">Alvaro de Campos</rs>
                  </cell>
               </row>
            </table>
         </div>
      </body>
   </text>
</TEI>
