<?xml version="1.0" encoding="UTF-8"?>
<?xml-model href="../schema/pessoaTEI.rng" type="application/xml" schematypens="http://relaxng.org/ns/structure/1.0"?>
<TEI xmlns="http://www.tei-c.org/ns/1.0">
   <teiHeader>
      <fileDesc>
         <titleStmt>
            <title>BNP/E3 170<hi rend="superscript">r</hi></title>
            <author>
               <rs type="name" key="FP">Fernando Pessoa</rs>
            </author>
            <respStmt>
               <resp>Transcrição, Edição</resp>
               <name>Pedro Sepúlveda</name>
            </respStmt>
            <respStmt>
               <resp>Transcrição</resp>
               <name>Pablo Javier Pérez López</name>
            </respStmt>
            <respStmt>
               <resp>Transcrição</resp>
               <name>Jorge Uribe</name>
            </respStmt>
            <respStmt>
               <resp>Codificação, Modelagem de dados</resp>
               <name>Ulrike Henny-Krahmer</name>
            </respStmt>
            <respStmt>
               <resp>Codificação</resp>
               <name>Isabel Figueiredo-Iken</name>
            </respStmt>
            <respStmt>
               <resp>Codificação</resp>
               <name>Sviatoslav Drach</name>
            </respStmt>
            <respStmt>
               <resp>Consultoria</resp>
               <name>Institut für Dokumentologie und Editorik (IDE)</name>
            </respStmt>
         </titleStmt>
         <publicationStmt>
            <publisher>Universidade Nova de Lisboa, Instituto de Estudos de Literatura e Tradição
               (IELT)</publisher>
            <publisher>Cologne Center for eHumanities (CCeH)</publisher>
            <date>2016</date>
            <availability>
               <licence target="http://creativecommons.org/licenses/by/3.0/"/>
            </availability>
            <idno type="filename">BNP_E3_170r.xml</idno>
         </publicationStmt>
         <sourceDesc>
            <msDesc>
               <msIdentifier>
                  <institution>Biblioteca Nacional de Portugal</institution>
                  <idno>BNP/E3 170r</idno>
               </msIdentifier>
               <msContents>
                  <summary>
                     <p> Lista manuscrita, publicada em Sepúlveda, <hi rend="italic">Listas do
                        Desassossego</hi> (2013a, 53-54). </p>
                  </summary>
                  <msItemStruct>
                     <author>
                        <rs type="name" key="FP">Fernando Pessoa</rs>
                     </author>
                     <note type="genre">
                        <rs type="genre" key="lista_editorial">Lista editorial</rs>
                     </note>
                     <textLang mainLang="pt" otherLangs="en"/>
                  </msItemStruct>
               </msContents>
               <history>
                  <origin>
                     <p>
                        <origDate when="1931" cert="medium">c. 1931</origDate>
                     </p>
                  </origin>
               </history>
            </msDesc>
         </sourceDesc>
      </fileDesc>
   </teiHeader>
   <facsimile>
      <graphic
         url="bn-acpc-e-e3-167-186_JPG_24-C-R0150/bn-acpc-e-e3-167-186_0007_170_t24-C-R0150.jpg"/>
   </facsimile>
   <text>
      <body>
         <div>
            <list>
               <item><label>1.</label><rs type="title"><rs type="place">“Portugal”</rs></rs>.</item>
               <item><label>2.</label><rs type="title">“Livro do Desasocego”</rs>.</item>
               <item><label>3.</label><rs type="title">“Cancioneiro”</rs> (Livro I ou
                     mais).</item>
               <item><label>4.</label><rs type="title">“A Tormenta”</rs>.</item>
               <item><label>5.</label>(qualquer cousa em prosa).</item>
               <metamark rend="line-44" function="distinct"/>
            </list>
            <list>
               <item><label>1.</label><rs type="title">“Mrs. Harris”.</rs></item>
               <item><label>2.</label><rs type="title">“Erostratus”.</rs></item>
               <item><label>3.</label><rs type="title">“The Mouth of Hell”.</rs></item>
               <item><label>4.</label><rs type="title"> Little Book of Poems.</rs></item>
               <item><label>5.</label><rs type="title">“The Student of Salamanca”
                  (ahead).</rs></item>
            </list>
            <metamark rend="line-44" function="distinct"/>
            <list>
               <item><label>1.</label><rs type="name" key="AC" role="topic">Caeiro.</rs></item>
               <item><label>2.</label><rs type="title"> Edições <rs type="name" key="P30">Sá-Carneiro</rs>.</rs></item>
            </list>
         </div>
      </body>
   </text>
</TEI>
