<?xml version="1.0" encoding="UTF-8"?>
<?xml-model href="../schema/pessoaTEI.rng" type="application/xml" schematypens="http://relaxng.org/ns/structure/1.0"?>
<TEI xmlns="http://www.tei-c.org/ns/1.0">
   <teiHeader>
      <fileDesc>
         <titleStmt>
            <title>BNP/E3 48B-26</title>
            <author>
               <rs type="name" key="FP">Fernando Pessoa</rs>
            </author>
            <respStmt>
               <resp>Transcrição, Edição</resp>
               <name>Pedro Sepúlveda</name>
            </respStmt>
            <respStmt>
               <resp>Transcrição</resp>
               <name>Filipa Freitas</name>
            </respStmt>
            <respStmt>
               <resp>Modelagem de dados, Codificação</resp>
               <name>Ulrike Henny-Krahmer</name>
            </respStmt>
            <respStmt>
               <resp>Codificação</resp>
               <name>Inês Filipa Rebelo do Carmo</name>
            </respStmt>
            <respStmt>
               <resp>Codificação</resp>
               <name>Ana Leonor Branco</name>
            </respStmt>
            <respStmt>
               <resp>Codificação</resp>
               <name>Sviatoslav Drach</name>
            </respStmt>
         </titleStmt><editionStmt><p>Corpus version C2.1.0</p></editionStmt>
         <publicationStmt>
            <publisher>Universidade Nova de Lisboa, Instituto de Estudos de Literatura e Tradição
               (IELT)</publisher>
            <publisher>Cologne Center for eHumanities (CCeH)</publisher>
            <date>2017</date>
            <availability status="free">
               <licence target="http://creativecommons.org/licenses/by/4.0/"/>
            </availability>
            <idno type="filename">BNP_E3_48B-26.xml</idno>
         </publicationStmt>
         <sourceDesc>
            <msDesc>
               <msIdentifier>
                  <institution>Biblioteca Nacional de Portugal</institution>
                  <idno>BNP/E3 48B-26</idno>
               </msIdentifier>
               <msContents>
                  <summary>
                     <p> Lista manuscrita, publicada em Sepúlveda e Uribe, <hi rend="italic">O
                           planeamento editorial de Fernando Pessoa</hi> (2016, 159-160). </p>
                  </summary>
                  <msItemStruct>
                     <author>
                        <rs type="name" key="FP">Fernando Pessoa</rs>
                     </author>
                     <note type="genre">
                        <rs type="genre" key="lista_editorial">Lista editorial</rs>
                        <rs type="genre" key="plano_editorial">Plano editorial</rs>
                        <rs type="genre" key="nota_editorial">Nota editorial</rs>
                     </note>
                     <textLang mainLang="pt" otherLangs=""/>
                  </msItemStruct>
               </msContents>
               <history>
                  <origin>
                     <p>
                        <origDate notAfter="1922-12">ant. Dezembro de 1922</origDate>
                     </p>
                  </origin>
               </history>
            </msDesc>
         </sourceDesc>
      </fileDesc>
      <revisionDesc>
         <change when="2023-11-15" who="#FAF">
                    Added edition statement to the teiHeader
                </change>
      </revisionDesc>
   </teiHeader>
   <facsimile xml:base="http://images.cceh.uni-koeln.de/pessoa/">
      <graphic url="bn-acpc-e-e3-48b-1-158_JPG_24-C-R0150/bn-acpc-e-e3-48b-1-158_0052_26_t24-C-R0150.jpg"/>
      <graphic url="bn-acpc-e-e3-48b-1-158_JPG_24-C-R0150/bn-acpc-e-e3-48b-1-158_0053_26v_t24-C-R0150.jpg"/>
   </facsimile>
   <text>
      <body>
         <div>
            <p> Pouco, logo que seja muito; muitos, <choice>
                  <seg n="1">logo</seg>
                  <seg n="2">
                     <add place="above">desde</add>
                  </seg>
               </choice> que haja cada; chaos, <lb/> para que surja tudo. </p>
            <metamark rend="line" function="distinct"/>
            <list>
               <item>
                  <rs type="name" key="P107">Mario Saa</rs>: <rs type="title">Poema</rs>.</item>
               <item>
                  <rs type="name" key="P71">Raul Leal</rs>: <rs type="title">A
                  Virgem-Besta</rs>.</item>
               <item>
                  <rs type="name" key="FP" role="author">Fernando Pessoa</rs>: <rs type="title">Além-Deus</rs>.</item>
               <item>
                  <rs type="name" key="P56">Almada</rs>: (prosa).</item>
               <item>
                  <rs type="name" key="P30">Sá Carneiro</rs>: (poema ou poemas). <rs type="title">
                     <hi rend="underline">Caranguejola</hi>
                  </rs> ou <rs type="title">
                     <hi rend="underline">Aquele outro</hi>
                  </rs>.</item>
               <item>
                  <rs type="name">Luiz de Montalvor</rs>: (poemas). (ou um poema só).</item>
               <item>
                  <rs type="name" key="AdC" role="author">Alvaro de Campos</rs>. (<ref target="http://www.pessoadigital.pt/pt/pub/Campos_Soneto_ja_Antigo">Soneto
                     antigo</ref>).</item>
               <item>
                  <seg type="certainty" cert="low" rend="question-mark left" resp="FP">
                     <rs type="work" key="W136">
                        <rs type="title" key="T172">
                           <rs type="name" key="AC" role="author">Caeiro</rs>
                        </rs>
                     </rs>.</seg>
               </item>
            </list>
            <metamark rend="line" function="distinct"/>
            <list>
               <item>
                  <label>I.</label>
                  <list rend="inline">
                     <item>
                        <rs type="name" key="P107">Mario Saa</rs> (V)</item>
                     <item>
                        <rs type="name" key="P71">Raul Leal</rs>
                     </item>
                     <item>
                        <rs type="name" key="FP" role="author">
                           <choice>
                              <abbr>F</abbr>
                              <expan>F<ex>ernando</ex>
                              </expan>
                           </choice> Pessoa</rs>
                     </item>
                     <item>
                        <rs type="name" key="P1" role="author">
                           <choice>
                              <abbr>A</abbr>
                              <expan>A<ex>ntonio</ex>
                              </expan>
                           </choice> Mora</rs>
                     </item>
                     <item>
                        <rs type="name" key="AC" role="author">Caeiro.</rs>
                     </item>
                  </list>
               </item>
               <metamark rend="line" function="distinct"/>
               <item>
                  <label>II.</label>
                  <list rend="inline">
                     <item>
                        <rs type="name" key="P30">Sá-Carneiro</rs>
                     </item>
                     <item>
                        <rs type="name" key="P56">Almada</rs>
                     </item>
                     <item>
                        <rs type="name" key="AdC" role="author">
                           <choice>
                              <abbr>Alv<am>.</am>
                              </abbr>
                              <expan>Alv<ex>aro</ex>
                              </expan>
                           </choice> de Campos</rs>
                     </item>
                     <item>
                        <rs type="name" key="P107">Mario Saa</rs>
                     </item>
                     <item>
                        <rs type="name">Montalvor</rs>
                        <del rend="overstrike">(<rs type="name" key="RR" role="author">
                              <choice>
                                 <abbr>R<am>.</am>
                                 </abbr>
                                 <expan>R<ex>icardo</ex>
                                 </expan>
                              </choice> Reis</rs>)</del>
                     </item>
                  </list>
               </item>
               <metamark rend="line" function="distinct"/>
               <item>
                  <label>III.</label>
                  <list rend="inline">
                     <item>
                        <rs type="name" key="RR" role="author">
                           <choice>
                              <abbr>R<am>.</am>
                              </abbr>
                              <expan>R<ex>icardo</ex>
                              </expan>
                           </choice> Reis.</rs>
                     </item>
                  </list>
               </item>
            </list>
            <metamark rend="line" function="distinct"/>
            <list>
               <item>
                  <label>1.</label>
                  <rs type="name" key="P107">Mario Saa</rs> (V)</item>
               <item>
                  <label>2.</label>
                  <rs type="name" key="P71">Raul Leal</rs>
               </item>
               <item>
                  <label>3.</label>
                  <rs type="name" key="FP" role="author">
                     <choice>
                        <abbr>F<am>.</am>
                        </abbr>
                        <expan>F<ex>ernando</ex>
                        </expan>
                     </choice> Pessoa</rs>
               </item>
               <item>
                  <label>4.</label>
                  <rs type="name" key="P56">Almada</rs>
               </item>
               <item>
                  <label>5.</label>
                  <rs type="name" key="P30">Sá-Carneiro</rs>
               </item>
               <item>
                  <label>6.</label>
                  <rs type="name" key="P1">
                     <choice>
                        <abbr>A</abbr>
                        <expan>A<ex>ntonio</ex>
                        </expan>
                     </choice> Mora</rs>
               </item>
               <item>
                  <label>7.</label>
                  <rs type="name" key="AC" role="author">Caeiro</rs>. (1)</item>
               <item>
                  <label>8.</label>
                  <rs type="name">Montalvor</rs>.</item>
            </list>
            <metamark rend="line" function="distinct"/>
            <list>
               <item>
                  <label>1.</label>
                  <rs type="name" key="P107">Mario Saa</rs>: Poema</item>
               <item>
                  <label>2.</label>
                  <rs type="name" key="P71">Raul Leal</rs>: <rs type="title">A
                  Virgem-Besta</rs>.</item>
               <item>
                  <label>3.</label>
                  <rs type="name" key="P30">Sá-Carneiro</rs>: <rs type="title">
                     <hi rend="underline">Caranguejola ou Aquel’outro</hi>
                  </rs>.</item>
               <item>
                  <label>4.</label>
                  <rs type="name">Diniz da Silva</rs>: <rs type="title">Loucura</rs>.</item>
               <item>
                  <label>5.</label>
                  <seg type="certainty" cert="low" rend="cross left" resp="FP">Um Soneto
                     Classico</seg>
               </item>
               <item>
                  <label>6.</label>
                  <seg type="certainty" cert="low" rend="cross left" resp="FP">
                     <rs type="title">O
                        grande Soneto</rs> de <rs type="name" key="P80">Angelo de
                  Lima</rs>.</seg>
               </item>
               <item>
                  <label>7.</label>
                  <rs type="title">O Regresso dos Deuses</rs> – <rs type="name" key="P1">Antonio
                     Móra</rs>.</item>
               <item>
                  <label>8.</label>
                  <seg type="certainty" cert="low" rend="question-mark left" resp="FP">
                     <rs type="name" key="P17">Antonio Botto</rs>. <rs type="title">Canções</rs>
                     (magnolias).</seg>
               </item>
               <item>
                  <label>9.</label>
                  <rs type="name" key="P56">Almada</rs>: Prosa.</item>
               <item>
                  <label>10.</label>
                  <rs type="name" key="AdC" role="author">Alvaro de Campos</rs>: <supplied resp="PS" reason="omitted-in-original"/>
               </item>
               <item>
                  <label>11.</label>
                  <rs type="name" key="RR" role="author">Ricardo Reis</rs>
               </item>
               <item>
                  <label>12.</label>
                  <rs type="name" key="AC" role="author">Caeiro</rs>.</item>
            </list>
            <gap reason="selection" unit="line" extent="6"/>
            <metamark rend="line" function="distinct"/>
            <list>
               <item>
                  <note place="margin-left" type="addition" n="2">
                     <hi rend="circled">5</hi>
                  </note>
                  <label>
                     <mod rend="circled" n="2">1.</mod>
                  </label>
                  <rs type="name" key="P107">Mario Saa</rs>.</item>
               <item>
                  <label>2.</label>
                  <rs type="name" key="P71">Raul Leal</rs>.</item>
               <item>
                  <label>3.</label>
                  <rs type="name" key="FP" role="author">
                     <choice>
                        <abbr>F<am>.</am>
                        </abbr>
                        <expan>F<ex>ernando</ex>
                        </expan>
                     </choice> Pessoa</rs>.</item>
               <metamark rend="line" function="distinct"/>
               <item>
                  <label>4.</label>
                  <rs type="name" key="P56">Almada</rs>.</item>
               <item>
                  <note place="margin-left" type="addition" n="2">
                     <hi rend="circled">1</hi>
                  </note>
                  <label>
                     <mod rend="circled" n="2">5.</mod>
                  </label> (<subst>
                     <del rend="overstrike">
                        <rs type="name" key="AdC" role="author">
                           <choice>
                              <abbr>Alv<am>.</am>
                              </abbr>
                              <expan>Alv<ex>aro</ex>
                              </expan>
                           </choice> de Campos</rs>
                     </del>
                     <add place="below">
                        <rs type="name" key="P30">Sá-Carneiro</rs>
                     </add>
                  </subst>)</item>
            </list>
            <note>
               <choice>
                  <abbr>Out<am>.</am>
                  </abbr>
                  <expan>Out<ex>ubro</ex>
                  </expan>
               </choice>
            </note>
            <metamark rend="line" function="distinct"/>
            <list>
               <item>
                  <note place="margin-left" type="addition" n="2">
                     <hi rend="circled">5</hi>
                  </note>
                  <label>1.</label>
                  <rs type="name" key="P107">
                     <choice>
                        <abbr>M<am>º</am>
                        </abbr>
                        <expan>M<ex>ario</ex>
                        </expan>
                     </choice> Saa</rs> (poema)</item>
               <item>
                  <note place="margin-left" type="addition" n="2">
                     <hi rend="circled">1</hi>
                  </note>
                  <label>
                     <subst>
                        <del rend="overtyped">2</del>
                        <add>3</add>
                     </subst>.</label>
                  <rs type="name" key="P1">
                     <choice>
                        <abbr>A</abbr>
                        <expan>A<ex>ntonio</ex>
                        </expan>
                     </choice> Mora</rs>.</item>
               <item>
                  <note place="margin-left" type="addition" n="2">
                     <hi rend="circled">2</hi>
                  </note>
                  <label>
                     <subst>
                        <del rend="overtyped">3</del>
                        <add>2</add>
                     </subst>.</label>
                  <rs type="name" key="AC" role="author">Caeiro</rs>.</item>
               <item>
                  <note place="margin-left" type="addition" n="2">
                     <hi rend="circled">3</hi>
                  </note>
                  <label>
                     <subst>
                        <del rend="overtyped">4</del>
                        <add>5</add>
                     </subst>.</label>
                  <rs type="name" key="FP" role="author">
                     <choice>
                        <abbr>F<am>.</am>
                        </abbr>
                        <expan>F<ex>ernando</ex>
                        </expan>
                     </choice> Pessoa</rs> (<gap reason="illegible" unit="word" extent="1"/>)</item>
               <item>
                  <note place="margin-left" type="addition" n="2">
                     <hi rend="circled">4</hi>
                  </note>
                  <label>
                     <subst>
                        <del rend="overtyped">5</del>
                        <add>4</add>
                     </subst>.</label>
                  <rs type="name" key="RR" role="author">
                     <choice>
                        <abbr>R<am>.</am>
                        </abbr>
                        <expan>R<ex>icardo</ex>
                        </expan>
                     </choice> Reis</rs>.</item>
            </list>
            <note>
               <choice>
                  <abbr>Nov<am>º</am>
                  </abbr>
                  <expan>Nov<ex>embro</ex>
                  </expan>
               </choice>
            </note>
            <metamark rend="line" function="distinct"/>
            <list>
               <item>
                  <label>1.</label>
                  <rs type="name">Montalvor</rs>
               </item>
               <item>
                  <label>2.</label>
                  <rs type="name" key="P71">Raul Leal</rs>.</item>
               <item>
                  <label>3.</label>
                  <rs type="name" key="AdC" role="author">
                     <choice>
                        <abbr>Alv<am>.</am>
                        </abbr>
                        <expan>Alv<ex>aro</ex>
                        </expan>
                     </choice> de Campos</rs>.</item>
               <item>
                  <label>4.</label>
                  <rs type="name" key="P107">
                     <choice>
                        <abbr>M<am>º</am>
                        </abbr>
                        <expan>M<ex>ario</ex>
                        </expan>
                     </choice> Saa</rs>.</item>
               <item>
                  <label>5.</label> (Diniz da Silva) ou <rs type="name" key="FP" role="author">
                     <choice>
                        <abbr>F</abbr>
                        <expan>F<ex>ernando</ex>
                        </expan>
                     </choice> Pessoa</rs>
               </item>
            </list>
            <note>
               <choice>
                  <abbr>Dez<am>.</am>
                  </abbr>
                  <expan>Dez<ex>embro</ex>
                  </expan>
               </choice>
            </note>
            <pb/>
            <p>Confluem nesta revista as 3 correntes, que importam, <lb/> do pensamento portuguez:
               os transcendentalistas, os pagãos,<lb/> e os sensacionistas. Os primeiros <subst>
                  <del rend="overstrike">
                     <gap reason="illegible" extent="1" unit="word"/>
                  </del>
                  <add place="above">creem</add>
               </subst> que <del rend="overstrike">exceder-se</del> ser é<lb/> exceder-se; os
               segundos que ser é <supplied resp="PS" reason="omitted-in-original"/>; os terceiros
                  <supplied resp="PS" reason="omitted-in-original"/>
            </p>
            <p>Todas são bem portuguezas, porque todas são excessivas.</p>
            <metamark rend="line" function="distinct"/>
            <list>
               <item>
                  <label>I.</label>
                  <list rend="inline">
                     <item>
                        <label>1.</label>
                        <rs type="name" key="P107">Mario Saa</rs>
                     </item>
                     <item>
                        <label>2.</label>
                        <rs type="name" key="P71">Raul Leal.</rs>.</item>
                     <item>
                        <label>3.</label>
                        <rs type="name" key="FP" role="author">
                           <choice>
                              <abbr>F<am>.</am>
                              </abbr>
                              <expan>F<ex>ernando</ex>
                              </expan>
                           </choice> Pessoa</rs>
                     </item>
                     <item>
                        <label>4.</label>
                        <rs type="name" key="P56">Almada</rs>
                     </item>
                     <item>
                        <label>5.</label>
                        <rs type="name" key="AC" role="author">Caeiro</rs>.</item>
                  </list>
               </item>
               <metamark rend="line" function="distinct"/>
               <item>
                  <label>II.</label>
                  <list rend="inline">
                     <item>
                        <label>1.</label>
                        <rs type="name" key="P30">Sá-Carneiro</rs>.</item>
                     <item>
                        <label>2.</label>
                        <rs type="name" key="P1">
                           <choice>
                              <abbr>A</abbr>
                              <expan>A<ex>ntonio</ex>
                              </expan>
                           </choice> Mora</rs>
                     </item>
                     <item>
                        <label>3.</label>
                        <rs type="name" key="AC" role="author">Caeiro</rs>.</item>
                     <item>
                        <label>4.</label>
                        <rs type="name" key="P107">Mario Saa</rs>.</item>
                     <item>
                        <label>5.</label>
                        <rs type="name" key="AdC" role="author">
                           <choice>
                              <abbr>Alv<am>.</am>
                              </abbr>
                              <expan>Alv<ex>aro</ex>
                              </expan>
                           </choice> de Campos</rs>.</item>
                  </list>
               </item>
            </list>
            <metamark rend="line" function="distinct"/>
            <list>
               <item>
                  <note place="margin-left" type="addition">√</note>
                  <label>1.</label>
                  <rs type="name" key="P107">Mario Saa</rs>: Poema.</item>
               <item>
                  <note place="margin-left" type="addition">√</note>
                  <label>2.</label>
                  <rs type="name" key="P71">Raul Leal.</rs>: <rs type="title">A <choice>
                        <abbr>V<am>.</am>
                        </abbr>
                        <expan>V<ex>irgem</ex>
                        </expan>
                     </choice>-Besta</rs>.</item>
               <item>
                  <note place="margin-left" type="addition">√</note>
                  <label>3.</label>
                  <rs type="name" key="FP" role="author">
                     <choice>
                        <abbr>F<am>.</am>
                        </abbr>
                        <expan>F<ex>ernando</ex>
                        </expan>
                     </choice> Pessoa</rs>: <rs type="title">Além-Deus, ou Amon-Ra</rs>.</item>
               <item>
                  <label>4.</label>
                  <rs type="name" key="P56">Almada</rs>: Prosa.</item>
               <item>
                  <label>5.</label>
                  <rs type="name" key="P30">Sá-Carneiro</rs>.</item>
               <item>
                  <note place="margin-left" type="addition">√</note>
                  <label>6.</label>
                  <rs type="name" key="P1">
                     <choice>
                        <abbr>A <am>.</am>
                        </abbr>
                        <expan>A<ex>ntonio</ex>
                        </expan>
                     </choice> Mora</rs>.</item>
               <item xml:id="I1">
                  <label>7.</label>
                  <rs type="name" key="AC" role="author">Caeiro</rs>. <note target="range(I1,I2)"
                        place="margin-right"
                        type="addition"
                        n="2">
                     <metamark rend="curly-bracket" function="grouping">
                        <label>
                           <gap reason="illegible" unit="word" extent="11"/> = 3 poemas</label>
                     </metamark>
                  </note>
               </item>
               <item xml:id="I2">
                  <label>8.</label>
                  <rs type="name" key="RR" role="author">
                     <choice>
                        <abbr>R<am>.</am>
                        </abbr>
                        <expan>R<ex>icardo</ex>
                        </expan>
                     </choice> Reis</rs>.</item>
            </list>
            <metamark rend="line" function="distinct"/>
            <list>
               <item>
                  <label>1.</label>
                  <rs type="name" key="P107">Mario Saa</rs>
               </item>
               <item>
                  <label>2.</label>
                  <rs type="name" key="P71">Raul Leal</rs>. <note place="margin-right" type="addition">√</note>
               </item>
               <item>
                  <label>3.</label>
                  <rs type="name" key="FP" role="author">
                     <choice>
                        <abbr>F<am>.</am>
                        </abbr>
                        <expan>F<ex>ernando</ex>
                        </expan>
                     </choice> Pessoa</rs>. <note place="margin-right" type="addition">√</note>
               </item>
               <item>
                  <label>4.</label>
                  <rs type="name" key="P56">Almada</rs>. <note place="margin-right" type="addition">√</note>
               </item>
               <item>
                  <label>5.</label>
                  <rs type="name">Montalvor</rs>
                  <note place="margin-right" type="addition">√</note>
               </item>
               <item>
                  <label>6.</label>
                  <rs type="name" key="P1">
                     <choice>
                        <abbr>A<am>.</am>
                        </abbr>
                        <expan>A<ex>ntonio</ex>
                        </expan>
                     </choice> Mora</rs>
               </item>
               <item>
                  <label>7.</label>
                  <rs type="name" key="AC" role="author">Caeiro</rs>.</item>
               <item>
                  <label>8.</label>
                  <subst>
                     <del rend="overstrike">
                        <rs type="name" key="AdC" role="author">
                           <choice>
                              <abbr>A<am>.</am>
                              </abbr>
                              <expan>A<ex>lvaro de</ex>
                              </expan>
                           </choice> Campos</rs>
                     </del>
                     <add place="above">
                        <rs type="name" key="P30">Sá-Carneiro</rs>
                     </add>
                  </subst>. <note place="margin-right" type="addition">√</note>
               </item>
            </list>
            <metamark rend="line" function="distinct"/>
            <list>
               <item>
                  <label>1.</label>
                  <rs type="name" key="FP" role="author">
                     <choice>
                        <abbr>F</abbr>
                        <expan>F<ex>ernando</ex>
                        </expan>
                     </choice> Pessoa</rs>
               </item>
               <item>
                  <label>2.</label>
                  <rs type="name" key="P107">Mario Saa</rs>
               </item>
               <item>
                  <label>3.</label>
                  <rs type="name" key="RR" role="author">
                     <choice>
                        <abbr>R<am>.</am>
                        </abbr>
                        <expan>R<ex>icardo</ex>
                        </expan>
                     </choice> Reis</rs>.</item>
               <item>
                  <label>4.</label>
                  <supplied resp="PS" reason="omitted-in-original"/>
               </item>
               <item>
                  <label>5.</label>
                  <rs type="name" key="AdC" role="author">
                     <choice>
                        <abbr>A<am>.</am>
                        </abbr>
                        <expan>A<ex>lvaro de</ex>
                        </expan>
                     </choice> Campos</rs>.</item>
               <item>
                  <label>6.</label>
                  <supplied resp="PS" reason="omitted-in-original"/>
               </item>
               <item>
                  <label>7.</label>
                  <supplied resp="PS" reason="omitted-in-original"/>
               </item>
               <item>
                  <label>8.</label>
                  <supplied resp="PS" reason="omitted-in-original"/>
               </item>
            </list>
            <metamark rend="line" function="distinct"/>
            <list>
               <item>
                  <label>1.</label>
                  <rs type="name" key="P107">Mario Saa</rs>. <note type="addition">(3)</note>
               </item>
               <item>
                  <label>2.</label>
                  <rs type="name" key="P71">Raul Leal</rs>. <note type="addition">(4)</note>
               </item>
               <item>
                  <label>
                     <hi rend="circled">3.</hi>
                  </label>
                  <rs type="name" key="FP" role="author">
                     <choice>
                        <abbr>F<am>.</am>
                        </abbr>
                        <expan>F<ex>ernando</ex>
                        </expan>
                     </choice> Pessoa</rs>. <note type="addition">(3)</note>
               </item>
               <item>
                  <label>4.</label>
                  <rs type="name" key="P1">
                     <choice>
                        <abbr>Ant<am>º</am>
                        </abbr>
                        <expan>Ant<ex>onio</ex>
                        </expan>
                     </choice> Mora</rs>. <note type="addition">(<supplied reason="omitted-in-original" resp="UH"/>)</note>
               </item>
               <item>
                  <label>
                     <hi rend="circled">5.</hi>
                  </label>
                  <rs type="name" key="AC" role="author">Caeiro</rs>. <note type="addition">(<supplied reason="omitted-in-original" resp="UH"/>)</note>
               </item>
            </list>
            <note>
               <choice>
                  <abbr>Out<am>º</am>
                  </abbr>
                  <expan>Out<ex>ubro</ex>
                  </expan>
               </choice>
            </note>
            <metamark rend="line" function="distinct"/>
            <list>
               <item>
                  <label>1.</label>
                  <rs type="name" key="P30">Sá-Carneiro</rs>.</item>
               <item>
                  <label>2.</label>
                  <rs type="name" key="P56">Almada</rs>.</item>
               <item>
                  <label>3.</label>
                  <rs type="name" key="FP" role="author">
                     <choice>
                        <abbr>F<am>.</am>
                        </abbr>
                        <expan>F<ex>ernando</ex>
                        </expan>
                     </choice> Pessoa</rs>.</item>
               <item>
                  <label>4.</label>
                  <rs type="name" key="P107">
                     <choice>
                        <abbr>M<am>.</am>
                        </abbr>
                        <expan>M<ex>ario</ex>
                        </expan>
                     </choice> Saa</rs> (prosa)</item>
               <item>
                  <label>5.</label>
                  <rs type="name" key="RR" role="author">
                     <choice>
                        <abbr>R<am>.</am>
                        </abbr>
                        <expan>R<ex>icardo</ex>
                        </expan>
                     </choice> Reis</rs>.</item>
            </list>
            <note>
               <choice>
                  <abbr>Nov<am>º</am>
                  </abbr>
                  <expan>Nov<ex>embro</ex>
                  </expan>
               </choice>
            </note>
            <metamark rend="line" function="distinct"/>
            <list>
               <item>
                  <label>1.</label>
                  <rs type="name">Montalvor</rs>
               </item>
               <item>
                  <label>2.</label>
                  <rs type="name" key="P71">
                     <choice>
                        <abbr>R<am>.</am>
                        </abbr>
                        <expan>R<ex>aul</ex>
                        </expan>
                     </choice> Leal</rs>.</item>
               <item>
                  <label>3.</label>
                  <rs type="name" key="AdC" role="author">
                     <choice>
                        <abbr>Alv<am>.</am>
                        </abbr>
                        <expan>Alv<ex>aro de</ex>
                        </expan>
                     </choice> Campos</rs>.</item>
               <item>
                  <label>4.</label>
                  <rs type="name" key="FP" role="author">
                     <choice>
                        <abbr>F<am>.</am>
                        </abbr>
                        <expan>F<ex>ernando</ex>
                        </expan>
                     </choice> Pessoa</rs>. (poesia)</item>
               <item>
                  <label>5.</label>
                  <rs type="name" key="AC" role="author">Caeiro</rs>.</item>
            </list>
            <note>
               <choice>
                  <abbr>Dez<am>º</am>
                  </abbr>
                  <expan>Dez<ex>embro</ex>
                  </expan>
               </choice>
            </note>
         </div>
      </body>
   </text>
</TEI>
