<?xml version="1.0" encoding="UTF-8"?>
<?xml-model href="../schema/pessoaTEI.rng" type="application/xml" schematypens="http://relaxng.org/ns/structure/1.0"?>
<TEI xmlns="http://www.tei-c.org/ns/1.0">
   <teiHeader>
      <fileDesc>
         <titleStmt>
            <title>BNP/E3 133M-30<hi rend="superscript">r</hi></title>
            <author>
               <rs type="name" key="FP">Fernando Pessoa</rs>
            </author>
            <respStmt>
               <resp>Transcrição, Edição</resp>
               <name>Pedro Sepúlveda</name>
            </respStmt>
            <respStmt>
               <resp>Codificação, Modelagem de dados</resp>
               <name>Ulrike Henny-Krahmer</name>
            </respStmt>
            <respStmt>
               <resp>Codificação</resp>
               <name>Isabel Figueiredo-Iken</name>
            </respStmt>
            <respStmt>
               <resp>Codificação</resp>
               <name>Sviatoslav Drach</name>
            </respStmt>
            <respStmt>
               <resp>Consultoria</resp>
               <name>Institut für Dokumentologie und Editorik (IDE)</name>
            </respStmt>
         </titleStmt>
         <publicationStmt>
            <publisher>Universidade Nova de Lisboa, Instituto de Estudos de Literatura e Tradição
               (IELT)</publisher>
            <publisher>Cologne Center for eHumanities (CCeH)</publisher>
            <date>2017</date>
            <availability status="free">
               <licence target="http://creativecommons.org/licenses/by/3.0/"/>
            </availability>
            <idno type="filename">BNP_E3_133M-30r.xml</idno>
         </publicationStmt>
         <sourceDesc>
            <msDesc>
               <msIdentifier>
                  <institution>Biblioteca Nacional de Portugal</institution>
                  <idno>BNP/E3 133M-30r</idno>
               </msIdentifier>
               <msContents>
                  <summary>
                     <p>Lista datilografada, com acrescentos manuscritos.</p>
                  </summary>
                  <msItemStruct>
                     <author>
                        <rs type="name" key="FP">Fernando Pessoa</rs>
                     </author>
                     <note type="genre">
                        <rs type="genre" key="lista_editorial">Lista editorial</rs>
                     </note>
                     <textLang mainLang="pt" otherLangs="en"/>
                  </msItemStruct>
               </msContents>
               <history>
                  <origin>
                     <p>
                        <origDate from="1920" to="1927">1920-1927</origDate>
                     </p>
                  </origin>
               </history>
            </msDesc>
         </sourceDesc>
      </fileDesc>
   </teiHeader>
   <facsimile>
      <graphic
         url="bn-acpc-e-e3-133m-1-100_JPG_24-C-R0150/bn-acpc-e-e3-133m-1-100_0059_30_t24-C-R0150.jpg"
      />
   </facsimile>
   <text>
      <body>
         <div>
            <list>
               <item>Commercial Code. <note place="margin-right" n="2">
                     <del rend="overstrike"><gap reason="illegible" extent="1" unit="word"/></del>
                     <lb/><del rend="overstrike"><gap reason="illegible" extent="1" unit="word"
                        /></del>
                  </note>
               </item>
               <item>Typewriter Fixings.</item>
               <item>Song-writing.</item>
               <item>System of Shorthand.</item>
               <item><rs type="name" key="P14">Espronceda</rs>.</item>
               <item><del rend="overstrike">Stamps to Foreign Countries.</del></item>
               <item><del rend="overstrike"><choice>
                        <abbr>Ill<am>.</am></abbr>
                        <expan>Ill<ex>ustrated</ex></expan>
                     </choice> Post Cards.</del></item>

               <item><mod rend="framed" n="2">(Advertise for Cipher Agency — <lb/>
                  America).</mod></item>
               <item><del rend="overstrike">Tales and Sketches.</del></item>
               <item>Anecdotes (Portuguese).</item>
               <item><del rend="overstrike">Stamps here.</del></item>
               <item><del rend="overstrike">Portuguese peculiar stories.</del></item>
            </list>
            <metamark rend="line-14-center" function="distinct" n="2"/>
            <addSpan n="2" spanTo="#A1"/>
            <list>
               <item>
                  <label>1.</label> System of Shorthand. </item>
               <item>
                  <label>2.</label> Look for door — in instead of out. </item>
            </list>
            <anchor xml:id="A1"/>
         </div>
      </body>
   </text>
</TEI>
