<?xml version="1.0" encoding="UTF-8"?>
<?xml-model href="../schema/pessoaTEI.rng" type="application/xml" schematypens="http://relaxng.org/ns/structure/1.0"?>
<TEI xmlns="http://www.tei-c.org/ns/1.0">
   <teiHeader>
      <fileDesc>
         <titleStmt>
            <title>BNP/E3 133H-82<hi rend="superscript">r</hi></title>
            <author>
               <rs type="person" key="FP">Fernando Pessoa</rs>
            </author>
            <respStmt>
               <resp>Transcrição, Edição</resp>
               <name>Pedro Sepúlveda</name>
            </respStmt>
            <respStmt>
               <resp>Codificação, Modelagem de dados</resp>
               <name>Ulrike Henny</name>
            </respStmt>
            <respStmt>
               <resp>Codificação</resp>
               <name>Isabel Figueiredo-Iken</name>
            </respStmt>
            <respStmt>
               <resp>Codificação</resp>
               <name>Sviatoslav Drach</name>
            </respStmt>
            <respStmt>
               <resp>Consultoria</resp>
               <name>Institut für Dokumentologie und Editorik (IDE)</name>
            </respStmt>
         </titleStmt>
         <publicationStmt>
            <publisher>Universidade Nova de Lisboa, Instituto de Estudos de Literatura e Tradição
               (IELT)</publisher>
            <publisher>Cologne Center for eHumanities (CCeH)</publisher>
            <date>2017</date>
            <availability>
               <licence target="http://creativecommons.org/licenses/by/3.0/"/>
            </availability>
            <idno type="filename">BNP_E3_133H-82r.xml</idno>
         </publicationStmt>
         <sourceDesc>
            <msDesc xml:id="M1" type="structured">
               <msIdentifier>
                  <institution>Biblioteca Nacional de Portugal</institution>
                  <idno>BNP/E3 133H-82r</idno>
               </msIdentifier>
               <msContents>
                  <msItemStruct>
                     <author>
                        <rs type="person" key="FP">Fernando Pessoa</rs>
                     </author>
                     <note type="genre">
                        <rs type="genre" key="lista_editorial">Lista editorial</rs>
                     </note>
                     <textLang mainLang="en" otherLangs="pt"/>
                  </msItemStruct>
               </msContents>
               <history>
                  <origin>
                     <p>
                        <origDate when="1919" cert="medium">c. 1919</origDate>
                     </p>
                  </origin>
               </history>
            </msDesc>
            <msDesc corresp="#M1" type="prose">
               <msIdentifier/>
               <p>Lista manuscrita em papel com marca de água «British Bankpost» e timbre «F. A.
                  Pessoa | R. do Ouro, 87, 2.º | Lisboa».</p>
            </msDesc>
         </sourceDesc>
      </fileDesc>
   </teiHeader>
   <facsimile>
      <graphic
         url="bn-acpc-e-e3-133h-1-100_JPG_24-C-R0150/bn-acpc-e-e3-133h-1-100_0165_82_t24-C-R0150.jpg"
      />
   </facsimile>
   <text>
      <body>
         <div>
            <metamark rend="line-44" function="mark"/>
            <list>
               <item xml:id="I1">Phono<gap reason="illegible" extent="4" unit="characters"
                  />graphica.</item>
               <item xml:id="I2">My 3 games.</item>
               <item xml:id="I3">My codes.</item>
               <item xml:id="I4">My publishing idea — fasciculos </item>
               <item xml:id="I5">do — complete translation <rs type="person"
                  >Shakespeare</rs>.</item>
               <item xml:id="I6"><gap reason="illegible" extent="1" unit="word"/></item>
               <item xml:id="I7">A <gap reason="illegible" extent="1" unit="word"/>dictionary
                  (Bandy).</item>
               <item xml:id="I8"><rs type="text">“All about <rs type="place"
                  >Portugal</rs>.”</rs></item>
               <item xml:id="I9">In Voyage, see what foreign enter<pc>-</pc><lb/>prises<gap
                     reason="illegible" extent="1" unit="word"/><del rend="overstrike">capital</del>
                  to plan<lb/> capital here. (<choice>
                     <abbr>Ant<am>.</am></abbr>
                     <expan>Ant<ex>hony</ex></expan>
                  </choice> Culler’s<lb/><gap reason="illegible" unit="word" extent="1"/>an
                  example).</item>
            </list>
            <ab n="a">
               <note target="range(I4,I5,I7)" place="margin-right" type="addition"/>
               <metamark rend="curly bracket" function="grouping"/></ab>
         </div>
      </body>
   </text>
</TEI>
