<?xml version="1.0" encoding="UTF-8"?> 
<?xml-model href="../schema/pessoaTEI.rng" type="application/xml" schematypens="http://relaxng.org/ns/structure/1.0"?>
<TEI xmlns="http://www.tei-c.org/ns/1.0">
   <teiHeader>
      <fileDesc>
         <titleStmt>
            <title>BNP/E3 55E-94<hi rend="superscript">v</hi>
            </title>
            <author>
               <rs type="name" key="FP">Fernando Pessoa</rs>
            </author>
            <respStmt>
               <resp>Transcrição, Edição</resp>
               <name>Pedro Sepúlveda</name>
            </respStmt>
            <respStmt>
               <resp>Codificação, Modelagem de dados</resp>
               <name>Ulrike Henny-Krahmer</name>
            </respStmt>
            <respStmt>
               <resp>Codificação</resp>
               <name>Isabel Figueiredo-Iken</name>
            </respStmt>
            <respStmt>
               <resp>Codificação</resp>
               <name>Sviatoslav Drach</name>
            </respStmt>
            <respStmt>
               <resp>Consultoria</resp>
               <name>Institut für Dokumentologie und Editorik (IDE)</name>
            </respStmt>
         </titleStmt>
         <publicationStmt>
            <publisher>Universidade Nova de Lisboa, Instituto de Estudos de Literatura e Tradição
               (IELT)</publisher>
            <publisher>Cologne Center for eHumanities (CCeH)</publisher>
            <date>2016</date>
            <availability>
               <licence target="http://creativecommons.org/licenses/by/3.0/"/>
            </availability>
            <idno type="filename">BNP_E3_55E-94v.xml</idno>
         </publicationStmt>
         <sourceDesc>
            <msDesc>
               <msIdentifier>
                  <institution>Biblioteca Nacional de Portugal</institution>
                  <idno>BNP/E3 55E-94v</idno>
               </msIdentifier>
               <msContents>
                  <summary>
                     <p> Lista manuscrita. </p>
                  </summary>
                  <msItemStruct>
                     <author>
                        <rs type="name" key="FP">Fernando Pessoa</rs>
                     </author>
                     <note type="genre">
                        <rs type="genre" key="lista_editorial">Lista editorial</rs>
                     </note>
                     <textLang mainLang="pt"/>
                  </msItemStruct>
               </msContents>
               <history>
                  <origin>
                     <p>
                        <origDate when="1924" cert="medium">c. 1924</origDate>
                     </p>
                  </origin>
               </history>
            </msDesc>
         </sourceDesc>
      </fileDesc>
   </teiHeader>
   <facsimile>
      <graphic
         url="bn-acpc-e-e3-55e-1-100_JPG_24-C-R0150/bn-acpc-e-e3-55e-1-100_0191_94v_t24-C-R0150.jpg"
      />
   </facsimile>
   <text>
      <body>
         <div>
            <table>
               <row>
                  <cell>I —</cell>
                  <cell>
                     <label>1.</label>
                     <rs type="title">Prefacio</rs>. — </cell>
                  <cell>
                     <subst>
                        <del n="1" rend="overstrike">3 a 4</del>
                        <add n="2">4</add>
                     </subst>
                  </cell>
               </row>
               <row>
                  <cell/>
                  <cell>
                     <label>2.</label>
                     <rs type="work" key="O1-2"><rs type="title">Gladio</rs></rs>. — </cell>
                  <cell>
                     <subst>
                        <del n="1" rend="overstrike">1</del>
                        <add n="2">1</add>
                     </subst>
                  </cell>
               </row>
               <row>
                  <cell/>
                  <cell>
                     <label>3.</label>
                     <rs type="title">Auto do Circo</rs>. — </cell>
                  <cell>
                     <supplied resp="PS" reason="omitted-in-original"/>
                  </cell>
               </row>
               <row>
                  <cell>(?) —</cell>
                  <cell>
                     <label>4.</label>
                     <rs type="title">Theoria da Orthographia<lb/> Portugueza</rs> — </cell>
                  <cell>
                     <supplied resp="PS" reason="omitted-in-original"/>
                  </cell>
               </row>
               <row>
                  <cell/>
                  <cell>
                     <label>5.</label>
                     <rs type="title">O Corvo</rs> (<rs type="name" key="P87">Poe</rs>) — </cell>
                  <cell>3</cell>
               </row>
               <row>
                  <cell/>
                  <cell>
                     <label>6.</label>
                     <rs type="title">Epigramas</rs> — </cell>
                  <cell>4</cell>
               </row>
               <row>
                  <cell/>
                  <cell>
                     <label>7.</label>
                     <rs type="title">Uma Entrevista</rs>. — </cell>
                  <cell>3</cell>
               </row>
               <row>
                  <cell/>
                  <cell>
                     <label>8.</label>
                     <rs type="title"><abbr>Merc<am>.</am></abbr> Acephalo</rs> — </cell>
                  <cell>1</cell>
               </row>
            </table>
            <metamark rend="line-24-center" function="distinct"/>
            <div rend="left">
               <table>
                  <row>
                     <cell>II —</cell>
                     <cell><hi rend="underline">Antidoto</hi>.</cell>
                  </row>
               </table>
            </div>
            <metamark rend="line-vertical" function="distinct"/>
            <div rend="right">
               <table>
                  <row>
                     <cell>1.</cell>
                     <cell>
                        <choice>
                           <abbr><metamark rend="line-14" function="placeholder"/></abbr>
                           <expan><rs type="title">Prefacio</rs>.</expan>
                        </choice>
                     </cell>
                     <cell>1 3/4</cell>
                     <cell rows="2">
                        <metamark rend="curly-bracket" function="sum"/> 2 </cell>
                  </row>
                  <row>
                     <cell>2.</cell>
                     <cell>
                        <choice>
                           <abbr><metamark rend="line-14" function="placeholder"/></abbr>
                           <expan>Gladio.</expan>
                        </choice>
                     </cell>
                     <cell>1/4</cell>
                  </row>
                  <row>
                     <cell>3.</cell>
                     <cell>
                        <choice>
                           <abbr><metamark rend="line-14" function="placeholder"/></abbr>
                           <expan>Auto do Circo.</expan>
                        </choice>
                     </cell>
                     <cell rows="2" cols="2"/>
                  </row>
                  <row>
                     <cell>4.</cell>
                     <cell>
                        <choice>
                           <abbr><metamark rend="line-14" function="placeholder"/></abbr>
                           <expan>Theoria da Orthographia Portugueza.</expan>
                        </choice>
                     </cell>
                  </row>
                  <row>
                     <cell>5.</cell>
                     <cell>
                        <choice>
                           <abbr><metamark rend="line-14" function="placeholder"/></abbr>
                           <expan>O Corvo (Poe)</expan>
                        </choice>
                     </cell>
                     <cell>1 1/2</cell>
                     <cell rows="2">
                        <metamark rend="curly-bracket" function="sum"/> 3 </cell>
                  </row>
                  <row>
                     <cell>6.</cell>
                     <cell>
                        <choice>
                           <abbr><metamark rend="line-14" function="placeholder"/></abbr>
                           <expan>Epigramas</expan>
                        </choice>
                     </cell>
                     <cell>1 1/2</cell>
                  </row>
                  <row>
                     <cell>7.</cell>
                     <cell>
                        <choice>
                           <abbr><metamark rend="line-14" function="placeholder"/></abbr>
                           <expan>Uma Entrevista.</expan>
                        </choice>
                     </cell>
                     <cell>1 1/2</cell>
                     <cell rows="2">
                        <metamark rend="curly-bracket" function="sum"/> 2 </cell>
                  </row>
                  <row>
                     <cell>8.</cell>
                     <cell>
                        <choice>
                           <abbr><metamark rend="line-14" function="placeholder"/></abbr>
                           <expan><rs type="title">Merc. Acephalo</rs></expan>
                        </choice>
                     </cell>
                     <cell>1/2</cell>
                  </row>
                  <row>
                     <cell cols="2"/>
                     <cell>total</cell>
                     <cell>
                        <metamark rend="line-14" function="sum"/> 7<hi rend="subscript">2</hi>
                     </cell>
                  </row>
                  <row>
                     <cell cols="3"/>
                     <cell>
                        <metamark rend="line-14" function="sum"/> 9 </cell>
                  </row>
                  <row>
                     <cell cols="3"/>
                     <cell>7</cell>
                  </row>
               </table>
            </div>
         </div>
      </body>
   </text>
</TEI>
