<?xml version="1.0" encoding="UTF-8"?>
<?xml-model href="../schema/pessoaTEI.rng" type="application/xml" schematypens="http://relaxng.org/ns/structure/1.0"?>
<TEI xmlns="http://www.tei-c.org/ns/1.0">
   <teiHeader>
      <fileDesc>
         <titleStmt>
            <title>BNP/E3 176<hi rend="superscript">r</hi></title>
            <author>
               <rs type="name" key="FP">Fernando Pessoa</rs>
            </author>
            <respStmt>
               <resp>Transcrição, Edição</resp>
               <name>Pedro Sepúlveda</name>
            </respStmt>
            <respStmt>
               <resp>Modelagem de dados, Codificação</resp>
               <name>Ulrike Henny-Krahmer</name>
            </respStmt>
            <respStmt>
               <resp>Codificação</resp>
               <name>Isabel Figueiredo-Iken</name>
            </respStmt>
            <respStmt>
               <resp>Codificação</resp>
               <name>Sviatoslav Drach</name>
            </respStmt>
            <respStmt>
               <resp>Consultoria</resp>
               <name>Institut für Dokumentologie und Editorik (IDE)</name>
            </respStmt>
         </titleStmt>
         <publicationStmt>
            <publisher>Universidade Nova de Lisboa, Instituto de Estudos de Literatura e Tradição
               (IELT)</publisher>
            <publisher>Cologne Center for eHumanities (CCeH)</publisher>
            <date>2017</date>
            <availability status="free">
               <licence target="http://creativecommons.org/licenses/by/3.0/"/>
            </availability>
            <idno type="filename">BNP_E3_176r.xml</idno>
         </publicationStmt>
         <sourceDesc>
            <msDesc>
               <msIdentifier>
                  <institution>Biblioteca Nacional de Portugal</institution>
                  <idno>BNP/E3 176r</idno>
               </msIdentifier>
               <msContents>
                  <summary>
                     <p>Lista datilografada.</p>
                  </summary>
                  <msItemStruct>
                     <author>
                        <rs type="name" key="FP">Fernando Pessoa</rs>
                     </author>
                     <note type="genre">
                        <rs type="genre" key="lista_editorial">Lista editorial</rs>
                     </note>
                     <textLang mainLang="pt"/>
                  </msItemStruct>
               </msContents>
               <history>
                  <origin>
                     <p>
                        <origDate>?</origDate>
                     </p>
                  </origin>
               </history>
            </msDesc>
         </sourceDesc>
      </fileDesc>
   </teiHeader>
   <facsimile>
      <graphic
         url="bn-acpc-e-e3-167-186_JPG_24-C-R0150/bn-acpc-e-e3-167-186_0019_176_t24-C-R0150.jpg"/>
   </facsimile>
   <text>
      <body>
         <div>
            <head rend="center"><rs type="title">EPIGRAMMAS PORTUGUEZES</rs>.</head>
            <p><rs type="name" key="P76">Bocage</rs>:</p>
            <list>
               <item>Amor, etc: (95), 104.</item>
               <item>Auto-epigrammas: 90.</item>
               <item>Troça pura: 2, 12, 22, 61, 67, 82, <supplied resp="PS"
                     reason="omitted-in-original"/></item>
               <item rend="indent-2">Medicos: 39 ― 46 ― 51 ― 58 ― 56 ― 88 ― <lb/>106 ― 109.</item>
               <item>Escrivães, etc: 10, 54.</item>
            </list>
            <metamark rend="line-44" function="distinct"/>
            <p><rs type="name" key="P191">Castilho</rs> (<rs type="title">“Excavações”</rs>):</p>
            <list>
               <item>Bebedos: <choice>
                     <abbr>pag<am>.</am></abbr>
                     <expan>pag<ex>ina</ex></expan>
                  </choice> 207 (6 epigrammas).</item>
               <item>Amor: <choice>
                     <abbr>pag<am>.</am></abbr>
                     <expan>pag<ex>inas</ex></expan>
                  </choice> 37, 229.</item>
               <item>Medicina: <choice>
                     <abbr>pag<am>.</am></abbr>
                     <expan>pag<ex>ina</ex></expan>
                  </choice> 276.</item>
            </list>
            <metamark rend="line-44" function="distinct"/>
            <p><rs type="name" key="P15">Camões</rs>:</p>
            <list>
               <item>Varios: <choice>
                     <abbr>Vol<am>.</am></abbr>
                     <expan>Vol<ex>ume</ex></expan>
                  </choice> II, <choice>
                     <abbr>pag<am>.</am></abbr>
                     <expan>pag<ex>ina</ex></expan>
                  </choice> 485.</item>
            </list>
            <metamark rend="line-44" function="distinct"/>
         </div>
      </body>
   </text>
</TEI>
