<?xml version="1.0" encoding="UTF-8"?>
<?xml-model href="../schema/pessoaTEI.rng" type="application/xml" schematypens="http://relaxng.org/ns/structure/1.0"?>
<TEI xmlns="http://www.tei-c.org/ns/1.0">
   <teiHeader>
      <fileDesc>
         <titleStmt>
            <title>BNP/E3 49A6-34<hi rend="superscript">v</hi></title>
            <author>
               <rs type="person" key="FP">Fernando Pessoa</rs>
            </author>
            <respStmt>
               <resp>Transcrição, Edição</resp>
               <name>Pedro Sepúlveda</name>
            </respStmt>
            <respStmt>
               <resp>Codificação, Modelagem de dados</resp>
               <name>Ulrike Henny</name>
            </respStmt>
            <respStmt>
               <resp>Codificação</resp>
               <name>Isabel Figueiredo-Iken</name>
            </respStmt>
            <respStmt>
               <resp>Codificação</resp>
               <name>Sviatoslav Drach</name>
            </respStmt>
            <respStmt>
               <resp>Consultoria</resp>
               <name>Institut für Dokumentologie und Editorik (IDE)</name>
            </respStmt>
         </titleStmt>
         <publicationStmt>
            <publisher>Universidade Nova de Lisboa, Instituto de Estudos de Literatura e Tradição
               (IELT)</publisher>
            <publisher>Cologne Center for eHumanities (CCeH)</publisher>
            <date>2017</date>
            <availability>
               <licence target="http://creativecommons.org/licenses/by/3.0/"/>
            </availability>
            <idno type="filename">BNP_E3_49A6-34v.xml</idno>
         </publicationStmt>
         <sourceDesc>
            <msDesc xml:id="M1" type="structured">
               <msIdentifier>
                  <institution>Biblioteca Nacional de Portugal</institution>
                  <idno>BNP/E3 49A6-34v</idno>
               </msIdentifier>
               <msContents>
                  <msItemStruct>
                     <author>
                        <rs type="person" key="FP">Fernando Pessoa</rs>
                     </author>
                     <note type="genre">
                        <rs type="genre" key="lista_editorial">Lista editorial</rs>
                     </note>
                     <textLang mainLang="pt" otherLangs="en"/>
                  </msItemStruct>
               </msContents>
               <history>
                  <origin>
                     <p>
                        <origDate when="1921-05-31">c. 31-5-1921</origDate>
                     </p>
                  </origin>
               </history>
            </msDesc>
            <msDesc corresp="#M1" type="prose">
               <msIdentifier/>
               <p>Lista manuscrita. Na mesma página e no verso encontram-se esboços de poemas
                  ingleses, com data de «31-5-1921».</p>
            </msDesc>
         </sourceDesc>
      </fileDesc>
   </teiHeader>
   <facsimile>
      <graphic
         url="bn-acpc-e-e3-49a-6-1-53_JPG_24-C-R0150/bn-acpc-e-e3-49a-6-1-53_0071_34v_t24-C-R0150.jpg"
      />
   </facsimile>
   <text>
      <body>
         <div>
            <head>
               <hi rend="underline">Organização.</hi></head>
            <list>
               <item><choice>
                     <abbr>C<am>.</am></abbr>
                  </choice><choice>
                     <abbr>P<am>.</am></abbr>
                  </choice>Portuguezes.</item>
               <note place="right"> Minas de carvão</note>
               <item><choice>
                     <abbr>C<am>.</am></abbr>
                  </choice>Geral de <choice>
                     <abbr>F<am>.</am></abbr>
                  </choice><choice>
                     <abbr>T<am>.</am></abbr>
                  </choice><choice>
                     <abbr>Exp<am>.</am></abbr>
                  </choice></item>
               <note place="right">[Company]</note>
               <item>Agencia Olisipo.</item>
               <metamark rend="line-44" function="distinct"/>
               <item>British Standard Exporter. — Agency &amp; <gap reason="illegible" unit="word"
                     extent="1"/></item>
               <item>Periodo Commercial. (Who are the <lb/>
                  <gap reason="illegible" unit="word" extent="2"/>)</item>
               <item>Propaganda de <rs type="place">Portugal</rs>.</item>
            </list>
            <gap reason="selection" unit="line" extent="7"/>
            <metamark rend="line-44" function="distinct"/>
            <list>
               <item><choice>
                     <abbr>Trad<am>.</am></abbr>
                     <expan>Trad<ex>ucção </ex></expan>
                  </choice><choice>
                     <abbr>Dic<am>.</am></abbr>
                     <expan>Dic<ex>cionario </ex></expan>
                  </choice> Technico. (carta <rs type="place">Allemanha</rs>)</item>
               <item><del rend="overstrike"><choice>
                        <abbr>C<am>.</am></abbr>
                     </choice><choice>
                        <abbr>L<am>.</am></abbr>
                     </choice><choice>
                        <abbr>A<am>.</am></abbr>
                     </choice></del></item>
               <item>(Translations). </item>
               <item>Send for “Tempest” — <hi rend="underline">Watts.</hi>
               </item>
            </list>
            <gap reason="selection" unit="line" extent="8"/>
            <metamark rend="line-44" function="distinct"/>
            <gap reason="selection" unit="line" extent="2"/>
            <list>
               <item>Frederico — All-In Policy</item>
               <item> Agency for <gap reason="illegible" unit="word" extent="1"/>,<rs type="place">
                     Australia</rs> &amp;<metamark rend="arrow"/>
                  <lb/><rs type="place"><choice>
                        <abbr>N<am>.</am><expan>N<ex>ew</ex></expan></abbr>
                     </choice> Zealand.</rs></item>
            </list>
            <gap reason="selection" unit="line" extent="1"/>
            <metamark rend="line-44" function="distinct"/>
            <gap reason="selection" unit="line" extent="4"/>
         </div>
      </body>
   </text>
</TEI>
