
<TEI xmlns="http://www.tei-c.org/ns/1.0">
    <teiHeader>
        <fileDesc>
            <titleStmt>
                <title>BNP/E3 180<hi rend="superscript">r</hi>
                </title>
                <author>
                    <rs type="name" key="FP">Fernando Pessoa</rs>
                </author>
                <respStmt>
                    <resp>Transcrição, Edição</resp>
                    <name>Pedro Sepúlveda</name>
                </respStmt>
                <respStmt>
                    <resp>Transcrição</resp>
                    <name>Pablo Javier Pérez López</name>
                </respStmt>
                <respStmt>
                    <resp>Codificação, Modelagem de dados</resp>
                    <name>Ulrike Henny-Krahmer</name>
                </respStmt>
                <respStmt>
                    <resp>Codificação</resp>
                    <name>Franz Fischer</name>
                </respStmt>
                <respStmt>
                    <resp>Codificação</resp>
                    <name>Isabel Figueiredo-Iken</name>
                </respStmt>
                <respStmt>
                    <resp>Codificação</resp>
                    <name>Sviatoslav Drach</name>
                </respStmt>
                <respStmt>
                    <resp>Consultoria</resp>
                    <name>Institut für Dokumentologie und Editorik (IDE)</name>
                </respStmt>
            </titleStmt>
            <publicationStmt>
                <publisher>Universidade Nova de Lisboa, Instituto de Estudos de Literatura e
                    Tradição (IELT)</publisher>
                <publisher>Cologne Center for eHumanities (CCeH)</publisher>
                <date>2017</date>
                <availability>
                    <licence target="http://creativecommons.org/licenses/by/3.0/"/>
                </availability>
                <idno type="filename">BNP_E3_180r.xml</idno>
            </publicationStmt>
            <sourceDesc>
                <msDesc>
                    <msIdentifier>
                        <institution>Biblioteca Nacional de Portugal</institution>
                        <idno>BNP/E3 180r</idno>
                    </msIdentifier>
                    <msContents>
                        <summary>
                            <p> Lista manuscrita, publicada em Sepúlveda, <hi rend="italic">Os livros de
                                Fernando Pessoa</hi> (2013, 370). </p>
                        </summary>
                        <msItemStruct>
                            <author>
                                <rs type="name" key="FP">Fernando Pessoa</rs>
                            </author>
                            <note type="genre">
                                <rs type="genre" key="lista_editorial">Lista editorial</rs>
                                <rs type="genre" key="plano_editorial">Plano editorial</rs>
                            </note>
                            <textLang mainLang="en" otherLangs="pt fr"/>
                        </msItemStruct>
                    </msContents>
                    <history>
                        <origin>
                            <p>
                                <origDate when="1932" cert="medium">c. 1932</origDate>
                            </p>
                        </origin>
                    </history>
                </msDesc>
            </sourceDesc>
        </fileDesc>
    </teiHeader>
    <facsimile>
        <graphic
            url="bn-acpc-e-e3-167-186_JPG_24-C-R0150/bn-acpc-e-e3-167-186_0029_180_t24-C-R0150.jpg"
        />
    </facsimile>
    <text>
        <body>
            <div>
                <list>
                    <head>
                        <rs type="work" key="O1-13-2"><rs type="title"><hi rend="underline">Ficções
                                    do Interludio</hi></rs></rs>
                        <note target="range(I1,I5)" place="margin top right" type="addition">ou 1 a
                            5<lb/> num volume</note>
                    </head>
                    <item xml:id="I1">
                        <label>1.</label>
                        <rs type="work" key="O2" style="a"><rs type="title">Poemas Completos de<lb/>
                                <rs type="name" key="AC" role="author">Alberto Caeiro</rs>
                            </rs></rs> (com<lb/>
                        <rs type="title">
                            <choice>
                                <abbr>pref<am>.</am>
                                </abbr>
                                <expan>pref<ex>acio</ex>
                                </expan>
                            </choice> de <rs type="name" key="RR" role="author">
                                <choice>
                                    <abbr>R</abbr>
                                    <expan>R<ex>icardo</ex>
                                    </expan>
                                </choice> Reis</rs></rs>) <note target="I1" place="margin right" type="addition">
                            <label>Vol. I</label>
                        </note>
                    </item>
                    <item xml:id="I2">
                        <label>2.</label>
                        <rs type="title">Notas para a <choice>
                                <abbr>rec<am>.</am>
                                </abbr>
                                <expan>rec<ex>ordação</ex>
                                </expan>
                            </choice>
                            <lb/> do meu mestre<lb/>
                            <rs type="name" key="AC" role="topic">Caeiro</rs>
                        </rs> (<rs type="name" key="AdC" role="author">
                            <choice>
                                <abbr>Alv<am>.</am>
                                </abbr>
                                <expan>Alv<ex>aro</ex>
                                </expan>
                            </choice> de Campos</rs>) <note target="range(I1,I3)"
                            place="margin left" type="addition">
                            <label>1 vol. (I-III)</label>
                            <metamark rend="curly-bracket" function="grouping"/>
                        </note>
                        <note target="range(I2,I3)" place="margin right" type="addition">
                            <metamark rend="curly-bracket" function="grouping"/>
                            <label>Vol. II</label>
                        </note>
                    </item>
                    <item xml:id="I3">
                        <label>3.</label>
                        <rs type="work" key="O1-9"><rs type="title">Chuva Obliqua</rs> (<rs
                                type="person" key="FP" role="author" style="b">
                                <choice>
                                    <abbr>F<am>.</am>
                                    </abbr>
                                    <expan>F<ex>ernando</ex>
                                    </expan>
                                </choice>
                                <lb/> Pessoa</rs>)</rs>
                    </item>
                    <item xml:id="I4">
                        <label>4.</label>
                        <rs type="title">Poemas antes de<lb/>
                            <rs type="name" key="AC" role="topic">Caeiro</rs>
                        </rs> (<rs type="name" key="AdC" role="author">
                            <choice>
                                <abbr>Alv<am>.</am>
                                </abbr>
                                <expan>Alv<ex>aro</ex>
                                </expan>
                            </choice> de<lb/> Campos</rs>) <note target="range(I4,I5)"
                            place="margin right" type="addition">
                            <metamark rend="curly-bracket" function="grouping"/>
                            <label>Vol. III</label>
                        </note>
                    </item>
                    <item xml:id="I5">
                        <label>5.</label>
                        <rs type="work" key="O3" style="b"><rs type="title">Odes, <choice>
                                    <abbr>Liv</abbr>
                                    <expan>Liv<ex>ros</ex>
                                    </expan>
                                </choice> I-<choice>
                                    <seg n="1">III</seg>
                                    <seg n="2">
                                        <add place="above">II</add>
                                    </seg>
                                </choice>
                            </rs> (<rs type="name" key="RR" role="author">
                                <choice>
                                    <abbr>R</abbr>
                                    <expan>R<ex>icardo</ex>
                                    </expan>
                                </choice> Reis</rs>)</rs>
                        <note target="range(I4,I6)" place="margin left" type="addition">
                            <supplied resp="UH" reason="omitted-in-original">
                                <label>1 vol. (IV-VI)</label>
                            </supplied>
                            <metamark rend="curly-bracket" function="grouping"/>
                        </note>
                    </item>
                    <item xml:id="I6">
                        <label>6.</label>
                        <seg>
                            <rs type="work" key="O4" style="d"><rs type="title">Trez Odes</rs></rs>
                            <add place="above" n="2"><rs type="work" key="O4" style="b"><rs
                                type="text"><rs type="title">Arco de Triumpho</rs></rs></rs></add>
                        </seg> (<rs type="name" key="AdC" role="author">
                            <choice>
                                <abbr>Alv<am>.</am>
                                </abbr>
                                <expan>Alv<ex>aro</ex>
                                </expan>
                            </choice> de<lb/> Campos</rs>) — (<rs type="work" key="O4-12"><rs
                                type="text">Triumphal</rs></rs>,<lb/>
                        <rs type="work" key="O4-11"><rs type="title">Maritima</rs></rs> — <supplied
                            resp="PS" reason="omitted-in-original"/>) <note target="I6"
                            place="margin right" type="addition">
                            <metamark rend="bracket" function="grouping"/>
                            <label>Vol. IV</label>
                        </note>
                    </item>
                </list>
            </div>
        </body>
    </text>
</TEI>
