﻿<?xml version="1.0" encoding="UTF-8"?>
<?xml-model href="../schema/pessoaTEI.rng" type="application/xml" schematypens="http://relaxng.org/ns/structure/1.0"?>
<TEI xmlns="http://www.tei-c.org/ns/1.0">
   <teiHeader>
      <fileDesc>
         <titleStmt>
            <title>BNP/E3 144D<hi rend="superscript">2</hi>-121<hi rend="superscript">v</hi>
            </title>
            <author>
               <rs type="name" key="FP">Fernando Pessoa</rs>
            </author>
            <respStmt>
               <resp>Transcrição, Edição</resp>
               <name>Pedro Sepúlveda</name>
            </respStmt>
            <respStmt>
               <resp>Codificação, Modelagem de dados</resp>
               <name>Ulrike Henny-Krahmer</name>
            </respStmt>
            <respStmt>
               <resp>Codificação</resp>
               <name>Sviatoslav Drach</name>
            </respStmt>
            <respStmt>
               <resp>Codificação</resp>
               <name>Ana Leonor Branco</name>
            </respStmt>
            <respStmt>
               <resp>Consultoria</resp>
               <name>Institut für Dokumentologie und Editorik (IDE)</name>
            </respStmt>
         </titleStmt>
         <publicationStmt>
            <publisher>Universidade Nova de Lisboa, Instituto de Estudos de Literatura e Tradição
               (IELT)</publisher>
            <publisher>Cologne Center for eHumanities (CCeH)</publisher>
            <date>2016</date>
            <availability>
               <licence target="http://creativecommons.org/licenses/by/3.0/"/>
            </availability>
            <idno type="filename">BNP_E3_144D2-121v.xml</idno>
         </publicationStmt>
         <sourceDesc>
            <msDesc>
               <msIdentifier>
                  <institution>Biblioteca Nacional de Portugal</institution>
                  <idno>BNP/E3 144D2-121v</idno>
               </msIdentifier>
               <msContents>
                  <summary>
                     <p> Lista manuscrita no caderno 144D<hi rend="superscript">2</hi> (cf. <ref
                        target="http://purl.pt/13880">http://purl.pt/13880</ref>). </p>
                  </summary>
                  <msItemStruct>
                     <author>
                        <rs type="name" key="FP">Fernando Pessoa</rs>
                     </author>
                     <note type="genre">
                        <rs type="genre" key="lista_editorial">Lista editorial</rs>
                     </note>
                     <textLang mainLang="pt" otherLangs="en"/>
                  </msItemStruct>
               </msContents>
               <history>
                  <origin>
                     <p>
                        <origDate when="1916" cert="medium">c. 1916</origDate>
                     </p>
                  </origin>
               </history>
            </msDesc>
         </sourceDesc>
      </fileDesc>
   </teiHeader>
   <facsimile>
      <graphic url="bn-acpc-e-e3_144d2_JPG_24-C-R0150/bn-acpc-e-e3_144d2_0314_121v_t24-C-R0150.jpg"
      />
   </facsimile>
   <text>
      <body>
         <div>
            <head><hi rend="underline">Titles:</hi></head>
            <list>
               <item><rs type="title">The Mad Fiddler</rs>. <metamark rend="space" function="distinct"/> a sub-title?</item>
               <item><rs type="title">Odes and Songs</rs>. – <rs type="title">Poems and Songs</rs>
                  –</item>
               <item><rs type="title">Unrest</rs>.</item>
               <item><rs type="title">Restlessness</rs>.</item>
               <item><rs type="title">Uselessness</rs>.</item>
            </list>
            <gap reason="selection" unit="line" extent="10"/>
         </div>
      </body>
   </text>
</TEI>
