<?xml version="1.0" encoding="UTF-8"?>
<?xml-model href="../schema/pessoaTEI.rng" type="application/xml" schematypens="http://relaxng.org/ns/structure/1.0"?>
<TEI xmlns="http://www.tei-c.org/ns/1.0">
   <teiHeader>
      <fileDesc>
         <titleStmt>
            <title>BNP/E3 48G-29<hi rend="superscript">r</hi></title>
            <author>
               <rs type="person" key="FP">Fernando Pessoa</rs>
            </author>
            <respStmt>
               <resp>Transcrição, Edição</resp>
               <name>Pedro Sepúlveda</name>
            </respStmt>
            <respStmt>
               <resp>Transcrição</resp>
               <name>Pablo Javier Pérez López</name>
            </respStmt>
            <respStmt>
               <resp>Modelagem de dados, Codificação</resp>
               <name>Ulrike Henny</name>
            </respStmt>
            <respStmt>
               <resp>Codificação</resp>
               <name>Isabel Figueiredo-Iken</name>
            </respStmt>
            <respStmt>
               <resp>Codificação</resp>
               <name>Sviatoslav Drach</name>
            </respStmt>
            <respStmt>
               <resp>Consultoria</resp>
               <name>Institut für Dokumentologie und Editorik (IDE)</name>
            </respStmt>
         </titleStmt>
         <publicationStmt>
            <publisher>Universidade Nova de Lisboa, Instituto de Estudos de Literatura e Tradição
               (IELT)</publisher>
            <publisher>Cologne Center for eHumanities (CCeH)</publisher>
            <date>2016</date>
            <availability>
               <licence target="http://creativecommons.org/licenses/by/3.0/"/>
            </availability>
            <idno type="filename">BNP_E3_49G-29r.xml</idno>
         </publicationStmt>
         <sourceDesc>
            <msDesc xml:id="M1" type="structured">
               <msIdentifier>
                  <institution>Biblioteca Nacional de Portugal</institution>
                  <idno>BNP/E3 48G-29r</idno>
               </msIdentifier>
               <msContents>
                  <msItemStruct>
                     <author>
                        <rs type="person" key="FP">Fernando Pessoa</rs>
                     </author>
                     <note type="genre">
                        <rs type="genre" key="lista_editorial">Lista editorial</rs>
                        <rs type="genre" key="plano_editorial">Plano editorial</rs>
                     </note>
                     <textLang mainLang="pt"/>
                  </msItemStruct>
               </msContents>
               <history>
                  <origin>
                     <p>
                        <origDate notBefore="1917">post. 1917</origDate>
                     </p>
                  </origin>
               </history>
            </msDesc>
            <msDesc corresp="#M1" type="prose">
               <msIdentifier/>
               <p> Lista manuscrita, publicada em <hi rend="italic">Sensacionismo e Outros
                     Ismos</hi> (2009, 276). </p>
            </msDesc>
         </sourceDesc>
      </fileDesc>
   </teiHeader>
   <facsimile>
      <graphic
         url="bn-acpc-e-e3-48g-1-37_JPG_24-C-R0150/bn-acpc-e-e3-48g-1-37_0057_29_t24-C-R0150.jpg"/>
   </facsimile>
   <text>
      <body>
         <div>
            <list>
               <item>
                  <rs type="journal" key="J12"><hi rend="underline">Orpheu 1</hi></rs> = <rs
                     type="text"><hi rend="underline">O Marinheiro</hi></rs>. (<rs type="work"
                     key="O4-13"><rs type="text"><hi rend="underline">Opiario</hi></rs></rs> e <rs
                     type="work" key="O4-12"><rs type="text"><hi rend="underline">Ode
                        Triumphal</hi></rs></rs>). </item>
               <item>
                  <rs type="journal" key="J12"><hi rend="underline">Orpheu 2</hi></rs> = <rs
                     type="work" key="O1-9"><rs type="text"><hi rend="underline">Chuva
                        Obliqua</hi></rs></rs>. (<rs type="work" key="O4-11"><rs type="text"><hi
                           rend="underline">Ode Maritima</hi></rs></rs>). </item>
               <item>
                  <rs type="journal" key="J37"><hi rend="underline">Eh Real!</hi></rs> = <rs
                     type="text"><hi rend="underline">O Preconceito da Ordem</hi></rs>, e os 2
                  últimos sueltos. </item>
               <item>
                  <rs type="journal" key="J32"><hi rend="underline">Exilio</hi></rs> = <rs
                     type="work" key="O1-18"><rs type="text"><hi rend="underline">Hora
                        Absurda</hi></rs></rs> e <rs type="text"><hi rend="underline">Movimento
                        Sensacionista</hi></rs>. </item>
               <item>
                  <rs type="journal" key="J24"><hi rend="underline">Centauro</hi></rs> = <rs
                     type="work" key="O1-32"><rs type="text"><hi rend="underline">Passos da
                           Cruz</hi></rs></rs>. </item>
               <item>
                  <rs type="journal" key="J38"><hi rend="underline">Terra Nossa, n° 3</hi></rs> =
                     <rs type="text"><hi rend="underline">A Ceifeira</hi></rs> (menos 1 quadra). </item>
               <item>
                  <rs type="journal" key="J39"><hi rend="underline">O Heraldo</hi></rs> (Faro),
                  1.7.1917. = <rs type="text"><hi rend="underline">A Casa Branca Nau
                  Preta</hi></rs>. </item>
               <item>
                  <rs type="journal" key="J7"><hi rend="underline">Theatro</hi></rs>, n° 1 = <rs
                     type="text"><hi rend="underline">Naufragio de Bartholomeu</hi></rs>. </item>
               <item>
                  <rs type="journal" key="J7"><hi rend="underline">Theatro</hi></rs>, n° 2 = <rs
                     type="text"><hi rend="underline">Cousas estylisticas</hi></rs>, etc. </item>
               <item>
                  <rs type="journal" key="J7"><hi rend="underline">Theatro</hi></rs>, n° 3 = 3. </item>
               <item>
                  <rs type="journal" key="J27"><hi rend="underline">A Renascença</hi></rs> = <rs
                     type="work" key="O1-19"><rs type="text"><hi rend="underline">Impressões do
                           Crepusculo</hi></rs></rs>. </item>
               <item>
                  <rs type="journal" key="J11"><hi rend="underline">Contemporânea</hi></rs> =
                  (Programma). </item>
               <item>
                  <rs type="journal" key="J40"><hi rend="underline">O Raio</hi></rs> n° 12 = <rs
                     type="text">Chronicas Decorativas</rs>, I. </item>
               <item>
                  <rs type="journal" key="J41"><hi rend="underline">A Ideia Nacional</hi></rs>, Anno
                  2, n° 20 (13 Abril 1916) = (<choice>
                     <abbr>pag<am>.</am></abbr>
                     <expan>pag<ex>ina</ex></expan>
                  </choice> 4 (uma opinião).) </item>
               <item>
                  <rs type="journal" key="J29"><hi rend="underline">Portugal Futurista</hi></rs> =
                     <rs type="work" key="O1-13"><rs type="text"><hi rend="underline"
                        >Episodios</hi></rs></rs>. (<rs type="text"><hi rend="underline"
                        >Ultimatum</hi></rs> de <rs type="person" key="AdC" role="author"><choice>
                        <abbr>A<am>.</am></abbr>
                        <expan>A<ex>lvaro</ex></expan>
                     </choice> de <choice>
                        <abbr>C<am>.</am></abbr>
                        <expan>C<ex>ampos</ex></expan>
                     </choice>.</rs>
               </item>
            </list>
         </div>
      </body>
   </text>
</TEI>
