﻿<?xml version="1.0" encoding="UTF-8"?>
<?xml-model href="../schema/pessoaTEI.rng" type="application/xml" schematypens="http://relaxng.org/ns/structure/1.0"?>
<TEI xmlns="http://www.tei-c.org/ns/1.0">
   <teiHeader>
      <fileDesc>
         <titleStmt>
            <title>BNP/E3 30A-8<hi rend="superscript">v</hi>
            </title>
            <author>
               <rs type="name" key="FP">Fernando Pessoa</rs>
            </author>
            <respStmt>
               <resp>Transcrição, Edição</resp>
               <name>Pedro Sepúlveda</name>
            </respStmt>
            <respStmt>
               <resp>Codificação, Modelagem de dados</resp>
               <name>Ulrike Henny-Krahmer</name>
            </respStmt>
            <respStmt>
               <resp>Codificação</resp>
               <name>Sviatoslav Drach</name>
            </respStmt>
            <respStmt>
               <resp>Codificação</resp>
               <name>Ana Leonor Branco</name>
            </respStmt>
         </titleStmt>
         <publicationStmt>
            <publisher>Universidade Nova de Lisboa, Instituto de Estudos de Literatura e Tradição
               (IELT)</publisher>
            <publisher>Cologne Center for eHumanities (CCeH)</publisher>
            <date>2017</date>
            <availability status="free">
               <licence target="http://creativecommons.org/licenses/by/3.0/"/>
            </availability>
            <idno type="filename">BNP_E3_30A-8v.xml</idno>
         </publicationStmt>
         <sourceDesc>
            <msDesc>
               <msIdentifier>
                  <institution>Biblioteca Nacional de Portugal</institution>
                  <idno>BNP/E3 30A-8v</idno>
               </msIdentifier>
               <msContents>
                  <summary>
                     <p> Lista manuscrita. Na mesma folha encontra-se um testemunho de <hi
                           rend="italic">Fausto</hi> (cf. FAU, 22) e da tradução de «La Gioconda»,
                        de Walter Pater, continuação de um texto iniciado em BNP 30A-9r e publicado
                        no n.º 2 da revista <hi rend="italic">Athena</hi>, em Novembro de 1924. </p>
                  </summary>
                  <msItemStruct>
                     <author>
                        <rs type="name" key="FP">Fernando Pessoa</rs>
                     </author>
                     <note type="genre">
                        <rs type="genre" key="lista_editorial">Lista editorial</rs>
                     </note>
                     <textLang mainLang="pt" otherLangs="en"/>
                  </msItemStruct>
               </msContents>
               <history>
                  <origin>
                     <p>
                        <origDate when="1924" cert="medium">c. 1924</origDate>
                     </p>
                  </origin>
               </history>
            </msDesc>
         </sourceDesc>
      </fileDesc>
   </teiHeader>
   <facsimile>
      <graphic
         url="bn-acpc-e-e3-30a-1-25_JPG_24-C-R0150/bn-acpc-e-e3-30a-1-25_0016_8v_t24-C-R0150.jpg"/>
   </facsimile>
   <text>
      <body>
         <div>
            <gap reason="selection" unit="line" extent="7"/>
            <list>
               <item><rs type="name" key="P14">Espronceda</rs>.</item>
               <item>(<rs type="name" key="P212">Moch Einstein</rs>)</item>
               <item><rs type="title">Sonetos de <rs type="name" key="P15">Camões</rs></rs></item>
               <item><rs type="title">Anthologia Grega</rs>.</item>
               <item><rs type="title">Evolution of States</rs>.</item>
               <item>
                  <rs type="title">
                     <choice>
                        <abbr>Sh<am>.</am></abbr>
                        <expan>Sh<ex>ort</ex></expan>
                     </choice>
                     <choice>
                        <abbr>Hist<am>.</am></abbr>
                        <expan>Hist<ex>ory</ex></expan>
                     </choice> of Freestyles</rs>. </item>
               <item>
                  <rs type="title">
                     <choice>
                        <abbr>Int<am>.</am></abbr>
                        <expan>Int<ex>roduction</ex></expan>
                     </choice> to Mathematics</rs>. </item>
               <item>(<rs type="name" key="P87">Edgar Poe</rs>)</item>
            </list>
            <gap reason="selection" unit="line" extent="27"/>
         </div>
      </body>
   </text>
</TEI>
