<?xml version="1.0" encoding="UTF-8"?>
<?xml-model href="../schema/pessoaTEI.rng" type="application/xml" schematypens="http://relaxng.org/ns/structure/1.0"?>
<TEI xmlns="http://www.tei-c.org/ns/1.0">
   <teiHeader>
      <fileDesc>
         <titleStmt>
            <title>BNP/E3 5-83<hi rend="superscript">r</hi>
            </title>
            <author>
               <rs type="name" key="FP">Fernando Pessoa</rs>
            </author>
            <respStmt>
               <resp>Transcrição, Edição</resp>
               <name>Pedro Sepúlveda</name>
            </respStmt>
            <respStmt>
               <resp>Transcrição</resp>
               <name>Pablo Javier Pérez López</name>
            </respStmt>
            <respStmt>
               <resp>Transcrição</resp>
               <name>Jorge Uribe</name>
            </respStmt>
            <respStmt>
               <resp>Modelagem de dados, Codificação</resp>
               <name>Ulrike Henny-Krahmer</name>
            </respStmt>
            <respStmt>
               <resp>Codificação</resp>
               <name>Isabel Figueiredo-Iken</name>
            </respStmt>
            <respStmt>
               <resp>Codificação</resp>
               <name>Inês Filipa Rebelo do Carmo</name>
            </respStmt>
            <respStmt>
               <resp>Codificação</resp>
               <name>Sviatoslav Drach</name>
            </respStmt>
            <respStmt>
               <resp>Consultoria</resp>
               <name>Institut für Dokumentologie und Editorik (IDE)</name>
            </respStmt>
         </titleStmt><editionStmt><p>Corpus version C2.1.0</p></editionStmt>
         <publicationStmt>
            <publisher>Universidade Nova de Lisboa, Instituto de Estudos de Literatura e
                    Tradição (IELT)</publisher>
            <publisher>Cologne Center for eHumanities (CCeH)</publisher>
            <date>2017</date>
            <availability status="free">
               <licence target="http://creativecommons.org/licenses/by/4.0/"/>
            </availability>
            <idno type="filename">BNP_E3_5-83r.xml</idno>
         </publicationStmt>
         <sourceDesc>
            <msDesc>
               <msIdentifier>
                  <institution>Biblioteca Nacional de Portugal</institution>
                  <idno>BNP/E3 5-83r</idno>
               </msIdentifier>
               <msContents>
                  <summary>
                     <p>Lista manuscrita num cartão timbrado «F. A. Pessoa | R. do Ouro, 87,
                                2.° | Lisboa», publicada em <hi rend="italic">Livro do
                                    Desassossego</hi> (1982, I, 3).</p>
                  </summary>
                  <msItemStruct>
                     <author>
                        <rs type="name" key="FP">Fernando Pessoa</rs>
                     </author>
                     <note type="genre">
                        <rs type="genre" key="lista_editorial">Lista editorial</rs>
                        <rs type="genre" key="plano_editorial">Plano editorial</rs>
                     </note>
                     <textLang mainLang="pt"/>
                  </msItemStruct>
               </msContents>
               <history>
                  <origin>
                     <p>
                        <origDate when="1918" cert="medium">c. 1918</origDate>
                     </p>
                  </origin>
               </history>
            </msDesc>
         </sourceDesc>
      </fileDesc>
      <revisionDesc>
         <change when="2023-11-15" who="#FAF">
                    Added edition statement to the teiHeader
                </change>
      </revisionDesc>
   </teiHeader>
   <facsimile xml:base="http://images.cceh.uni-koeln.de/pessoa/">
      <graphic url="bn-acpc-e-e3-5-1-85_JPG_24-C-R0150/bn-acpc-e-e3-5-1-85_0166_83_t24-C-R0150.jpg"/>
   </facsimile>
   <text>
      <body>
         <div>
            <head>
               <hi rend="underline">
                  <rs type="collection" key="C16">
                     <rs type="title" key="T184">Na Casa de saude de Cascaes</rs>
                  </rs>
               </hi>
            </head>
            <ab>inclue: –</ab>
            <list rend="inline">
               <item rend="indent-2">
                  <label>(1)</label> Introducção, entrevista<lb/> com <rs type="name" key="P1" style="b">Antonio Mora</rs>. </item>
               <item>
                  <label>(2)</label>
                  <rs type="work" key="W32">
                     <rs type="title" key="T48">
                        <rs type="name" key="AC" role="author">Alberto Caeiro</rs>
                     </rs>
                  </rs>
               </item>
               <item>
                  <label>(3)</label>
                  <rs type="name" key="RR" role="author">Ricardo Reis</rs>. </item>
               <item rend="indent-2">
                  <label>(4)</label>
                  <rs type="title">“Prolegomenos”</rs> de <rs type="name" key="P1" style="b">Antonio<lb/> Mora</rs>. </item>
               <item>
                  <label>(5)</label>
                  <rs type="title">“Fragmentos”</rs>. </item>
            </list>
         </div>
         <metamark rend="line" function="distinct"/>
         <div>
            <head>
               <rs type="title">
                  <hi rend="underline">Vida e obras do engenheiro<lb/>
                     <rs type="name" key="AdC" role="topic">Alvaro de
                    Campos</rs>
                  </hi>
               </rs>.</head>
         </div>
         <metamark rend="line" function="distinct"/>
         <div>
            <head>
               <hi rend="underline">
                  <rs type="title">Livro do Desassocego</rs>.</hi>
            </head>
            <ab>escripto por <rs type="name" key="P62">Vicente Guedes,<lb/>
               </rs> publicado por
                        <rs type="name" key="FP" role="editor" style="b">Fernando<lb/>
                    Pessoa</rs>.</ab>
         </div>
      </body>
   </text>
</TEI>
