<?xml version="1.0" encoding="UTF-8"?>
<?xml-model href="../schema/pessoaTEI.rng" type="application/xml" schematypens="http://relaxng.org/ns/structure/1.0"?>
<TEI xmlns="http://www.tei-c.org/ns/1.0">
   <teiHeader>
      <fileDesc>
         <titleStmt>
            <title>BNP/E3 48B-110</title>
            <author>
               <rs type="name" key="FP">Fernando Pessoa</rs>
            </author>
            <respStmt>
               <resp>Transcrição, Edição</resp>
               <name>Pedro Sepúlveda</name>
            </respStmt>
            <respStmt>
               <resp>Codificação, Modelagem de dados</resp>
               <name>Ulrike Henny-Krahmer</name>
            </respStmt>
            <respStmt>
               <resp>Codificação</resp>
               <name>Isabel Figueiredo-Iken</name>
            </respStmt>
            <respStmt>
               <resp>Codificação</resp>
               <name>Sviatoslav Drach</name>
            </respStmt>
            <respStmt>
               <resp>Consultoria</resp>
               <name>Institut für Dokumentologie und Editorik (IDE)</name>
            </respStmt>
         </titleStmt>
         <publicationStmt>
            <publisher>Universidade Nova de Lisboa, Instituto de Estudos de Literatura e Tradição
               (IELT)</publisher>
            <publisher>Cologne Center for eHumanities (CCeH)</publisher>
            <date>2017</date>
            <availability>
               <licence target="http://creativecommons.org/licenses/by/3.0/"/>
            </availability>
            <idno type="filename">BNP_E3_48B-110.xml</idno>
         </publicationStmt>
         <sourceDesc>
            <msDesc>
               <msIdentifier>
                  <institution>Biblioteca Nacional de Portugal</institution>
                  <idno>BNP/E3 48B-110</idno>
               </msIdentifier>
               <msContents>
                  <summary>
                     <p>Lista manuscrita, publicada em Sepúlveda e Uribe, <hi rend="italic">O
                           planeamento editorial de Fernando Pessoa</hi> (2016, 164-165).</p>
                  </summary>
                  <msItemStruct>
                     <author>
                        <rs type="name" key="FP">Fernando Pessoa</rs>
                     </author>
                     <note type="genre">
                        <rs type="genre" key="lista_editorial">Lista editorial</rs>
                     </note>
                     <textLang mainLang="pt"/>
                  </msItemStruct>
               </msContents>
               <history>
                  <origin>
                     <p>
                        <origDate when="1923" cert="medium">c. 1923</origDate>
                     </p>
                  </origin>
               </history>
            </msDesc>
         </sourceDesc>
      </fileDesc>
   </teiHeader>
   <facsimile>
      <graphic
         url="bn-acpc-e-e3-48b-1-158_JPG_24-C-R0150/bn-acpc-e-e3-48b-1-158_0226_110_t24-C-R0150.jpg"/>
      <graphic
         url="bn-acpc-e-e3-48-1-56_JPG_24-C-R0150/bn-acpc-e-e3-48b-1-158_0227110_t24-C-R0150.jpg"/>
   </facsimile>
   <text>
      <body>
         <div>
            <list>
               <item><label>1.</label><rs type="title"><choice>
                        <abbr>Banq<am>.</am></abbr>
                        <expan>Banq<ex>ueiro</ex></expan>
                     </choice><choice>
                        <abbr> Anarch<am>.</am></abbr>
                        <expan>Anarch<ex>ista</ex></expan>
                     </choice></rs></item>
               <item><label>2.</label><rs type="title">Sodoma Divinizada</rs>.</item>
               <item><label>3.</label><rs type="title">Ultimatum</rs>.</item>
               <note> <add place="after"><metamark rend="line-14" function="distinct"/></add>
               </note>
               <item><label>4.</label><rs type="title">Ideal Esthetico</rs>.</item>
               <item><label>5.</label><rs type="title">Bandarra</rs>.</item>
               <item><label>6.</label><supplied resp="PS" reason="omitted-in-original"/>
               </item>
               <item><label>7.</label><supplied resp="PS" reason="omitted-in-original"/>
               </item>
               <item><label>8.</label><supplied resp="PS" reason="omitted-in-original"/></item>
            </list>
            <div rend="right">
               <note> <hi rend="circled">Cadernos para dar<lb/>que sentir. </hi></note>
            </div>
            <metamark rend="line-44" function="distinct"/>
            <div>
               <list>
               <item>
                  <note place="center"><rs type="name" key="P107">Mario Saa</rs>.</note>
               </item>
               <item><note place="center"><rs type="name" key="P56">Almada</rs>.</note></item>
               <item><note place="center">3 – <rs type="name" key="P122"> Henrique Rosa</rs>.</note></item>
               <item><note place="center"><rs type="name" key="P63">
                        <choice>
                           <abbr>Man<am>.</am></abbr>
                           <expan>Man<ex>uel</ex></expan>
                        </choice><choice>
                           <abbr> Ant<am>.</am></abbr>
                           <expan>Ant<ex>onio</ex></expan>
                        </choice> de Almeida.</rs></note></item>
               <item><note place="center"><rs type="name" key="P298">João
                  Camoesas</rs>.</note></item>
               <item><note place="center"><rs type="name" key="P11"><choice>
                           <abbr>F<am>.</am></abbr>
                           <expan>F<ex>rancisco</ex></expan>
                        </choice><choice>
                           <abbr> F<am>.</am></abbr>
                           <expan>F<ex>ernandes</ex></expan>
                        </choice> Lopes</rs>.</note></item>
               <item><note place="center"><rs type="name" key="P299"><choice>
                           <abbr>J<am>.</am></abbr>
                        </choice><choice>
                           <abbr> L<am>.</am></abbr>
                        </choice> Supico</rs>.</note></item>
            </list>
            <metamark rend="line-44" function="distinct"/>
            <note place="center">Cogitanda</note>
            <note place="center">80$00</note>
            <note place="center">20$00 </note>
            <list>
               <item>Papel</item>
               <note><add place="below"><metamark rend="line-14" function="distinct"/></add></note>
               <item><note><add place="after"> 100.00</add></note></item>
               <item>Papel capa etc. </item>
               <item><note><add place="below">25.00</add></note>
               </item>
               <item><choice>
                     <abbr>Imp<am>.</am></abbr>
                     <expan>Imp<ex>ressão</ex></expan>
                  </choice></item>
               <note><add place="below"><metamark rend="line-14" function="distinct"/></add></note>
               <item><note><add place="after">75.00</add></note></item>
               <note><add place="below"><metamark rend="line-14" function="distinct"/></add></note>
               <item><add place="after">200.00</add></item>
               <note><add place="below"><metamark rend="line-14" function="distinct"/></add></note>
               <item><note><add place="after">350.00</add></note></item>
            </list>
            <metamark rend="line-44" function="distinct"/>
            <gap reason="selection" unit="line" extent="5"/>
            <metamark rend="line-44" function="distinct"/>
            <p><choice>
                  <abbr>Trad<am>.</am></abbr>
                  <expan>Trad<ex>ucção</ex></expan>
               </choice> de <rs type="name" key="P65">Shakespeare</rs>. </p>
            <p><metamark rend="line-14" function="ditto"/>
               <rs type="name" key="P87">Edgar Poe</rs>.</p>
         </div>
         </div>
      </body>
   </text>
</TEI>
