<?xml version="1.0" encoding="UTF-8"?>
<?xml-model href="../schema/pessoaTEI.rng" type="application/xml" schematypens="http://relaxng.org/ns/structure/1.0"?>
<TEI xmlns="http://www.tei-c.org/ns/1.0">
   <teiHeader>
      <fileDesc>
         <titleStmt>
            <title>BNP/E3 144X-48<hi rend="superscript">v</hi></title>
            <author>
               <rs type="person" key="FP">Fernando Pessoa</rs>
            </author>
            <respStmt>
               <resp>Transcrição, Edição</resp>
               <name>Pedro Sepúlveda</name>
            </respStmt>
            <respStmt>
               <resp>Transcrição</resp>
               <name>Pablo Javier Pérez López</name>
            </respStmt>
            <respStmt>
               <resp>Modelagem de dados, Codificação</resp>
               <name>Ulrike Henny</name>
            </respStmt>
            <respStmt>
               <resp>Codificação</resp>
               <name>Isabel Figueiredo-Iken</name>
            </respStmt>
            <respStmt>
               <resp>Codificação</resp>
               <name>Sviatoslav Drach</name>
            </respStmt>
            <respStmt>
               <resp>Consultoria</resp>
               <name>Institut für Dokumentologie und Editorik (IDE)</name>
            </respStmt>
         </titleStmt>
         <publicationStmt>
            <publisher>Universidade Nova de Lisboa, Instituto de Estudos de Literatura e Tradição
               (IELT)</publisher>
            <publisher>Cologne Center for eHumanities (CCeH)</publisher>
            <date>2016</date>
            <availability>
               <licence target="http://creativecommons.org/licenses/by/3.0/"/>
            </availability>
            <idno type="filename">BNP_E3_144X-48V.xml</idno>
         </publicationStmt>
         <sourceDesc>
            <msDesc xml:id="M1" type="structured">
               <msIdentifier>
                  <institution>Biblioteca Nacional de Portugal</institution>
                  <idno>BNP/E3 144X-48v</idno>
               </msIdentifier>
               <msContents>
                  <msItemStruct>
                     <author>
                        <rs type="person" key="FP">Fernando Pessoa</rs>
                     </author>
                     <note type="genre">
                        <rs type="genre" key="lista_editorial">Lista editorial</rs>
                        <rs type="genre" key="plano_editorial">Plano editorial</rs>
                     </note>
                     <textLang mainLang="pt" otherLangs="en"/>
                  </msItemStruct>
               </msContents>
               <history>
                  <origin>
                     <p>
                        <origDate when="1915" cert="medium">c. 1915</origDate>
                     </p>
                  </origin>
               </history>
            </msDesc>
            <msDesc corresp="#M1" type="prose">
               <p> Lista manuscrita no caderno 144X (cf. <ref target="http://purl.pt/13898"
                     >http://purl.pt/13898</ref>), publicada em <hi rend="italic">Sensacionismo e
                     Outros Ismos</hi> (2009, 309). </p>
            </msDesc>
         </sourceDesc>
      </fileDesc>
   </teiHeader>
   <facsimile>
      <graphic url="bn-acpc-e-e3_144x_JPG_24-C-R0150/bn-acpc-e-e3_144x_0096_48v_t24-C-R0150.jpg"/>
   </facsimile>
   <text>
      <body>
         <div>
            <list>
               <item>
                  <label>1.</label> Artigos em <rs type="journal" key="J5"><hi rend="underline">A
                        Aguia</hi></rs> = 1 + 1 + 1(3) + <seg>1 <add place="above" n="2"
                        >almada</add></seg> (não a “Floresta”) </item>
               <item>
                  <label>2.</label> Artigos em <rs type="journal" key="J7"><hi rend="underline">O
                        Theatro</hi></rs> — 1a série = 3 artigos.</item>
               <item>
                  <label>3.</label>
                  <choice>
                     <abbr><metamark rend="line" function="ditto"/></abbr>
                     <expan> Artigos em <rs type="journal" key="J7"><hi rend="underline">O
                              Theatro</hi></rs>
                     </expan>
                  </choice> — 2a série = 4 artigos. </item>
               <item>
                  <label>4.</label> Resposta ao <choice>
                     <abbr>Inq<am>.</am></abbr>
                     <expan>Inq<ex>uerito</ex></expan>
                  </choice> Literário de <rs type="journal" key="J20"><hi rend="underline">A
                        Republica</hi></rs>. </item>
               <item>
                  <label>5.</label>
                  <choice>
                     <abbr><metamark rend="line" function="ditto"/></abbr>
                     <expan>Resposta ao</expan>
                  </choice>
                  <choice>
                     <abbr>Inq<am>.</am></abbr>
                     <expan>Inq<ex>uerito</ex></expan>
                  </choice> sobre Livros de <rs type="journal" key="J20"><hi rend="underline">A
                        Republica</hi></rs>. </item>
               <item>
                  <label>6.</label> Artigos em <rs type="journal" key="J45"><hi rend="underline">O
                        Jornal</hi></rs>. Abril 1915. </item>
               <item>
                  <label>7.</label> Artigo em <rs type="journal" key="J46"><hi rend="underline">A
                        Galera</hi></rs>, <rs type="place">Coimbra</rs> (<rs type="person" key="P53"
                     >Antonio Nobre</rs>). </item>
               <item>
                  <label>8.</label> Artigo no <rs type="journal" key="J37">Eh Real!</rs><lb/>
                  (Antigo artigo no <rs type="journal" key="J47"><hi rend="underline"
                     >Imparcial</hi></rs> de <rs type="person" key="P121">Carneiro de Moura</rs>). </item>
               <item>
                  <label>9.</label> Artigo em <rs type="journal" key="J40"><hi rend="underline">O
                        Raio</hi></rs>. </item>
               <item>
                  <label>10.</label>
                  <choice>
                     <abbr><metamark rend="line" function="ditto"/></abbr>
                     <expan>Artigo em</expan>
                  </choice>
                  <rs type="journal" key="J48">
                     <hi rend="underline"> The <choice>
                           <abbr>D<am>.</am></abbr>
                           <expan>D<ex>urban</ex></expan>
                        </choice>
                        <choice>
                           <abbr>H<am>.</am></abbr>
                           <expan>H <ex>igh</ex></expan>
                        </choice>
                        <choice>
                           <abbr>S<am>.</am></abbr>
                           <expan> S <ex>chool</ex></expan>
                        </choice> Magazine</hi>
                  </rs>. </item>
               <item>
                  <label>11.</label> Carta em <rs type="journal" key="J49"><hi rend="underline">The
                        Natal Mercury</hi></rs>. (e outras cousas). </item>
               <item>
                  <label>12.</label> Programma da <rs type="journal" key="J11"><hi rend="underline"
                        >Contemporanea</hi></rs>. </item>
               <item>
                  <label>13.</label> Contos (Jas. Bunkum) para <rs type="person" key="P42">Cunha
                     Dias</rs>.<lb/> (Não a colaboração em <rs type="journal" key="J27"><hi
                        rend="underline">A Renascença</hi></rs>). </item>
            </list>
         </div>
      </body>
   </text>
</TEI>
