<?xml version="1.0" encoding="UTF-8"?>
<?xml-model href="../schema/pessoaTEI.rng" type="application/xml" schematypens="http://relaxng.org/ns/structure/1.0"?>
<TEI xmlns="http://www.tei-c.org/ns/1.0">
   <teiHeader>
      <fileDesc>
         <titleStmt>
            <title>BNP/E3 48H-18<hi rend="superscript">r</hi></title>
            <author>
               <rs type="name" key="FP">Fernando Pessoa</rs>
            </author>
            <respStmt>
               <resp>Transcrição, Edição</resp>
               <name>Pedro Sepúlveda</name>
            </respStmt>
            <respStmt>
               <resp>Transcrição</resp>
               <name>Pablo Javier Pérez López</name>
            </respStmt>
            <respStmt>
               <resp>Codificação, Modelagem de dados</resp>
               <name>Ulrike Henny-Krahmer</name>
            </respStmt>
            <respStmt>
               <resp>Codificação</resp>
               <name>Isabel Figueiredo-Iken</name>
            </respStmt>
            <respStmt>
               <resp>Codificação</resp>
               <name>Sviatoslav Drach</name>
            </respStmt>
            <respStmt>
               <resp>Consultoria</resp>
               <name>Institut für Dokumentologie und Editorik (IDE)</name>
            </respStmt>
         </titleStmt>
         <publicationStmt>
            <publisher>Universidade Nova de Lisboa, Instituto de Estudos de Literatura e Tradição
               (IELT)</publisher>
            <publisher>Cologne Center for eHumanities (CCeH)</publisher>
            <date>2017</date>
            <availability>
               <licence target="http://creativecommons.org/licenses/by/3.0/"/>
            </availability>
            <idno type="filename">BNP_E3_48H-18r.xml</idno>
         </publicationStmt>
         <sourceDesc>
            <msDesc>
               <msIdentifier>
                  <institution>Biblioteca Nacional de Portugal</institution>
                  <idno>BNP/E3 48H-18r</idno>
               </msIdentifier>
               <msContents>
                  <summary>
                     <p> Lista manuscrita, publicada em <hi rend="italic">Escritos sobre Génio e
                        Loucura</hi> (2006, 39-40). </p>
                  </summary>
                  <msItemStruct>
                     <author>
                        <rs type="name" key="FP">Fernando Pessoa</rs>
                     </author>
                     <note type="genre">
                        <rs type="genre" key="lista_editorial">Lista editorial</rs>
                     </note>
                     <textLang mainLang="pt"/>
                  </msItemStruct>
               </msContents>
               <history>
                  <origin>
                     <p>
                        <origDate when="1919" cert="medium">c. 1919</origDate>
                     </p>
                  </origin>
               </history>
            </msDesc>
         </sourceDesc>
      </fileDesc>
   </teiHeader>
   <facsimile>
      <graphic
         url="bn-acpc-e-e3-48h-1-65_JPG_24-C-R0150/bn-acpc-e-e3-48h-1-65_0035_18_t24-C-R0150.jpg"/>
   </facsimile>
   <text>
      <body>
         <div>
            <list>
               <item><label>1.</label> <rs type="title">Theoria do Suffragio Politico</rs>.</item>
               <item><label>2.</label> <rs type="title">Jogo de Azar no seu aspecto sociologico</rs>.</item>
               <item><label>3.</label> <rs type="title">Ensaio sobre o Trabalho</rs>.</item>
               <item><label>4.</label> <rs type="title">As Condições do Progresso</rs>.</item>
               <item><label>5.</label> <rs type="title">As Categorias Immediatas da Logica</rs>.</item>
               <item><label>6.</label> <rs type="title">O Sentido do Sidonismo</rs>.</item>
               <item><label>7.</label> <rs type="title">Contra a Democracia</rs>.</item>
               <item><label>8.</label> <rs type="title">I Boertians</rs>.</item>
               <metamark rend="line-44" function="distinct"/>
               <item><label>9.</label> <rs type="title">Theoria do Genio e do Talento</rs>.</item>
               <item><label>10.</label> <rs type="title">As Doutrinas do Radicalismo Economico</rs>.</item>
               <item><label>11.</label> <rs type="title">O Bolchevismo – pequenos escriptos</rs>.</item>
               <item><label>12.</label> <rs type="title">O Intermediario</rs>.</item>
            </list>
         </div>
      </body>
   </text>
</TEI>
