<?xml version="1.0" encoding="UTF-8"?> 
<?xml-model href="../schema/pessoaTEI.rng" type="application/xml" schematypens="http://relaxng.org/ns/structure/1.0"?>
<TEI xmlns="http://www.tei-c.org/ns/1.0">
    <teiHeader>
        <fileDesc>
            <titleStmt>
                <title>BNP/E3 51-34<hi rend="superscript">v</hi></title>
                <author>
                    <rs type="name" key="FP">Fernando Pessoa</rs>
                </author>
                <respStmt>
                    <resp>Transcrição, Edição</resp>
                    <name>Pedro Sepúlveda</name>
                </respStmt>
                <respStmt>
                    <resp>Transcrição</resp>
                    <name>Pablo Javier Pérez López</name>
                </respStmt>
                <respStmt>
                    <resp>Transcrição</resp>
                    <name>Jorge Uribe</name>
                </respStmt>
                <respStmt>
                    <resp>Codificação, Modelagem de dados</resp>
                    <name>Ulrike Henny</name>
                </respStmt>
                <respStmt>
                    <resp>Codificação</resp>
                    <name>Isabel Figueiredo-Iken</name>
                </respStmt>
                <respStmt>
                    <resp>Codificação</resp>
                    <name>Sviatoslav Drach</name>
                </respStmt>
                <respStmt>
                    <resp>Consultoria</resp>
                    <name>Institut für Dokumentologie und Editorik (IDE)</name>
                </respStmt>
            </titleStmt>
            <publicationStmt>
                <publisher>Universidade Nova de Lisboa, Instituto de Estudos de Literatura e
                    Tradição (IELT)</publisher>
                <publisher>Cologne Center for eHumanities (CCeH)</publisher>
                <date>2016</date>
                <availability>
                    <licence target="http://creativecommons.org/licenses/by/3.0/"/>
                </availability>
                <idno type="filename">BNP_E3_51-34v.xml</idno>
            </publicationStmt>
            <sourceDesc>
                <msDesc xml:id="M1" type="structured">
                    <msIdentifier>
                        <institution>Biblioteca Nacional de Portugal</institution>
                        <idno>BNP/E3 51-34v</idno>
                    </msIdentifier>
                    <msContents>
                        <msItemStruct>
                            <author>
                                <rs type="name" key="FP">Fernando Pessoa</rs>
                            </author>
                            <note type="genre">
                                <rs type="genre" key="lista_editorial">Lista editorial</rs>
                                <rs type="genre" key="plano_editorial">Plano editorial</rs>
                            </note>
                            <textLang mainLang="pt"/>
                        </msItemStruct>
                    </msContents>
                    <history>
                        <origin>
                            <p>
                                <origDate when="1924" cert="medium">c. 1924</origDate>
                            </p>
                        </origin>
                    </history>
                </msDesc>
                <msDesc corresp="#M1" type="prose">
                    <msIdentifier/>
                    <p> Lista manuscrita, publicada em <hi rend="italic">Obras de António Mora</hi>
                        (2002, 165). No verso da folha encontra-se um testemunho do primeiro poema
                        do «Livro Primeiro» de «Odes» atribuídas a Ricardo Reis, publicado no
                        primeiro número da revista <hi rend="italic">Athena</hi>, em Outubro de
                        1924, que começa com o verso «Seguro assento na columna firme». Ao contrário
                        de outros testemunhos que se encontram no espólio, este corresponde
                        exatamente à versão publicada na revista (cf. PRR, 63-65 e AT n.º 1, 19).
                    </p>
                </msDesc>
            </sourceDesc>
        </fileDesc>
    </teiHeader>
    <facsimile>
        <graphic
            url="bn-acpc-e-e3-51-1-106_JPG_24-C-R0150/bn-acpc-e-e3-51-1-106_0072_34av-34v_t24-C-R0150.jpg"
        />
    </facsimile>
    <text>
        <body>
            <div>
                <delSpan rend="overstrike" spanTo="#A1"/>
                <list>
                    <item rend="indent-2">
                        <label>1.</label>&#x00A0;<rs type="work" key="O3-5"><rs type="title">Odes de
                                    <rs type="name" key="RR" role="author">Ricardo Reis</rs>.<lb/>
                                Livro Primeiro</rs></rs>. </item>
                    <metamark rend="line-14" function="distinct"/>
                    <item rend="indent-2">
                        <label>2.</label>&#x00A0;<rs type="work" key="O2" style="a"><rs type="title"
                                >Obras de <rs type="name" key="AC" role="author">Alberto
                                Caeiro</rs>.<lb/> (1889-1915)</rs></rs>. <rs type="title"
                                >Re<pc>-</pc><lb/>censão de <rs type="name" key="RR" role="author"
                                >Ricardo <lb/>Reis</rs></rs>. I. <rs type="work" key="O2" style="b"
                                >"<rs type="title">O Guarda<pc>-</pc><lb/>dor de
                            Rebanhos</rs>."</rs><lb/>
                        <add n="2">(1910-1912)</add></item>
                    <metamark rend="line-14" function="distinct"/>
                    <item rend="indent-2">
                        <label>3.</label>&#x00A0;<rs type="work" key="O2" style="a">
                            <rs type="title">Obras de <rs type="name" key="AC" role="author">Alberto
                                    Caeiro</rs>.<lb/> (1889-1915)</rs></rs>. <rs type="title"
                                >Re<pc>-</pc><lb/>censão de <rs type="name" key="RR" role="author"
                                >Ricardo<lb/> Reis</rs>.</rs> — II. <rs type="work" key="O2"
                            style="d"><rs type="title"><certainty locus="value" degree="0.5"
                                    resp="FP">Os</certainty> Poemas<lb/> inconjunctos.
                                (1908-<lb/>1915)</rs></rs>. </item>
                    <metamark rend="line-14" function="distinct"/>
                    <item rend="indent-2">
                        <label>4.</label>&#x00A0;<rs type="title">O Regresso dos Deuses</rs>,<lb/>
                        por <rs type="name" key="P1" style="b">Antonio Mora</rs>
                    </item>
                    <metamark rend="line-14" function="distinct"/>
                    <item rend="indent-2">
                        <label>5.</label>&#x00A0;<rs type="work" key="O3" style="a"><rs type="title"
                                >Odes de <rs type="name" key="RR" role="author">Ricardo
                                Reis.</rs></rs><lb/> Livro Segundo</rs>. </item>
                </list>
                <anchor xml:id="A1"/>
            </div>
        </body>
    </text>
</TEI>
