<?xml version="1.0" encoding="UTF-8"?>
<?xml-model href="../schema/pessoaTEI.rng" type="application/xml" schematypens="http://relaxng.org/ns/structure/1.0"?>
<TEI xmlns="http://www.tei-c.org/ns/1.0">
   <teiHeader>
      <fileDesc>
         <titleStmt>
            <title>BNP/E3 169<hi rend="superscript">r</hi>
            </title>
            <author>
               <rs type="name" key="FP">Fernando Pessoa</rs>
            </author>
            <respStmt>
               <resp>Transcrição, Edição</resp>
               <name>Pedro Sepúlveda</name>
            </respStmt>
            <respStmt>
               <resp>Modelagem de dados, Codificação</resp>
               <name>Ulrike Henny-Krahmer</name>
            </respStmt>
            <respStmt>
               <resp>Codificação</resp>
               <name>Isabel Figueiredo-Iken</name>
            </respStmt>
            <respStmt>
               <resp>Codificação</resp>
               <name>Sviatoslav Drach</name>
            </respStmt>
            <respStmt>
               <resp>Consultoria</resp>
               <name>Institut für Dokumentologie und Editorik (IDE)</name>
            </respStmt>
         </titleStmt><editionStmt><p>Corpus version C2.1.0</p></editionStmt>
         <publicationStmt>
            <publisher>Universidade Nova de Lisboa, Instituto de Estudos de Literatura e Tradição
               (IELT)</publisher>
            <publisher>Cologne Center for eHumanities (CCeH)</publisher>
            <date>2017</date>
            <availability status="free">
               <licence target="http://creativecommons.org/licenses/by/4.0/"/>
            </availability>
            <idno type="filename">BNP_E3_169r.xml</idno>
         </publicationStmt>
         <sourceDesc>
            <msDesc>
               <msIdentifier>
                  <institution>Biblioteca Nacional de Portugal</institution>
                  <idno>BNP/E3 169r</idno>
               </msIdentifier>
               <msContents>
                  <summary>
                     <p>Lista datilografada.</p>
                  </summary>
                  <msItemStruct>
                     <author>
                        <rs type="name" key="FP">Fernando Pessoa</rs>
                     </author>
                     <note type="genre">
                        <rs type="genre" key="lista_editorial">Lista editorial</rs>
                     </note>
                     <textLang mainLang="pt"/>
                  </msItemStruct>
               </msContents>
               <history>
                  <origin>
                     <p>
                        <origDate when="1932" cert="medium">c. 1932</origDate>
                     </p>
                  </origin>
               </history>
            </msDesc>
         </sourceDesc>
      </fileDesc>
      <revisionDesc>
         <change when="2023-11-15" who="#FAF">
                    Added edition statement to the teiHeader
                </change>
      </revisionDesc>
   </teiHeader>
   <facsimile xml:base="http://images.cceh.uni-koeln.de/pessoa/">
      <graphic url="bn-acpc-e-e3-167-186_JPG_24-C-R0150/bn-acpc-e-e3-167-186_0005_169_t24-C-R0150.jpg"/>
   </facsimile>
   <text>
      <body>
         <div>
            <head>
               <hi rend="underline">Para o livro EPISODIOS.</hi>
            </head>
            <list>
               <item>
                  <label>1.</label>
                  <rs type="title">
                     <ref target="http://www.pessoadigital.pt/pt/pub/Pessoa_A_Nova_Poesia_Portugueza_Sociologicamente_Considerada">A Nova Poesia Portugueza — I</ref>
                  </rs>.
               </item>
               <item>
                  <label>2.</label>
                  <rs type="title">
                     <ref target="http://www.pessoadigital.pt/pt/pub/Pessoa_A_Nova_Poesia_Portugueza_No_Seu_Aspecto_Psychologico">
                     A Nova Poesia Portugueza — II</ref>
                  </rs>.
               </item>
               <item rend="indent-2">
                  <label>3.</label>
                  <rs type="title">
                     <ref target="http://www.pessoadigital.pt/pt/pub/Pessoa_Reincidindo">
                     A Nova Poesia Portugueza — III</ref>
                  </rs> (a carta no
                  in<pc>-</pc>
                  <lb/>querito literario).<lb/>
               </item>
               <item>
                  <label>4.</label>
                  <rs type="title">
                     <rs type="name">Antonio Botto</rs>
                     <seg type="anchor">
                        <add place="above" n="2">(<ref target="http://www.pessoadigital.pt/pt/pub/Pessoa_Antonio_Botto_e_o_ideal">
                        nota anterior</ref>)</add>
                        <del rend="overtyped">e o Ideal Esthetico Creador</del>
                     </seg>
                  </rs>
               </item>
               <item>
                  <label>5.</label>
                  <rs type="title">Prefacio ao livro “Acronios”</rs>. </item>
               <item>
                  <label>6.</label>
                  <rs type="title">Prefacio ao livro “Alma Errante”</rs>. </item>
               <item>
                  <label>7.</label>
                  <rs type="title">
                     <rs type="name">Antonio Botto</rs> e o Ideal Esthetico
                     Creador</rs>.
               </item>
               <item>
                  <label>8.</label>
                  <rs type="title">
                     <ref target="http://www.pessoadigital.pt/pt/pub/Pessoa_Carta_ao_author_de_S">
                        Carta ao Auctor de “Sachá”</ref>
                  </rs>. </item>
               <item>
                  <label>9.</label> (?) <rs type="title">Desvios</rs> (<ref target="http://www.pessoadigital.pt/pt/pub/Pessoa_Naufragio_de_Bartholomeu                       http://www.pessoadigital.pt/pt/pub/Pessoa_Coisas_Estilisticas                      http://www.pessoadigital.pt/pt/pub/Pessoa_3 http://www.pessoadigital.pt/pt/pub/Pessoa_Balan%C3%A7a_de_Minerva">as criticas de THEATRO</ref>). </item>
               <item>
                  <label>10.</label> Entrevista na <rs type="periodical" key="J56">“Vida
                     Portugueza”</rs>. </item>
               <item>
                  <label>11.</label>
                  <ref target="http://www.pessoadigital.pt/pt/pub/Pessoa_Um_Camisa_Branca">Entrevista <del rend="overtyped">com</del> publicada em <rs type="periodical" key="J10">SOL</rs>
                  </ref>.</item>
            </list>
         </div>
      </body>
   </text>
</TEI>
