﻿<?xml version="1.0" encoding="UTF-8"?>
<?xml-model href="../schema/pessoaTEI.rng" type="application/xml" schematypens="http://relaxng.org/ns/structure/1.0"?>
<TEI xmlns="http://www.tei-c.org/ns/1.0">
   <teiHeader>
      <fileDesc>
         <titleStmt>
            <title>BNP/E3 87-66<hi rend="superscript">r</hi></title>
            <author>
               <rs type="name" key="FP">Fernando Pessoa</rs>
            </author>
            <respStmt>
               <resp>Transcrição, Edição</resp>
               <name>Pedro Sepúlveda</name>
            </respStmt>
            <respStmt>
               <resp>Transcrição</resp>
               <name>Pablo Javier Pérez López</name>
            </respStmt>
            <respStmt>
               <resp>Transcrição</resp>
               <name>Jorge Uribe</name>
            </respStmt>
            <respStmt>
               <resp>Codificação, Modelagem de dados</resp>
               <name>Ulrike Henny</name>
            </respStmt>
            <respStmt>
               <resp>Codificação</resp>
               <name>Ana Leonor Branco</name>
            </respStmt>
            <respStmt>
               <resp>Codificação</resp>
               <name>Sviatoslav Drach</name>
            </respStmt>
         </titleStmt>
         <publicationStmt>
            <publisher>Universidade Nova de Lisboa, Instituto de Estudos de Literatura e Tradição
               (IELT)</publisher>
            <publisher>Cologne Center for eHumanities (CCeH)</publisher>
            <date>2016</date>
            <availability>
               <licence target="http://creativecommons.org/licenses/by/3.0/"/>
            </availability>
            <idno type="filename">BNP_E3_87-66r.xml</idno>
         </publicationStmt>
         <sourceDesc>
            <msDesc xml:id="M1" type="structured">
               <msIdentifier>
                  <institution>Biblioteca Nacional de Portugal</institution>
                  <idno>BNP/E3 87-66r</idno>
               </msIdentifier>
               <msContents>
                  <msItemStruct>
                     <author>
                        <rs type="name" key="FP">Fernando Pessoa</rs>
                     </author>
                     <note type="genre">
                        <rs type="genre" key="lista_editorial">Lista editorial</rs>
                     </note>
                     <textLang mainLang="pt"/>
                  </msItemStruct>
               </msContents>
               <history>
                  <origin>
                     <p>
                        <origDate when="1918" cert="medium">c. 1918</origDate>
                     </p>
                  </origin>
               </history>
            </msDesc>
            <msDesc corresp="#M1" type="prose">
               <msIdentifier/>
               <p> Lista manuscrita em papel com marca de água «British Bankpost» e timbre «F. A.
                  Pessoa | R. do Ouro, 87, 2.º | Lisboa, publicada em <hi rend="italic">Obras de
                     António Mora</hi> (2002, 167). </p>
            </msDesc>
         </sourceDesc>
      </fileDesc>
   </teiHeader>
   <facsimile>
      <graphic
         url="bn-acpc-e-e3-87-1-103_JPG_24-C-R0150/bn-acpc-e-e3-87-1-103_0145_66_t24-C-R0150.jpg"/>
   </facsimile>
   <text>
      <body>
         <div>
            <head>
               <rs type="periodical" key="J2">Athena</rs><lb/> <rs type="periodical" key="J73">Minerva</rs> – 1 
               <metamark rend="line" function="distinct"/>
            </head>
            <list>
               <item>
                  <label>1.</label>
                  <rs type="title">O Neo-Paganismo Portuguez<lb/> (introducção á Revista e á obra de<lb/>
                     <rs type="name" key="AC" role="topic">Caeiro</rs>)</rs> – 
                  <hi rend="underline">
                     <rs type="name" key="P1" style="b"><choice>
                           <abbr>A</abbr>
                           <expan>A<ex>ntonio</ex></expan>
                        </choice> Mora</rs>
                     <choice>
                        <seg n="1" rend="circled">ou</seg>
                        <seg n="2" rend="below" type="addition">+</seg>
                     </choice>
                     <rs type="name" key="RR" role="author"><choice>
                           <abbr>R<am>.</am></abbr>
                           <expan>R<ex>icardo</ex></expan>
                        </choice> Reis</rs>
                  </hi>
               </item>
               <item>
                  <label>2.</label>
                  <rs type="name" key="AC" role="author"><hi rend="underline">Caeiro</hi></rs>.
               </item>
               <item>
                  <label>3.</label>
                  <rs type="name" key="FP" role="author" style="b"><hi rend="underline"><choice>
                           <abbr>F</abbr>
                           <expan>F<ex>ernando</ex></expan>
                        </choice> Pessoa</hi></rs> – <rs type="title">O Principio
                  Aristocratico</rs>.
               </item>
               <item>
                  <label>4.</label>
                  <rs type="name" key="P250"><hi rend="underline">J. Craveiro</hi></rs> –
                     <rs type="title">Commentarios</rs>.
               </item>
               <item>
                  <label>5.</label>
                  <rs type="title">Reforma Ortographica</rs>
               </item>
               <metamark rend="line" function="end"/>
            </list>
         </div>
      </body>
   </text>
</TEI>
