<?xml version="1.0" encoding="UTF-8"?>
<?xml-model href="../schema/pessoaTEI.rng" type="application/xml" schematypens="http://relaxng.org/ns/structure/1.0"?>
<TEI xmlns="http://www.tei-c.org/ns/1.0">
   <teiHeader>
      <fileDesc>
         <titleStmt>
            <title>BNP/E3 144E-2<hi rend="superscript">r</hi> a 11<hi rend="superscript">r</hi>
            </title>
            <author>
               <rs type="name" key="FP">Fernando Pessoa</rs>
            </author>
            <respStmt>
               <resp>Transcrição, Edição</resp>
               <name>Pedro Sepúlveda</name>
            </respStmt>
            <respStmt>
               <resp>Transcrição</resp>
               <name>Pablo Javier Pérez López</name>
            </respStmt>
            <respStmt>
               <resp>Codificação</resp>
               <name>Ulrike Henny-Krahmer</name>
            </respStmt>
            <respStmt>
               <resp>Codificação</resp>
               <name>Isabel Figueiredo-Iken</name>
            </respStmt>
            <respStmt>
               <resp>Codificação</resp>
               <name>Sviatoslav Drach</name>
            </respStmt>
         </titleStmt>
         <publicationStmt>
            <publisher>Universidade Nova de Lisboa, Instituto de Estudos de Literatura e Tradição
               (IELT)</publisher>
            <publisher>Cologne Center for eHumanities (CCeH)</publisher>
            <date>2017</date>
            <availability status="restricted">
               <licence target="http://creativecommons.org/licenses/by/3.0/"/>
            </availability>
            <idno type="filename">BNP_E3_144E-2r-a-11r.xml</idno>
         </publicationStmt>
         <sourceDesc>
            <msDesc>
               <msIdentifier>
                  <institution>Biblioteca Nacional de Portugal</institution>
                  <idno>BNP/E3 144E-2r a 11r</idno>
               </msIdentifier>
               <msContents>
                  <summary>
                     <p> Lista manuscrita no caderno 144E (cf. <ref target="http://purl.pt/13881"
                        >http://purl.pt/13881</ref>), publicada em <hi rend="italic">Fausto. Tragédia
                           Subjectiva (fragmentos)</hi> (1988, 203). </p>
                  </summary>
                  <msItemStruct>
                     <author>
                        <rs type="name" key="FP">Fernando Pessoa</rs>
                     </author>
                     <note type="genre">
                        <rs type="genre" key="lista_editorial">Lista editorial</rs>
                     </note>
                     <textLang mainLang="pt" otherLangs="en fr"/>
                  </msItemStruct>
               </msContents>
               <history>
                  <origin>
                     <p>
                        <origDate when="1913" cert="medium">c. 1913</origDate>
                     </p>
                  </origin>
               </history>
            </msDesc>
         </sourceDesc>
      </fileDesc>
   </teiHeader>
   <facsimile>
      <graphic url="bn-acpc-e-e3_144e_JPG_24-C-R0150/bn-acpc-e-e3_144e_0005_2r_t24-C-R0150.jpg"/>
      <graphic url="bn-acpc-e-e3_144e_JPG_24-C-R0150/bn-acpc-e-e3_144e_0007_3r_t24-C-R0150.jpg"/>
      <graphic url="bn-acpc-e-e3_144e_JPG_24-C-R0150/bn-acpc-e-e3_144e_0009_4r_t24-C-R0150.jpg"/>
      <graphic url="bn-acpc-e-e3_144e_JPG_24-C-R0150/bn-acpc-e-e3_144e_0011_5r_t24-C-R0150.jpg"/>
      <graphic url="bn-acpc-e-e3_144e_JPG_24-C-R0150/bn-acpc-e-e3_144e_0013_6r_t24-C-R0150.jpg"/>
      <graphic url="bn-acpc-e-e3_144e_JPG_24-C-R0150/bn-acpc-e-e3_144e_0015_7r_t24-C-R0150.jpg"/>
      <graphic url="bn-acpc-e-e3_144e_JPG_24-C-R0150/bn-acpc-e-e3_144e_0017_8r_t24-C-R0150.jpg"/>
      <graphic url="bn-acpc-e-e3_144e_JPG_24-C-R0150/bn-acpc-e-e3_144e_0019_9r_t24-C-R0150.jpg"/>
      <graphic url="bn-acpc-e-e3_144e_JPG_24-C-R0150/bn-acpc-e-e3_144e_0021_10r_t24-C-R0150.jpg"/>
      <graphic url="bn-acpc-e-e3_144e_JPG_24-C-R0150/bn-acpc-e-e3_144e_0023_11r_t24-C-R0150.jpg"/>
   </facsimile>
   <text xml:id="bnp-e3-144e-2r-a-11r">
      <body>
         <p>><hi rend="underline">Systema de estenographia</hi>, em <lb/> portuguez, inglez e
            francez.<lb/> (Tambem em allemão e hespanhol). </p>
         <metamark rend="line" function="distinct"/>
         <p>Jogo de football — com taboleiro. </p>
         <metamark rend="line" function="distinct"/>
         <p> Jogo de cricket — com taboleiro.</p>
         <metamark rend="line" function="distinct"/>
         <p> Cifra ou cifras.</p>
         <metamark rend="line" function="distinct"/>

         <p>Codigo para correspondencia <lb/> commercial; codigo para <lb/> informação commercial. </p>
         <metamark rend="line" function="distinct"/>
         <list>
            <item><rs type="title">“The Duke of Parma” — A Tragedy.</rs></item>
            <item><rs type="title">“Marino” — A Tragedy.</rs></item>
            <item><rs type="title">“Agua Estagnada” </rs>— Versos.</item>
            <item><rs type="title">“Poema do Paganismo.”</rs></item>
            <item><rs type="title">“Os Gigantes (Trilogia)”</rs>:<label>1.</label>
               <rs type="title">“Briareu”</rs>. <label>2.</label><rs type="title">“Livôr”</rs>.
                  <label>3.</label>
               <supplied resp="PS" reason="omitted-in-original"/>
            </item>
            <item><rs type="title">“Outro Fausto”—Tragedia subjectiva</rs>.</item>

            <item><rs type="title">“<rs type="name" key="P74">Inez de Castro</rs>” —
               Tragedia.</rs></item>
            <item><rs type="title">“Da Dictadura á Republica” — Historia dos ultimos annos da
                  monarchia portugueza</rs>. </item>
            <item><rs type="title">“Tratado de Sociologia.”</rs></item>
            <item><rs type="title">“A Oligarchia das Bestas.”</rs>
            </item>
            <item><rs type="title"><rs type="name" key="P93">“Marcos Alves.”</rs></rs></item>
            <item><rs type="title">“Agua Estagnada” — prosa.</rs></item>
            <item><rs type="title">“<rs type="name" key="P34">Quaresma</rs>,
               Decifrador.”</rs></item>
            <item><rs type="title">“Passos na Noite.”</rs></item>
            <item><rs type="title">“Penumbra.”</rs></item>
            <item><rs type="title"> “Na Pharmacia do Evaristo.”</rs>
            </item>

            <item><rs type="title">“Amôr” — drama em prosa.</rs></item>
            <item><rs type="title">“The Decline and Fall of the Portuguese Monarchy.”</rs>
            </item>
            <item><rs type="title">“The <rs type="name" key="P65">Shakespeare</rs>-<rs type="name"
                     key="P130">Bacon Question</rs>.”</rs></item>
            <item><rs type="name" key="P14">Espronceda</rs>:<rs type="title"> “The Student of
                  Salamanca.”</rs>
            </item>
            <item><rs type="name" key="P18">Anthero de Quental</rs>:<rs type="title">
                  “Sonnets.”</rs></item>
            <item><rs type="name" key="P32">Oscar Wilde</rs>: <rs type="title">“De Profundis. Poemas
                  em Prosa.”</rs>
            </item>
            <item><rs type="name" key="P369">Arthur Morrison</rs>:<rs type="title"> “<rs type="name"
                     key="P224">Martin Hewitt</rs>”</rs> (3 vols.).</item>
            <item><rs type="title">“Anthologia Lyrica Portugueza.”</rs></item>
            <item><rs type="title">“A Lyrical Anthology.” </rs></item>
            <item><rs type="title">“Anthologie Lyrique Française.</rs>”</item>
            <item><rs type="title">“Faute de mieux.”</rs>
            </item>


         </list>


         <div/>
      </body>
   </text>
</TEI>
