﻿<?xml version="1.0" encoding="UTF-8"?>
<?xml-model href="../schema/pessoaTEI.rng" type="application/xml" schematypens="http://relaxng.org/ns/structure/1.0"?>
<TEI xmlns="http://www.tei-c.org/ns/1.0">
   <teiHeader>
      <fileDesc>
         <titleStmt>
            <title>BNP/E3 128-1<hi rend="superscript">r</hi>
            </title>
            <author>
               <rs type="person" key="FP">Fernando Pessoa</rs>
            </author>
            <respStmt>
               <resp>Transcrição, Edição</resp>
               <name>Pedro Sepúlveda</name>
            </respStmt>
            <respStmt>
               <resp>Modelagem de dados, Codificação</resp>
               <name>Ulrike Henny</name>
            </respStmt>
            <respStmt>
               <resp>Codificação</resp>
               <name>Sviatoslav Drach</name>
            </respStmt>
            <respStmt>
               <resp>Codificação</resp>
               <name>Ana Leonor Branco</name>
            </respStmt>
         </titleStmt>
         <publicationStmt>
            <publisher>Universidade Nova de Lisboa, Instituto de Estudos de Literatura e Tradição
               (IELT)</publisher>
            <publisher>Cologne Center for eHumanities (CCeH)</publisher>
            <date>2016</date>
            <availability>
               <licence target="http://creativecommons.org/licenses/by/3.0/"/>
            </availability>
            <idno type="filename">BNP_E3_128-1r.xml</idno>
         </publicationStmt>
         <sourceDesc>
            <msDesc xml:id="M1" type="structured">
               <msIdentifier>
                  <institution>Biblioteca Nacional de Portugal</institution>
                  <idno>BNP/E3 128-1r</idno>
               </msIdentifier>
               <msContents>
                  <msItemStruct>
                     <author>
                        <rs type="person" key="FP">Fernando Pessoa</rs>
                     </author>
                     <note type="genre">
                        <rs type="genre" key="lista_editorial">Lista editorial</rs>
                     </note>
                     <textLang mainLang="en" otherLangs="pt"/>
                  </msItemStruct>
               </msContents>
               <history>
                  <origin>
                     <p>
                        <origDate from="1916" to="1919">1916-1919</origDate>
                     </p>
                  </origin>
               </history>
            </msDesc>
            <msDesc corresp="#M1" type="prose">
               <msIdentifier/>
               <p> Lista manuscrita. </p>
            </msDesc>
         </sourceDesc>
      </fileDesc>
   </teiHeader>
   <facsimile>
      <graphic
         url="bn-acpc-e-e3-128-1-100_JPG_24-C-R0150/bn-acpc-e-e3-128-1-100_0001_1_t24-C-R0150.jpg"/>
   </facsimile>
   <text>
      <body>
         <div>
            <list>
               <item><label>1.</label> Shorthand System – in 5 or 6 languages.</item>
               <item><label>2.</label> Condensating Code.</item>
               <item><label>3.</label> Full code (including <choice>
                     <abbr>cond<am>.</am></abbr>
                     <expan>cond<ex>ensating</ex></expan>
                  </choice> code). </item>
               <item><label>4.</label> International Language (study further this
                  <abbr>conj.</abbr>)</item>
               <item><label>5.</label> Technical Dictionaries.</item>
               <item><label>6.</label> Method of Studying Foreign Languages.</item>
               <item><label>7.</label> Correspondence Courses in Writing and Composition,
                  etc.</item>
               <item><label>8.</label>
                  <rs type="journal" key="J2">Athena</rs>, <choice>
                     <abbr>G</abbr>
                     <expan>G<ex>remio</ex></expan>
                  </choice> de <choice>
                     <abbr>C</abbr>
                     <expan>C<ex>ultura</ex></expan>
                  </choice> Portugueza, or <hi rend="underline">CSoares' plan</hi>. (study
                  fully).</item>
               <item><label>9.</label> Parlour (table) games.</item>
               <item><label>10.</label> Second shorthand system (in several languages).</item>
               <item><label>11.</label> Livro de versos em inglez.</item>
               <item><label>12.</label>
                  <choice>
                     <abbr>
                        <metamark rend="line" function="ditto"/>
                     </abbr>
                     <expan>Livro de versos</expan>
                  </choice> em portuguez (para o fim do anno).</item>
            </list>
            <gap reason="selection" unit="line" extent="10"/>
         </div>
      </body>
   </text>
</TEI>
