<?xml version="1.0" encoding="UTF-8"?> 
<?xml-model href="../schema/pessoaTEI.rng" type="application/xml" schematypens="http://relaxng.org/ns/structure/1.0"?>
<TEI xmlns="http://www.tei-c.org/ns/1.0">
   <teiHeader>
      <fileDesc>
         <titleStmt>
            <title>BNP/E3 44-47<hi rend="superscript">r</hi>
            </title>
            <author>
               <rs type="name" key="FP">Fernando Pessoa</rs>
            </author>
            <respStmt>
               <resp>Transcrição, Edição</resp>
               <name>Pedro Sepúlveda</name>
            </respStmt>
            <respStmt>
               <resp>Transcrição</resp>
               <name>Pablo Javier Pérez López</name>
            </respStmt>
            <respStmt>
               <resp>Codificação, Modelagem de dados</resp>
               <name>Ulrike Henny-Krahmer</name>
            </respStmt>
            <respStmt>
               <resp>Codificação</resp>
               <name>Isabel Figueiredo-Iken</name>
            </respStmt>
            <respStmt>
               <resp>Codificação</resp>
               <name>Sviatoslav Drach</name>
            </respStmt>
            <respStmt>
               <resp>Consultoria</resp>
               <name>Institut für Dokumentologie und Editorik (IDE)</name>
            </respStmt>
         </titleStmt>
         <publicationStmt>
            <publisher>Universidade Nova de Lisboa, Instituto de Estudos de Literatura e Tradição
               (IELT)</publisher>
            <publisher>Cologne Center for eHumanities (CCeH)</publisher>
            <date>2017</date>
            <availability status="free">
               <licence target="http://creativecommons.org/licenses/by/3.0/"/>
            </availability>
            <idno type="filename">BNP_E3_44-47r.xml</idno>
         </publicationStmt>
         <sourceDesc>
            <msDesc>
               <msIdentifier>
                  <institution>Biblioteca Nacional de Portugal</institution>
                  <idno>BNP/E3 44-47r</idno>
               </msIdentifier>
               <msContents>
                  <summary>
                     <p> Lista manuscrita, publicada em <hi rend="italic">Fausto ‒ tragédia
                           subjetiva (fragmentos)</hi> (1988, 196). </p>
                  </summary>
                  <msItemStruct>
                     <author>
                        <rs type="name" key="FP">Fernando Pessoa</rs>
                     </author>
                     <note type="genre">
                        <rs type="genre" key="lista_editorial">Lista editorial</rs>
                        <rs type="genre" key="plano_editorial">Plano editorial</rs>
                     </note>
                     <textLang mainLang="pt"/>
                  </msItemStruct>
               </msContents>
               <history>
                  <origin>
                     <p>
                        <origDate when="1920" cert="medium">c. 1920</origDate>
                     </p>
                  </origin>
               </history>
            </msDesc>
         </sourceDesc>
      </fileDesc>
   </teiHeader>
   <facsimile>
      <graphic
         url="bn-acpc-e-e3-44-1-54_JPG_24-C-R0150/bn-acpc-e-e3-44-1-54_0093_47_t24-C-R0150.jpg"/>
   </facsimile>
   <text>
      <body>
         <div rend="left">
            <list>
               <head><rs type="work" key="O1" style="c"><hi rend="underline"
                  >Itinerario</hi></rs></head>
               <item>
                  <label>1.</label>
                  <rs type="title">Á Memoria do Dictador <rs type="name" key="P51">Sidonio
                     Paes</rs></rs>. </item>
               <item>
                  <label>2.</label>
                  <rs type="title">O Manipanso</rs>. </item>
               <item>
                  <label>3.</label>
                  <rs type="title"><rs type="name" key="P95">Agamemnon</rs></rs>. </item>
               <item>
                  <label>4.</label>
                  <rs type="title">Ode a <rs type="name" key="P96">Athena</rs></rs>. </item>
               <item>
                  <label>5.</label>
                  <rs type="title"><rs type="name" key="P97">Juliano em Antiochia</rs></rs>. </item>
               <item>
                  <label>6.</label>
                  <rs type="title">Decadencia</rs>. </item>
               <item>
                  <label>7.</label>
                  <rs type="title"><rs type="name" key="P98">Orpheu</rs></rs>. </item>
               <item>
                  <label>8.</label>
                  <rs type="title"><rs type="name" key="P99">Amun-Râ</rs></rs>. </item>
               <item>
                  <label>9.</label>
                  <rs type="title">Mar Portuguez</rs>. </item>
               <item>
                  <label>10.</label>
                  <rs type="title">Além-Deus</rs>. </item>
            </list>
         </div>
         <metamark rend="line-24" function="distinct"/>
         <div rend="right">
            <p>em “poemas” — <rs type="work" key="O1" style="c"><rs type="title"
                  >Itinerario</rs></rs> = 10 </p>
            <p>em “livros” — <rs type="work" key="O1" style="b"><rs type="title"
                  >Cancioneiro</rs></rs>. = 11 </p>
            <metamark rend="line-24" function="distinct"/>
            <list>
               <item>
                  <rs type="work" key="O1" style="b"><rs type="title">Cancioneiro</rs></rs>. (<hi
                     rend="underline">Livros</hi> de 100 poemas) </item>
               <item>
                  <rs type="work" key="O1" style="c"><rs type="title">Itinerario</rs></rs>
               </item>
               <item>
                  <rs type="title">Passagem</rs> (poemas menores que os do <rs type="work" key="O1"
                     style="c"><rs type="title"><choice>
                           <abbr>I<am>.</am></abbr>
                           <expan>I<ex>tinerario</ex></expan>
                        </choice></rs></rs>) </item>
               <item>
                  <rs type="title">Auto das Bacantes</rs>. </item>
               <item>
                  <rs type="title">Auto de <rs type="name" key="P98">Orpheu</rs></rs>. (<choice>
                     <abbr>diff</abbr>
                     <expan>diff<ex>erente</ex></expan>
                  </choice> de <rs type="title"><choice>
                        <abbr>I</abbr>
                        <expan>I<ex>tinerario</ex></expan>
                     </choice></rs> — nº 7) </item>
               <item>
                  <rs type="title"><rs type="name" key="P47">Ignez de Castro</rs></rs>. </item>
               <item>
                  <rs type="title">Trilogia dos Gigantes</rs>. </item>
               <item>
                  <rs type="title"><rs type="name" key="P21" style="b">D. Sebastião</rs></rs>. </item>
               <item>
                  <rs type="title">Primeiro <rs type="name" key="P92">Fausto</rs></rs>. </item>
               <item>
                  <rs type="title">Ligéa – Poema Dramatico</rs>. </item>
               <item>
                  <rs type="work" key="O2" style="g">“<rs type="name" key="AC" role="author">Alberto
                        Caeiro</rs>”</rs>
               </item>
               <item>
                  <rs type="work" key="O3" style="a">“<rs type="name" key="RR" role="author">Ricardo
                        Reis</rs>”</rs>
               </item>
               <item>
                  <rs type="work" key="O4" style="a">“<rs type="name" key="AdC" role="author">Alvaro
                        de Campos</rs>.”</rs>
               </item>
            </list>
         </div>
      </body>
   </text>
</TEI>
