<?xml version="1.0" encoding="UTF-8"?> 
<?xml-model href="../schema/pessoaTEI.rng" type="application/xml" schematypens="http://relaxng.org/ns/structure/1.0"?>
<TEI xmlns="http://www.tei-c.org/ns/1.0">
    <teiHeader>
        <fileDesc>
            <titleStmt>
                <title>BNP/E3 48B-11<hi rend="superscript">r</hi></title>
                <author>
                    <rs type="name" key="FP">Fernando Pessoa</rs>
                </author>
                <respStmt>
                    <resp>Transcrição, Edição</resp>
                    <name>Pedro Sepúlveda</name>
                </respStmt>
                <respStmt>
                    <resp>Transcrição</resp>
                    <name>Pablo Javier Pérez López</name>
                </respStmt>
                <respStmt>
                    <resp>Transcrição</resp>
                    <name>Jorge Uribe</name>
                </respStmt>
                <respStmt>
                    <resp>Codificação, Modelagem de dados</resp>
                    <name>Ulrike Henny-Krahmer</name>
                </respStmt>
                <respStmt>
                    <resp>Codificação</resp>
                    <name>Isabel Figueiredo-Iken</name>
                </respStmt>
                <respStmt>
                    <resp>Codificação</resp>
                    <name>Sviatoslav Drach</name>
                </respStmt>
                <respStmt>
                    <resp>Consultoria</resp>
                    <name>Institut für Dokumentologie und Editorik (IDE)</name>
                </respStmt>
            </titleStmt>
            <publicationStmt>
                <publisher>Universidade Nova de Lisboa, Instituto de Estudos de Literatura e
                    Tradição (IELT)</publisher>
                <publisher>Cologne Center for eHumanities (CCeH)</publisher>
                <date>2016</date>
                <availability>
                    <licence target="http://creativecommons.org/licenses/by/3.0/"/>
                </availability>
                <idno type="filename">BNP_E3_48B-11r.xml</idno>
            </publicationStmt>
            <sourceDesc>
                <msDesc>
                    <msIdentifier>
                        <institution>Biblioteca Nacional de Portugal</institution>
                        <idno>BNP/E3 48B-11r</idno>
                    </msIdentifier>
                    <msContents>
                        <summary>
                            <p> Lista datilografada, publicada em <hi rend="italic">Livro do Desassossego
                            </hi>(1990, I, 49). </p>
                        </summary>
                        <msItemStruct>
                            <author>
                                <rs type="name" key="FP">Fernando Pessoa</rs>
                            </author>
                            <note type="genre">
                                <rs type="genre" key="lista_editorial">Lista editorial</rs>
                            </note>
                            <textLang mainLang="pt" otherLangs="en fr"/>
                        </msItemStruct>
                    </msContents>
                    <history>
                        <origin>
                            <p>
                                <origDate when="1915" cert="medium">c. 1915</origDate>
                            </p>
                        </origin>
                    </history>
                </msDesc>
            </sourceDesc>
        </fileDesc>
    </teiHeader>
    <facsimile>
        <graphic
            url="bn-acpc-e-e3-48b-1-158_JPG_24-C-R0150/bn-acpc-e-e3-48b-1-158_0022_11_t24-C-R0150.jpg"
        />
    </facsimile>
    <text>
        <body>
            <div>
                <list>
                    <head><hi rend="red">Edições da COSMOPOLIS:</hi></head>
                    <item>
                        <rs type="periodical" key="J2"><hi rend="red">Athena</hi></rs> — Cadernos de
                        Reconstrucção Pagã — dirigidos por<lb/><rs type="name" key="P1" style="a"
                            >Antonio Móra</rs>. </item>
                    <item>
                        <rs type="periodical" key="J2"><hi rend="red">Athena</hi></rs> — Cahiers de
                        Reconstruction païenne. Directeur:<lb/><rs type="name" key="P1" style="a"
                            >Antonio Móra</rs>. Édition française, traduite par<lb/>
                        <rs type="name" key="P60">Claude Pasteur</rs>. </item>
                    <item>
                        <rs type="periodical" key="J2"><hi rend="red">Athena</hi></rs> — A Contribution
                        to Pagan Reconstruction — Edited<lb/> by <rs type="name" key="P1"
                            style="a">Antonio Móra</rs>. English Edition, translated<lb/> from the
                        Portuguese by <rs type="name" key="P61">James L. Mason</rs>. </item>
                    <item>
                        <rs type="work" key="O4" style="b"><rs type="title"><hi rend="red">Arco de
                                    Triumpho</hi></rs> — Poemas, com um Prefacio-Manifesto —<lb/>
                            <rs type="name" key="AdC" role="author">Alvaro de Campos</rs></rs>. </item>
                    <item>
                        <rs type="title"><hi rend="red">Livro do Desassocego</hi></rs> — Escripto por
                            <rs type="name" key="P62">Vicente Guedes</rs>, e<lb/> publicado por
                            <rs type="name" key="FP" role="editor" style="a">Fernando Pessôa</rs>. </item>
                    <item>
                        <rs type="title"><hi rend="red">Theatro Estatico</hi></rs> — <rs
                            type="person" key="FP" role="author" style="a">Fernando Pessôa</rs>. </item>
                    <item>
                        <rs type="work" key="O1-13"><rs type="title"><hi rend="red"
                                >Episodios</hi></rs> — Versos — <rs type="name" key="FP"
                                role="author" style="a">Fernando Pessôa</rs></rs>. </item>
                </list>
                <metamark rend="line red" function="distinct"/>
                <p>Talvez edições de livros de:</p>
                <p><rs type="name" key="P30">Mario de Sá-Carneiro</rs>, <rs type="name"
                        key="P36">Alfredo Pedro Guisado</rs>, <rs type="name" key="P63">Manuel
                            Anto<pc>-</pc><lb/>nio de Almeida</rs>, <rs type="name" key="P64">João
                        Corrêa d’Oliveira</rs>, etc.</p>
            </div>
        </body>
    </text>
</TEI>
