<?xml version="1.0" encoding="UTF-8"?>
<?xml-model href="../schema/pessoaTEI.rng" type="application/xml" schematypens="http://relaxng.org/ns/structure/1.0"?>
<TEI xmlns="http://www.tei-c.org/ns/1.0">
   <teiHeader>
      <fileDesc>
         <titleStmt>
            <title>BNP/E3 144G-1 a 13</title>
            <author>
               <rs type="person" key="FP">Fernando Pessoa</rs>
            </author>
            <respStmt>
               <resp>Transcrição, Edição</resp>
               <name>Pedro Sepúlveda</name>
            </respStmt>
            <respStmt>
               <resp>Codificação, Modelagem de dados</resp>
               <name>Ulrike Henny</name>
            </respStmt>
            <respStmt>
               <resp>Codificação</resp>
               <name>Isabel Figueiredo-Iken</name>
            </respStmt>
            <respStmt>
               <resp>Codificação</resp>
               <name>Sviatoslav Drach</name>
            </respStmt>
            <respStmt>
               <resp>Consultoria</resp>
               <name>Institut für Dokumentologie und Editorik (IDE)</name>
            </respStmt>
         </titleStmt>
         <publicationStmt>
            <publisher>Universidade Nova de Lisboa, Instituto de Estudos de Literatura e Tradição
               (IELT)</publisher>
            <publisher>Cologne Center for eHumanities (CCeH)</publisher>
            <date>2017</date>
            <availability>
               <licence target="http://creativecommons.org/licenses/by/3.0/"/>
            </availability>
            <idno type="filename">BNP_E3_144G-1-a-13.xml</idno>
         </publicationStmt>
         <sourceDesc>
            <msDesc xml:id="M1" type="structured">
               <msIdentifier>
                  <institution>Biblioteca Nacional de Portugal</institution>
                  <idno>BNP/E3 144G-1 a 13</idno>
               </msIdentifier>
               <msContents>
                  <msItemStruct>
                     <author>
                        <rs type="person" key="FP">Fernando Pessoa</rs>
                     </author>
                     <note type="genre">
                        <rs type="genre" key="lista_editorial">Lista editorial</rs>
                     </note>
                     <textLang mainLang="pt" otherLangs="en"/>
                  </msItemStruct>
               </msContents>
               <history>
                  <origin>
                     <p>
                        <origDate when="1919" cert="medium">c. 1919</origDate>
                     </p>
                  </origin>
               </history>
            </msDesc>
            <msDesc corresp="#M1" type="prose">
               <msIdentifier/>
               <p>Lista manuscrita no caderno 144G (cf. <ref target="http://purl.pt/13883"
                     >http://purl.pt/13883</ref>).</p>
            </msDesc>
         </sourceDesc>
      </fileDesc>
   </teiHeader>
   <facsimile>
      <graphic url="bn-acpc-e-e3_144g_JPG_24-C-R0150/bn-acpc-e-e3_144g_0009_1r_t24-C-R0150.jpg"/>
      <graphic url="bn-acpc-e-e3_144g_JPG_24-C-R0150/bn-acpc-e-e3_144g_0011_2r_t24-C-R0150.jpg"/>
      <graphic url="bn-acpc-e-e3_144g_JPG_24-C-R0150/bn-acpc-e-e3_144g_0013_3r_t24-C-R0150.jpg"/>
      <graphic url="bn-acpc-e-e3_144g_JPG_24-C-R0150/bn-acpc-e-e3_144g_0015_4r_t24-C-R0150.jpg"/>
      <graphic url="bn-acpc-e-e3_144g_JPG_24-C-R0150/bn-acpc-e-e3_144g_0017_5r_t24-C-R0150.jpg"/>
      <graphic url="bn-acpc-e-e3_144g_JPG_24-C-R0150/bn-acpc-e-e3_144g_0018_5v_t24-C-R0150.jpg"/>
      <graphic url="bn-acpc-e-e3_144g_JPG_24-C-R0150/bn-acpc-e-e3_144g_0019_6r_t24-C-R0150.jpg"/>
      <graphic url="bn-acpc-e-e3_144g_JPG_24-C-R0150/bn-acpc-e-e3_144g_0020_6v_t24-C-R0150.jpg"/>
      <graphic url="bn-acpc-e-e3_144g_JPG_24-C-R0150/bn-acpc-e-e3_144g_0021_7r_t24-C-R0150.jpg"/>
      <graphic url="bn-acpc-e-e3_144g_JPG_24-C-R0150/bn-acpc-e-e3_144g_0022_7v_t24-C-R0150.jpg"/>
      <graphic url="bn-acpc-e-e3_144g_JPG_24-C-R0150/bn-acpc-e-e3_144g_0023_8r_t24-C-R0150.jpg"/>
      <graphic url="bn-acpc-e-e3_144g_JPG_24-C-R0150/bn-acpc-e-e3_144g_0024_8v_t24-C-R0150.jpg"/>
      <graphic url="bn-acpc-e-e3_144g_JPG_24-C-R0150/bn-acpc-e-e3_144g_0025_9r_t24-C-R0150.jpg"/>
      <graphic url="bn-acpc-e-e3_144g_JPG_24-C-R0150/bn-acpc-e-e3_144g_0026_9v_t24-C-R0150.jpg"/>
      <graphic url="bn-acpc-e-e3_144g_JPG_24-C-R0150/bn-acpc-e-e3_144g_0027_10r_t24-C-R0150.jpg"/>
      <graphic url="bn-acpc-e-e3_144g_JPG_24-C-R0150/bn-acpc-e-e3_144g_0029_11r_t24-C-R0150.jpg"/>
      <graphic url="bn-acpc-e-e3_144g_JPG_24-C-R0150/bn-acpc-e-e3_144g_0031_12r_t24-C-R0150.jpg"/>
      <graphic url="bn-acpc-e-e3_144g_JPG_24-C-R0150/bn-acpc-e-e3_144g_0033_13r_t24-C-R0150.jpg"/>
      <graphic url="bn-acpc-e-e3_144g_JPG_24-C-R0150/bn-acpc-e-e3_144g_0034_13v_t24-C-R0150.jpg"/>
   </facsimile>
   <text>
      <body>
         <div>
            <head rend="center">A.</head>
            <p rend="indent-2"><hi rend="underline">Aristography</hi>: a new system of <lb/>
               shorthand.</p>
            <p rend="indent-2">In Portuguese, English, French and<lb/> Spanish primarily. </p>
            <p rend="indent-2">Write out first the fundamental <lb/>elements of the system,
                  includ<pc>-</pc><lb/>ing the “grammalogues”. The ad<pc>-</pc><lb/>enda — to be
               worked at after<pc>-</pc><lb/>wards — are the phraseographic<lb/> outlines.</p>
            <p rend="indent-2">Commercial possibilities: (1) The es<pc>-</pc><lb/>tablishment of a
               concern ra<pc>-</pc><lb/>dically dedicated to<choice>
                  <abbr>A<am>.</am></abbr>
               </choice>, though<lb/> with possible ulterior develop<pc>-</pc><lb/>ments in
               correlated matters<lb/> (as Pitmanis); (2) The establish<pc>-</pc><lb/>ment of a
               general concern (<choice>
                  <abbr>e<am>.</am></abbr>
               </choice><choice>
                  <abbr>g<am>.</am></abbr>
               </choice><lb/> Cosmopolis) of which the <choice>
                  <abbr>A<am>.</am></abbr>
               </choice> section<lb/> is but a part; (3) the making <lb/>over of the rights of the
               invention<lb/> to come concern or other, pre<pc>-</pc><lb/>ferably on the basis of a
               certain <lb/>immediate sum or a stipulated<lb/> monthly payment. In the last<lb/>
               case study whether these rights <lb/>should be for all the languages.</p>
         </div>
         <pb n="2"/>
         <div>
            <head rend="center">B.</head>
            <head><hi rend="underline">Parlour</hi> (board) <hi rend="underline"> games</hi>:</head>
            <list>
               <item><label>1.</label> Football.</item>
               <item><label>2.</label> Cricket.</item>
               <item><label>3.</label> Strategy.</item>
               <item><label>4.</label> The other game (simple).</item>
               <item><label>5.</label> Aspects (astrological game).</item>
            </list>
            <p rend="indent-2">The only logical commercial possi<pc>-</pc><lb/>bility seems to be to
               patent <lb/>these and sell the patents<lb/> summarily. But in the case <lb/> of
               “Cosmopolis” it might be <lb/>worth considering whether the <lb/>games might not
               better be<lb/> “published” by it.</p>
         </div>
         <pb n="3"/>
         <div>
            <head rend="center">C.</head>
            <p rend="indent-2">An <hi rend="underline">Insurance Company</hi> for the <lb/>purpose
               of guaranteeing<lb/> the honesty of <hi rend="underline">all classes</hi><lb/> of
               employees. (<rs type="person" key="P224">Martin Hewitt</rs>).</p>
            <p rend="indent-2">Study the special type of or<pc>-</pc><lb/>ganization required, and
               <lb/>work out the details involv<pc>-</pc><lb/>ed in the plan; consider
               es<pc>-</pc><lb/>pecially whether the insurance<lb/> is paid by employer or
                  em<pc>-</pc><lb/>ployee (the first, it seems), etc.</p>
            <p rend="indent-2">As basis the necessity there seems <lb/>to be for this, considering
               the<lb/> great deal of dishonesty there <lb/>is now. Yet would the idea<lb/> catch?
               Would this better be<lb/> a special company, or only a<lb/> special <choice>
                  <abbr>dept<am>.</am></abbr>
                  <expan>dept<ex>department</ex></expan>
               </choice> of an establish<pc>-</pc><lb/>ed company?</p>
            <p rend="indent-2">Try to form this and, if successful,<lb/> sell the organizer’s rights
               to<lb/> the 10% on the legal number<lb/> of first years, or whatever these<lb/>
               rights may be.</p>
         </div>
         <pb n="4"/>
         <div>
            <head rend="center">D.</head>
            <list>
               <head><hi rend="underline">Telegraphic Codes:</hi></head>
               <item><label>1.</label> The “Ten times Ten” Code.</item>
               <item><label>2.</label> The ABCD code.</item>
               <item rend="indent-2"><label>3.</label> The Elementary Code (these are
                  <lb/>originally invented).</item>
            </list>
            <list>
               <item xml:id="I1">
                  <label>1.</label> Combined Code (to 50 or 80) </item>
               <item xml:id="I2">
                  <label>2.</label> Condensation Code. <note target="range(I1,I2)"
                     place="margin-left" type="addition">
                     <metamark rend="curly-bracket" function="grouping"/></note></item>
               <item rend="indent-2"><label>3.</label> Simple Code (from <gap reason="illegible"
                     extent="2" unit="character"/>
                  <lb/><gap reason="illegible" extent="1" unit="character"/> by <gap
                     reason="illegible" extent="1" unit="character"/>)</item>
            </list>
            <p rend="indent-2"><hi rend="underline">Commercial possibilities</hi>: The best <lb/>
               plan seems to be to sell<lb/> the ideas, either summarily, <lb/> or, for instance,
               for use with <lb/> the ABC 5th. Edition. Only in <lb/> the case of “Cosmopolis” would
               <lb/> it be worth considering whether <lb/>a special elaboration and a <lb/>
               particular publication might <lb/> not be preferable. </p>
            <p rend="indent-2">3. Model or type for the construction <lb/> of private codes.
               (99-999)</p>
         </div>
         <pb n="5"/>
         <div>
            <head rend="center">E.</head>
            <p><hi rend="underline">"Cosmopolis"</hi> — or some like name.</p>
            <p>Notes for its organization:</p>
            <ab rend="right">(3 plans here),</ab>
            <list>
               <item rend="indent-2">
                  <label rend="circled">1.</label> Informações diarias a respeito de<lb/> comboios,
                  de partidas e chegadas<lb/> de vapores e de passageiros, de <lb/>entradas em
                  hóteis etc. (Hotels<lb/> can pay to this. <choice>
                     <abbr>Adv<am>.</am></abbr>
                     <expan>Adv<ex>ertisements</ex></expan>
                  </choice> on back <lb/>of these papers). <note>(A)</note>
               </item>
               <item rend="indent-2">
                  <label>2.</label> Idem a respeito de viagens, comboios,<lb/> viagens
                  circulatorias, etc. </item>
               <item rend="indent-2">
                  <label rend="circled">3.</label> Traducções de e para todas as
                  lin<pc>-</pc><lb/>guas; correspondencia commercial<lb/>
                  <note place="margin-left">(A)</note> nellas, ou a um tanto por carta,<lb/> ou
                  mediante contracto (mensal). </item>
               <item>
                  <label>4.</label>
                  <note>?</note> Montagem e realização de escriptos. </item>
               <item rend="indent-2">
                  <label rend="circled">5.</label> Listas de exportadores, importadores,<lb/>
                  negociantes e fabricantes (talvez <lb/>por contracto com casas como<lb/> Dun). </item>
               <item rend="indent-2">
                  <label rend="circled">6.</label> Obtenção de agentes nas provincias <lb/>e no
                  estrangeiro. </item>
               <item rend="indent-2">
                  <label>7.</label>
                  <note>!</note> Buscas litterarias nas bibliothecas;<lb/> pesquizas heraldicas e
                     geneologi<pc>-</pc><lb/>cas. </item>
               <note place="center">E (2)</note>
               <pb n="6"/>
               <item rend="indent-2"><label rend="circled">8.</label> Redacção correcta de cartas,
                     cir<pc>-</pc><lb/>culares, catalogos, etc. em <lb/>portuguez e outras linguas. </item>
               <item rend="indent-2">
                  <label>9.</label> Revisão de provas typographicas,<lb/> seguindo a orthographia
                  que se quizer. Revisão or<pc>-</pc><lb/>thographica tambem. </item>
               <item rend="indent-2">
                  <label>10.</label> Cortes de jornaes, nacionaes e <lb/>estrangeiros (contractos
                  com casas<lb/> estrangeiras para estes). </item>
               <item rend="indent-2">
                  <label>11.</label> Agencia litteraria geral: opinião<lb/> sobre livros que se
                  tencionem<lb/> publicar; agencia de collocação<lb/> de artigos, livros, etc., aqui
                  e <lb/>no estrangeiro (traduzindo-se;<lb/> se fôr preciso). </item>
               <item rend="indent-2">
                  <label>12.</label> Informações litterarias geraes; tra<pc>-</pc><lb/>balhos
                  litterarios de encommenda; <lb/>procura de preços para se
                  re<pc>-</pc><lb/>presentar. </item>
               <item rend="indent-2">
                  <label rend="circled">13.</label> Informação semanal sobre
                  com<pc>-</pc><lb/>mercio e movimento commercial, do movimento
                  al<pc>-</pc><lb/>fandegario e financeiro, in<pc>-</pc><lb/>cluindo o do Estado e
                  dos es<pc>-</pc><lb/>tados estrangeiros e bolsas es<pc>-</pc>
                  <pb n="7"/>
                  <note place="center">E (3)</note><lb/>trangeiras (retographias). </item>
               <item>
                  <label rend="circled">14.</label> Informação estatistica </item>
               <item rend="indent-2">
                  <label>15.</label> Informações commerciaes (<hi rend="underline">não</hi><lb/>
                  particulares, excepto quando<lb/> para fins commerciaes) daqui<lb/> e do
                  estrangeiro (contractos)). </item>
               <item rend="indent-2">
                  <label>16.</label> Compras aqui e no estrangeiro,<lb/> assignaturas de jornaes
                     estran<pc>-</pc><lb/> geiros e nacionaes — mais ba<pc>-</pc><lb/>ratas, talvez,
                  para réclame —, <lb/>obtenção de catalogos, etc. </item>
               <item rend="indent-2">
                  <label rend="circled">17.</label> Á disposição do publico
                  (sub<pc>-</pc><lb/>scriptores a uma quota facil)<lb/> annuarios estrangeiros e
                     nacio<pc>-</pc><lb/>naes, codigos telegraphicos, listas<lb/> de fabricantes e
                  archivo geral,<lb/> diccionarios, almanaches, livros<lb/> de referencia,
                  etc.</item>
               <item rend="indent-2">
                  <label rend="circled">18.</label> Manufactura de codigos particula<pc>-</pc><lb/>
                  res, de cifras para correspon<pc>-</pc><lb/>dencia secreta, etc. </item>
               <item rend="indent-2">
                  <label rend="circled">19.</label> Edições de codigos telegraphi<pc>-</pc><lb/>cos
                  proprios. </item>
               <item rend="indent-2">
                  <label rend="circled">20.</label> Bibliotheca technica e commercial<lb/> de
                  consulta. </item>
               <item>
                  <label rend="circled">21.</label> Edição do <rs type="journal">“All About
                     Portugal”</rs>. </item>
               <pb n="8"/>
               <note place="center">E (4)</note>
               <item rend="indent-2">
                  <label rend="circled">22.</label> Edições especiaes: pequeno
                  diccio<pc>-</pc><lb/>nario portuguez, diccionarios<lb/> technicos — commerciaes. </item>
               <item>
                  <label rend="circled">23.</label> Aristographia. </item>
               <item rend="indent-2">
                  <label rend="circled">24.</label> Trabalhos á machina, ao <hi rend="underline"
                        >copio<pc>-</pc><lb/>grapho</hi> e <hi rend="underline">retographo</hi>, e
                  da<lb/> imprensa, por preços reduzi<pc>-</pc><lb/>dos. </item>
               <item rend="indent-2">
                  <label>25.</label> Edição de uma agenda, ou de mais<lb/> (segundo as technicas —
                  agricola, etc.) </item>
               <item rend="indent-2">
                  <label rend="circled">26.</label> Annuarios em todos os jornaes de <lb/><rs
                     type="place">Portugal</rs> e estrangeiro, com con<pc>-</pc><lb/>tractos
                  especiaes e escolha de<lb/> C. </item>
               <item rend="indent-2">
                  <label rend="circled">27.</label> Especialidade em mandar vir <lb/>livros do
                  estrangeiro, e em <lb/>manter quem quizer informa<pc>-</pc><lb/>do acerca de
                  livros, do seu<lb/> interesse, que vão sahindo. </item>
               <item rend="indent-2">
                  <label>28.</label>&#x00A0;<rs type="journal">“A Semana”</rs> — semanario de<lb/>
                  artigos completos, em todos <lb/>os generos e resumidos, salvo<lb/> os artigos
                  especiaes. </item>
               <item rend="indent-2">
                  <label rend="circled">29.</label> Endereçar e expedir cartas,<lb/> circulares,
                  etc. </item>
               <item rend="indent-2">
                  <label rend="circled">30.</label> Bureau de recepção de <pb n="9"/>
                  <note place="center">E (5)</note><lb/> correspondência, para quem não<lb/> queira
                  receber em casa (especie<lb/> de posta-restante com apartados,<lb/> não se
                  admittindo iniciaes, para<lb/> não confundir com annuncios,<lb/> mas podendo haver
                  endereços <lb/>como “Caixa 23”, Cosmopolis). </item>
               <item rend="indent-2">
                  <label rend="circled">31.</label> Edição de bilhetes postaes
                  illustra<pc>-</pc><lb/> dos, sobretudo do paiz, e <hi rend="superscript">albuns
                     de</hi> visitas. </item>
               <item rend="indent-2">
                  <label>32.</label> Listas de casas para alugar, en<pc>-</pc><lb/>
                  <note place="margin-left">X</note> carrega-se de as alugar; e tam<pc>-</pc><lb/>
                  bem compra e venda de proprie<pc>-</pc><lb/>dades (combinação com os
                     agen<pc>-</pc><lb/>tes para não os prejudicar).</item>
               <item>
                  <label rend="circled">33.</label> Organização de leilões. </item>
               <item rend="indent-2">
                  <label>34.</label> Trabalhos de advocacia e procura<pc>-</pc><lb/>doria (talvez
                  excluindo a co<pc>-</pc><lb/> brança de contos e de dividas). </item>
               <item rend="indent-2">
                  <label rend="circled">35.</label> Agencia de noticias (contracto com
                  <lb/>Reuter?), correspondencia para <lb/>jornaes estrangeiros. </item>
               <item rend="indent-2">
                  <label rend="circled">36.</label> Photographias do que se deseje, aqui<lb/> ou lá
                  fóra (para aqui photogra<pc>-</pc><lb/> phos seus). </item>
               <item rend="indent-2">
                  <label>37.</label> Informações e trabalhos em todas<lb/> as repartições do estado
                  (e. g. <pb n="10"/>
                  <note place="center">E (6)</note><lb/> registo de minas). </item>
               <item rend="indent-2">
                  <label rend="circled">38.</label> Informação para o estrangeiro a<lb/> respeito de
                     <rs type="place">Portugal</rs>. </item>
               <item rend="indent-2">
                  <label rend="circled">39.</label> Publicidade: escrevem-se e
                  illus<pc>-</pc><lb/>tram-se annuncios, e organi<pc>-</pc><lb/> za-se publicidade.
                  (no paiz de <gap reason="illegible" unit="word" extent="1"/>)</item>
               <item rend="indent-2">
                  <label>40.</label> Opinião a respeito do papel<lb/> timbrado, como fica melhor,
                  etc.<lb/> Montagem de escriptorios, at<pc>-</pc><lb/>tendendo á mobilia, á
                     ru<pc>-</pc><lb/>cisnação, etc. </item>
               <item rend="indent-2">
                  <label>41.</label> Club, com restaurant, sobretudo para<lb/> commerciantes (or
                  cheap meals). * </item>
               <item rend="indent-2"><!-- ############## -->
                  <label>42.<add place="below">+</add></label> Bilhetes postaes estrangeiros
                     es<pc>-</pc><lb/>criptos de lá. </item>
               <item rend="indent-2">
                  <label>43.<add place="below">+</add></label> Fornecem-se citações. (<choice>
                     <abbr>Dict<am>.</am></abbr>
                     <expan>Dict<ex>ionnary</ex></expan>
                  </choice> of<lb/> Quotations). </item>
               <item rend="indent-2">
                  <label rend="circled">44.</label> Agencia de marcas e patentes,<lb/> no paiz e no
                  estrangeiro; in<pc>-</pc><lb/> formações a este respeito, listas<lb/> de cousas a
                  inventar. </item>
               <item rend="indent-2">
                  <label>45.</label> Idéas para marcas, ex-libris,<lb/> normas de firmas, etc.
                  Titulos<lb/> de livros... </item>
               <item rend="indent-2">
                  <label>46.</label> Aperfeiçoamento de invenções —<lb/> ideas summariamente dadas. </item>
               <pb n="11"/>
               <note place="center">E (7)</note>
               <item rend="indent-2">
                  <label rend="circled">47.</label> Projectos de toda a especie — em<lb/>
                  engenharia, architectura, etc. <note place="margin-right">T.</note>
               </item>
               <item rend="indent-2">
                  <label rend="circled">48.</label> Projectos de decoração de
                  mon<pc>-</pc><lb/>tras, de construção e decora<pc>-</pc><lb/>ção de
                  estabelecimentos. </item>
               <item rend="indent-2">
                  <label>49.</label> Sala de leitura, com jornaes<lb/> e revistas de toda a parte. </item>
               <item rend="indent-2">
                  <label>50.</label> Graduação de subscriptores; por ex.,<lb/> nem todos os que teem
                  direito á <lb/>sala de leitura, o devem ter á <lb/>consulta da bibliotheca, etc. </item>
               <item rend="indent-2">
                  <label>51.</label> Orçamentos e relatorios, por <lb/>technicos (v. nº 47 ) <note
                     place="margin-right">T.</note>
               </item>
               <item rend="indent-2">
                  <label>52.</label> Que pessoal fixo é preciso, e que<lb/> pessoal de occasião? </item>
               <item rend="indent-2">
                  <label>53.</label> Qual a parte, ou o papel, do <lb/>organizador d’esta Agencia? </item>
               <item rend="indent-2">
                  <label rend="framed">54.</label> Compra e venda de<lb/> minas, de concessões
                  coloniaes e outras. </item>
               <item rend="indent-2">
                  <label>55.</label> Emblema e papeis para a casa. </item>
               <item rend="indent-2">
                  <label rend="circled">56.</label> Gabinete de leitura (lending library)<lb/> bem
                  organizado e em todos os <lb/>ramos. </item>
               <item>
                  <label>57.</label> Local para esta Agencia. </item>
               <item rend="indent-2">
                  <label>58.</label> Agencia de collocações (excepto <choice>
                     <abbr>pa<am>.</am></abbr>
                     <expan>pa<ex>ra</ex></expan>
                  </choice>
                  <note place="margin-right"> T.</note><lb/> creadas de servir). </item>
               <pb n="12"/>
               <note place="center">E (8)</note>
               <item rend="indent-2">
                  <label>59.</label> Posto telephonico de chamadas, inclusive<lb/> para fóra de <rs
                     type="place">Lisboa</rs>. (Posto de <lb/>telegraphia sem fios). * </item>
               <item rend="indent-2">
                  <label rend="circled">60.</label> Fornecimento de interpretes e
                  indi<pc>-</pc><lb/>cações (gratis) aos touristes e <lb/>viajantes. </item>
               <item rend="indent-2">
                  <label rend="circled">61.</label> Propaganda geral de <rs type="place"
                     >Portugal</rs> no es<pc>-</pc><lb/>trangeiro. </item>
               <item rend="indent-2">
                  <label>62.</label> Indicações para emprestimos, hy<pc>-</pc><lb/>pothecas, etc.
                  (mas não os faz). </item>
               <item rend="indent-2">
                  <label>63.</label> Examinar o criterio de <hi rend="underline">não
                     con<pc>-</pc><lb/>correr</hi> com ninguem, mas apenas <lb/>facilitar, informar,
                  pôr em <lb/>relação uns individuos com<lb/> outros. </item>
               <item rend="indent-2">
                  <label rend="circled">64.</label> Guide-books, desenvolvidos e resumidos,<lb/>
                  para touristes; guide-books do es<pc>-</pc><lb/>trangeiro mais baratos. </item>
               <item rend="indent-2">
                  <label rend="circled">65.</label> Annuario Geral de <rs type="place">Portugal</rs>
                  e Colonias. </item>
               <item rend="indent-2">
                  <label rend="circled">66.</label> Annuario da Sociedade. <note
                     place="margin-right">(Archivo de endereços,<lb/> em vez de annuario.<lb/>
                     Sociedade e commercial)</note>
               </item>
               <item rend="indent-2">
                  <label rend="circled">67.</label> Almanach da Cosmopolis — genero<lb/> Whittaker e
                  Statesman’s. </item>
               <item rend="indent-2">
                  <label rend="circled">68.</label> Semanario sobre <rs type="place">Portugal</rs>
                  para o<lb/> estrangeiro. </item>
               <item rend="indent-2">
                  <label rend="circled">69.</label> Annuario Portuguez para o<lb/> estrangeiro. </item>
               <item>
                  <label>70.</label> Edições genero Tauchnitz (ingleza) </item>
               <pb n="13"/>
               <note place="center">E (9)</note>
               <item rend="indent-2">
                  <label rend="circled">71.</label> Edições de classicos portuguezes,
                  tra<pc>-</pc><lb/>duzidos, para o estrangeiro. </item>
               <item rend="indent-2">
                  <label rend="circled">72.</label> Edições baratas de classicos (o <lb/>plano de
                     <hi rend="underline">Olisippo</hi>). </item>
               <item rend="indent-2">
                  <label rend="circled">73.</label> Indicação de escholas e collegios,
                  <lb/>professores e explicadores. </item>
               <item rend="indent-2">
                  <label>74.</label> Indicações a provincianos e <lb/>estrangeiros onde devem
                  <lb/>fazer compras em <rs type="place">Lisboa</rs>; e <lb/>a nacionaes onde as
                  devem<lb/> fazer no estrangeiro. </item>
               <item rend="indent-2">
                  <label>75.</label> (Cosmopolis interessa-se sempre <lb/>por tudo quanto é
                  portuguez <lb/> ou brasileiro, e procura auxi<pc>-</pc><lb/> liar no que pode os
                  nacionaes<lb/> d’estes dois paizes.) </item>
               <item>
                  <label>76.</label> Passaportes da Cosmopolis. </item>
               <item>
                  <label>77.</label> Compras da <choice>
                     <abbr>C<am>.</am></abbr>
                     <expan>C<ex>osmopolis</ex></expan>
                  </choice> para o paiz e estrangeiro. </item>
               <item rend="indent-2">
                  <label>78.</label> (Oito chefes de secção, um inspector<lb/> geral, e um director,
                  ou director-<lb/>chefe.) </item>
               <item rend="indent-2">
                  <label>79.</label> Cosmopolis interessa-se por todos os <lb/>estrangeiros que
                  queiram visitar <lb/>ou vir estabelecer-se em<rs type="place"> Portugal</rs>
                  <lb/>ou no<rs type="place"> Brasil</rs>. </item>
               <item rend="indent-2">
                  <label>80.</label> Cursos especiaes —Pelman, will-power <pb n="14"/>
                  <note place="center">E (10)</note><lb/> (mas decente), etc. Em todo o caso,<lb/>
                  nem escholas de linguas, nem nada<lb/> que concorra com contributos
                  espe<pc>-</pc><lb/> ciaes. Pode, porém, haver certos <lb/> cursos (a estudar) por
                     correspon<pc>-</pc><lb/> dencia. </item>
               <item rend="indent-2">
                  <label>81.</label> Cinco revistas de “estreitamento de re<pc>-</pc><lb/> lações”,
                  de typo differente, em <lb/> vista dos paizes: luso-britannica,<lb/>
                  luso-americana, luso-franceza, <lb/> luso-hispanhola e luso-italiana. </item>
               <item rend="indent-2">
                  <label rend="circled">82.</label> Rehabilitação da “Contemporanea”,
                  po<pc>-</pc><lb/>dendo ter as dimensões do “Motor” e<lb/> chamar-se mesmo
                  “Cosmopolis.” </item>
               <item rend="indent-2">
                  <label>83.</label> (Wives &amp; daughters (female relatives)<lb/> of subscribers
                  can subscribe on<lb/> a <gap reason="illegible" unit="word" extent="1"/> basis.) </item>
               <item rend="indent-2">
                  <label rend="circled">84.</label> Agencia geral para o estimulo dos<lb/>
                  interesses portuguezes e brasileiros<lb/> no estrangeiro. <hi rend="underline"
                     >Consules</hi> da Cos<pc>-</pc><lb/>mopolis. </item>
               <item rend="indent-2">
                  <label rend="circled">85.</label> Informações das casas estrangeiras <lb/>que
                  estão representadas em <lb/><rs type="place">Portugal</rs>. </item>
               <item rend="indent-2">
                  <label>86.</label> Quota dos socios A — 10 escudos. E<lb/> de ahi para baixo.
                  Talvez sa<pc>-</pc><pb n="15"/>
                  <note place="center">E (11)</note> las especiaes, de jantar e outras,<lb/> para
                  estes socios. </item>
               <item rend="indent-2">
                  <label>87.</label> ((Ida ao estrangeiro para estu<pc>-</pc><lb/>dar quanto seja
                  preciso — syste<pc>-</pc><lb/>mas de archivo e decoração es<pc>-</pc><lb/>pecial,
                  etc.))</item>
               <item rend="indent-2">
                  <label>88.</label> (Three plans here: (A) Cosmopolis, a<pc>-</pc><lb/>gencia
                  geral; (B) <choice>
                     <abbr>G<am>.</am></abbr>
                     <expan>G<ex>remio</ex></expan>
                  </choice> de <choice>
                     <abbr>C<am>.</am></abbr>
                     <expan>C<ex>ultura</ex></expan>
                  </choice> Portugueza,<lb/> empreza <gap reason="illegible" unit="word" extent="1"
                  />; (C) Club Com<pc>-</pc><lb/>mercial Portuguez.) </item>
            </list>
         </div>
         <pb n="16"/>
         <div>
            <head rend="center">F.</head>
            <p rend="indent-2">All purely <gap reason="illegible" unit="word" extent="1"/> matters,
                  hav<pc>-</pc><lb/>ing no <hi rend="underline">special</hi>
               characterist<pc>-</pc><lb/>ics — such as may integrate<lb/> them in other plans — to<lb/>
               <hi rend="underline"><rs type="person">M. N. de Freitas</rs></hi>.</p>
            <p>(Quite so — 17.6.1919).</p>
         </div>
         <pb n="17"/>
         <div>
            <head rend="center">G.</head>
            <p rend="indent-2">Portuguese Wine &amp; Mineral Water<lb/> enterprise — to place
               special<lb/> types abroad, or, even, at home. </p>
         </div>
         <pb n="18"/>
         <div>
            <head rend="center">H.</head>
            <head><hi rend="underline">ATHENA</hi> — escola de organização.</head>
            <list>
               <item>
                  <label>1.</label> Cursos de latim e de grego. </item>
               <item rend="indent-2">
                  <label>2.</label> Curso systematizado de portuguez (e,<lb/> no caso estrangeiro,
                  de outras linguas).<lb/> (Mesmo aqui, do ensino systematizado <lb/>de linguas
                  estrangeiras). </item>
               <item rend="indent-2">
                  <label>3.</label> Não é uma escola de natureza <lb/>primaria, mas de
                  aperfeiçoamento<lb/> e systematização. </item>
               <item rend="indent-2">
                  <label>4.</label> Crear creadores. </item>
               <item rend="indent-2">
                  <label>5.</label> We educate idlers also &amp; pure demo<pc>-</pc><lb/>cratic
                  personalities. To be a perfect <gap reason="illegible" unit="word" extent="1"/>
                  <lb/> of public, a man of the word, is a man in thing of <gap reason="selection"/>
               </item>
               <pb n="18"/>
               <item rend="indent-2">
                  <label>6.</label>&#x00A0;<rs type="person">José Collares</rs> — manager
                  (principal)<lb/> for correspondence. </item>
               <item>
                  <label>7.</label> Generality is our speciality </item>
               <item rend="indent-2">
                  <label>8.</label>&#x00A0;<hi rend="underline">Courses:</hi>
                  <list>
                     <item><label>(a)</label> Business organization.</item>
                     <item><label>(b)</label> The Science of Idling.</item>
                     <item><label>(c)</label>
                        <supplied resp="PS" reason="omitted-in-original"/></item>
                  </list>
               </item>
            </list>
         </div>
      </body>
   </text>
</TEI>
