<?xml version="1.0" encoding="UTF-8"?>
<?xml-model href="../schema/pessoaTEI.rng" type="application/xml" schematypens="http://relaxng.org/ns/structure/1.0"?>
<TEI xmlns="http://www.tei-c.org/ns/1.0">
   <teiHeader>
      <fileDesc>
         <titleStmt>
            <title>BNP/E3 48H-17<hi rend="superscript">r</hi></title>
            <author>
               <rs type="name" key="FP">Fernando Pessoa</rs>
            </author>
            <respStmt>
               <resp>Transcrição, Edição</resp>
               <name>Pedro Sepúlveda</name>
            </respStmt>
            <respStmt>
               <resp>Transcrição</resp>
               <name>Pablo Javier Pérez López</name>
            </respStmt>
            <respStmt>
               <resp>Modelagem de dados, Codificação</resp>
               <name>Ulrike Henny-Krahmer</name>
            </respStmt>
            <respStmt>
               <resp>Codificação</resp>
               <name>Isabel Figueiredo-Iken</name>
            </respStmt>
            <respStmt>
               <resp>Codificação</resp>
               <name>Sviatoslav Drach</name>
            </respStmt>
            <respStmt>
               <resp>Consultoria</resp>
               <name>Institut für Dokumentologie und Editorik (IDE)</name>
            </respStmt>
         </titleStmt>
         <publicationStmt>
            <publisher>Universidade Nova de Lisboa, Instituto de Estudos de Literatura e Tradição
               (IELT)</publisher>
            <publisher>Cologne Center for eHumanities (CCeH)</publisher>
            <date>2017</date>
            <availability status="restricted">
               <licence target="http://creativecommons.org/licenses/by/3.0/"/>
            </availability>
            <idno type="filename">BNP_E3_48H-17r.xml</idno>
         </publicationStmt>
         <sourceDesc>
            <msDesc>
               <msIdentifier>
                  <institution>Biblioteca Nacional de Portugal</institution>
                  <idno>BNP/E3 48H-17r</idno>
               </msIdentifier>
               <msContents>
                  <summary>
                     <p> Lista manuscrita, publicada em <hi rend="italic">Sebastianismo e Quinto
                        Império</hi> (2011, 246-247). </p>
                  </summary>
                  <msItemStruct>
                     <author>
                        <rs type="name" key="FP">Fernando Pessoa</rs>
                     </author>
                     <note type="genre"><rs type="genre" key="lista_editorial">Lista
                        editorial</rs></note>
                     <textLang mainLang="pt"/>
                  </msItemStruct>
               </msContents>
               <history>
                  <origin>
                     <p>
                        <origDate from="1920" to="1927">1920-1927</origDate>
                     </p>
                  </origin>
               </history>
            </msDesc>
         </sourceDesc>
      </fileDesc>
   </teiHeader>
   <facsimile>
      <graphic
         url="bn-acpc-e-e3-48h-1-65_JPG_24-C-R0150/bn-acpc-e-e3-48h-1-65_0033_17_t24-C-R0150.jpg"/>
   </facsimile>
   <text>
      <body>
         <div>
            <list>
               <item>
                  <label>1.</label> Creação do conceito de imperio. </item>
               <item>
                  <label>2.</label> Creação da mentalidade superior. </item>
               <item>
                  <label>3.</label> Fixação e defensão da lingua<lb/> portugueza. </item>
            </list>
            <metamark rend="line-44" function="distinct"/>
            <list>
               <item>
                  <label>1.</label> Nacionalização das colonias. </item>
               <item>
                  <label>2.</label> Equalização do direito indigena? </item>
               <item><supplied resp="PS" reason="omitted-in-original"/></item>
            </list>
            <metamark rend="line-44" function="distinct"/>
            <list>
               <item>
                  <label>1.</label> Propaganda cultural de<lb/> Portugal no estrangeiro. </item>
            </list>
            <metamark rend="line-44" function="distinct"/>
            <list>
               <item><add place="left"><metamark rend="circle" function="distinct"
               />3</add><label>1.</label><rs type="title">Sebastianismo</rs>.</item>
            </list>
            <metamark rend="line transversal margin right" function="distinct"/>
            <note> List margin left</note>
            <list>
               <item><add place=" right"><rs type="title">Sebastianismo</rs> </add>
                  <label>—1.</label> Creação do conceito <lb/>de imperio</item>
               <item><add place=" right">Mixtura de fés e culturas </add></item>
               <item><label>—2.</label> Creação da mentalidade<lb/> cultural</item>
               <item><add place=" right">Abolição da certeza<lb/> official. </add>
               </item>
               <item><label>—3.</label> Defeza da lingua portugueza</item>
               <item>
                  <label>—4.</label> Nacionalização das colonias e<lb/> dos nucleos portuguezes<lb/>
                  no estrangeiro</item>
               <item><label>—5.</label> Propaganda cultural<lb/> de Portugal em lingua<lb/>
                  estrangeira. </item>
            </list>
         </div>
      </body>
   </text>
</TEI>
