<?xml version="1.0" encoding="UTF-8"?>
<?xml-model href="../schema/pessoaTEI.rng" type="application/xml" schematypens="http://relaxng.org/ns/structure/1.0"?>
<TEI xmlns="http://www.tei-c.org/ns/1.0">
   <teiHeader>
      <fileDesc>
         <titleStmt>
            <title>BNP/E3 125B-9<hi rend="superscript">r</hi></title>
            <author>
               <rs type="name" key="FP">Fernando Pessoa</rs>
            </author>
            <respStmt>
               <resp>Transcrição, Edição</resp>
               <name>Pedro Sepúlveda</name>
            </respStmt>
            <respStmt>
               <resp>Transcrição</resp>
               <name>Pablo Javier Pérez López</name>
            </respStmt>
            <respStmt>
               <resp>Modelagem de dados, Codificação</resp>
               <name>Ulrike Henny-Krahmer</name>
            </respStmt>
            <respStmt>
               <resp>Codificação</resp>
               <name>Inês Filipa Rebelo do Carmo</name>
            </respStmt>
            <respStmt>
               <resp>Codificação</resp>
               <name>Isabel Figueiredo-Iken</name>
            </respStmt>
            <respStmt>
               <resp>Codificação</resp>
               <name>Sviatoslav Drach</name>
            </respStmt>
            <respStmt>
               <resp>Consultoria</resp>
               <name>Institut für Dokumentologie und Editorik (IDE)</name>
            </respStmt>
         </titleStmt>
         <publicationStmt>
            <publisher>Universidade Nova de Lisboa, Instituto de Estudos de Literatura e Tradição
               (IELT)</publisher>
            <publisher>Cologne Center for eHumanities (CCeH)</publisher>
            <date>2017</date>
            <availability status="free">
               <licence target="http://creativecommons.org/licenses/by/3.0/"/>
            </availability>
            <idno type="filename">BNP_E3_125B-9r.xml</idno>
         </publicationStmt>
         <sourceDesc>
            <msDesc>
               <msIdentifier>
                  <institution>Biblioteca Nacional de Portugal</institution>
                  <idno>BNP/E3 125B-9r</idno>
               </msIdentifier>
               <msContents>
                  <summary>
                     <p> Lista manuscrita, publicada em <hi rend="italic">Sebastianismo e Quinto
                           Império</hi> (2011, 257). </p>
                  </summary>
                  <msItemStruct>
                     <author>
                        <rs type="name" key="FP">Fernando Pessoa</rs>
                     </author>
                     <note type="genre">
                        <rs type="genre" key="lista_editorial">Lista editorial</rs><rs type="genre"
                           key="nota_editorial">Nota editorial</rs>
                     </note>
                     <textLang mainLang="pt"/>
                  </msItemStruct>
               </msContents>
               <history>
                  <origin>
                     <p>
                        <origDate from="1934" to="1935" cert="medium">c. 1934-1935</origDate>
                     </p>
                  </origin>
               </history>
            </msDesc>
         </sourceDesc>
      </fileDesc>
   </teiHeader>
   <facsimile xml:base="http://images.cceh.uni-koeln.de/pessoa/">
      <graphic
         url="bn-acpc-e-e3-125b-1-145_JPG_24-C-R0150/bn-acpc-e-e3-125b-1-145_0019_9_t24-C-R0150.jpg"
      />
   </facsimile>
   <text>
      <body>
         <div>
            <head><hi rend="underline"><rs type="title">Quinto Imperio</rs>.</hi>
               <note place="margin-right"><hi rend="underline">Primeiro Aviso.</hi></note></head>
            <list>
               <item>
                  <label>1.</label>
                  <ref target="http://www.pessoadigital.pt/pt/pub/Pessoa_O_Escritor_Fernando_Pessoa"><rs type="title">Entrevista <subst>
                        <del rend="overstrike">ao do</del>
                        <add place="above">com</add>
                     </subst>
                     <rs type="name" key="P361">Antonio Alves Martins</rs></rs>.</ref></item>
               <item>
                  <label>2.</label>
                  <ref target="http://www.pessoadigital.pt/pt/pub/Pessoa_Portugal_vasto">Resposta ao Inquerito de <rs type="name" key="P362">Augusto da
                     Costa</rs></ref>.</item>
               <item>
                  <label>3.</label>
                  <rs type="title">Prefacio ao <choice>
                        <abbr>Q<am>.</am> I<am>.</am></abbr>
                        <expan>Q<ex>uinto</ex> I<ex>mperio</ex></expan>
                     </choice></rs>, de <rs type="name" key="P109">Ferreira Gomes</rs>.</item>
               <item>
                  <label>4.</label>
                  <rs type="title">O Quinto Imperio</rs>.</item>
               <item>
                  <label>5.</label>
                  <rs type="title">O Imperio Portuguez</rs>.</item>
            </list>
            <metamark rend="line" function="distinct"/>
            <p rend="center">Com um breve prefacio</p>
            <metamark rend="line" function="distinct"/>
            <p rend="center">Publico neste livro cinco <supplied resp="PS"
                  reason="omitted-in-original"/></p>
            <p>Omitto neste os commentarios de <rs type="name" key="P362">Augusto da
               Costa</rs>,<lb/> pois que são d’elle e não meus.</p>
            <list>
               <item xml:id="I1">
                  <label>1.</label>
                  <rs type="title">Resposta a um pequeno inquerito</rs>.</item>
               <item xml:id="I2">
                  <label>2.</label>
                  <rs type="title">Resposta a um grande inquerito</rs>.</item>
               <item xml:id="I3">
                  <label>3.</label>
                  <rs type="title">Prefacio a um livro prophetico</rs>. <note target="range(I1,I5)"
                     place="margin-left" type="addition">
                     <metamark rend="curly-bracket" function="grouping"/>
                  </note></item>
               <item xml:id="I4">
                  <label>4.</label>
                  <rs type="title">O Quinto Imperio</rs>.</item>
               <item xml:id="I5">
                  <label>5.</label>
                  <rs type="title">O Imperio Portuguez</rs>.</item>
            </list>
         </div>
      </body>
   </text>
</TEI>
