<?xml version="1.0" encoding="UTF-8"?>
<?xml-model href="../schema/pessoaTEI.rng" type="application/xml" schematypens="http://relaxng.org/ns/structure/1.0"?>
<TEI xmlns="http://www.tei-c.org/ns/1.0">
   <teiHeader>
      <fileDesc>
         <titleStmt>
            <title>BNP/E3 48A-48</title>
            <author>
               <rs type="name" key="FP">Fernando Pessoa</rs>
            </author>
            <respStmt>
               <resp>Transcrição, Edição</resp>
               <name>Pedro Sepúlveda</name>
            </respStmt>
            <respStmt>
               <resp>Transcrição</resp>
               <name>Pablo Javier Pérez López</name>
            </respStmt>
            <respStmt>
               <resp>Modelagem de dados, Codificação</resp>
               <name>Ulrike Henny-Krahmer</name>
            </respStmt>
            <respStmt>
               <resp>Codificação</resp>
               <name>Inês Filipa Rebelo do Carmo</name>
            </respStmt>
            <respStmt>
               <resp>Codificação</resp>
               <name>Isabel Figueiredo-Iken</name>
            </respStmt>
            <respStmt>
               <resp>Codificação</resp>
               <name>Sviatoslav Drach</name>
            </respStmt>
            <respStmt>
               <resp>Consultoria</resp>
               <name>Institut für Dokumentologie und Editorik (IDE)</name>
            </respStmt>
         </titleStmt>
         <publicationStmt>
            <publisher>Universidade Nova de Lisboa, Instituto de Estudos de Literatura e Tradição
               (IELT)</publisher>
            <publisher>Cologne Center for eHumanities (CCeH)</publisher>
            <date>2017</date>
            <availability status="free">
               <licence target="http://creativecommons.org/licenses/by/3.0/"/>
            </availability>
            <idno type="filename">BNP_E3_48A-48.xml</idno>
         </publicationStmt>
         <sourceDesc>
            <msDesc>
               <msIdentifier>
                  <institution>Biblioteca Nacional de Portugal</institution>
                  <idno>BNP/E3 48A-48</idno>
               </msIdentifier>
               <msContents>
                  <summary>
                     <p> Lista manuscrita, publicada em <hi rend="italic">Fausto. Tragédia
                           Subjectiva (fragmentos)</hi> (1988, 196). </p>
                  </summary>
                  <msItemStruct>
                     <author>
                        <rs type="name" key="FP">Fernando Pessoa</rs>
                     </author>
                     <note type="genre">
                        <rs type="genre" key="lista_editorial">Lista editorial</rs>
                        <rs type="genre" key="plano_editorial">Plano editorial</rs>
                     </note>
                     <textLang mainLang="pt"/>
                  </msItemStruct>
               </msContents>
               <history>
                  <origin>
                     <p>
                        <origDate when="1913" cert="medium">c. 1913</origDate>
                     </p>
                  </origin>
               </history>
            </msDesc>
         </sourceDesc>
      </fileDesc>
   </teiHeader>
   <facsimile xml:base="http://images.cceh.uni-koeln.de/pessoa/">
      <graphic
         url="bn-acpc-e-e3-48a-1-66_JPG_24-C-R0150/bn-acpc-e-e3-48a-1-66_0096_48_t24-C-R0150.jpg"/>
      <graphic
         url="bn-acpc-e-e3-48a-1-66_JPG_24-C-R0150/bn-acpc-e-e3-48a-1-66_0097_48v_t24-C-R0150.jpg"/>
   </facsimile>
   <text>
      <body>
         <div>
            <head><hi rend="underline">Contos Intellectuaes</hi>.</head>
            <ab rend="right"><hi rend="underline">e outros</hi></ab>
            <list>
               <item>
                  <label>1.</label>
                  <rs type="title">A perda do hiate <hi rend="underline">Nada</hi></rs>. </item>
               <item>
                  <label>2.</label>
                  <rs type="title">O desapparecimento do professor Serzedas</rs>. </item>
               <item>
                  <label>3.</label>
                  <rs type="title">A morte do <choice>
                        <abbr>dr<am>.</am></abbr>
                        <expan>d<ex>outo</ex>r</expan>
                     </choice> Cerdeira</rs>. </item>
               <item>
                  <label>4.</label>
                  <rs type="title">Na casa de saúde de Cascaes</rs>. </item>
               <item>
                  <label>5.</label>
                  <rs type="title">Uma tarde clerical</rs>. </item>
               <item>
                  <label>6.</label>
                  <rs type="title">O circulo da vida</rs>. </item>
               <item>
                  <label>7.</label>
                  <rs type="title">Rosa-Cruz</rs>. </item>
               <item>
                  <label>8.</label>
                  <rs type="title">O Eremita da Serra Negra</rs>. </item>
               <item>
                  <label>9.</label>
                  <rs type="title">N’um bar de Londres</rs>. </item>
               <item>
                  <label>10.</label>
                  <rs type="title">Elogio historico de <choice>
                        <abbr>D<am>.</am></abbr>
                        <expan>D<ex>om</ex></expan>
                     </choice> Miguel Roupinho</rs>. </item>
               <item>
                  <label>11.</label>
                  <rs type="title">Notas de conversas com <rs type="name">Carlos Malva</rs></rs>. </item>
               <item>
                  <label>12.</label>
                  <rs type="title">A Tortura pela escuridão</rs>. </item>
               <item>
                  <label>13.</label>
                  <rs type="title">A experiencia do <choice>
                        <abbr>dr<am>.</am></abbr>
                        <expan>d<ex>outo</ex>r</expan>
                     </choice> Lacroix</rs>. </item>
               <item>
                  <label>14.</label>
                  <rs type="title">A porta</rs>. </item>
               <item>
                  <label>15.</label>
                  <rs type="title">Jacob Dermot</rs>. </item>
               <item>
                  <label>16.</label>
                  <rs type="title">Um jantar muito original</rs>. </item>
            </list>
            <pb n="2"/>
            <list>
               <item>
                  <label>1</label>
                  <rs type="title">“Contos intellectuaes”</rs> (um ou mais volumes) </item>
               <item>
                  <label>2</label>
                  <seg type="certainty" cert="low" rend="question-mark left" resp="FP"><rs
                        type="title">“Contos fantasticos”</rs></seg> – <supplied resp="PS"
                     reason="omitted-in-original"/>
               </item>
               <item>
                  <label>3</label>
                  <seg type="certainty" cert="low" rend="question-mark left" resp="FP"><rs
                        type="title">“Miscellanea metaphysica.”</rs></seg> – <supplied resp="PS"
                     reason="omitted-in-original"/>
               </item>
               <item>
                  <label>4</label>
                  <rs type="title">Cartas de <rs type="name">Pero Botelho</rs></rs> – <supplied
                     resp="PS" reason="omitted-in-original"/>
               </item>
               <item>
                  <label>5</label>
                  <rs type="title">Passos na Noite</rs>. </item>
               <item>
                  <label>6</label>
                  <rs type="title">Estudos litterarios</rs> (varias series). </item>
               <item>
                  <label>7</label>
                  <rs type="title">Estudos philosophicos</rs> (varias series). </item>
               <item>
                  <label>8</label>
                  <rs type="title">Politica e sociologia</rs>. </item>
               <item>
                  <label>9</label>
                  <rs type="title">Satiras e invectivas</rs>. </item>
               <item>
                  <label>10</label>
                  <rs type="title">A crise moderna</rs>. </item>
               <item>
                  <label>11</label>
                  <rs type="title">Origens do christianismo</rs>. </item>
               <item>
                  <label>12.</label>
                  <seg type="certainty" cert="low" rend="question-mark left" resp="FP"><rs
                        type="title">As leis da vida</rs>.</seg>
                  <metamark target="#A1" function="assignment" rend="arrow-down" n="2"/>
               </item>
               <item>
                  <label>13.</label>
                  <rs type="title">Sciencia e philosophia</rs>. <anchor xml:id="A1"/>
               </item>
               <item>
                  <label>14.</label>
                  <rs type="title">Da Dictadura á Republica</rs>. </item>
               <item>
                  <label>15.</label>
                  <rs type="title">Tratado de Sociologia</rs>. <add place="after" n="2">(<choice>
                     <abbr>c<am>.</am></abbr>
                     <expan>c<ex>om</ex></expan>
                  </choice>
                  <choice>
                     <abbr>introd<am>.</am></abbr>
                     <expan>introd<ex>ucção</ex></expan>
                  </choice> psychologica)</add> </item>
               <item>
                  <label>16.</label>
                  <rs type="title">A actividade intellectual</rs>. <add place="after" n="2">(<choice>
                     <abbr>introd<am>.</am></abbr>
                     <expan>introd<ex>ucção</ex></expan>
                  </choice> psychologica)</add> </item>
               <item>
                  <label>17.</label>
                  <supplied resp="PS" reason="omitted-in-original"/>
               </item>
            </list>
            <metamark rend="line" function="distinct"/>
            <delSpan spanTo="#A2"/>
            <list>
               <item>
                  <rs type="title">Fausto</rs>. </item>
               <item>
                  <rs type="title">
                     <rs type="name">Frei Gil</rs> de <rs type="place">Santarem</rs></rs>. </item>
               <item>
                  <rs type="name">Paracelso</rs>. </item>
            </list>
            <anchor xml:id="A2"/>
            <metamark rend="line" function="distinct"/>
            <list>
               <item>
                  <rs type="title">A crise <del rend="overstrike">politica</del> em <rs type="place"
                        >Inglaterra</rs></rs>
               </item>
               <item>
                  <rs type="title">A <rs type="place">Irlanda</rs></rs>
               </item>
            </list>
            <metamark rend="line" function="end"/>
         </div>
      </body>
   </text>
</TEI>
