<?xml version="1.0" encoding="UTF-8"?> 
<?xml-model href="../schema/pessoaTEI.rng" type="application/xml" schematypens="http://relaxng.org/ns/structure/1.0"?>
<TEI xmlns="http://www.tei-c.org/ns/1.0">
    <teiHeader>
        <fileDesc>
            <titleStmt>
                <title>BNP/E3 48C-22</title>
                <author>
                    <rs type="name" key="FP">Fernando Pessoa</rs>
                </author>
                <respStmt>
                    <resp>Transcrição, Edição</resp>
                    <name>Pedro Sepúlveda</name>
                </respStmt>
                <respStmt>
                    <resp>Transcrição</resp>
                    <name>Pablo Javier Pérez López</name>
                </respStmt>
                <respStmt>
                    <resp>Transcrição</resp>
                    <name>Jorge Uribe</name>
                </respStmt>
                <respStmt>
                    <resp>Codificação, Modelagem de dados</resp>
                    <name>Ulrike Henny</name>
                </respStmt>
                <respStmt>
                    <resp>Codificação</resp>
                    <name>Isabel Figueiredo-Iken</name>
                </respStmt>
                <respStmt>
                    <resp>Codificação</resp>
                    <name>Sviatoslav Drach</name>
                </respStmt>
                <respStmt>
                    <resp>Consultoria</resp>
                    <name>Institut für Dokumentologie und Editorik (IDE)</name>
                </respStmt>
            </titleStmt>
            <publicationStmt>
                <publisher>Universidade Nova de Lisboa, Instituto de Estudos de Literatura e
                    Tradição (IELT)</publisher>
                <publisher>Cologne Center for eHumanities (CCeH)</publisher>
                <date>2016</date>
                <availability>
                    <licence target="http://creativecommons.org/licenses/by/3.0/"/>
                </availability>
                <idno type="filename">BNP_E3_48C-22.xml</idno>
            </publicationStmt>
            <sourceDesc>
                <msDesc>
                    <msIdentifier>
                        <institution>Biblioteca Nacional de Portugal</institution>
                        <idno>BNP/E3 48C-22</idno>
                    </msIdentifier>
                    <msContents>
                        <summary>
                            <p> Lista manuscrita, publicada em <hi rend="italic">Obras de António Mora</hi>
                                (2002, 162). </p>
                        </summary>
                        <msItemStruct>
                            <author>
                                <rs type="name" key="FP">Fernando Pessoa</rs>
                            </author>
                            <note type="genre">
                                <rs type="genre" key="lista_editorial">Lista editorial</rs>
                            </note>
                            <textLang mainLang="pt"/>
                        </msItemStruct>
                    </msContents>
                    <history>
                        <origin>
                            <p>
                                <origDate when="1917" cert="medium">c. 1917</origDate>
                            </p>
                        </origin>
                    </history>
                </msDesc>
            </sourceDesc>
        </fileDesc>
    </teiHeader>
    <facsimile>
        <graphic
            url="bn-acpc-e-e3-48c-1-50_JPG_24-C-R0150/bn-acpc-e-e3-48c-1-50_0055_22_t24-C-R0150.jpg"
        />
    </facsimile>
    <text>
        <body>
            <div>
                <list>
                    <head><hi rend="underline">Cadernos de Reacção Pagan:</hi></head>
                    <item>
                        <note place="margin-left">✓</note>
                        <label>1.</label>
                        <rs type="work" key="O2" style="b"><rs type="title"><hi rend="underline">O
                                    Guardador de Rebanhos</hi></rs> — <rs type="name" key="AC"
                                role="author">
                                <choice>
                                    <abbr>Alb<am>.</am></abbr>
                                    <expan>Alb<ex>erto</ex></expan>
                                </choice> Caeiro</rs></rs>. </item>
                    <item>
                        <note place="margin-left">✓</note>
                        <label>2.</label>
                        <rs type="title"><hi rend="underline">Prolegomenos</hi></rs> …… — <rs
                            type="name" key="P1" style="a">Antonio Móra</rs>. </item>
                    <item>
                        <note place="margin-left">(ex) ✓</note>
                        <label>3.</label>
                        <rs type="work" key="O3" style="b"><rs type="title"><hi rend="underline"
                                    >Odes</hi></rs> — <rs type="name" key="RR" role="author">Ricardo
                                Reis</rs></rs>. </item>
                    <item>
                        <note place="margin-left">✓</note>
                        <label>4.</label>
                        <rs type="title"><hi rend="underline">Dissertação a favôr da <choice>
                                    <abbr>All<am>.</am></abbr>
                                    <expan>All<ex>emanha</ex></expan>
                                </choice></hi></rs> — <rs type="name" key="P1" style="a"><choice>
                                <abbr>A<am>.</am></abbr>
                                <expan>A<ex>ntonio</ex></expan>
                            </choice> Móra</rs>. </item>
                    <item>
                        <note place="margin-left"><hi rend="circled">✓</hi></note>
                        <label>5.</label>
                        <rs type="title"><hi rend="underline">Origens do Christianismo</hi></rs> —
                            <rs type="name" key="P1" style="a">
                            <choice>
                                <abbr>A<am>.</am></abbr>
                                <expan>A<ex>ntonio</ex></expan>
                            </choice> Móra</rs>. </item>
                    <item>
                        <note place="margin-left">✓</note>
                        <label>6.</label>
                        <rs type="work" key="O2" style="c"><rs type="title"><hi rend="underline">O
                                    pastor amoroso</hi></rs> — <rs type="name" key="AC"
                                role="author">Alberto Caeiro</rs></rs>. </item>
                    <metamark rend="line-44" function="distinct"/>
                    <item>
                        <note place="margin-left">+</note>
                        <label>7.</label>
                        <rs type="work" key="O4" style="b"><rs type="title"><hi rend="underline"
                                    >Arco de Triumpho</hi></rs> — <rs type="name" key="AdC"
                                role="author">Alvaro de Campos</rs></rs>.</item>
                    <item>
                        <note place="margin-left">+</note>
                        <label>8.</label>
                        <rs type="title"><hi rend="underline">Indicios de Oiro</hi></rs> — <rs
                            type="name" key="P30">Mario de Sá-Carneiro</rs>. </item>
                </list>
            </div>
        </body>
    </text>
</TEI>
