<?xml version="1.0" encoding="UTF-8"?> 
<?xml-model href="../schema/pessoaTEI.rng" type="application/xml" schematypens="http://relaxng.org/ns/structure/1.0"?>
<TEI xmlns="http://www.tei-c.org/ns/1.0">
    <teiHeader>
        <fileDesc>
            <titleStmt>
                <title>BNP/E3 7-29<hi rend="superscript">r</hi></title>
                <author>
                    <rs type="name" key="FP">Fernando Pessoa</rs>
                </author>
                <respStmt>
                    <resp>Transcrição, Edição</resp>
                    <name>Pedro Sepúlveda</name>
                </respStmt>
                <respStmt>
                    <resp>Transcrição</resp>
                    <name>Pablo Javier Pérez López</name>
                </respStmt>
                <respStmt>
                    <resp>Transcrição</resp>
                    <name>Jorge Uribe</name>
                </respStmt>
                <respStmt>
                    <resp>Codificação, Modelagem de dados</resp>
                    <name>Ulrike Henny-Krahmer</name>
                </respStmt>
                <respStmt>
                    <resp>Codificação</resp>
                    <name>Isabel Figueiredo-Iken</name>
                </respStmt>
                <respStmt>
                    <resp>Codificação</resp>
                    <name>Sviatoslav Drach</name>
                </respStmt>
                <respStmt>
                    <resp>Consultoria</resp>
                    <name>Institut für Dokumentologie und Editorik (IDE)</name>
                </respStmt>
            </titleStmt>
            <publicationStmt>
                <publisher>Universidade Nova de Lisboa, Instituto de Estudos de Literatura e
                    Tradição (IELT)</publisher>
                <publisher>Cologne Center for eHumanities (CCeH)</publisher>
                <date>2016</date>
                <availability>
                    <licence target="http://creativecommons.org/licenses/by/3.0/"/>
                </availability>
                <idno type="filename">BNP_E3_7-29r.xml</idno>
            </publicationStmt>
            <sourceDesc>
                <msDesc>
                    <msIdentifier>
                        <institution>Biblioteca Nacional de Portugal</institution>
                        <idno>BNP/E3 7-29r</idno>
                    </msIdentifier>
                    <msContents>
                        <summary>
                            <p> Lista manuscrita no verso de um impresso de «Proposta para
                                Hypotheca», publicada em <hi rend="italic">Livro do Desasocego</hi>
                                (2010, 468). </p>
                        </summary>
                        <msItemStruct>
                            <author>
                                <rs type="name" key="FP">Fernando Pessoa</rs>
                            </author>
                            <note type="genre">
                                <rs type="genre" key="lista_editorial">Lista editorial</rs>
                            </note>
                            <textLang mainLang="pt" otherLangs="fr"/>
                        </msItemStruct>
                    </msContents>
                    <history>
                        <origin>
                            <p>
                                <origDate when="1913" cert="medium">c. 1913</origDate>
                            </p>
                        </origin>
                    </history>
                </msDesc>
            </sourceDesc>
        </fileDesc>
    </teiHeader>
    <facsimile>
        <graphic
            url="bn-acpc-e-e3-7-1-50_JPG_24-C-R0150/bn-acpc-e-e3-7-1-50_0059_29_t24-C-R0150.jpg"/>
    </facsimile>
    <text>
        <body>
            <list>
                <item> — 2 idéas para o <rs type="title">
                        <choice>
                            <abbr>L<am>.</am>
                            </abbr>
                            <expan>L<ex>ivro</ex>
                            </expan>
                        </choice> do <choice>
                            <abbr>Des<am>.</am>
                            </abbr>
                            <expan>Des<ex>asocego</ex>
                            </expan>
                        </choice>
                    </rs>
                </item>
                <metamark rend="line-14" function="distinct"/>
                <item>— Voto – Democracia – <seg>
                        <choice>
                            <abbr>Arist</abbr>
                            <expan>Arist<ex>ocracia</ex>
                            </expan>
                        </choice> (critica) <add place="below" n="2">como se passa de uma idéa de
                            aristocracia a outra</add>
                    </seg>
                </item>
                <metamark rend="line-14" function="distinct"/>
                <item>— Patriotismo: deveres dos estadistas</item>
                <metamark rend="line-14" function="distinct"/>
                <item rend="indent-2">
                    <rs type="name" key="P50"><choice>
                            <abbr>J<am>.</am>
                            </abbr>
                            <expan>J<ex>esus</ex>
                            </expan>
                        </choice>
                        <choice>
                            <abbr>C<am>.</am>
                            </abbr>
                            <expan>C<ex>hristo</ex>
                            </expan>
                        </choice></rs> – um blagueur – as provas...<lb/> Cf. 4 <rs type="name"
                        key="P32">
                        <choice>
                            <abbr>O<am>.</am>
                            </abbr>
                            <expan>O<ex>scar</ex>
                            </expan>
                        </choice> Wilde</rs>
                </item>
                <metamark rend="line-14" function="distinct"/>
                <item>Crime patriotico – o canalha</item>
                <metamark rend="line-14" function="distinct"/>
            </list>
        </body>
    </text>
</TEI>
