<?xml version="1.0" encoding="UTF-8"?>
<?xml-model href="../schema/pessoaTEI.rng" type="application/xml" schematypens="http://relaxng.org/ns/structure/1.0"?>
<TEI xmlns="http://www.tei-c.org/ns/1.0">
   <teiHeader>
      <fileDesc>
         <titleStmt>
            <title>BNP/E3 93-89<hi rend="superscript">r</hi></title>
            <author>
               <rs type="name" key="FP">Fernando Pessoa</rs>
            </author>
            <respStmt>
               <resp>Transcrição, Edição</resp>
               <name>Pedro Sepúlveda</name>
            </respStmt>
            <respStmt>
               <resp>Codificação, Modelagem de dados</resp>
               <name>Ulrike Henny-Krahmer</name>
            </respStmt>
            <respStmt>
               <resp>Codificação</resp>
               <name>Isabel Figueiredo-Iken</name>
            </respStmt>
            <respStmt>
               <resp>Codificação</resp>
               <name>Sviatoslav Drach</name>
            </respStmt>
            <respStmt>
               <resp>Consultoria</resp>
               <name>Institut für Dokumentologie und Editorik (IDE)</name>
            </respStmt>
         </titleStmt>
         <publicationStmt>
            <publisher>Universidade Nova de Lisboa, Instituto de Estudos de Literatura e Tradição
               (IELT)</publisher>
            <publisher>Cologne Center for eHumanities (CCeH)</publisher>
            <date>2017</date>
            <availability>
               <licence target="http://creativecommons.org/licenses/by/3.0/"/>
            </availability>
            <idno type="filename">BNP_E3_93-89r.xml</idno>
         </publicationStmt>
         <sourceDesc>
            <msDesc>
               <msIdentifier>
                  <institution>Biblioteca Nacional de Portugal</institution>
                  <idno>BNP/E3 93-89r</idno>
               </msIdentifier>
               <msContents>
                  <summary>
                     <p>Lista datilografada, com acrescentos manuscritos.</p>
                  </summary>
                  <msItemStruct>
                     <author>
                        <rs type="name" key="FP">Fernando Pessoa</rs>
                     </author>
                     <note type="genre">
                        <rs type="genre" key="lista_editorial">Lista editorial</rs>
                     </note>
                     <textLang mainLang="en" otherLangs="pt"/>
                  </msItemStruct>
               </msContents>
               <history>
                  <origin>
                     <p>
                        <origDate>?</origDate>
                     </p>
                  </origin>
               </history>
            </msDesc>
         </sourceDesc>
      </fileDesc>
   </teiHeader>
   <facsimile>
      <graphic
         url="bn-acpc-e-e3-93-1-100_JPG_24-C-R0150/bn-acpc-e-e3-93-1-100_0185_89_t24-C-R0150.jpg"/>
   </facsimile>
   <text>
      <body>
         <div>
            <head> ENGLISH ANTHOLOGY: </head>
            <p><note place="right">some poems to be<lb/> included:</note></p>
            <p>Saintsbury, Book VI.</p>
            <list>
               <item><label>I.</label><rs type="name" key="P65">Shakespeare</rs>: <supplied resp="PS"
                     reason="omitted-in-original"/></item>
               <item><label>II.</label><rs type="name" key="P118"> Ben Jonson</rs>
                  <supplied resp="PS" reason="omitted-in-original"/></item>
               <item><rs type="name" key="P329"> Beaumont</rs> and <rs type="name" key="P342">Fletcher</rs>: “<rs type="title">Roses, their sharp spines being
                  gone...</rs>” and others <supplied resp="PS" reason="omitted-in-original"/></item>
               <item><rs type="name" key="P330"> Chapman </rs><supplied resp="PS"
                     reason="omitted-in-original"/></item>
               <item><rs type="name" key="P331"> Marston </rs><supplied resp="PS"
                     reason="omitted-in-original"/></item>
               <item><rs type="name" key="P332"> Dekker</rs>: “<rs type="title">Cold’s the wind and wet’s the rain</rs>”
                  <label>“<rs type="title">Fortune’s smiles, cry Holiday</rs>”</label>
                  <label>“<rs type="title">Art thou poor yet hast thou golden slumbers</rs>”</label>
                  <label>“<rs type="title">Cast away care</rs>” <supplied resp="PS" reason="omitted-in-original"
                        />(mentioned)<supplied resp="PS" reason="omitted-in-original"
                  /></label></item>
               <item><rs type="name" key="P333"> Middleton</rs>: <supplied resp="PS"
                     reason="omitted-in-original"/></item>
               <item><rs type="name" key="P120"> Webster</rs>: <supplied resp="PS"
                     reason="omitted-in-original"/></item>
               <note>dramatic piece cited</note>
               <item><rs type="name" key="P334"> Heywood</rs>: <supplied resp="PS"
                     reason="omitted-in-original"/></item>
               <item><rs type="name" key="P335">Day</rs>: <supplied resp="PS" reason="omitted-in-original"/></item>
               <item><rs type="name" key="P336"> Tourneur</rs>:<supplied resp="PS"
                     reason="omitted-in-original"/>
               </item>
               <item><rs type="name" key="P337"> Rowley</rs>:<supplied resp="PS" reason="omitted-in-original"
                  />
               </item>
               <metamark rend="dotted line" function="distinct"/>
               <item><label>III.</label>(celebrated sonnet) “<rs type="title">Fair stood the wind for France</rs>
                     <supplied resp="PS" reason="omitted-in-original"/>
               </item>
               <item><label>Daniel: </label>Lyrics in choruses of plays and in his masque<lb/>
                  “<rs type="title">Hymen’s Triumph</rs>”</item>
               <item>Sylvester: <supplied resp="PS" reason="omitted-in-original"/>
               </item>
               <item><label><rs type="name" key="P340">Sir John Davies</rs>: </label> (from “<rs type="title">Nosce te
                  ipsum</rs>”)</item>
               <item><rs type="name" key="P329">Beaumont</rs>:<supplied resp="PS"
                     reason="omitted-in-original"/>
               </item>
               <item><rs type="name" key="P341">Campion</rs>: (many, none mentioned by name)</item>
               <item><hi rend="underline"><rs type="name" key="P342">Giles Fletcher</rs></hi> (Extrait from a
                  narrative from “<rs type="title">Love is the blossom where there blows</rs>”)</item>
               <item><hi rend="underline">Phineas</hi>
                  <metamark rend="line" function="ditto"/>:<supplied resp="PS"
                     reason="omitted-in-original"/></item>
               <item><choice>
                     <abbr>W<am>.</am></abbr>
                     <expan>W<ex>illiam</ex></expan>
               </choice><rs type="name" key="P343">Browne</rs>: “<rs type="title">Steer hither, steer...</rs>” (From “<rs type="title">Inner <lb/>Temple Masque</rs>”)</item>
               <item><choice>
                     <abbr>Geo<am>.</am></abbr>
                     <expan>Geo<ex>rge</ex></expan>
               </choice> <rs type="name" key="P343">Wither</rs>: “<rs type="title">Shall I, wasting in despair</rs>” ... (e talvez<lb/> mais)</item>
               <item><hi rend="underline"><rs type="name" key="P118">Ben Jonson</rs></hi>:(<choice>
                     <abbr>S<am>.</am></abbr>
               </choice> mentions: “<rs type="title">To Celia</rs>”, the epitaphs <supplied resp="PS"
                  reason="omitted-in-original"/> “<rs type="title">Not to know<lb/> vice</rs>” (epode), the “Charis”
                  collection, “<rs type="title">Oh, do not wanton with <lb/>those eyes</rs>”, the<gap reason="illegible"
                     extent="1" unit="word"/> in <gap reason="illegible" extent="2" unit="word"
                  />stanza.</item>
               <item><hi rend="underline"><rs type="name" key="P345">John Downe</rs></hi>: <supplied
                     resp="PS" reason="omitted-in-original"/> ... (name mentioned).</item>
            </list>
            <metamark rend="line" function="distinct"/>
            <gap reason="selection" unit="lines" extent="3"/>
         </div>
      </body>
   </text>
</TEI>
