﻿<?xml version="1.0" encoding="UTF-8"?>
<?xml-model href="../schema/pessoaTEI.rng" type="application/xml" schematypens="http://relaxng.org/ns/structure/1.0"?>
<TEI xmlns="http://www.tei-c.org/ns/1.0">
   <teiHeader>
      <fileDesc>
         <titleStmt>
            <title>BNP/E3 120-23<hi rend="superscript">r</hi>
            </title>
            <author>
               <rs type="name" key="FP">Fernando Pessoa</rs>
            </author>
            <respStmt>
               <resp>Transcrição, Edição</resp>
               <name>Pedro Sepúlveda</name>
            </respStmt>
            <respStmt>
               <resp>Modelagem de dados, Codificação</resp>
               <name>Ulrike Henny-Krahmer</name>
            </respStmt>
            <respStmt>
               <resp>Codificação</resp>
               <name>Sviatoslav Drach</name>
            </respStmt>
            <respStmt>
               <resp>Codificação</resp>
               <name>Ana Leonor Branco</name>
            </respStmt>
         </titleStmt>
         <publicationStmt>
            <publisher>Universidade Nova de Lisboa, Instituto de Estudos de Literatura e Tradição
               (IELT)</publisher>
            <publisher>Cologne Center for eHumanities (CCeH)</publisher>
            <date>2017</date>
            <availability status="restricted">
               <licence target="http://creativecommons.org/licenses/by/3.0/"/>
            </availability>
            <idno type="filename">BNP_E3_120-23r.xml</idno>
         </publicationStmt>
         <sourceDesc>
            <msDesc>
               <msIdentifier>
                  <institution>Biblioteca Nacional de Portugal</institution>
                  <idno>BNP/E3 120-23r</idno>
               </msIdentifier>
               <msContents>
                  <summary>
                     <p> Lista manuscrita no verso de papel impresso de «Sobre um manifesto de
                        estudantes», panfleto publicado em 1923. Encontra-se na mesma página um esboço do
                        poema que começa por «Vae leve a sombra», datado em BNP 120-24r de «3/8/1930» (<hi
                           rend="italic">cf</hi>. PFP-II, 180-182). </p>
                  </summary>
                  <msItemStruct>
                     <author>
                        <rs type="name" key="FP">Fernando Pessoa</rs>
                     </author>
                     <note type="genre">
                        <rs type="genre" key="lista_editorial">Lista editorial</rs>
                     </note>
                     <textLang mainLang="pt"/>
                  </msItemStruct>
               </msContents>
               <history>
                  <origin>
                     <p>
                        <origDate when="1930-08-03">c. 3-8-1930</origDate>
                     </p>
                  </origin>
               </history>
            </msDesc>
         </sourceDesc>
      </fileDesc>
   </teiHeader>
   <facsimile>
      <graphic
         url="bn-acpc-e-e3-120-1-55_JPG_24-C-R0150/bn-acpc-e-e3-120-1-55_0045_23_t24-C-R0150.jpg"/>
   </facsimile>
   <text>
      <body>
         <div>
            <list>
               <item>
                  <label>1.</label>
                  <rs type="title">O Homem e a Cobra</rs>. </item>
               <item>
                  <label>2.</label>
                  <rs type="title">O Valle do Desasocego</rs>. (?) </item>
               <item>
                  <label>3.</label>
                  <rs type="title">De como <rs type="name" key="P12" style="b">Napoleão</rs>...</rs>
               </item>
               <item>
                  <label>4.</label>
                  <rs type="title">
                     <subst>
                        <del rend="overwritten" n="1">A</del>
                        <add n="2">O</add>
                     </subst>
                     <subst>
                        <del rend="overstrike" n="1">Agua</del>
                        <add place="above" n="2">Segredo</add>
                     </subst> de Tse-i-la</rs>. </item>
               <item>
                  <label>5.</label>
                  <rs type="title">Carta do <rs type="name" key="P222">
                        <choice>
                           <abbr>M<hi rend="superscript">z</hi></abbr>
                           <expan>M<ex>arquez</ex></expan>
                        </choice> de Pombal</rs></rs>. </item>
               <item>
                  <label>6.</label>
                  <rs type="title">Miscellanea</rs> – I, II, etc. </item>
            </list>
         </div>
      </body>
   </text>
</TEI>
