<?xml version="1.0" encoding="UTF-8"?>
<?xml-model href="../schema/pessoaTEI.rng" type="application/xml" schematypens="http://relaxng.org/ns/structure/1.0"?>
<TEI xmlns="http://www.tei-c.org/ns/1.0">
   <teiHeader>
      <fileDesc>
         <titleStmt>
            <title>BNP/E3 66C-30<hi rend="superscript">r</hi></title>
            <author>
               <rs type="person" key="FP">Fernando Pessoa</rs>
            </author>
            <respStmt>
               <resp>Transcrição, Edição</resp>
               <name>Pedro Sepúlveda</name>
            </respStmt>
            <respStmt>
               <resp>Transcrição</resp>
               <name>Pablo Javier Pérez López</name>
            </respStmt>
            <respStmt>
               <resp>Codificação, Modelagem de dados</resp>
               <name>Ulrike Henny</name>
            </respStmt>
            <respStmt>
               <resp>Codificação</resp>
               <name>Isabel Figueiredo-Iken</name>
            </respStmt>
            <respStmt>
               <resp>Codificação</resp>
               <name>Sviatoslav Drach</name>
            </respStmt>
            <respStmt>
               <resp>Consultoria</resp>
               <name>Institut für Dokumentologie und Editorik (IDE)</name>
            </respStmt>
         </titleStmt>
         <publicationStmt>
            <publisher>Universidade Nova de Lisboa, Instituto de Estudos de Literatura e Tradição
               (IELT)</publisher>
            <publisher>Cologne Center for eHumanities (CCeH)</publisher>
            <date>2016</date>
            <availability>
               <licence target="http://creativecommons.org/licenses/by/3.0/"/>
            </availability>
            <idno type="filename">BNP_E3_66C-30r.xml</idno>
         </publicationStmt>
         <sourceDesc>
            <msDesc xml:id="M1" type="structured">
               <msIdentifier>
                  <institution>Biblioteca Nacional de Portugal</institution>
                  <idno>BNP/E3 66C-30r</idno>
               </msIdentifier>
               <msContents>
                  <msItemStruct>
                     <author>
                        <rs type="person" key="FP">Fernando Pessoa</rs>
                     </author>
                     <note type="genre">
                        <rs type="genre" key="lista_editorial">Lista editorial</rs>
                     </note>
                     <textLang mainLang="pt"/>
                  </msItemStruct>
               </msContents>
               <history>
                  <origin>
                     <p>
                        <origDate when="1913" cert="medium">c. 1913</origDate>
                     </p>
                  </origin>
               </history>
            </msDesc>
            <msDesc corresp="#M1" type="prose">
               <msIdentifier/>
               <p> Lista manuscrita, publicada em <hi rend="italic">Fausto. Tragédia Subjectiva
                     (fragmentos)</hi> (1988, 201). </p>
            </msDesc>
         </sourceDesc>
      </fileDesc>
   </teiHeader>
   <facsimile>
      <graphic
         url="bn-acpc-e-e3-66c-1-100_JPG_24-C-R0150/bn-acpc-e-e3-66c-1-100_0063_30_t24-C-R0150.jpg"
      />
   </facsimile>
   <text>
      <body>
         <div>
            <list>
               <item><label>1.</label>
                  <rs type="text">As sete salas do Palacio Abandonado</rs>.</item>
               <item><label>2.</label>
                  <rs type="text">Auréola (Poemas)</rs>.</item>
               <item><label>3.</label>
                  <rs type="work" key="O1-13"><rs type="text">Episodios</rs></rs>.</item>
               <item><label>4.</label>
                  <rs type="work" key="O1-15"><rs type="text">Gladio</rs></rs>. (Portugal).</item>
               <item>
                  <label>5.</label>
                  <seg xml:id="A1">
                     <rs type="text">Manhã de Nevoa</rs>
                     <metamark rend="cross" function="doubt" place="below" target="#A1"/>
                  </seg> (poesias sebastianistas). </item>
               <metamark rend="line" function="distinct"/>
               <gap reason="selection" unit="line" extent="2"/>
               <metamark rend="line" function="distinct"/>
               <item><label>6.</label>
                  <rs type="text">Trilogia dos Gigantes</rs>.</item>
               <item><label>7.</label>
                  <rs type="text"><rs type="person" key="P92">Fausto</rs></rs>.</item>
               <item><label>8.</label>
                  <rs type="text"><rs type="person" key="P47">Inez de Castro</rs></rs>.</item>
            </list>
            <gap reason="selection"/>
         </div>
      </body>
   </text>
</TEI>
