<?xml version="1.0" encoding="UTF-8"?>
<?xml-model href="../schema/pessoaTEI.rng" type="application/xml" schematypens="http://relaxng.org/ns/structure/1.0"?>
<TEI xmlns="http://www.tei-c.org/ns/1.0">
   <teiHeader>
      <fileDesc>
         <titleStmt>
            <title>BNP/E3 178<hi rend="superscript">r</hi></title>
            <author>
               <rs type="name" key="FP">Fernando Pessoa</rs>
            </author>
            <respStmt>
               <resp>Transcrição, Edição</resp>
               <name>Pedro Sepúlveda</name>
            </respStmt>
            <respStmt>
               <resp>Codificação, Modelagem de dados</resp>
               <name>Ulrike Henny-Krahmer</name>
            </respStmt>
            <respStmt>
               <resp>Codificação</resp>
               <name>Isabel Figueiredo-Iken</name>
            </respStmt>
            <respStmt>
               <resp>Codificação</resp>
               <name>Sviatoslav Drach</name>
            </respStmt>
            <respStmt>
               <resp>Consultoria</resp>
               <name>Institut für Dokumentologie und Editorik (IDE)</name>
            </respStmt>
         </titleStmt>
         <publicationStmt>
            <publisher>Universidade Nova de Lisboa, Instituto de Estudos de Literatura e Tradição
               (IELT)</publisher>
            <publisher>Cologne Center for eHumanities (CCeH)</publisher>
            <date>2017</date>
            <availability status="restricted">
               <licence target="http://creativecommons.org/licenses/by/3.0/"/>
            </availability>
            <idno type="filename">BNP_E3_178r.xml</idno>
         </publicationStmt>
         <sourceDesc>
            <msDesc>
               <msIdentifier>
                  <institution>Biblioteca Nacional de Portugal</institution>
                  <idno>BNP/E3 178r</idno>
               </msIdentifier>
               <msContents>
                  <summary>
                     <p>Lista datilografada.</p>
                  </summary>
                  <msItemStruct>
                     <author>
                        <rs type="name" key="FP">Fernando Pessoa</rs>
                     </author>
                     <note type="genre">
                        <rs type="genre" key="lista_editorial">Lista editorial</rs>
                     </note>
                     <textLang mainLang="pt" otherLangs="en"/>
                  </msItemStruct>
               </msContents>
               <history>
                  <origin>
                     <p>
                        <origDate from="1928" to="1935">1928-1935</origDate>
                     </p>
                  </origin>
               </history>
            </msDesc>
         </sourceDesc>
      </fileDesc>
   </teiHeader>
   <facsimile>
      <graphic
         url="bn-acpc-e-e3-167-186_JPG_24-C-R0150/bn-acpc-e-e3-167-186_0025_178_t24-C-R0150.jpg"/>
   </facsimile>
   <text>
      <body>
         <div>
            <head>
               <hi rend="underline"><rs type="title">Os Grandes<lb/> Contos de Horror e de
                     Angustia</rs>.</hi>
               <note place="margin-right">(series)</note>
            </head>
            <metamark rend="line-44" function="distinct"/>
            <table>
               <row>
                  <cell>256 <abbr>pp<am>.</am></abbr></cell>
                  <cell>Papel vergé ..........................</cell>
                  <cell rend="right">1200</cell>
                  <cell/>
               </row>
               <row>
                  <cell>2000 <choice>
                        <abbr>ex<am>.</am></abbr>
                        <expan>ex<ex>emplares</ex></expan>
                     </choice></cell>
                  <cell><choice>
                        <abbr>Comp<am>.</am></abbr>
                        <expan>Comp<ex>osição</ex></expan>
                     </choice> e <choice>
                        <abbr>imp<am>.</am></abbr>
                        <expan>imp<ex>ressão</ex></expan>
                     </choice> 150$x16/2000</cell>
                  <cell rend="right">1200</cell>
                  <cell/>
               </row>
               <row>
                  <cell/>
                  <cell>Papel de capa ..........................</cell>
                  <cell rend="right">50</cell>
                  <cell/>
               </row>
               <row>
                  <cell/>
                  <cell><choice>
                        <abbr>Comp<am>.</am></abbr>
                        <expan>Comp<ex> osição</ex></expan>
                     </choice> e <choice>
                        <abbr>imp<am>.</am></abbr>
                        <expan>imp<ex>ressão</ex></expan>
                     </choice> da capa .............</cell>
                  <cell rend="right">50</cell>
                  <cell/>
               </row>
               <row>
                  <cell/>
                  <cell>Brochura ..........................</cell>
                  <cell rend="right">200</cell>
                  <cell/>
               </row>
               <row>
                  <cell/>
                  <cell/>
                  <cell rend="right">
                     <metamark function="sum" rend="line-44"/> 2500 </cell>
                  <cell>por <choice>
                        <abbr>ex<am>.</am></abbr>
                        <expan>ex<ex>emplar</ex></expan>
                     </choice></cell>
               </row>
            </table>
            <p rend="indent-1">para vender a 10$00</p>
            <metamark rend="line-44" function="distinct"/>
            <list>
               <item>
                  <label>1.</label>
                  <rs type="name" key="P87">Edgar Poe</rs>, “<rs type="title">O Barril de
                     Amontillado</rs>”. </item>
               <item>
                  <label>2.</label>
                  <rs type="name" key="P350">Villiers de l’Isla Adam</rs>, <rs type="title">“A
                     Tortura pela Esperança”.</rs>
               </item>
               <item>
                  <label>3.</label>
                  <rs type="name" key="P271"><choice>
                        <abbr>H<am>.</am></abbr>
                     </choice><choice>
                        <abbr>G<am>.</am></abbr>
                     </choice>Wells</rs>, <rs type="title"> “O Cone”.</rs>
               </item>
               <item>
                  <label>4.</label>
                  <rs type="name" key="P105"><choice>
                        <abbr>A<am>.</am></abbr>
                        <expan>A<ex>rthur</ex></expan>
                     </choice> Conan Doyle</rs>, “<supplied resp="PS" reason="omitted-in-original"
                  /></item>
               <item>
                  <label>5.</label>
                  <rs type="name" key="P347"><choice>
                        <abbr>W<am>.</am></abbr>
                     </choice>
                     <choice>
                        <abbr>W<am>.</am></abbr>
                     </choice> Jacobs</rs>, <rs type="title">“A Mão do Macaco”.</rs>
               </item>
               <item>
                  <label>6.</label>
                  <rs type="name" key="P351">Robert Hichens</rs>, “<rs type="title">Como o Amor veio
                     ao <choice>
                        <abbr>Prof<am>.</am></abbr>
                        <expan>Prof<ex>essor</ex></expan>
                     </choice>Guildea</rs>”. </item>
               <item>
                  <label>7.</label>
                  <rs type="name" key="P352">Algernon Blackwood</rs>, <supplied resp="PS"
                     reason="omitted-in-original"/>
               </item>
               <item>
                  <label>8.</label>
                  <supplied resp="PS" reason="omitted-in-original"/>
               </item>
            </list>
            <metamark rend="line-44" function="distinct"/>
            <p>256 <abbr>pp<am/>.</abbr> in 2 months, 128 <abbr>pp<am/>.</abbr> per month, <choice>
                  <abbr>ab<am>.</am></abbr>
                  <expan>ab<ex>out</ex></expan>
               </choice> 5 per day.</p>
         </div>
      </body>
   </text>
</TEI>
