<?xml version="1.0" encoding="UTF-8"?> 
<?xml-model href="../schema/pessoaTEI.rng" type="application/xml" schematypens="http://relaxng.org/ns/structure/1.0"?>
<TEI xmlns="http://www.tei-c.org/ns/1.0">
    <teiHeader>
        <fileDesc>
            <titleStmt>
                <title>BNP/E3 71A-2<hi rend="superscript">v</hi></title>
                <author>
                    <rs type="person" key="FP">Fernando Pessoa</rs>
                </author>
                <respStmt>
                    <resp>Transcrição, Edição</resp>
                    <name>Pedro Sepúlveda</name>
                </respStmt>
                <respStmt>
                    <resp>Transcrição</resp>
                    <name>Pablo Javier Pérez López</name>
                </respStmt>
                <respStmt>
                    <resp>Transcrição</resp>
                    <name>Jorge Uribe</name>
                </respStmt>
                <respStmt>
                    <resp>Codificação, Modelagem de dados</resp>
                    <name>Ulrike Henny</name>
                </respStmt>
                <respStmt>
                    <resp>Codificação</resp>
                    <name>Isabel Figueiredo-Iken</name>
                </respStmt>
                <respStmt>
                    <resp>Codificação</resp>
                    <name>Sviatoslav Drach</name>
                </respStmt>
                <respStmt>
                    <resp>Consultoria</resp>
                    <name>Institut für Dokumentologie und Editorik (IDE)</name>
                </respStmt>
            </titleStmt>
            <publicationStmt>
                <publisher>Universidade Nova de Lisboa, Instituto de Estudos de Literatura e
                    Tradição (IELT)</publisher>
                <publisher>Cologne Center for eHumanities (CCeH)</publisher>
                <date>2016</date>
                <availability>
                    <licence target="http://creativecommons.org/licenses/by/3.0/"/>
                </availability>
                <idno type="filename">BNP_E3_71A-2v.xml</idno>
            </publicationStmt>
            <sourceDesc>
                <msDesc xml:id="M1" type="structured">
                    <msIdentifier>
                        <institution>Biblioteca Nacional de Portugal</institution>
                        <idno>BNP/E3 71A-2v</idno>
                    </msIdentifier>
                    <msContents>
                        <msItemStruct>
                            <author>
                                <rs type="person" key="FP">Fernando Pessoa</rs>
                            </author>
                            <note type="genre">
                                <rs type="genre" key="lista_editorial">Lista editorial</rs>
                            </note>
                            <textLang mainLang="pt" otherLangs="en fr"/>
                        </msItemStruct>
                    </msContents>
                    <history>
                        <origin>
                            <p>
                                <origDate from="1915" to="1916" cert="medium">c. 1915-1916</origDate>
                            </p>
                        </origin>
                    </history>
                </msDesc>
                <msDesc corresp="#M1" type="prose">
                    <msIdentifier/>
                    <p> Lista manuscrita, publicada em <hi rend="italic">Pessoa por Conhecer</hi>
                        (1990, II, 486-487). </p>
                </msDesc>
                <msDesc corresp="#M1" type="prose">
                    <msIdentifier/>
                    <p>Lista manuscrita a tinta preta. Publicada em AM, 166-167.</p>
                    <p>A datação desta lista é difícil, porém, o seu enquadramento cronológico é
                        significativo, porque apresenta uma visão esquemática da simultaneidade de
                            <hi rend="italic">ismos</hi> sob os quais Pessoa compreendeu, a dada
                        altura, a sua produção literária. É possível que se trate de um documento
                        redigido após a publicação do segundo número do <hi rend="italic"
                            >Orpheu</hi>, em Junho de 1915, porque a posição de Campos enquanto
                        único membro de um movimento literário teve vigência sobretudo nesse
                        período. Em Abril de 1916, Pessoa publicou o texto <hi rend="italic">O
                            Movimento Sensacionista</hi>, colocando termo à aventura
                        interseccionista, ainda contemplada nesta lista.</p>
                </msDesc>
            </sourceDesc>
        </fileDesc>
    </teiHeader>
    <facsimile>
        <graphic
            url="bn-acpc-e-e3-71a-1-64_JPG_24-C-R0150/bn-acpc-e-e3-71a-1-64_0004_2v_t24-C-R0150.jpg"
        />
    </facsimile>
    <text>
        <body>
            <div>
                <list>
                    <head><hi rend="underline">Neo-paganismo</hi><note type="addition" place="right"
                            >(Neo-/naturalismo/)</note></head>
                    <item>
                        <label>
                            <seg><hi rend="underline"><rs type="person" key="RR" role="author"
                                        >Ricardo Reis</rs></hi>: <add place="below">(ou <rs
                                        type="person" key="P1" style="b"><hi rend="underline"
                                            >Antonio Mora</hi></rs>)</add></seg>
                        </label>
                        <rs type="text">O Regresso dos Deuses, e outros<lb/>estudos
                        neo-pagãos</rs>.<lb/> (a <choice>
                            <abbr>vol</abbr>
                            <expan>vol<ex>ume</ex></expan>
                        </choice> like <rs type="person" key="P78">André Beaunier</rs>’s <rs
                            type="text"><hi rend="underline">La poésie nouvelle</hi></rs>). </item>
                    <item>
                        <label>
                            <hi rend="underline"><rs type="person" key="AC" role="author">Alberto
                                    Caeiro</rs></hi>: </label>
                        <rs type="work" key="O2" style="b"><rs type="text">O Guardador de
                                Rebanhos</rs></rs>. </item>
                    <item>
                        <label>
                            <choice>
                                <abbr>
                                    <metamark rend="quotes" function="ditto"/>
                                </abbr>
                                <expan><hi rend="underline"><rs type="person" key="AC" role="author"
                                            >Alberto Caeiro</rs></hi></expan>
                            </choice>: </label>
                        <rs type="work" key="O2" style="c"><rs type="text">O Pastor
                            Amoroso</rs></rs>. </item>
                    <item>
                        <label>
                            <hi rend="underline"><rs type="person" key="P1" style="a">Antonio
                                    Móra</rs>:</hi>
                        </label>
                        <rs type="text">Introducção ao estudo da<lb/>metaphysica</rs>. </item>
                    <item>
                        <label>
                            <hi rend="underline"><rs type="person" key="RR" role="author">Ricardo
                                    Reis</rs></hi>: </label>
                        <rs type="work" key="O3" style="b"><rs type="text">Odes, <choice>
                                    <abbr>liv<am>.</am></abbr>
                                    <expan>liv<ex>ros</ex>
                                    </expan>
                                </choice>I a IV</rs></rs>. </item>
                </list>
                <list>
                    <head><hi rend="underline">Sensacionismo</hi></head>
                    <item>
                        <label>
                            <hi rend="underline"><rs type="person" key="AdC" role="author">Alvaro de
                                    Campos</rs></hi>: </label>
                        <rs type="work" key="O4" style="b"><rs type="text">Arco de Triumpho
                                –<lb/>cinco <seg>odes <note place="below">apotheoses em
                                        verso.</note></seg></rs></rs><lb/> (“Ao mestre – <rs
                            type="person" key="AC" role="topic">Alberto Caeiro</rs>”) </item>
                </list>
                <list>
                    <head><hi rend="underline">Interseccionismo</hi></head>
                    <item>
                        <label>
                            <hi rend="underline"><rs type="person" key="P30">Mario de
                                    Sá-Carneiro</rs>:</hi>
                        </label>
                        <rs type="text">A Confissão de Lucio</rs>. </item>
                    <item>
                        <label>
                            <choice>
                                <abbr>
                                    <metamark rend="quotes" function="ditto"/>
                                </abbr>
                                <expan><hi rend="underline"><rs type="person" key="P30">Mario de
                                            Sá-Carneiro</rs></hi></expan>
                            </choice>: </label>
                        <rs type="text">Dispersão</rs>. </item>
                    <item>
                        <label>
                            <choice>
                                <abbr>
                                    <metamark rend="quotes" function="ditto"/>
                                </abbr>
                                <expan><hi rend="underline"><rs type="person" key="P30">Mario de
                                            Sá-Carneiro</rs></hi></expan>
                            </choice>: </label>
                        <rs type="text">Céu em fôgo</rs>. </item>
                    <item>
                        <label>
                            <choice>
                                <abbr>
                                    <metamark rend="quotes" function="ditto"/>
                                </abbr>
                                <expan><hi rend="underline"><rs type="person" key="P30">Mario de
                                            Sá-Carneiro</rs></hi></expan>
                            </choice>: </label>
                        <rs type="text">Indicios de ouro</rs>. </item>
                </list>
                <list>
                    <item>
                        <label>
                            <hi rend="underline"><rs type="person" key="P36">Alfredo Pedro
                                    Guisado</rs>:</hi>
                        </label>
                        <rs type="text">Distancia</rs>. </item>
                    <item>
                        <label>
                            <choice>
                                <abbr>
                                    <metamark rend="quotes" function="ditto"/>
                                </abbr>
                                <expan><hi rend="underline"><rs type="person" key="P36">Alfredo
                                            Pedro Guisado</rs></hi></expan>
                            </choice>: </label>
                        <rs type="text">Escadaria</rs>. </item>
                    <item>
                        <label>
                            <hi rend="underline"><rs type="person" key="FP" role="author" style="b"
                                    >Fernando Pessoa</rs>:</hi>
                        </label>
                        <rs type="work" key="O1-13"><rs type="text">Episodios</rs></rs>. </item>
                    <item>
                        <label>
                            <choice>
                                <abbr>
                                    <metamark rend="quotes" function="ditto"/>
                                </abbr>
                                <expan><hi rend="underline"><rs type="person" key="FP" role="author"
                                            style="b">Fernando Pessoa</rs></hi></expan>
                            </choice>: </label>
                        <rs type="text">Theatro estatico</rs>
                    </item>
                    <item>
                        <label>
                            <choice>
                                <abbr>
                                    <metamark rend="quotes" function="ditto"/>
                                </abbr>
                                <expan><hi rend="underline"><rs type="person" key="FP" role="author"
                                            style="b">Fernando Pessoa</rs></hi></expan>
                            </choice>: </label>
                        <rs type="text">Livro do Desassocego</rs>. </item>
                </list>
                <gap reason="selection" unit="line" extent="12"/>
            </div>
        </body>
    </text>
</TEI>
