<?xml version="1.0" encoding="UTF-8"?>
<?xml-model href="../schema/pessoaTEI.rng" type="application/xml" schematypens="http://relaxng.org/ns/structure/1.0"?>
<TEI xmlns="http://www.tei-c.org/ns/1.0">
   <teiHeader>
      <fileDesc>
         <titleStmt>
            <title>BNP/E3 48D-16</title>
            <author>
               <rs type="name" key="FP">Fernando Pessoa</rs>
            </author>
            <respStmt>
               <resp>Transcrição, Edição</resp>
               <name>Pedro Sepúlveda</name>
            </respStmt>
            <respStmt>
               <resp>Transcrição</resp>
               <name>Pablo Javier Pérez López</name>
            </respStmt>
            <respStmt>
               <resp>Codificação, Modelagem de dados</resp>
               <name>Ulrike Henny</name>
            </respStmt>
            <respStmt>
               <resp>Codificação</resp>
               <name>Isabel Figueiredo-Iken</name>
            </respStmt>
            <respStmt>
               <resp>Codificação</resp>
               <name>Sviatoslav Drach</name>
            </respStmt>
            <respStmt>
               <resp>Consultoria</resp>
               <name>Institut für Dokumentologie und Editorik (IDE)</name>
            </respStmt>
         </titleStmt>
         <publicationStmt>
            <publisher>Universidade Nova de Lisboa, Instituto de Estudos de Literatura e Tradição
               (IELT)</publisher>
            <publisher>Cologne Center for eHumanities (CCeH)</publisher>
            <date>2017</date>
            <availability>
               <licence target="http://creativecommons.org/licenses/by/3.0/"/>
            </availability>
            <idno type="filename">BNP_E3_48D-16.xml</idno>
         </publicationStmt>
         <sourceDesc>
            <msDesc>
               <msIdentifier>
                  <institution>Biblioteca Nacional de Portugal</institution>
                  <idno>BNP/E3 48D-16</idno>
               </msIdentifier>
               <msContents>
                  <summary>
                     <p> Lista manuscrita, publicada em Sepúlveda e Uribe, <hi rend="italic">O
                           planeamento editorial de Fernando Pessoa</hi> (2016, 167-168). </p>
                  </summary>
                  <msItemStruct>
                     <author>
                        <rs type="name" key="FP">Fernando Pessoa</rs>
                     </author>
                     <note type="genre"><rs type="genre" key="lista_editorial">Lista
                        editorial</rs></note>
                     <textLang mainLang="pt" otherLangs="en"/>
                  </msItemStruct>
               </msContents>
               <history>
                  <origin>
                     <p>
                        <origDate from="1932" to="1933" cert="medium">c. 1932-1933</origDate>
                     </p>
                  </origin>
               </history>
            </msDesc>
         </sourceDesc>
      </fileDesc>
   </teiHeader>
   <facsimile>
      <graphic
         url="bn-acpc-e-e3-48d-1-76_JPG_24-C-R0150/bn-acpc-e-e3-48d-1-76_0033_16_t24-C-R0150.jpg"/>
   </facsimile>
   <text>
      <body>
         <div>
            <list>
               <item><rs type="title">“Os Principaes Poemas de</rs>
                  <rs type="name" role="author" key="P87">Edgar Poe.</rs>”</item>
               <item><rs type="title">“A Tormenta”.</rs></item>
               <item><rs type="title">“Antonio.”</rs>
                  <rs type="name" role="author" key="P17">(Antonio Botto).</rs>
               </item>
               <item><rs type="title">“O Rubaiyat de </rs>
                  <rs type="name" role="author" key="P103">Omar Khayyam.”</rs></item>
               <item><rs type="title">“<rs type="name" key="P150">Hamlet</rs>, Principe da
                     Dinamarca.”</rs></item>
               <item><rs type="title">“Prometheu Preso”.</rs> (Eschylo).</item>
               <item><rs type="title">“Odes, I-II”</rs><rs type="name" key="RR" role="author"
                     >(Ricardo Reis) </rs>
               </item>
               <item><rs type="title">“Os melhores contos de <rs type="name" role="author" key="P87"
                        > Edgar Poe”</rs></rs> – I </item>
               <item><metamark rend="line-14" function="ditto"/> – II </item>
               <metamark rend="line-44" function="distinct"/>
               <item>(peça de <rs type="name" role="author" key="P7">Lord Dunsany</rs>).</item>
               <item>(peças de <rs type="name" role="author" key="P270"><choice>
                        <abbr>J<am>.</am></abbr>
                        <expan>J<ex>ohn</ex></expan>
                     </choice>
                     <choice>
                        <abbr>M<am>.</am></abbr>
                        <expan>M<ex>illington</ex></expan>
                     </choice>Synge</rs>).</item>
            </list>
         </div>
      </body>
   </text>
</TEI>
