<?xml version="1.0" encoding="UTF-8"?>
<?xml-model href="../schema/pessoaTEI.rng" type="application/xml" schematypens="http://relaxng.org/ns/structure/1.0"?>
<TEI xmlns="http://www.tei-c.org/ns/1.0">
   <teiHeader>
      <fileDesc>
         <titleStmt>
            <title>BNP/E3 144D<hi rend="superscript">2</hi>-25<hi rend="superscript">r</hi></title>
            <author>
               <rs type="name" key="FP">Fernando Pessoa</rs>
            </author>
            <respStmt>
               <resp>Transcrição, Edição</resp>
               <name>Pedro Sepúlveda</name>
            </respStmt>
            <respStmt>
               <resp>Codificação, Modelagem de dados</resp>
               <name>Ulrike Henny</name>
            </respStmt>
            <respStmt>
               <resp>Codificação</resp>
               <name>Isabel Figueiredo-Iken</name>
            </respStmt>
            <respStmt>
               <resp>Codificação</resp>
               <name>Sviatoslav Drach</name>
            </respStmt>
            <respStmt>
               <resp>Consultoria</resp>
               <name>Institut für Dokumentologie und Editorik (IDE)</name>
            </respStmt>
         </titleStmt>
         <publicationStmt>
            <publisher>Universidade Nova de Lisboa, Instituto de Estudos de Literatura e Tradição
               (IELT)</publisher>
            <publisher>Cologne Center for eHumanities (CCeH)</publisher>
            <date>2017</date>
            <availability>
               <licence target="http://creativecommons.org/licenses/by/3.0/"/>
            </availability>
            <idno type="filename">BNP_E3_144D2-25r.xml</idno>
         </publicationStmt>
         <sourceDesc>
            <msDesc>
               <msIdentifier>
                  <institution>Biblioteca Nacional de Portugal</institution>
                  <idno>BNP/E3 144D2-25r</idno>
               </msIdentifier>
               <msContents>
                  <summary>
                     <p>Lista manuscrita no caderno 144D<hi rend="superscript">2</hi> (cf. <ref
                        target="http://purl.pt/13880">http://purl.pt/13880</ref>).</p>
                  </summary>
                  <msItemStruct>
                     <author>
                        <rs type="name" key="FP">Fernando Pessoa</rs>
                     </author>
                     <note type="genre">
                        <rs type="genre" key="lista_editorial">Lista editorial</rs><rs type="genre"
                           key="plano_editorial">Plano editorial</rs>
                     </note>
                     <textLang mainLang="pt" otherLangs="en"/>
                  </msItemStruct>
               </msContents>
               <history>
                  <origin>
                     <p>
                        <origDate when="1913" cert="medium">c. 1913</origDate>
                     </p>
                  </origin>
               </history>
            </msDesc>
         </sourceDesc>
      </fileDesc>
   </teiHeader>
   <facsimile>
      <graphic url="bn-acpc-e-e3_144d2_JPG_24-C-R0150/bn-acpc-e-e3_144d2_0075_25r_t24-C-R0150.jpg"/>
   </facsimile>
   <text>
      <body>
         <div>
            <list>
               <item rend="indent-2">
                  <label><hi rend="underline"><rs type="title">Exilio</rs>.</hi></label> Poesias <hi
                     rend="underline">pequenas</hi>, de varia ordem,<lb/> excepto social, mystica
                     (<gap reason="illegible" unit="word" extent="1"/>)<lb/> e patriotica. </item>
               <item rend="indent-2">
                  <label><hi rend="underline"><rs type="work" key="O1-2"><rs type="title"
                           >Gladio</rs></rs>.</hi></label> Trez Partes I. <rs type="title"
                     >Portugal</rs>; II. Poe<pc>-</pc><lb/>sias <seg>de <gap reason="illegible"
                        unit="word" extent="1"/><add place="below" n="2"> e
                     patrioticas</add></seg>; III. Poesias de ordem <lb/> social, <gap
                     reason="illegible" unit="word" extent="1"/>. </item>
               <item rend="indent-2">
                  <label><hi rend="underline"><rs type="title">Aureola</rs>.</hi></label> Poesias
                  mais extensas, que podem ser <lb/>de qualquér especie, patriotica (Caravellas) ou
                     mera<pc>-</pc><lb/>mente artistica (Musica); e poesias mais<lb/> pequenas de
                  tom mystico e religioso. Mesmo <lb/>as poesias patrioticas devem ter um <gap
                     reason="illegible" unit="word" extent="1"/><lb/><gap reason="illegible"
                     unit="word" extent="1"/> e alta. (But remember <abbr>C<am>.</am></abbr>
                  <abbr>B<am>.</am></abbr> <abbr>G<am>.</am></abbr>
                  <lb/> no <hi rend="underline"><rs type="work" key="O1-2"><rs type="title"
                           >Gladio</rs></rs></hi>) </item>
            </list>
         </div>
      </body>
   </text>
</TEI>
