<?xml version="1.0" encoding="UTF-8"?>
<?xml-model href="../schema/pessoaTEI.rng" type="application/xml" schematypens="http://relaxng.org/ns/structure/1.0"?>
<TEI xmlns="http://www.tei-c.org/ns/1.0">
   <teiHeader>
      <fileDesc>
         <titleStmt>
            <title>BNP/E3 188-2<hi rend="superscript">r</hi></title>
            <author>
               <rs type="name" key="FP">Fernando Pessoa</rs>
            </author>
            <respStmt>
               <resp>Transcrição, Edição</resp>
               <name>Pedro Sepúlveda</name>
            </respStmt>
            <respStmt>
               <resp>Modelagem de dados, Codificação</resp>
               <name>Ulrike Henny-Krahmer</name>
            </respStmt>
            <respStmt>
               <resp>Codificação</resp>
               <name>Isabel Figueiredo-Iken</name>
            </respStmt>
            <respStmt>
               <resp>Codificação</resp>
               <name>Inês Filipa Rebelo do Carmo</name>
            </respStmt>
            <respStmt>
               <resp>Codificação</resp>
               <name>Sviatoslav Drach</name>
            </respStmt>
            <respStmt>
               <resp>Consultoria</resp>
               <name>Institut für Dokumentologie und Editorik (IDE)</name>
            </respStmt>
         </titleStmt>
         <publicationStmt>
            <publisher>Universidade Nova de Lisboa, Instituto de Estudos de Literatura e Tradição
               (IELT)</publisher>
            <publisher>Cologne Center for eHumanities (CCeH)</publisher>
            <date>2017</date>
            <availability status="free">
               <licence target="http://creativecommons.org/licenses/by/3.0/"/>
            </availability>
            <idno type="filename">BNP_E3_188-2r.xml</idno>
         </publicationStmt>
         <sourceDesc>
            <msDesc>
               <msIdentifier>
                  <institution>Biblioteca Nacional de Portugal</institution>
                  <idno>BNP/E3 188-2r</idno>
               </msIdentifier>
               <msContents>
                  <summary>
                     <p>Lista manuscrita em papel com marca de água «Parchment Wove».</p>
                  </summary>
                  <msItemStruct>
                     <author>
                        <rs type="name" key="FP">Fernando Pessoa</rs>
                     </author>
                     <note type="genre">
                        <rs type="genre" key="lista_editorial">Lista editorial</rs>
                     </note>
                     <textLang mainLang="pt" otherLangs="en"/>
                  </msItemStruct>
               </msContents>
               <history>
                  <origin>
                     <p>
                        <origDate from="1919" to="1920" cert="medium">c. 1919-1920</origDate>
                     </p>
                  </origin>
               </history>
            </msDesc>
         </sourceDesc>
      </fileDesc>
   </teiHeader>
   <facsimile xml:base="http://images.cceh.uni-koeln.de/pessoa/">
      <graphic url="bn-acpc-e-e3-188_JPG_24-C-R0150/bn-acpc-e-e3-188_0003_2_t24-C-R0150.jpg"/>
   </facsimile>
   <text>
      <body>
         <div>
            <head><hi rend="underline"><choice>
                     <abbr>GCP<am>.</am></abbr>
                     <expan>G<ex>remio</ex>
                        <ex>de</ex> C<ex>ultura</ex> P<ex>ortugueza</ex></expan>
                  </choice></hi></head>
            <p>Subscripções para o Gremio:</p>
            <list rend="indent">
               <item>Por <choice>
                     <abbr>nu<am>.</am></abbr>
                     <expan>nu<ex>mero</ex></expan>
                  </choice>: 1$00.</item>
               <item rend="indent-2">Doações de ahi para cima, de quem<lb/> sympathisar com a
                  attitude do Gremio.</item>
            </list>
         </div>
         <div>
            <head><hi rend="underline">Despezas do Gremio</hi>:</head>
            <table>
               <row>
                  <cell rend="right">Renda mensal:</cell>
                  <cell rend="right">40$00.</cell>
               </row>
               <row>
                  <cell rend="right">Empregado:</cell>
                  <cell rend="right">10$00.</cell>
               </row>
               <row>
                  <cell rend="right">Prestação da mobilia:</cell>
                  <cell rend="right">60$00.</cell>
               </row>
               <row>
                  <cell rend="right">Outras despezas:</cell>
                  <cell rend="right">40$00</cell>
               </row>
               <row>
                  <cell/>
                  <cell rend="right">
                     <metamark rend="line" function="sum"/> 150$00 <metamark rend="line"
                        function="end"/>
                  </cell>
               </row>
            </table>
         </div>
         <div>
            <head><hi rend="underline">Select a printing office</hi>:</head>
            <p>17.00 copies of <abbr>Th<am>.</am></abbr>
               <abbr>Sr<am>.</am></abbr></p>
            <table>
               <row>
                  <cell rend="right">(each <gap reason="illegible" extent="1" unit="word"/> Acção)
                     =</cell>
                  <cell rend="right">1.020$00</cell>
               </row>
               <row>
                  <cell rend="right">Sold at 50 c/ each =</cell>
                  <cell/>
               </row>
               <row>
                  <cell rend="right">from at 200 $ =</cell>
                  <cell rend="right">1.700$00</cell>
               </row>
               <row>
                  <cell rend="right">Profit =</cell>
                  <cell rend="right">
                     <metamark rend="line" function="sum"/> 680$00 <metamark rend="line"
                        function="end"/>
                  </cell>
               </row>
            </table>
         </div>
      </body>
   </text>
</TEI>
