<?xml version="1.0" encoding="UTF-8"?>
<?xml-model href="../schema/pessoaTEI.rng" type="application/xml" schematypens="http://relaxng.org/ns/structure/1.0"?>
<TEI xmlns="http://www.tei-c.org/ns/1.0">
   <teiHeader>
      <fileDesc>
         <titleStmt>
            <title>BNP/E3 48-18 e 19<hi rend="superscript">r</hi>
            </title>
            <author>
               <rs type="name" key="FP">Fernando Pessoa</rs>
            </author>
            <respStmt>
               <resp>Transcrição, Edição</resp>
               <name>Pedro Sepúlveda</name>
            </respStmt>
            <respStmt>
               <resp>Transcrição</resp>
               <name>Pablo Javier Pérez López</name>
            </respStmt>
            <respStmt>
               <resp>Modelagem de dados, Codificação</resp>
               <name>Ulrike Henny-Krahmer</name>
            </respStmt>
            <respStmt>
               <resp>Codificação</resp>
               <name>Inês Filipa Rebelo do Carmo</name>
            </respStmt>
            <respStmt>
               <resp>Codificação</resp>
               <name>Isabel Figueiredo-Iken</name>
            </respStmt>
            <respStmt>
               <resp>Codificação</resp>
               <name>Sviatoslav Drach</name>
            </respStmt>
            <respStmt>
               <resp>Consultoria</resp>
               <name>Institut für Dokumentologie und Editorik (IDE)</name>
            </respStmt>
         </titleStmt><editionStmt><p>Corpus version C2.1.0</p></editionStmt>
         <publicationStmt>
            <publisher>Universidade Nova de Lisboa, Instituto de Estudos de Literatura e Tradição
               (IELT)</publisher>
            <publisher>Cologne Center for eHumanities (CCeH)</publisher>
            <date>2017</date>
            <availability status="free">
               <licence target="http://creativecommons.org/licenses/by/4.0/"/>
            </availability>
            <idno type="filename">BNP_E3_48-18-e-19.xml</idno>
         </publicationStmt>
         <sourceDesc>
            <msDesc>
               <msIdentifier>
                  <institution>Biblioteca Nacional de Portugal</institution>
                  <idno>BNP/E3 48-18 e 19</idno>
               </msIdentifier>
               <msContents>
                  <summary>
                     <p>Lista manuscrita, publicada em Sepúlveda, <hi rend="italic">Os livros de
                           Fernando Pessoa</hi> (2013, 372-374).</p>
                  </summary>
                  <msItemStruct>
                     <author>
                        <rs type="name" key="FP">Fernando Pessoa</rs>
                     </author>
                     <note type="genre">
                        <rs type="genre" key="lista_editorial">Lista editorial</rs>
                     </note>
                     <textLang mainLang="pt" otherLangs="en"/>
                  </msItemStruct>
               </msContents>
               <history>
                  <origin>
                     <p>
                        <origDate from="1934" to="1935" cert="medium">c. 1934-1935</origDate>
                     </p>
                  </origin>
               </history>
            </msDesc>
         </sourceDesc>
      </fileDesc>
      <revisionDesc>
         <change when="2023-11-15" who="#FAF">
                    Added edition statement to the teiHeader
                </change>
      </revisionDesc>
   </teiHeader>
   <facsimile xml:base="http://images.cceh.uni-koeln.de/pessoa/">
      <graphic url="bn-acpc-e-e3-48-1-56_JPG_24-C-R0150/bn-acpc-e-e3-48-1-56_0035_18_t24-C-R0150.jpg"/>
      <graphic url="bn-acpc-e-e3-48-1-56_JPG_24-C-R0150/bn-acpc-e-e3-48-1-56_0036_18v_t24-C-R0150.jpg"/>
      <graphic url="bn-acpc-e-e3-48-1-56_JPG_24-C-R0150/bn-acpc-e-e3-48-1-56_0037_19_t24-C-R0150.jpg"/>
      <graphic url="bn-acpc-e-e3-48-1-56_JPG_24-C-R0150/bn-acpc-e-e3-48-1-56_0038_19v_t24-C-R0150.jpg"/>
   </facsimile>
   <text>
      <body>
         <div>
            <p>= (ordem alphabetica <seg type="certainty" rend="cross left" cert="low" resp="FP">
                  <seg type="anchor">do <add place="below" n="2">ultimo</add>
                  appellido</seg>
               </seg>)</p>
            <list>
               <item>
                  <hi rend="underline">
                     <rs type="name" key="P25">Guerra Junqueiro</rs>
                  </hi>: <rs type="title">Canção Perdida</rs>. </item>
               <item>
                  <hi rend="underline">
                     <rs type="name" key="P179">Gomes Leal</rs>
                  </hi>: <rs type="title">Misere Mei</rs>. </item>
               <item>
                  <hi rend="underline">
                     <rs type="name" key="P26">Cesario Verde</rs>
                  </hi>: <supplied reason="omitted-in-original" resp="UH"/>
               </item>
               <item>
                  <hi rend="underline">
                     <rs type="name" key="P125">Antonio Molarinho</rs>
                  </hi>: <rs type="title">Maria Manuela</rs>. </item>
               <item>
                  <hi rend="underline">
                     <rs type="name" key="P209">Guilherme de Faria</rs>
                  </hi>:
                     <supplied reason="omitted-in-original" resp="UH"/>
               </item>
               <item rend="indent-2">
                  <hi rend="underline">
                     <rs type="name" key="P210">Manuel Duarte de
                  Almeida</rs>
                  </hi>: <rs type="title">Paolo e<lb/> Francesca</rs>. ?</item>
               <item>
                  <hi rend="underline">
                     <rs type="name" key="P145">Camillo Pessanha</rs>:</hi> (final
                  de <hi rend="underline">
                     <rs type="title">Clepsydra</rs>
                  </hi>). </item>
               <item xml:id="I1">
                  <hi rend="underline">
                     <rs type="name" key="FP" role="author" style="b">Fernando
                     Pessoa</rs>
                  </hi>: <ref target="http://www.pessoadigital.pt/pt/pub/Pessoa_Cancao_de_Outomno">
                     <rs type="title">Canção de Outomno</rs>
                  </ref> ? </item>
               <item xml:id="I2">
                  <hi rend="underline">
                     <rs type="name" key="RR" role="author">Ricardo
                  Reis</rs>
                  </hi>: <supplied reason="omitted-in-original" resp="UH"/>
                  <note place="margin-left" target="range(I1,I4)">
                     <metamark rend="curly-bracket" function="grouping"/>
                  </note>
               </item>
               <item xml:id="I3">
                  <hi rend="underline">
                     <rs type="work" key="W32">
                        <rs type="title" key="T48">
                           <rs type="name" key="AdC" role="author">Alvaro de
                     Campos</rs>
                        </rs>
                     </rs>
                  </hi>: <supplied reason="omitted-in-original" resp="UH"/>
               </item>
               <item xml:id="I4">
                  <hi rend="underline">
                     <rs type="name" key="AC" role="author">Alberto
                     Caeiro</rs>
                  </hi>: <supplied reason="omitted-in-original" resp="UH"/>
               </item>
               <item rend="indent-2">
                  <hi rend="underline">
                     <rs type="name" key="P17">Antonio Botto</rs>
                  </hi>: <rs type="title">Dandysmo</rs>
                  <choice>
                     <seg n="1">8</seg>
                     <seg n="2">
                        <add place="above">ou 11</add>
                     </seg>
                  </choice> (o que é que a<lb/> fonte mur<pc>-</pc>
                  <lb/>mura?) </item>
               <item>
                  <hi rend="underline">
                     <rs type="name" key="P44">Garcia Pulido</rs>
                  </hi>: <supplied reason="omitted-in-original" resp="UH"/>
               </item>
               <item>
                  <hi rend="underline">
                     <choice>
                        <seg n="1">
                           <rs type="name" key="P225">José Regio</rs>
                        </seg>
                        <seg n="2">
                           <add place="below">
                              <rs type="name" key="P282">Saul
                              Dias</rs>
                           </add>
                        </seg>
                     </choice>
                  </hi>: <supplied reason="omitted-in-original" resp="UH"/>
               </item>
               <item>
                  <hi rend="underline">
                     <rs type="name" key="P228">Adolfo Casais Monteiro</rs>
                  </hi>:
                     <supplied reason="omitted-in-original" resp="UH"/>
               </item>
               <item> ? <hi rend="underline">
                     <rs type="name" key="P229">Alberto de Serpa</rs>
                  </hi>:
                     <supplied reason="omitted-in-original" resp="UH"/>
               </item>
               <pb n="2"/>
               <item xml:id="I5">
                  <hi rend="underline">
                     <rs type="name" key="P181">Antonio Feijó</rs>
                  </hi>: <note place="margin-left" target="range(I5,I6)">
                     <metamark rend="curly-bracket" function="grouping"/>
                  </note>
               </item>
               <item xml:id="I6" rend="indent-2">
                  <hi rend="underline">
                     <rs type="name" key="P415">Ignacio de Abreu e Lima</rs>
                  </hi>:
                  (Villa Nova de<lb/> Gaya: <supplied resp="PS" reason="omitted-in-original"/>) </item>
               <item rend="indent-2">
                  <hi rend="underline">
                     <rs type="name" key="P416">Conde de Monsaraz</rs>
                  </hi>: (Nas
                  recepções<lb/> da Embaixada ?) </item>
               <item>
                  <hi rend="underline">
                     <rs type="name" key="P417">Alberto de Monsaraz</rs>
                  </hi>:
                     <metamark rend="arrow-right" function="assignment"/>
                  <supplied reason="omitted-in-original" resp="UH"/>
               </item>
               <item>
                  <hi rend="underline">
                     <rs type="name" key="P418">João Saraiva</rs>
                  </hi>: <metamark rend="arrow-right" function="assignment"/>
                  <supplied reason="omitted-in-original" resp="UH"/>
               </item>
               <item>
                  <hi rend="underline">
                     <rs type="name" key="P419">Antonio Carneiro</rs>
                  </hi>:
                     <metamark rend="arrow-right" function="assignment"/>
                  <supplied reason="omitted-in-original" resp="UH"/>
               </item>
               <item>
                  <hi rend="underline">
                     <rs type="name" key="P86">José Castello de Moraes</rs>
                  </hi>:
                     <supplied reason="omitted-in-original" resp="UH"/>
               </item>
               <item rend="indent-2">
                  <hi rend="underline">
                     <rs type="name" key="P70">Luiz de Montalvor</rs>
                  </hi>: <hi rend="framed">Menino.<lb/> é soneto</hi>
               </item>
               <item>
                  <hi rend="underline">
                     <rs type="name" key="P138">Augusto de Santa-Rita</rs>
                  </hi>: C
                     <rs type="title">
                     <hi rend="underline">Prophecia</hi> Malabar</rs>
               </item>
               <item>
                  <hi rend="underline">
                     <rs type="name" key="P37">Côrtes-Rodrigues</rs>
                  </hi>:
                     <supplied reason="omitted-in-original" resp="UH"/>
               </item>
               <item>
                  <hi rend="underline">
                     <rs type="name" key="P36" style="a">Alfredo
                  Guisado</rs>
                  </hi>: <seg type="certainty" rend="cross right" cert="low" resp="FP">(baloiço que me<lb/>baloiça ?)</seg>
               </item>
               <item>
                  <hi rend="underline">
                     <rs type="name" key="P30">Mario de Sá-Carneiro</rs>
                  </hi>:
                  (fio de luz) </item>
               <item>
                  <hi rend="underline">
                     <rs type="name" key="P56">José de Almada Negreiros</rs>
                  </hi>:
                     <supplied reason="omitted-in-original" resp="UH"/>
               </item>
               <item>
                  <hi rend="underline">
                     <rs type="name" key="P80">Angelo de Lima</rs>
                  </hi>: <hi rend="circled">(chuva)<lb/>
                     <del rend="overstrike">soneto</del>!</hi>
               </item>
               <item>
                  <hi rend="underline">
                     <rs type="name" key="P109">Augusto Ferreira Gomes</rs>
                  </hi>:
                  (algo do <choice>
                     <abbr>Q<am>.</am> Imp<am>.</am>
                     </abbr>
                     <expan>Q<ex>uinto</ex> Imp<ex>erio</ex>
                     </expan>
                  </choice>) </item>
               <pb n="3"/>
               <item rend="indent-2">
                  <hi rend="underline">
                     <rs type="name" key="P54">Eugenio de Castro</rs>
                  </hi>: <rs type="title">
                     <rs type="title">Epigraphe</rs> (<rs type="title">Sombra do <lb/>
                        Quadrante</rs>)</rs>
               </item>
               <item>
                  <hi rend="underline">
                     <rs type="name" key="P125">Antonio Molarinho</rs>
                  </hi>:
                     <supplied reason="omitted-in-original" resp="UH"/>
               </item>
               <item>
                  <note place="margin-left" type="addition">?</note>
                  <hi rend="underline">
                     <rs type="name" key="P90">Antonio Ferro</rs>
                  </hi>: <supplied reason="omitted-in-original" resp="UH"/>
               </item>
               <item>
                  <hi rend="underline">
                     <rs type="name" key="P283">Fernanda de Castro</rs>
                  </hi>:
                     <supplied reason="omitted-in-original" resp="UH"/>
               </item>
               <item>
                  <hi rend="underline">
                     <rs type="name" key="P284">Marta Mesquita da
                  Camara</rs>
                  </hi>: <supplied reason="omitted-in-original" resp="UH"/>
               </item>
               <item>
                  <hi rend="underline">
                     <rs type="name" key="P285">Antonio Sergio</rs>
                  </hi>:
                     <supplied reason="omitted-in-original" resp="UH"/>
               </item>
               <item>
                  <hi rend="underline">
                     <rs type="name" key="P135">Jayme Cortesão</rs>
                  </hi>: <rs type="title">Choupos na luz do Luar</rs>
               </item>
               <item>
                  <hi rend="underline">
                     <rs type="name" key="P52">
                        <choice>
                           <abbr>T<am>.</am>
                           </abbr>
                           <expan>T<ex>eixeira</ex>
                           </expan>
                        </choice> de Pascoaes</rs>
                  </hi>: <rs type="title">Elegias</rs> (?) (too
                  long) </item>
               <item>
                  <hi rend="underline">
                     <rs type="name" key="P136">Mario Beirão</rs>
                  </hi>: <supplied reason="omitted-in-original" resp="UH"/>
               </item>
               <item>
                  <hi rend="underline">
                     <rs type="name" key="P262">Affonso Duarte</rs>
                  </hi>:
                     <supplied reason="omitted-in-original" resp="UH"/>
               </item>
               <item xml:id="I11" rend="indent-2">
                  <hi rend="underline">
                     <rs type="name" key="P18">Anthero de Quental</rs>
                  </hi>: <list rend="inline">
                     <item> (ou <rs type="title">Na mão de Deus</rs>
                        <anchor xml:id="A1"/>
                        <note place="margin-right">
                           <metamark rend="arrow-left-down" function="assignment" target="#A1"/>
                           <metamark rend="arrow-left-down" function="assignment" target="#A2"/> é
                           soneto</note>
                     </item>
                     <item> ou <rs type="title">
                           <choice>
                              <abbr>Ep<am>.</am>
                              </abbr>
                              <expan>Ep<ex>igramma</ex>
                              </expan>
                           </choice>
                           <metamark rend="arrow-right-down" function="assignment" target="#A3"/> Transcendental</rs>
                        <anchor xml:id="A2"/>
                        <note place="margin-right">
                           <hi rend="circled">azas de
                              setim</hi>
                        </note>
                        <lb/> from <hi rend="underline">
                           <rs type="title">Epigramma</rs>
                           <gap reason="illegible" extent="1" unit="word"/>
                        </hi>) <note place="margin-right">
                           <anchor xml:id="A3"/> a <hi rend="underline">ironia</hi>
                           <hi rend="underline">transcendental</hi>
                           <lb/> dos alemães seus
                           mestres<lb/>espirituaes<lb/>que não formaes</note>
                     </item>
                  </list>
               </item>
               <item xml:id="I12">
                  <hi rend="underline">
                     <rs type="name" key="P122">Henrique Rosa</rs>
                  </hi>: <list rend="inline">
                     <item xml:id="I9">(<rs type="title">Shilock</rs> ?)<lb/>
                        <gap unit="word" reason="illegible" extent="1"/>
                        <note place="margin-left" target="range(I9,I10)">
                           <metamark rend="curly-bracket" function="grouping"/>
                        </note>
                        <note place="margin-right" target="range(I9,I10)">
                           <metamark rend="curly-bracket" function="grouping"/>
                        </note>
                     </item>
                     <item xml:id="I10">Pseudo<pc>-</pc>
                        <lb/>omnipotencia</item>
                  </list>
               </item>
               <item>
                  <hi rend="underline">
                     <rs type="name" key="P124">José Duro</rs>
                  </hi>: <supplied reason="omitted-in-original" resp="UH"/>
               </item>
               <item>
                  <hi rend="underline">
                     <rs type="name" key="P286">Manuel Laranjeira</rs>
                  </hi>:
                     <supplied reason="omitted-in-original" resp="UH"/>
               </item>
               <item>
                  <hi rend="underline">
                     <rs type="name" key="P287">Ribeiro de Carvalho</rs>
                  </hi>: <rs type="title">
                     <rs type="title">Nova Symphonia</rs>
                  </rs>
               </item>
               <item>
                  <hi rend="underline">
                     <rs type="name" key="P200">Francisco Costa</rs>
                  </hi>: (só
                  sonetos?) </item>
            </list>
            <pb n="4"/>
            <metamark rend="line" function="distinct"/>
            <p>ou só poetas que já estavam escrevendo<lb/> em 1900<metamark rend="arrow-left-down" function="assignment" target="#A4"/>? (<gap reason="illegible" extent="2" unit="word"/> e dá<lb/>
               <gap reason="illegible" extent="1" unit="word"/> a uma <choice>
                  <abbr>antho<am>.</am>
                  </abbr>
                  <expan>antho<ex>logia</ex>
                  </expan>
               </choice> da Poesia Nova)</p>
            <metamark rend="line" function="distinct"/>
            <p>
               <anchor xml:id="A4"/> ainda que insira poemas d’elles <lb/>escriptos posteriormente a
               esse<lb/> anno (já neste seculo)</p>
            <metamark rend="line" function="distinct"/>
            <ab rend="center">Anthologia Portugueza<lb/> Seculo XIX.<lb/> (1750 — 1900)</ab>
            <metamark rend="line" function="distinct"/>
            <ab rend="center">Pre-romanticos, Romanticos<lb/> Modernos</ab>
            <metamark rend="line" function="distinct"/>
         </div>
      </body>
   </text>
</TEI>
