<?xml version="1.0" encoding="UTF-8"?>
<?xml-model href="../schema/pessoaTEI.rng" type="application/xml" schematypens="http://relaxng.org/ns/structure/1.0"?>
<TEI xmlns="http://www.tei-c.org/ns/1.0">
   <teiHeader>
      <fileDesc>
         <titleStmt>
            <title>BNP/E3 144D<hi rend="superscript">2</hi>-41<hi rend="superscript">r</hi></title>
            <author>
               <rs type="name" key="FP">Fernando Pessoa</rs>
            </author>
            <respStmt>
               <resp>Transcrição, Edição</resp>
               <name>Pedro Sepúlveda</name>
            </respStmt>
            <respStmt>
               <resp>Transcrição</resp>
               <name>Pablo Javier Pérez López</name>
            </respStmt>
            <respStmt>
               <resp>Modelagem de dados, Codificação</resp>
               <name>Ulrike Henny-Krahmer</name>
            </respStmt>
            <respStmt>
               <resp>Codificação</resp>
               <name>Inês Filipa Rebelo do Carmo</name>
            </respStmt>
            <respStmt>
               <resp>Codificação</resp>
               <name>Isabel Figueiredo-Iken</name>
            </respStmt>
            <respStmt>
               <resp>Codificação</resp>
               <name>Sviatoslav Drach</name>
            </respStmt>
            <respStmt>
               <resp>Consultoria</resp>
               <name>Institut für Dokumentologie und Editorik (IDE)</name>
            </respStmt>
         </titleStmt>
         <publicationStmt>
            <publisher>Universidade Nova de Lisboa, Instituto de Estudos de Literatura e Tradição
               (IELT)</publisher>
            <publisher>Cologne Center for eHumanities (CCeH)</publisher>
            <date>2017</date>
            <availability status="free">
               <licence target="http://creativecommons.org/licenses/by/3.0/"/>
            </availability>
            <idno type="filename">BNP_E3_144D2-41r.xml</idno>
         </publicationStmt>
         <sourceDesc>
            <msDesc>
               <msIdentifier>
                  <institution>Biblioteca Nacional de Portugal</institution>
                  <idno>BNP/E3 144D2-41r</idno>
               </msIdentifier>
               <msContents>
                  <summary>
                     <p> Lista manuscrita no caderno 144D<hi rend="superscript">2</hi> (cf. <ref
                           target="http://purl.pt/13880">http://purl.pt/13880</ref>), publicada em
                           <hi rend="italic">Sensacionismo e outros Ismos</hi> (2009, 608). </p>
                  </summary>
                  <msItemStruct>
                     <author>
                        <rs type="name" key="FP">Fernando Pessoa</rs>
                     </author>
                     <note type="genre">
                        <rs type="genre" key="lista_editorial">Lista editorial</rs>
                     </note>
                     <textLang mainLang="pt"/>
                  </msItemStruct>
               </msContents>
               <history>
                  <origin>
                     <p>
                        <origDate when="1914" cert="medium">c. 1914</origDate>
                     </p>
                  </origin>
               </history>
            </msDesc>
         </sourceDesc>
      </fileDesc>
   </teiHeader>
   <facsimile xml:base="http://images.cceh.uni-koeln.de/pessoa/">
      <graphic url="bn-acpc-e-e3_144d2_JPG_24-C-R0150/bn-acpc-e-e3_144d2_0131_41r_t24-C-R0150.jpg"/>
   </facsimile>
   <text>
      <body>
         <div>
            <head><hi rend="underline">Primeiros Passos</hi></head>
            <list>
               <item rend="indent-2">
                  <label>1.</label>
                  <rs type="title">O Evangelho de <choice><abbr>S<am>.</am></abbr><expan>S<ex>ão</ex></expan></choice> João Baptista</rs>
                  <lb/>(artigos – 3 – de <hi rend="underline"><rs type="periodical" key="J5">A
                        Aguia</rs></hi>
                  <del rend="overstrike">)</del><lb/> e 1 na <hi rend="underline"><rs
                        type="periodical" key="J20">Republica</rs>)</hi>
               </item>
               <item>
                  <label>2.</label>
                  <list rend="inline">
                     <item><rs type="title">O Rhythmismo Extatico</rs>.</item>
                     <item>Documentos e historia.</item>
                  </list>
               </item>
               <item rend="indent-2">
                  <label>3.</label>
                  <seg type="certainty" cert="low" resp="FP" rend="cross right"><rs type="title"
                        >Criticas favoraveis a pedido <lb/>dos artistas</rs>.</seg>
               </item>
               <item>
                  <label>4.</label>
                  <ref target="http://www.pessoadigital.pt/en/pub/Pessoa_Balan%C3%A7a_de_Minerva"><rs type="title">Balança de Minerva</rs></ref>. </item>
            </list>
         </div>
      </body>
   </text>
</TEI>
