<?xml version="1.0" encoding="UTF-8"?>
<?xml-model href="../schema/pessoaTEI.rng" type="application/xml" schematypens="http://relaxng.org/ns/structure/1.0"?>
<TEI xmlns="http://www.tei-c.org/ns/1.0">
   <teiHeader>
      <fileDesc>
         <titleStmt>
            <title>BNP/E3 48-1<hi rend="superscript">r</hi></title>
            <author>
               <rs type="name" key="FP">Fernando Pessoa</rs>
            </author>
            <respStmt>
               <resp>Transcrição, Edição</resp>
               <name>Pedro Sepúlveda</name>
            </respStmt>
            <respStmt>
               <resp>Codificação, Modelagem de dados</resp>
               <name>Ulrike Henny</name>
            </respStmt>
            <respStmt>
               <resp>Codificação</resp>
               <name>Isabel Figueiredo-Iken</name>
            </respStmt>
            <respStmt>
               <resp>Codificação</resp>
               <name>Sviatoslav Drach</name>
            </respStmt>
            <respStmt>
               <resp>Consultoria</resp>
               <name>Institut für Dokumentologie und Editorik (IDE)</name>
            </respStmt>
         </titleStmt>
         <publicationStmt>
            <publisher>Universidade Nova de Lisboa, Instituto de Estudos de Literatura e Tradição
               (IELT)</publisher>
            <publisher>Cologne Center for eHumanities (CCeH)</publisher>
            <date>2016</date>
            <availability>
               <licence target="http://creativecommons.org/licenses/by/3.0/"/>
            </availability>
            <idno type="filename">BNP_E3_48-1r.xml</idno>
         </publicationStmt>
         <sourceDesc>
            <msDesc>
               <msIdentifier>
                  <institution>Biblioteca Nacional de Portugal</institution>
                  <idno>BNP/E3 48-1r</idno>
               </msIdentifier>
               <msContents>
                  <summary>
                     <p> Lista manuscrita. </p>
                  </summary>
                  <msItemStruct>
                     <author>
                        <rs type="name" key="FP">Fernando Pessoa</rs>
                     </author>
                     <note type="genre">
                        <rs type="genre" key="lista_editorial">Lista editorial</rs>
                     </note>
                     <textLang mainLang="en" otherLangs="pt"/>
                  </msItemStruct>
               </msContents>
               <history>
                  <origin>
                     <p>
                        <origDate from="1920" to="1927">1920-1927</origDate>
                     </p>
                  </origin>
               </history>
            </msDesc>
         </sourceDesc>
      </fileDesc>
   </teiHeader>
   <facsimile>
      <graphic url="bn-acpc-e-e3-48-1-56_JPG_24-C-R0150/bn-acpc-e-e3-48-1-56_0001_1_t24-C-R0150.jpg"
      />
   </facsimile>
   <text>
      <body>
         <div>
            <div rend="left">
               <ab>Lean’s Collectanea. <lb/> (“Answers“)</ab>
               <metamark rend="line" function="distinct"/>
            </div>
            <metamark rend="vertical-line" function="distinct"/>
            <div rend="right">
               <list>
                  <item><rs type="title">Columbus Birth Place</rs>.</item>
                  <item><rs type="title">The Myth of <rs type="name" key="P21">King
                        Sebastian</rs>.</rs></item>
                  <item><rs type="title">Haunted Poems</rs>.</item>
                  <item>
                     <rs type="name" key="P145">
                        <choice>
                           <abbr>Cam<am>.</am></abbr>
                           <expan>Cam<ex>ilo</ex></expan>
                        </choice> Pessanha</rs>
                  </item>
                  <item>
                     <rs type="title"><rs type="name" key="P213">Catullo de Paixão Cearense</rs></rs>. </item>
                  <item>
                     <rs type="title">A Portuguese Rationalist</rs> (<rs type="name" key="P24">José
                        Anastacio</rs>) </item>
                  <item><rs type="title"> The Folk Songs <seg>of <add n="2" place="above">Spain <choice>
                              <abbr>&amp;</abbr>
                              <expan>and</expan>
                  </choice></add> Portugal</seg>.</rs></item>
               </list>
            </div>
            <metamark rend="line" function="distinct"/>
            <div rend="right">
               <list>
                  <item>Literary</item>
                  <item><gap reason="illegible" extent="1" unit="word"/></item>
               </list>
            </div>
            <gap reason="selection" unit="line" extent="3"/>
         </div>
      </body>
   </text>
</TEI>
