﻿<?xml version="1.0" encoding="UTF-8"?>
<?xml-model href="../schema/pessoaTEI.rng" type="application/xml" schematypens="http://relaxng.org/ns/structure/1.0"?>
<TEI xmlns="http://www.tei-c.org/ns/1.0">
   <teiHeader>
      <fileDesc>
         <titleStmt>
            <title>BNP/E3 71A-2<hi rend="superscript">r</hi></title>
            <author>
               <rs type="name" key="FP">Fernando Pessoa</rs>
            </author>
            <respStmt>
               <resp>Transcrição, Edição</resp>
               <name>Pedro Sepúlveda</name>
            </respStmt>
            <respStmt>
               <resp>Transcrição</resp>
               <name>Pablo Javier Pérez López</name>
            </respStmt>
            <respStmt>
               <resp>Transcrição</resp>
               <name>Jorge Uribe</name>
            </respStmt>
            <respStmt>
               <resp>Modelagem de dados, Codificação</resp>
               <name>Ulrike Henny-Krahmer</name>
            </respStmt>
            <respStmt>
               <resp>Codificação</resp>
               <name>Ana Leonor Branco</name>
            </respStmt>
            <respStmt>
               <resp>Codificação</resp>
               <name>Sviatoslav Drach</name>
            </respStmt>
         </titleStmt>
         <publicationStmt>
            <publisher>Universidade Nova de Lisboa, Instituto de Estudos de Literatura e Tradição
               (IELT)</publisher>
            <publisher>Cologne Center for eHumanities (CCeH)</publisher>
            <date>2017</date>
            <availability status="restricted">
               <licence target="http://creativecommons.org/licenses/by/3.0/"/>
            </availability>
            <idno type="filename">BNP_E3_71A-2r.xml</idno>
         </publicationStmt>
         <sourceDesc>
            <msDesc>
               <msIdentifier>
                  <institution>Biblioteca Nacional de Portugal</institution>
                  <idno>BNP/E3 71A-2r</idno>
               </msIdentifier>
               <msContents>
                  <summary>
                     <p> Lista manuscrita, publicada em <hi rend="italic">Pessoa por Conhecer</hi>
                        (1990, II, 389-390). </p>
                  </summary>
                  <msItemStruct>
                     <author>
                        <rs type="name" key="FP">Fernando Pessoa</rs>
                     </author>
                     <note type="genre">
                        <rs type="genre" key="lista_editorial">Lista editorial</rs>
                     </note>
                     <textLang mainLang="pt"/>
                  </msItemStruct>
               </msContents>
               <history>
                  <origin>
                     <p>
                        <origDate from="1915" to="1916" cert="medium">c. 1915-1916</origDate>
                     </p>
                  </origin>
               </history>
            </msDesc>
         </sourceDesc>
      </fileDesc>
   </teiHeader>
   <facsimile>
      <graphic
         url="bn-acpc-e-e3-71a-1-64_JPG_24-C-R0150/bn-acpc-e-e3-71a-1-64_0003_2_t24-C-R0150.jpg"/>
   </facsimile>
   <text>
      <body>
         <div>
            <head><hi rend="underline"><rs type="collection" key="C4"><rs type="title" key="T59">O
                        Regresso dos Deuses</rs></rs></hi></head>
            <ab rend="right">contem:</ab>
            <list>
               <item>
                  <label>1.</label>
                  <rs type="title" key="T59"><hi rend="underline">O Regresso dos deuses</hi></rs>. </item>
               <item>
                  <label>2.</label>
                  <rs type="work" key="W79"><rs type="title" key="T97"><hi rend="underline">A nova
                           Revelação</hi></rs> – <rs type="name" key="AC" role="author">Alberto
                        Caeiro</rs></rs>. </item>
               <item>
                  <label>3.</label>
                  <rs type="work" key="W80"><rs type="title" key="T98"><hi rend="underline">A phase
                           neo-pagã</hi></rs> – <rs type="name" key="RR" role="author">Ricardo
                        Reis</rs></rs>. </item>
               <item>
                  <label>4.</label>
                  <rs type="title" key="T82"><hi rend="underline"><rs type="name" key="P84"
                           >Milton</rs> superior a <rs type="name" key="P65"
                     >Shakespeare</rs>.</hi></rs>
               </item>
               <item rend="indent-2">
                  <label>5.</label>
                  <rs type="title" key="T99"><hi rend="underline">Os doentes</hi> – Saudosismo.
                     Interseccionismo.<lb/> Sensacionismo</rs>. </item>
               <item rend="indent-2">
                  <label>6.</label>
                  <rs type="title" key="T100">Principios fundamentaes (as theorias<lb/> de “Na <choice>
                        <abbr>c<am>.</am></abbr>
                        <expan>c<ex>asa</ex></expan>
                     </choice> de <choice>
                        <abbr>s<am>.</am></abbr>
                        <expan>s<ex>aude</ex></expan>
                     </choice> de Cascaes”)</rs>. </item>
            </list>
            <gap reason="selection" unit="line" extent="40"/>
         </div>
      </body>
   </text>
</TEI>
