﻿<?xml version="1.0" encoding="UTF-8"?>
<TEI xmlns="http://www.tei-c.org/ns/1.0">
   <teiHeader>
      <fileDesc>
         <titleStmt>
            <title>BNP/E3 15B4-48<hi rend="superscript">v</hi>
            </title>
            <author>
               <rs type="name" key="FP">Fernando Pessoa</rs>
            </author>
            <respStmt>
               <resp>Transcrição, Edição</resp>
               <name>Pedro Sepúlveda</name>
            </respStmt>
            <respStmt>
               <resp>Codificação, Modelagem de dados</resp>
               <name>Ulrike Henny</name>
            </respStmt>
            <respStmt>
               <resp>Codificação</resp>
               <name>Sviatoslav Drach</name>
            </respStmt>
            <respStmt>
               <resp>Codificação</resp>
               <name>Ana Leonor Branco</name>
            </respStmt>
            <respStmt>
               <resp>Consultoria</resp>
               <name>Institut für Dokumentologie und Editorik (IDE)</name>
            </respStmt>
         </titleStmt>
         <publicationStmt>
            <publisher>Universidade Nova de Lisboa, Instituto de Estudos de Literatura e Tradição
               (IELT)</publisher>
            <publisher>Cologne Center for eHumanities (CCeH)</publisher>
            <date>2016</date>
            <availability>
               <licence target="http://creativecommons.org/licenses/by/3.0/"/>
            </availability>
            <idno type="filename">BNP_E3_15B4-48v.xml</idno>
         </publicationStmt>
         <sourceDesc>
            <msDesc xml:id="M1" type="structured">
               <msIdentifier>
                  <institution>Biblioteca Nacional de Portugal</institution>
                  <idno>BNP/E3 15B4-48v</idno>
               </msIdentifier>
               <msContents>
                  <summary>
                     Lista manuscrita. No verso encontra-se um excerto datilografado do livro «A
                     Hereditariedade», de Opitz, com indicação de data de 1922.
                  </summary>
                  <msItemStruct>
                     <author>
                        <rs type="name" key="FP">Fernando Pessoa</rs>
                     </author>
                     <note type="genre">
                        <rs type="genre" key="lista_editorial">Lista editorial</rs>
                     </note>
                     <textLang mainLang="pt"/>
                  </msItemStruct>
               </msContents>
               <history>
                  <origin>
                     <p>
                        <origDate notBefore="1922">post. 1922</origDate>
                     </p>
                  </origin>
               </history>
            </msDesc>
            <msDesc corresp="#M1" type="prose">
               <msIdentifier/>
               <p> Lista manuscrita. No verso encontra-se um excerto datilografado do livro «A
                  Hereditariedade», de Opitz, com indicação de data de 1922. </p>
            </msDesc>
         </sourceDesc>
      </fileDesc>
   </teiHeader>
   <facsimile>
      <graphic
         url="bn-acpc-e-e3-15b-4-1-82_JPG_24-C-R0150/bn-acpc-e-e3-15b-4-1-100_0098_48v_t24-C-R0150.jpg"
      />
   </facsimile>
   <text>
      <body>
         <div>
            <list>
               <item><rs type="title">Quaresma</rs></item>
               <item><rs type="title">Bandarra</rs></item>
               <item><rs type="title">Auto do Circo</rs></item>
            </list>
            <pb/>
            <list>
               <item><rs type="name" key="AdC" role="author">Alvaro de Campos</rs></item>
               <item><rs type="title">Artigo “De Theatro”</rs>.</item>
               <item><rs type="name" key="P138">Santa Rita</rs>.</item>
               <item>Passar a limpo <rs type="name" key="P30"><choice>
                        <abbr type="name">M<am>.</am></abbr>
                        <expan>M<ex>ario</ex></expan>
                     </choice> Saa</rs>.</item>
            </list>
            <metamark rend="line-44" function="distinct"/>
            <list>
               <item>2 Patentes (ou, pelo menos, uma).</item>
               <item><rs type="title"><choice>
                        <abbr>Trad<am>.</am></abbr>
                        <expan>Trad<ex>ucção</ex></expan>
                     </choice> “Tormenta”</rs>.</item>
               <item>Code</item>
            </list>
            <metamark rend="line-44" function="end"/>
         </div>
      </body>
   </text>
</TEI>
