<?xml version="1.0" encoding="UTF-8"?> <?xml-model href="../schema/pessoaTEI.rng" type="application/xml" schematypens="http://relaxng.org/ns/structure/1.0"?>
<TEI xmlns="http://www.tei-c.org/ns/1.0">
    <teiHeader>
        <fileDesc>
            <titleStmt>
                <title>BNP/E3 48B-27<hi rend="superscript">r</hi></title>
                <author>
                    <rs type="person" key="FP">Fernando Pessoa</rs>
                </author>
                <respStmt>
                    <resp>Transcrição, Edição</resp>
                    <name>Pedro Sepúlveda</name>
                </respStmt>
                <respStmt>
                    <resp>Modelagem de dados, Codificação</resp>
                    <name>Ulrike Henny</name>
                </respStmt>
                <respStmt>
                    <resp>Codificação</resp>
                    <name>Isabel Figueiredo-Iken</name>
                </respStmt>
                <respStmt>
                    <resp>Consultoria</resp>
                    <name>Institut für Dokumentologie und Editorik (IDE)</name>
                </respStmt>
            </titleStmt>
            <publicationStmt>
                <publisher>Universidade Nova de Lisboa, Instituto de Estudos de Literatura e Tradição (IELT)</publisher>
                <publisher>Cologne Center for eHumanities (CCeH)</publisher>
                <date>2016</date>
                <availability>
                    <licence target="http://creativecommons.org/licenses/by/3.0/"/>
                </availability>
                <idno type="filename">BNP_E3_48B-27r.xml</idno>
            </publicationStmt>
            <sourceDesc>
                <msDesc xml:id="M1" type="structured">
                    <msIdentifier>
                        <institution>Biblioteca Nacional de Portugal</institution>
                        <idno>BNP/E3 48B-27r</idno>
                    </msIdentifier>
                    <msContents>
                        <msItemStruct>
                            <author>
                                <rs type="person" key="FP">Fernando Pessoa</rs>
                            </author>
                            <note type="genre">
                                <rs type="genre" key="lista_editorial">Lista editorial</rs>
                            </note>
                            <textLang mainLang="pt"/>
                        </msItemStruct>
                    </msContents>
                    <history>
                        <origin>
                            <p>
                                <origDate when="1915" cert="medium">c. 1915</origDate>
                            </p>
                        </origin>
                    </history>
                </msDesc>
                <msDesc corresp="#M1" type="prose"><msIdentifier/>
                    <p>Lista manuscrita a tinta preta. Publicada em AM, 160.</p>
                    <p>Esta lista contém vários projetos caraterísticos de 1915. O projeto intitulado «O
                        neo-romantismo reaccionario – Analyse e refutação do integralismo» poderia remeter tanto
                        para o caminho trilhado por algum dos membros da Renascença Portuguesa, que viriam
                        formar o movimento do Integralismo Lusitano (<gap>cf. Dicionário</gap>), quanto para
                        algumas afirmações de Ricardo Reis em textos que teriam sido redigidos por volta de 1914
                        acerca de Charles Maurras (<gap>cf. RR</gap>).</p>
                </msDesc>
            </sourceDesc>
        </fileDesc>
    </teiHeader>
    <facsimile>
        <graphic url="bn-acpc-e-e3-48b-1-158_JPG_24-C-R0150/bn-acpc-e-e3-48b-1-158_0054_27_t24-C-R0150.jpg"/>
    </facsimile>
    <text>
        <body>
            <div>
                <list>
                    <item>
                        <label>1.</label>
                        <rs type="text"><hi rend="underline">O neo-romantismo reaccionario</hi></rs> —<lb/> Analyse e
                        refutação do inte<pc>-</pc><lb/>gralismo monarchico. — <rs type="person" key="FP" role="author" style="a"><choice>
                            <abbr>F<am>.</am></abbr>
                            <expan>F<ex>ernando</ex></expan>
                        </choice> Pessôa</rs>.
                    </item>
                    <item>
                        <label>2.</label>
                        <rs type="text"><hi rend="underline">Introducção ao estudo do pro<pc>-</pc><lb/>blema
                            nacional</hi></rs>. — <rs type="person" key="FP" role="author" style="a"><choice>
                            <abbr>F<am>.</am></abbr>
                            <expan>F<ex>ernando</ex></expan>
                        </choice> Pessôa</rs>.
                    </item>
                    <item>
                        <label>3.</label>
                        <rs type="text"><hi rend="underline">A <rs type="place">Allemanha</rs> na guerra</hi></rs>— Defeza <lb/> e
                        justificação da sua attitude. — <lb/>
                        <rs type="person" key="P1" style="a">Antonio Móra</rs>.
                    </item>
                    <item>
                        <label>4.</label>
                        <rs type="text"><hi rend="underline">A Guerra</hi></rs> — Estudo Sociologico — <lb/> 
                        <rs type="person" key="FP" role="author" style="a">Fernando Pessôa</rs>.
                    </item>
                    <item><label>5.</label>
                        <rs type="text"><hi rend="underline">O caso de <rs type="journal" key="J12">“Orpheu”</rs></hi></rs>. — <rs type="person" key="FP" role="author" style="a"><choice>
                            <abbr>F<am>.</am></abbr>
                            <expan>F<ex>ernando</ex></expan>
                        </choice> Pessôa</rs>.
                    </item>
                    <item><label>6.</label>
                        <rs type="text"><hi rend="underline">Prolegómenos a uma reconstruc<pc>-</pc><lb/>ção do
                            paganismo</hi></rs> — <rs type="person" key="P1" style="a"><choice>
                            <abbr>A<am>.</am></abbr>
                            <expan>A<ex>ntonio</ex></expan>
                        </choice> Móra.</rs>
                    </item>
                </list>
            </div>
        </body>
    </text>
</TEI>
