<?xml version="1.0" encoding="UTF-8"?>
<?xml-model href="../schema/pessoaTEI.rng" type="application/xml" schematypens="http://relaxng.org/ns/structure/1.0"?>
<TEI xmlns="http://www.tei-c.org/ns/1.0">
   <teiHeader>
      <fileDesc>
         <titleStmt>
            <title>BNP/E3 20-66<hi rend="superscript">r</hi>
            </title>
            <author>
               <rs type="name" key="FP">Fernando Pessoa</rs>
            </author>
            <respStmt>
               <resp>Transcrição, Edição</resp>
               <name>Pedro Sepúlveda</name>
            </respStmt>
            <respStmt>
               <resp>Transcrição</resp>
               <name>Pablo Javier Pérez López</name>
            </respStmt>
            <respStmt>
               <resp>Transcrição</resp>
               <name>Jorge Uribe</name>
            </respStmt>
            <respStmt>
               <resp>Modelagem de dados, Codificação</resp>
               <name>Ulrike Henny-Krahmer</name>
            </respStmt>
            <respStmt>
               <resp>Codificação</resp>
               <name>Isabel Figueiredo-Iken</name>
            </respStmt>
            <respStmt>
               <resp>Codificação</resp>
               <name>Inês Filipa Rebelo do Carmo</name>
            </respStmt>
            <respStmt>
               <resp>Codificação</resp>
               <name>Sviatoslav Drach</name>
            </respStmt>
            <respStmt>
               <resp>Consultoria</resp>
               <name>Institut für Dokumentologie und Editorik (IDE)</name>
            </respStmt>
         </titleStmt><editionStmt><p>Corpus version C2.1.0</p></editionStmt>
         <publicationStmt>
            <publisher>Universidade Nova de Lisboa, Instituto de Estudos de Literatura e
                    Tradição (IELT)</publisher>
            <publisher>Cologne Center for eHumanities (CCeH)</publisher>
            <date>2017</date>
            <availability status="free">
               <licence target="http://creativecommons.org/licenses/by/4.0/"/>
            </availability>
            <idno type="filename">BNP_E3_20-66r.xml</idno>
         </publicationStmt>
         <sourceDesc>
            <msDesc>
               <msIdentifier>
                  <institution>Biblioteca Nacional de Portugal</institution>
                  <idno>BNP/E3 20-66r</idno>
               </msIdentifier>
               <msContents>
                  <summary>
                     <p> Lista manuscrita, publicada em <hi rend="italic">Páginas íntimas e
                                    de auto-interpretação </hi>(1966, 88). </p>
                  </summary>
                  <msItemStruct>
                     <author>
                        <rs type="name" key="FP">Fernando Pessoa</rs>
                     </author>
                     <note type="genre">
                        <rs type="genre" key="lista_editorial">Lista editorial</rs>
                        <rs type="genre" key="nota_editorial">Nota editorial</rs>
                     </note>
                     <textLang mainLang="pt" otherLangs="en la"/>
                  </msItemStruct>
               </msContents>
               <history>
                  <origin>
                     <p>
                        <origDate when="1918" cert="medium">c. 1918</origDate>
                     </p>
                  </origin>
               </history>
            </msDesc>
         </sourceDesc>
      </fileDesc>
      <revisionDesc>
         <change when="2023-11-15" who="#FAF">
                    Added edition statement to the teiHeader
                </change>
      </revisionDesc>
   </teiHeader>
   <facsimile xml:base="http://images.cceh.uni-koeln.de/pessoa/">
      <graphic url="bn-acpc-e-e3-20-1-119_JPG_24-C-R0150/bn-acpc-e-e3-20-1-119_0131_66_t24-C-R0150.jpg"/>
   </facsimile>
   <text>
      <body>
         <div>
            <list>
               <item>
                  <label>1.</label>
                  <rs type="title">A Republica Nova</rs>. </item>
               <item>
                  <label>2.</label>
                  <rs type="title">Open Letter</rs>. </item>
               <item>
                  <label>3.</label>
                  <rs type="title">Impermanence</rs>. </item>
               <item>
                  <label>4.</label>
                  <rs type="title">Diálogos sobre a Tyrannia</rs>. </item>
               <item>
                  <label>5.</label>
                  <rs type="title">Portugal</rs>. </item>
            </list>
            <metamark rend="line" function="distinct"/>
            <list>
               <item>
                  <label>(a)</label>
                  <rs type="work" key="W136">
                     <rs type="title" key="T172">
                        <rs type="name" key="AC" role="author">Caeiro</rs>
                     </rs>
                  </rs>. </item>
               <item>
                  <label>(b)</label>
                  <rs type="title">O Regresso dos Deuses</rs> — <rs type="name" key="FP" role="author" style="b">Fernando Pessoa</rs>. </item>
               <item>
                  <label>(c)</label>
                  <rs type="name" key="RR" role="author">
                     <choice>
                        <abbr>R</abbr>
                        <expan>R<ex>icardo</ex>
                        </expan>
                     </choice> Reis</rs>. </item>
               <item>
                  <label>(d)</label>
                  <rs type="title">Prolegomenos a uma reformação do <choice>
                        <abbr>Pag<am>.</am>
                        </abbr>
                        <expan resp="UH">Pag<ex>anismo</ex>
                        </expan>
                     </choice>
                  </rs> — <rs type="name" key="P1" style="b">Antonio Mora</rs>. </item>
               <item>
                  <label>(e)</label>
                  <rs type="work" key="O3" style="b">
                     <rs type="title">Novas Odes</rs> — <rs type="name" key="RR" role="author">
                        <choice>
                           <abbr>R</abbr>
                           <expan>R<ex>icardo</ex>
                           </expan>
                        </choice> Reis</rs>
                  </rs>. </item>
            </list>
            <metamark rend="line" function="distinct"/>
            <list>
               <item>
                  <label>(a)</label>
                  <rs type="title">Prometheus Revinctus</rs>. </item>
               <item>
                  <label>(b)</label>
                  <rs type="work" key="O1" style="c">
                     <rs type="title">Itinerario</rs>
                  </rs>. </item>
               <item>
                  <label>(c)</label>
                  <rs type="title">Livro do Desassocego</rs>. </item>
               <item>
                  <label>(d)</label>
                  <rs type="title">Ligéa</rs>. </item>
               <item>
                  <label>(e)</label>
                  <rs type="title">
                     <rs type="name" key="P21" style="b">D. Sebastião</rs>
                  </rs>.
                    </item>
            </list>
         </div>
      </body>
   </text>
</TEI>
