<?xml version="1.0" encoding="UTF-8"?> 
<?xml-model href="../schema/pessoaTEI.rng" type="application/xml" schematypens="http://relaxng.org/ns/structure/1.0"?>
<TEI xmlns="http://www.tei-c.org/ns/1.0">
    <teiHeader>
        <fileDesc>
            <titleStmt>
                <title>BNP/E3 76A-61<hi rend="superscript">v</hi>
                </title>
                <author>
                    <rs type="person" key="FP">Fernando Pessoa</rs>
                </author>
                <respStmt>
                    <resp>Transcrição, Edição</resp>
                    <name>Pedro Sepúlveda</name>
                </respStmt>
                <respStmt>
                    <resp>Modelagem de dados, Codificação</resp>
                    <name>Ulrike Henny</name>
                </respStmt>
                <respStmt>
                    <resp>Codificação</resp>
                    <name>Isabel Figueiredo-Iken</name>
                </respStmt>
                <respStmt>
                    <resp>Consultoria</resp>
                    <name>Institut für Dokumentologie und Editorik (IDE)</name>
                </respStmt>
            </titleStmt>
            <publicationStmt>
                <publisher>Universidade Nova de Lisboa, Instituto de Estudos de Literatura e Tradição (IELT)</publisher>
                <publisher>Cologne Center for eHumanities (CCeH)</publisher>
                <date>2016</date>
                <availability>
                    <licence target="http://creativecommons.org/licenses/by/3.0/"/>
                </availability>
                <idno type="filename">BNP_E3_76A-61v.xml</idno>
            </publicationStmt>
            <sourceDesc>
                <msDesc xml:id="M1" type="structured">
                    <msIdentifier>
                        <institution>Biblioteca Nacional de Portugal</institution>
                        <idno>BNP/E3 76A-61v</idno>
                    </msIdentifier>
                    <msContents>
                        <msItemStruct>
                            <author>
                                <rs type="person" key="FP">Fernando Pessoa</rs>
                            </author>
                            <note type="genre">
                                <rs type="genre" key="lista_editorial">Lista editorial</rs>
                                <rs type="genre" key="plano_editorial">Plano editorial</rs>
                            </note>
                            <textLang mainLang="pt" otherLangs="en fr"/>
                        </msItemStruct>
                    </msContents>
                    <history>
                        <origin>
                            <p>
                                <origDate when="1914" cert="medium">1914?</origDate>
                            </p>
                        </origin>
                    </history>
                </msDesc>
                <msDesc corresp="#M1" type="prose">
                    <msIdentifier></msIdentifier>
                    <p>Lista manuscrita a tinta preta numa folha de papel com a marca de água «Express Bond |
                        5860». Publicada em RRP, 290.</p>
                    <p>A figura de Ricardo Reis como defensor de um neoclassicismo científico, sem referências
                        ao projeto de reconstrução do paganismo em torno do <hi rend="italic">mestre</hi>
                        Alberto Caeiro, parece ter sido a primeira versão da <hi rend="italic">empresa</hi>
                        atribuída a tal nome, aqui dividida em duas partes concomitantes: uma de diatribe contra
                        a arte contemporânea e uma apresentação apologética da arte clássica. Segundo este
                        pressuposto, esta lista terá sido elaborada num momento próximo ao da primeira aparição
                        de Reis como figura autoral constituída e nomeada, registada por Pessoa em diversos
                        contextos como ocorrida no primeiro semestre de 1914.</p>
                </msDesc>
            </sourceDesc>
        </fileDesc>
    </teiHeader>
    <facsimile>
        <graphic url="bn-acpc-e-e3-76a-1-99_JPG_24-C-R0150/bn-acpc-e-e3-76a-1-99_0124_61v_t24-C-R0150.jpg" />
    </facsimile>
    <text>
        <body>
            <div>
                <head><hi rend="underline"><choice>
                                              <abbr>R</abbr>
                                              <expan>R<ex>icardo</ex></expan>
                                            </choice><choice>
                                                        <abbr>R</abbr>
                                                        <expan>R<ex>eis</ex></expan>
                                                     </choice></hi></head>
                <list>
                    <item>
                        <label>I.</label> <rs type="text">A Indisciplina Moderna</rs>.<lb/>
                        <note>((1) A <choice>
                                        <abbr>I<am>.</am></abbr>
                                        <expan>I<ex>ndisciplina</ex></expan>
                                    </choice> philosophica.
                                (2) A <choice>
                                    <abbr><am>ind.</am></abbr>
                                    <expan>ind<ex>isciplina</ex></expan>
                                </choice> esthetica.
                                (3) a <choice>
                                    <abbr>I<am>.</am></abbr>
                                    <expan>I<ex> ndisciplina</ex>
                                    </expan>
                                </choice> moral
                            ).</note>
                    </item>
                    <item>
                        <label>II.</label>
                        <rs type="text">Estudos neo-classicos</rs>.
                        <list>
                            <item>
                                <label>1.</label> O principio classico.
                            </item>
                            <item>
                                <label>2.</label> 
                                <choice>
                                    <seg n="1">A</seg>
                                    <seg n="2">
                                        <add place="above">O</add>
                                    </seg>
                                </choice> <choice>
                                            <seg n="1">tragedia</seg>
                                            <seg n="2">
                                                <add place="above">drama</add>
                                            </seg>
                                          </choice> greg<choice>
                                                            <seg n="1">a</seg>
                                                            <seg n="2">
                                                                <add place="above">o</add>
                                                            </seg>
                                                        </choice>
                                    superior <choice>
                                                <seg n="1">á</seg>
                                                <seg n="2">
                                                    <supplied resp="PS">
                                                        <add place="above">ao</add>
                                                    </supplied>
                                                </seg>
                                            </choice>
                                            <choice>
                                                <seg n="1">
                                                    <choice>
                                                        <abbr>tr<am>.</am></abbr>
                                                        <expan>tragedia</expan>
                                                    </choice>
                                                </seg>
                                                <seg n="2">
                                                    <add place="above">drama</add>
                                                </seg>
                                            </choice> modern<choice>
                                                                <seg n="1">a</seg>
                                                                <seg n="2">
                                                                    <supplied resp="PS">
                                                                        <add place="above">o</add>
                                                                    </supplied>
                                                                </seg>
                                                            </choice>.
                            </item>
                            <item>
                                <label>3.</label> <rs type="person" key="P84">Milton</rs> superior a <rs type="person" key="P65">Shakespeare</rs>.
                            </item>
                            <item>
                                <label>4.</label> Theoria do neo-clacissismo scientifico.
                            </item>
                            <item>
                                <note place="left">+</note>
                                <label>5.</label> Marcha funebre do Christianismo.
                            </item>
                            <item>
                                <label>6.</label> A arte moderna produto de *masturbação.
                            </item>
                        </list>
                    </item>
                </list>
                <metamark rend="line" function="distinct"/>
                <gap reason="selection" unit="line" extent="16"/>
            </div>
        </body>
    </text>
</TEI>
