<?xml version="1.0" encoding="UTF-8"?>
<?xml-model href="../schema/pessoaTEI.rng" type="application/xml" schematypens="http://relaxng.org/ns/structure/1.0"?>
<TEI xmlns="http://www.tei-c.org/ns/1.0">
    <teiHeader>
        <fileDesc>
            <titleStmt>
                <title>BNP/E3 48-43</title>
                <author>
                    <rs type="name" key="FP">Fernando Pessoa</rs>
                </author>
                <respStmt>
                    <resp>Transcrição, Edição</resp>
                    <name>Pedro Sepúlveda</name>
                </respStmt>
                <respStmt>
                    <resp>Modelagem de dados, Codificação</resp>
                    <name>Ulrike Henny-Krahmer</name>
                </respStmt>
                <respStmt>
                    <resp>Codificação</resp>
                    <name>Inês Filipa Rebelo do Carmo</name>
                </respStmt>
                <respStmt>
                    <resp>Consultoria</resp>
                    <name>Institut für Dokumentologie und Editorik (IDE)</name>
                </respStmt>
            </titleStmt>
            <publicationStmt>
                <publisher>Universidade Nova de Lisboa, Instituto de Estudos de Literatura e
                    Tradição (IELT)</publisher>
                <publisher>Cologne Center for eHumanities (CCeH)</publisher>
                <date>2017</date>
                <availability status="free">
                    <licence target="http://creativecommons.org/licenses/by/3.0/"/>
                </availability>
                <idno type="filename">BNP_E3_48-43.xml</idno>
            </publicationStmt>
            <sourceDesc>
                <msDesc>
                    <msIdentifier>
                        <institution>Biblioteca Nacional de Portugal</institution>
                        <idno>BNP/E3 48-43</idno>
                    </msIdentifier>
                    <msContents>
                        <summary>
                            <p>Lista manuscrita.</p>
                        </summary>
                        <msItemStruct>
                            <author>
                                <rs type="name" key="FP">Fernando Pessoa</rs>
                            </author>
                            <note type="genre">
                                <rs type="genre" key="lista_editorial">Lista editorial</rs>
                                <rs type="genre" key="plano_editorial">Plano editorial</rs>
                            </note>
                            <textLang mainLang="pt"/>
                        </msItemStruct>
                    </msContents>
                    <history>
                        <origin>
                            <p>
                                <origDate when="1919" cert="medium">c. 1919</origDate>
                            </p>
                        </origin>
                    </history>
                </msDesc>
            </sourceDesc>
        </fileDesc>
    </teiHeader>
    <facsimile xml:base="http://images.cceh.uni-koeln.de/pessoa/">
        <graphic
            url="bn-acpc-e-e3-48-1-56_JPG_24-C-R0150/bn-acpc-e-e3-48-1-56_0085_43_t24-C-R0150.jpg"/>
    </facsimile>
    <text>
        <body>
            <div>
                <head><hi rend="underline"><rs type="periodical" key="J77">A Quinzena
                            Portugueza</rs>.</hi></head>
                <list>
                    <item>
                        <label>A.</label> – um artigo de “fundo”. <note type="addition" n="2">(ou
                            artigos)</note>
                        <note place="margin-right" type="addition" n="2">
                            <note place="margin-left" target="range(I1,I2)">
                                <metamark rend="curly-bracket" function="grouping"/>
                            </note>
                            <seg type="anchor">ou</seg>
                            <list rend="inline">
                                <item xml:id="I1">- artigo de fundo</item>
                                <item xml:id="I2" rend="indent-2">- <choice>
                                        <abbr>art<am>.</am></abbr>
                                        <expan>art<ex>igos</ex></expan>
                                    </choice> especiaes.</item>
                            </list>
                            <note place="margin-right" target="range(I1,I2)">
                                <metamark rend="curly-bracket" function="grouping"/>
                            </note>
                        </note>
                    </item>
                    <metamark rend="line" function="distinct"/>
                    <item rend="indent-2">
                        <label>B.</label> – <subst>
                            <del rend="overstrike" n="2">A Quinzena.</del>
                            <add place="below" n="2"><hi rend="underline">Portugal</hi></add>
                        </subst> – <list>
                            <item>Finanças do Estado <note n="2" type="addition"> — <subst>
                                        <add place="above">Vida do Estado</add>
                                        <del rend="overstrike">O Estado</del>
                                    </subst></note>.</item>
                            <item><del rend="overstrike" n="2">Finanças Geraes.</del>
                                <add place="after" n="2"><anchor xml:id="A1"/> Vida
                                    Financeira.</add></item>
                            <item xml:id="I3">Commercio Interno.</item>
                            <item xml:id="I4">Commercio de Importação. <note place="margin-right"
                                    type="addition" target="range(I3,I6)" n="2">
                                    <metamark rend="curly-bracket" function="grouping">
                                        <label>Vida<lb/>Commercial</label>
                                    </metamark>
                                </note>
                            </item>
                            <item xml:id="I5">Resumos e Commercio de Exportação. <note
                                    place="margin-left" type="addition" rend="rotate-right" n="2">
                                    <metamark rend="line" function="distinct"/> Resumos e <lb/>
                                    noticias sol<pc>-</pc><lb/>tas <metamark rend="line"
                                        function="distinct"/>
                                </note>
                            </item>
                            <item xml:id="I6">Commercio de Reexportação.</item>
                            <item><note place="margin-left"><del rend="overstrike">(?)
                                    -</del></note>
                                <del rend="overstrike" n="2">Colonias.</del></item>
                            <item>Industria. <note n="2" type="addition">– Vida
                                Industrial</note></item>
                            <item xml:id="I7">
                                <seg type="certainty" cert="low" rend="question-mark left" resp="FP"
                                    >Cambios.</seg>
                                <note place="margin-right" type="addition" n="2"
                                    target="range(I7,I8)">
                                    <metamark rend="curly-bracket" function="grouping">
                                        <label>
                                            <metamark xml:id="M1" rend="arrow-right-up"
                                                function="assignment" target="#A1" n="2"/>
                                        </label>
                                    </metamark>
                                </note>
                            </item>
                            <item xml:id="I8">
                                <seg type="certainty" cert="low" rend="question-mark left" resp="FP"
                                    >Bolsa.</seg>
                            </item>
                        </list>
                    </item>
                    <metamark rend="line" function="distinct"/>
                    <item>
                        <label>C.</label> – Os Mercados – Productos por ordem alphabetica. </item>
                    <metamark rend="line" function="distinct"/>
                    <item rend="indent-2">
                        <label>D.</label> – Tratados Commerciais e Pautas Aduaneiras<lb/> (por
                        paizes) </item>
                    <metamark rend="line" function="distinct"/>
                    <item rend="indent-2">
                        <label>E.</label> – Indicações Commerciais Varias<lb/> (por paizes ?) <list
                            rend="inline">
                            <item>Concursos</item>
                            <item>Firmas <choice>
                                    <abbr>q</abbr>
                                    <expan>q<ex>ue</ex></expan>
                                </choice> podem responder, etc.</item>
                        </list>
                        <note place="margin-right" type="addition" rend="rotate-left" n="2">
                            <metamark rend="line" function="distinct"/> D – Colonias<lb/> E –
                            Estrangeiro <metamark rend="line" function="distinct"/>
                        </note>
                    </item>
                    <metamark rend="line" function="distinct"/>
                    <item>
                        <label>F. <add n="2">(ou G)</add></label> – Novos Processos e Invenções </item>
                    <metamark rend="line" function="distinct"/>
                    <item rend="indent-2">
                        <label><subst>
                                <del rend="overstrike" n="2">G</del>
                                <add place="after" n="2">H</add>
                            </subst></label> – Estatística de Importação, Exportação e <lb/>
                        Reexportação - da quinzena. <note place="margin-right" type="addition" n="2"
                            >(tabellas)</note>
                    </item>
                    <metamark rend="line" function="distinct"/>
                    <item>
                        <label><subst>
                                <del rend="overstrike" n="2">H</del>
                                <add place="after" n="2">I</add>
                            </subst></label> – Cambios Bolsa da Quinzena. <note place="margin-right"
                            type="addition" n="2">(tabellas)</note>
                    </item>
                    <metamark rend="line" function="distinct"/>
                    <item rend="indent-2">
                        <label><subst>
                                <del rend="overstrike" n="2">I e J</del>
                                <add place="after" n="2">G ?</add>
                            </subst></label> – Dois artigos especiaes <note place="margin-right"
                            type="addition" n="2">(reclames) Publicidade <lb/> em artigos</note>
                    </item>
                    <metamark rend="line" function="distinct"/>
                    <item>
                        <label><subst>
                                <del rend="overstrike" n="2">K</del>
                                <add place="margin-left" n="2">J</add>
                            </subst></label> – Navegação (portos portuguezes, etc). </item>
                </list>
            </div>
        </body>
    </text>
</TEI>
