<?xml version="1.0" encoding="UTF-8"?> 
<?xml-model href="../schema/pessoaTEI.rng" type="application/xml" schematypens="http://relaxng.org/ns/structure/1.0"?>
<TEI xmlns="http://www.tei-c.org/ns/1.0">
    <teiHeader>
        <fileDesc>
            <titleStmt>
                <title>BNP/E3 5-83<hi rend="superscript">r</hi></title>
                <author>
                    <rs type="person" key="FP">Fernando Pessoa</rs>
                </author>
                <respStmt>
                    <resp>Transcrição, Edição</resp>
                    <name>Pedro Sepúlveda</name>
                </respStmt>
                <respStmt>
                    <resp>Transcrição</resp>
                    <name>Pablo Javier Pérez López</name>
                </respStmt>
                <respStmt>
                    <resp>Transcrição</resp>
                    <name>Jorge Uribe</name>
                </respStmt>
                <respStmt>
                    <resp>Modelagem de dados, Codificação</resp>
                    <name>Ulrike Henny</name>
                </respStmt>
                <respStmt>
                    <resp>Codificação</resp>
                    <name>Isabel Figueiredo-Iken</name>
                </respStmt>
                <respStmt>
                    <resp>Codificação</resp>
                    <name>Sviatoslav Drach</name>
                </respStmt>
                <respStmt>
                    <resp>Consultoria</resp>
                    <name>Institut für Dokumentologie und Editorik (IDE)</name>
                </respStmt>
            </titleStmt>
            <publicationStmt>
                <publisher>Universidade Nova de Lisboa, Instituto de Estudos de Literatura e
                    Tradição (IELT)</publisher>
                <publisher>Cologne Center for eHumanities (CCeH)</publisher>
                <date>2016</date>
                <availability>
                    <licence target="http://creativecommons.org/licenses/by/3.0/"/>
                </availability>
                <idno type="filename">BNP_E3_5-83r.xml</idno>
            </publicationStmt>
            <sourceDesc>
                <msDesc xml:id="M1" type="structured">
                    <msIdentifier>
                        <institution>Biblioteca Nacional de Portugal</institution>
                        <idno>BNP/E3 5-83r</idno>
                    </msIdentifier>
                    <msContents>
                        <msItemStruct>
                            <author>
                                <rs type="person" key="FP">Fernando Pessoa</rs>
                            </author>
                            <note type="genre">
                                <rs type="genre" key="lista_editorial">Lista editorial</rs>
                                <rs type="genre" key="plano_editorial">Plano editorial</rs>
                            </note>
                            <textLang mainLang="pt"/>
                        </msItemStruct>
                    </msContents>
                    <history>
                        <origin>
                            <p>
                                <origDate when="1918" cert="medium">c. 1918</origDate>
                            </p>
                        </origin>
                    </history>
                </msDesc>
                <msDesc corresp="#M1" type="prose">
                    <msIdentifier/>
                    <p> Lista manuscrita num cartão timbrado «F. A. Pessoa | R. do Ouro, 87, 2.° |
                        Lisboa», publicada em <hi rend="italic">Livro do Desassossego</hi> (1982, I,
                        3). </p>
                </msDesc>
            </sourceDesc>
        </fileDesc>
    </teiHeader>
    <facsimile>
        <graphic
            url="bn-acpc-e-e3-5-1-85_JPG_24-C-R0150/bn-acpc-e-e3-5-1-85_0166_83_t24-C-R0150.jpg"/>
    </facsimile>
    <text>
        <body>
            <div>
                <head><hi rend="underline">Na Casa de saude de Cascaes</hi></head>
                <ab>inclue: –</ab>
                <list>
                    <item>
                        <label>(1)</label> Introdução, entrevista<lb/> com <rs type="person"
                            key="P1" style="b">Antonio Mora</rs>. </item>
                    <item>
                        <label>(2)</label>
                        <rs type="person" key="AC" role="author">Alberto Caeiro</rs>
                    </item>
                    <item>
                        <label>(3)</label>
                        <rs type="person" key="RR" role="author">Ricardo Reis</rs>
                    </item>
                    <item>
                        <label>(4)</label>
                        <rs type="text">“Prolegomenos”</rs> de <rs type="person" key="P1" style="b"
                            >Antonio<lb/> Mora</rs>. </item>
                    <item>
                        <label>(5)</label>
                        <rs type="text">“Fragmentos”</rs>
                    </item>
                </list>
            </div>
            <metamark rend="line" function="distinct"/>
            <div>
                <head><rs type="text"><hi rend="underline">Vida e obras do engenheiro<lb/>
                            <rs type="person" key="AdC" role="topic">Alvaro de
                    Campos</rs></hi></rs>.</head>
            </div>
            <metamark rend="line" function="distinct"/>
            <div>
                <head><hi rend="underline"><rs type="text">Livro do Desassocego</rs>.</hi></head>
                <ab>escripto por <rs type="person" key="P62">Vicente Guedes,<lb/></rs> publicado por
                        <rs type="person" key="FP" role="editor" style="b">Fernando<lb/>
                    Pessoa</rs>.</ab>
            </div>
        </body>
    </text>
</TEI>
