<?xml version="1.0" encoding="UTF-8"?>
<TEI xmlns="http://www.tei-c.org/ns/1.0">
    <teiHeader>
        <fileDesc>
            <titleStmt>
                <title>BNP/E3 48C-28<hi rend="superscript">r</hi>
                </title>
                <author>
                    <rs type="person" key="FP">Fernando Pessoa</rs>
                </author>
                <respStmt>
                    <resp>Transcrição, Edição</resp>
                    <name>Pedro Sepúlveda</name>
                </respStmt>
                <respStmt>
                    <resp>Modelagem de dados, Codificação</resp>
                    <name>Ulrike Henny</name>
                </respStmt>
                <respStmt>
                    <resp>Codificação</resp>
                    <name>Isabel Figueiredo-Iken</name>
                </respStmt>
                <respStmt>
                    <resp>Consultoria</resp>
                    <name>Institut für Dokumentologie und Editorik (IDE)</name>
                </respStmt>
            </titleStmt>
            <publicationStmt>
                <publisher>Universidade Nova de Lisboa, Instituto de Estudos de Literatura e Tradição (IELT)</publisher>
                <publisher>Cologne Center for eHumanities (CCeH)</publisher>
                <date>2016</date>
                <availability>
                    <licence target="http://creativecommons.org/licenses/by/3.0/"/>
                </availability>
                <idno type="filename">BNP_E3_48C-28r.xml</idno>
            </publicationStmt>
            <sourceDesc>
                <msDesc>
                    <msIdentifier>
                        <institution>Biblioteca Nacional de Portugal</institution>
                        <idno>BNP/E3 48C-28r</idno>
                    </msIdentifier>
                    <msContents>
                        <msItemStruct>
                            <author>
                                <rs type="person" key="FP">Fernando Pessoa</rs>
                            </author>
                            <note type="genre">
                                <rs type="genre" key="lista_editorial">Lista editorial</rs>
                                <rs type="genre" key="plano_editorial">Plano editorial</rs>
                            </note>
                            <textLang mainLang="pt"/>
                        </msItemStruct>
                    </msContents>
                    <history>
                        <origin>
                            <p>
                                <origDate notAfter="1933-02">ant. Fev. 1933</origDate>
                            </p>
                        </origin>
                    </history>
                </msDesc>
            </sourceDesc>
        </fileDesc>
    </teiHeader>
    <facsimile>
        <graphic url="bn-acpc-e-e3-48c-1-50_JPG_24-C-R0150/bn-acpc-e-e3-48c-1-50_0067_28_t24-C-R0150.jpg"/>
    </facsimile>
    <text>
        <body>
            <div>
                <list>
                    <item>
                        <list>
                            <head>
                                <rs type="text">O REGRESSO DOS DEUSES</rs> — I. <rs type="work" key="O2" style="a"><rs type="text">POEMAS COMPLETOS DE <rs type="person" key="AC" role="author">ALBERTO<lb/> CAEIRO</rs> (1889-1915)</rs></rs>.</head>
                            <metamark rend="line" function="distinct"/>
                            <item>
                                <label>1.</label>
                                Nota dos Editores.
                            </item>
                            <item>
                                <label>2.</label>
                                <rs type="text">Prefacio do <rs type="person" key="RR" role="author">Dr. Ricardo Reis</rs></rs>.
                            </item>
                            <item>
                                <label>3.</label>
                                <rs type="text">Poemas Completos de <rs type="person" key="AC" role="author">Alberto Caeiro</rs>
                                </rs>:
                                <list>
                                    <item>
                                        <label>I.</label>
                                        <rs type="work" key="O2" style="b"><rs type="text">O Guardador de Rebanhos</rs></rs>
                                    </item>
                                    <item>
                                        <label>II.</label>
                                        <rs type="work" key="O2" style="c"><rs type="text">O Pastor Amoroso</rs></rs>
                                    </item>
                                    <item>
                                        <label>III.</label>
                                        <rs type="work" key="O2" style="d"><rs type="text">Poemas Inconjunctos</rs></rs>
                                    </item>
                                </list>
                            </item>
                            <item>
                                <label>4.</label>
                                <rs type="text">Natividade de <rs type="person" key="AC" role="topic">Alberto Caeiro</rs>
                                </rs>, por <rs type="person" key="FP" role="author" style="b">Fernando Pessoa</rs>.
                            </item>
                            <item>
                                <label>5.</label>
                                <rs type="title">Notas para a recordação do meu mestre <rs type="person" key="AC" role="topic">Caeiro</rs>
                                </rs>,<lb/> por <rs type="person" key="AdC" role="author">Alvaro de Campos</rs>.
                            </item>
                        </list>
                    </item>
                    <metamark rend="line" function="distinct"/>
                    <item>
                        <list>
                            <head>
                                <rs type="text">O REGRESSO DOS DEUSES</rs> - II. <rs type="work" key="O3" style="b"><rs type="text">
                                    <rs type="person" key="RR" role="author">RICARDO REIS</rs>, ODES, LIV. <lb/>I-III</rs></rs>.</head>
                            <item/>
                        </list>
                    </item>
                    <metamark rend="line" function="distinct"/>
                    <item>
                        <list>
                            <head>
                                <rs type="text">O REGRESSO DOS DEUSES</rs> - III. <rs type="work" key="O4" style="c"><rs type="text">ACCESSORIOS, POEMAS DE<lb/>
                                    <rs type="person" key="AdC" role="author">ALVARO DE CAMPOS</rs></rs></rs>
                            </head>
                            <item/>
                        </list>
                    </item>
                    <metamark rend="line" function="distinct"/>
                </list>
            </div>
        </body>
    </text>
</TEI>