<?xml version="1.0" encoding="UTF-8"?>
<?xml-model href="../schema/pessoaTEI.rng" type="application/xml" schematypens="http://relaxng.org/ns/structure/1.0"?>
<TEI xmlns="http://www.tei-c.org/ns/1.0">
   <teiHeader>
      <fileDesc>
         <titleStmt>
            <title>BNP/E3 183<hi rend="superscript">r</hi></title>
            <author>
               <rs type="name" key="FP">Fernando Pessoa</rs>
            </author>
            <respStmt>
               <resp>Transcrição, Edição</resp>
               <name>Pedro Sepúlveda</name>
            </respStmt>
            <respStmt>
               <resp>Codificação, Modelagem de dados</resp>
               <name>Ulrike Henny-Krahmer</name>
            </respStmt>
            <respStmt>
               <resp>Codificação</resp>
               <name>Isabel Figueiredo-Iken</name>
            </respStmt>
            <respStmt>
               <resp>Codificação</resp>
               <name>Sviatoslav Drach</name>
            </respStmt>
            <respStmt>
               <resp>Consultoria</resp>
               <name>Institut für Dokumentologie und Editorik (IDE)</name>
            </respStmt>
         </titleStmt>
         <publicationStmt>
            <publisher>Universidade Nova de Lisboa, Instituto de Estudos de Literatura e Tradição
               (IELT)</publisher>
            <publisher>Cologne Center for eHumanities (CCeH)</publisher>
            <date>2017</date>
            <availability>
               <licence target="http://creativecommons.org/licenses/by/3.0/"/>
            </availability>
            <idno type="filename">BNP_E3_183r.xml</idno>
         </publicationStmt>
         <sourceDesc>
            <msDesc>
               <msIdentifier>
                  <institution>Biblioteca Nacional de Portugal</institution>
                  <idno>BNP/E3 183r</idno>
               </msIdentifier>
               <msContents>
                  <summary>
                     <p>Lista datilografada.</p>
                  </summary>
                  <msItemStruct>
                     <author>
                        <rs type="name" key="FP">Fernando Pessoa</rs>
                     </author>
                     <note type="genre">
                        <rs type="genre" key="lista_editorial">Lista editorial</rs>
                     </note>
                     <textLang mainLang="pt"/>
                  </msItemStruct>
               </msContents>
               <history>
                  <origin>
                     <p>
                        <origDate from="1928" to="1935">1928-1935</origDate>
                     </p>
                  </origin>
               </history>
            </msDesc>
         </sourceDesc>
      </fileDesc>
   </teiHeader>
   <facsimile>
      <graphic
         url="bn-acpc-e-e3-167-186_JPG_24-C-R0150/bn-acpc-e-e3-167-186_0035_183_t24-C-R0150.jpg"/>
   </facsimile>
   <text>
      <body>
         <div>
            <head><hi rend="underline">Booklets.</hi></head>
            <list>
               <item><label>1.</label><rs type="title">Theoria do Suffragio Politico.</rs></item>
               <item><label>2.</label><rs type="title">A Opinião Publica.</rs></item>
               <item><label>3.</label><rs type="title">A Existencia de Deus.</rs></item>
               <item><label>4.</label><rs type="title">Geometria dos anti-S. e dos Coex.</rs></item>
               <item><label>5.</label><rs type="title">O Banqueiro Anarchista.</rs></item>
               <item><label>6.</label><rs type="title">A Moral da Força.</rs></item>
               <item><label>7.</label><rs type="title">Preludio ao Combate.</rs></item>
               <item><label>8.</label><rs type="title">Prefacio ao Desconhecido</rs>. (<choice>
                     <abbr>occ<am>.</am></abbr>
                  </choice>.)</item>
               <item><label>9.</label><rs type="title">A Astrologia</rs>.</item>
               <item><label>10.</label><rs type="title">O Interregno</rs>.</item>
               <item><label>11.</label><rs type="title">Introducção a <rs type="place"
                     >Portugal</rs>.</rs></item>
               <item><label>12.</label><rs type="title">Theoria do Conhecimento Physico.</rs></item>
               <item><label>13.</label><rs type="title">Terceiro Corpo das Prophecias do <rs
                     type="name" key="P259">Bandarra.</rs></rs></item>
               <item><label>14.</label><rs type="title">O Christianismo.</rs>
               </item>
            </list>
         </div>
      </body>
   </text>
</TEI>
