<?xml version="1.0" encoding="UTF-8"?>
<?xml-model href="../schema/pessoaTEI.rng" type="application/xml" schematypens="http://relaxng.org/ns/structure/1.0"?>
<TEI xmlns="http://www.tei-c.org/ns/1.0">
   <teiHeader>
      <fileDesc>
         <titleStmt>
            <title>BNP/E3 188-1<hi rend="superscript">r</hi></title>
            <author>
               <rs type="name" key="FP">Fernando Pessoa</rs>
            </author>
            <respStmt>
               <resp>Transcrição, Edição</resp>
               <name>Pedro Sepúlveda</name>
            </respStmt>
            <respStmt>
               <resp>Codificação, Modelagem de dados</resp>
               <name>Ulrike Henny</name>
            </respStmt>
            <respStmt>
               <resp>Codificação</resp>
               <name>Isabel Figueiredo-Iken</name>
            </respStmt>
            <respStmt>
               <resp>Codificação</resp>
               <name>Sviatoslav Drach</name>
            </respStmt>
            <respStmt>
               <resp>Consultoria</resp>
               <name>Institut für Dokumentologie und Editorik (IDE)</name>
            </respStmt>
         </titleStmt>
         <publicationStmt>
            <publisher>Universidade Nova de Lisboa, Instituto de Estudos de Literatura e Tradição
               (IELT)</publisher>
            <publisher>Cologne Center for eHumanities (CCeH)</publisher>
            <date>2017</date>
            <availability>
               <licence target="http://creativecommons.org/licenses/by/3.0/"/>
            </availability>
            <idno type="filename">BNP_E3_188-1r.xml</idno>
         </publicationStmt>
         <sourceDesc>
            <msDesc xml:id="M1" type="structured">
               <msIdentifier>
                  <institution>Biblioteca Nacional de Portugal</institution>
                  <idno>BNP/E3 188-1r</idno>
               </msIdentifier>
               <msContents>
                  <msItemStruct>
                     <author>
                        <rs type="name" key="FP">Fernando Pessoa</rs>
                     </author>
                     <note type="genre">
                        <rs type="genre" key="lista_editorial">Lista editorial</rs>
                     </note>
                     <textLang mainLang="pt" otherLangs="en"/>
                  </msItemStruct>
               </msContents>
               <history>
                  <origin>
                     <p>
                        <origDate when="1919" cert="medium">c. 1919</origDate>
                     </p>
                  </origin>
               </history>
            </msDesc>
            <msDesc corresp="#M1" type="prose">
               <msIdentifier/>
               <p>Lista manuscrita em papel com marca de água «Parchment Wove».</p>
            </msDesc>
         </sourceDesc>
      </fileDesc>
   </teiHeader>
   <facsimile>
      <graphic url="bn-acpc-e-e3-188_JPG_24-C-R0150/bn-acpc-e-e3-188_0001_1_t24-C-R0150.jpg"/>
   </facsimile>
   <text>
      <body>
         <div>
            <head><hi rend="underline"><choice>
                     <abbr>G<am>.</am></abbr>
                     <expan>G<ex>remio</ex></expan>
                  </choice>
                  <supplied resp="PS" reason="omitted-in-original">de</supplied><choice>
                     <abbr>C<am>.</am></abbr>
                     <expan>C<ex>ultura</ex></expan>
                  </choice>
                  <choice>
                     <abbr>P<am>.</am></abbr>
                     <expan>P<ex>ortugueza</ex></expan>
                  </choice>
               </hi></head>
            <p><rs type="periodical" key="J54">“Portugal” </rs>— revista <del rend="overstrike">de commercio, de
                  industria</del><add place="above"> de vida portugueza para o </add><lb/>
               estrangeiro. </p>
            <metamark rend="line-44" function="distinct"/>
            <p>Edição commercial em inglez.</p>
            <metamark rend="line-44" function="distinct"/>
            <list>
               <head><hi rend="underline"> Advertisements. </hi></head>
               <item xml:id="I1"> page: 120$00 </item>
               <item xml:id="I2">1/2 page: 65$00</item>
               <item xml:id="I3">1/4 page: 35$00 </item>
               <item xml:id="I4">1/8 page: 20$00</item>
               <item xml:id="I5">1/16 page: 12$00</item>
            </list>
            <note target="range(I1,I5)" place="right" type="addition"><add place="center right">
                  inalteraveis</add>
               <metamark rend="curly-bracket" function="grouping"/></note>
            <metamark rend="line-44" function="distinct"/>
            <list>
               <head><hi rend="underline">
                     <gap reason="illegible" unit="character" extent="1"/> number: </hi></head>
               <item> A Man’s Death — <gap reason="illegible" unit="character" extent="2"/> — <gap
                     reason="illegible" unit="character" extent="1"/><lb/>
                  <rs type="place">Portugal</rs> of <gap reason="illegible" unit="character"
                     extent="1"/><choice>
                     <abbr>S<am>.</am></abbr>
                     <expan>S<ex>idonio</ex></expan>
                  </choice> Paes.</item>
            </list>
            <note place="center"><hi rend="underline">shall this start now?</hi>
            </note>
         </div>
      </body>
   </text>
</TEI>
