<?xml version="1.0" encoding="UTF-8"?>
<?xml-model href="../schema/pessoaTEI.rng" type="application/xml" schematypens="http://relaxng.org/ns/structure/1.0"?>
<TEI xmlns="http://www.tei-c.org/ns/1.0">
   <teiHeader>
      <fileDesc>
         <titleStmt>
            <title>BNP/E3 144D<hi rend="superscript">2</hi>-30<hi rend="superscript">v</hi></title>
            <author>
               <rs type="name" key="FP">Fernando Pessoa</rs>
            </author>
            <respStmt>
               <resp>Transcrição, Edição</resp>
               <name>Pedro Sepúlveda</name>
            </respStmt>
            <respStmt>
               <resp>Codificação, Modelagem de dados</resp>
               <name>Ulrike Henny</name>
            </respStmt>
            <respStmt>
               <resp>Codificação</resp>
               <name>Isabel Figueiredo-Iken</name>
            </respStmt>
            <respStmt>
               <resp>Codificação</resp>
               <name>Sviatoslav Drach</name>
            </respStmt>
            <respStmt>
               <resp>Consultoria</resp>
               <name>Institut für Dokumentologie und Editorik (IDE)</name>
            </respStmt>
         </titleStmt>
         <publicationStmt>
            <publisher>Universidade Nova de Lisboa, Instituto de Estudos de Literatura e Tradição
               (IELT)</publisher>
            <publisher>Cologne Center for eHumanities (CCeH)</publisher>
            <date>2017</date>
            <availability>
               <licence target="http://creativecommons.org/licenses/by/3.0/"/>
            </availability>
            <idno type="filename">BNP_E3_144D2-30v.xml</idno>
         </publicationStmt>
         <sourceDesc>
            <msDesc xml:id="M1" type="structured">
               <msIdentifier>
                  <institution>Biblioteca Nacional de Portugal</institution>
                  <idno>BNP/E3 144D2-30v</idno>
               </msIdentifier>
               <msContents>
                  <msItemStruct>
                     <author>
                        <rs type="name" key="FP">Fernando Pessoa</rs>
                     </author>
                     <note type="genre">
                        <rs type="genre" key="lista_editorial">Lista editorial</rs><rs type="genre"
                           key="plano_editorial">Plano editorial</rs>
                     </note>
                     <textLang mainLang="pt"/>
                  </msItemStruct>
               </msContents>
               <history>
                  <origin>
                     <p>
                        <origDate when="1913" cert="medium">c. 1913</origDate>
                     </p>
                  </origin>
               </history>
            </msDesc>
            <msDesc corresp="#M1" type="prose">
               <msIdentifier/>
               <p>Lista manuscrita no caderno 144D<hi rend="superscript">2</hi> (cf. <ref
                     target="http://purl.pt/13880">http://purl.pt/13880</ref>).</p>
            </msDesc>
         </sourceDesc>
      </fileDesc>
   </teiHeader>
   <facsimile>
      <graphic url="bn-acpc-e-e3_144d2_JPG_24-C-R0150/bn-acpc-e-e3_144d2_0096_30v_t24-C-R0150.jpg"/>
   </facsimile>
   <text>
      <body>
         <div>
            <list>
               <item>
                  <label>A. <hi rend="underline">Exilio:</hi></label>
                  <list rend="inline">
                     <item><label>1.</label>&#x00A0;<rs type="title">Tedio em Festa</rs>.
                        (Paues)</item>
                     <item><label>2.</label>&#x00A0;<rs type="title">Cinza das Horas</rs>.</item>
                     <item><label>3.</label>&#x00A0;<rs type="title">Uma partida</rs>. + <rs
                           type="text">Vespera da viagem.</rs>
                     </item>
                     <item><label>4.</label>&#x00A0;<rs type="title">Signal Menos</rs>.</item>
                     <item><label>5.</label>&#x00A0;<rs type="title">Vidas soltas</rs>.</item>
                  </list>
               </item>
               <item>
                  <label>B. <hi rend="underline">Poemas sepultos:</hi></label>
                  <list rend="inline">
                     <item><label>1.</label>&#x00A0;<rs type="title">Livro do Outro Amor</rs>.</item>
                     <item><label>2.</label>&#x00A0;<rs type="title">Dois Odios</rs>.</item>
                     <item><label>3.</label>&#x00A0;<supplied resp="PS" reason="omitted-in-original"
                        /></item>
                  </list>
               </item>
            </list>
            <gap reason="selection" unit="line" extent="2"/>
         </div>
      </body>
   </text>
</TEI>
