<?xml version="1.0" encoding="UTF-8"?>
<?xml-model href="../schema/pessoaTEI.rng" type="application/xml" schematypens="http://relaxng.org/ns/structure/1.0"?>
<TEI xmlns="http://www.tei-c.org/ns/1.0">
   <teiHeader>
      <fileDesc>
         <titleStmt>
            <title>BNP/E3 48-22<hi rend="superscript">r</hi></title>
            <author>
               <rs type="name" key="FP">Fernando Pessoa</rs>
            </author>
            <respStmt>
               <resp>Transcrição, Edição</resp>
               <name>Pedro Sepúlveda</name>
            </respStmt>
            <respStmt>
               <resp>Codificação, Modelagem de dados</resp>
               <name>Ulrike Henny</name>
            </respStmt>
            <respStmt>
               <resp>Codificação</resp>
               <name>Isabel Figueiredo-Iken</name>
            </respStmt>
            <respStmt>
               <resp>Codificação</resp>
               <name>Sviatoslav Drach</name>
            </respStmt>
            <respStmt>
               <resp>Consultoria</resp>
               <name>Institut für Dokumentologie und Editorik (IDE)</name>
            </respStmt>
         </titleStmt>
         <publicationStmt>
            <publisher>Universidade Nova de Lisboa, Instituto de Estudos de Literatura e Tradição
               (IELT)</publisher>
            <publisher>Cologne Center for eHumanities (CCeH)</publisher>
            <date>2017</date>
            <availability>
               <licence target="http://creativecommons.org/licenses/by/3.0/"/>
            </availability>
            <idno type="filename">BNP_E3_48-22r.xml</idno>
         </publicationStmt>
         <sourceDesc>
            <msDesc xml:id="M1" type="structured">
               <msIdentifier>
                  <institution>Biblioteca Nacional de Portugal</institution>
                  <idno>BNP/E3 48-22r</idno>
               </msIdentifier>
               <msContents>
                  <msItemStruct>
                     <author>
                        <rs type="name" key="FP">Fernando Pessoa</rs>
                     </author>
                     <note type="genre">
                        <rs type="genre" key="lista_editorial">Lista editorial</rs>
                     </note>
                     <textLang mainLang="pt"/>
                  </msItemStruct>
               </msContents>
               <history>
                  <origin>
                     <p>
                        <origDate notBefore="1933">post. 1933</origDate>
                     </p>
                  </origin>
               </history>
            </msDesc>
            <msDesc corresp="#M1" type="prose">
               <msIdentifier/>
               <p>Lista datilografada.</p>
            </msDesc>
         </sourceDesc>
      </fileDesc>
   </teiHeader>
   <facsimile>
      <graphic
         url="bn-acpc-e-e3-48-1-56_JPG_24-C-R0150/bn-acpc-e-e3-48-1-56_0043_22_t24-C-R0150.jpg"/>
      <graphic
         url="bn-acpc-e-e3-48-1-56_JPG_24-C-R0150/bn-acpc-e-e3-48-1-56_0045_23_t24-C-R0150.jpg"/>
   </facsimile>
   <text>
      <body>
         <div>
            <head rend="center"><hi rend="underline">“O GÉNIO PORTUGUÊS”</hi></head>
            <head rend="center"><hi rend="underline">GRANDE BIBLIOTECA DE CULTURA
               NACIONALISTA</hi></head>
            <head rend="center">TÓPICOS DO PLANO DE EDIÇÃO</head>
            <div>
               <head>
                  <hi rend="underline">I-Caracter e fins da obra</hi>
               </head>
               <p>A NEOGRAVURA, LTD. vai organizar, editar e executar uma obra de
                  pro<pc>-</pc><lb/>porções monumentais, destinada a fixar, divulgar e consagrar
                  pela pala<pc>-</pc><lb/>vra escrita e pela imagem gráfica as manifestações mais
                     representati<pc>-</pc><lb/>vas da actividade espiritual e mental da raça. Essa
                  obra, subordinada<lb/> á epigrafe geral de “O GÉNIO PORTUGUÊS” aspira a focar, no
                  seu prossegu<pc>-</pc><lb/>imento, o maior número possivel dos temas que a sua
                  epigrafe envolve e<lb/> sugere: – criação artistica e literária; acontecimentos e
                  vultos da His:<lb/>tória etc. – de molde a constituir, no seu todo, uma espécie de
                  inventário<lb/> da nossa riqueza espiritual através do tempo e do espaço.</p>
            </div>
            <div>
               <head><hi rend="underline">II-Forma de publicação</hi></head>
               <p>Séries de grossos volumes, cada uma destas séries consagradas a um<lb/> dos
                  sectores da nossa actividade criacional. Cada um destes volumes
                  se<pc>-</pc><lb/>rá publicado em 10 ou 12 fasciculos mensais, cuja assignatura se
                     abri<pc>-</pc><lb/>rá em especial para cada volume.</p>
            </div>
            <div>
               <head><hi rend="underline">III-Apresentação gráfica</hi></head>
               <p>Luxuosa, dentro da sobriedade artistica das edições de grande classe.<lb/> Cada
                  fasciculo, com as dimensões aproximadas de <supplied resp="PS"
                     reason="omitted-in-original"/>, conterá 34 pá<pc>-</pc><lb/>ginas, – 16 de
                  texto impresso a duas côres e as restantes de documentá<pc>-</pc><lb/> rio
                  iconográfico, a heliogravura, tricromia e <hi rend="underline">off-sett</hi>.</p>
            </div>
            <div>
               <head>IV -<hi rend="underline">Primeira série de volumes a publicar</hi></head>
               <p>Será consagrada ás Belas Artes</p>
               <div>
                  <head rend="center">PRIMEIRO VOLUME</head>
                  <head rend="center">OS MESTRES E AS OBRAS-PRIMAS<lb/> da<lb/>
                     <hi rend="underline">P I N T U R A</hi></head>
               </div>
               <div>
                  <head rend="center">SEGUNDO VOLUME</head>
                  <head rend="center">OS MESTRES E AS OBRAS-PRIMAS<lb/> da<lb/>
                     <hi rend="underline">E S C U L T U R A</hi></head>
               </div>
               <div>
                  <head rend="center">TERCEIRO VOLUME</head>
                  <head rend="center">OS MESTRES E AS OBRAS-PRIMAS<lb/> da<lb/>
                     <hi rend="underline">ARQUITETURA E ARTES DECORATIVAS</hi></head>
               </div>
            </div>
            <div>
               <head><hi rend="underline">V-Direcção critica e gráfica desta série:</hi></head>
               <p>Exercidas, respectivamente, por um critico de Arte, a escolher e pela
                  <lb/>NEOGRAVURA, LTD.</p>
            </div>
            <div>
               <head><hi rend="underline">VI-Assunto de cada fasciculo</hi></head>
               <p>Uma época, escola, grupo de autores ou autores isolados, que, pela
                  gran<pc>-</pc><lb/>deza ou influência da sua obra, representem o escol de cada uma
                  das artes<lb/> plásticas focadas. Exemplo: –</p>
               <div>
                  <head rend="center">FASCICULOS DO I <choice>
                        <abbr>VOL<am>.</am></abbr>
                        <expan>VOL<ex/>UME</expan>
                     </choice></head>
                  <head rend="center">OS PRIMITIVOS</head>
                  <head rend="center"><rs type="name" key="P293">GRÃO VASCO</rs></head>
                  <pb n="2"/>
                  <head rend="center"><rs type="name" key="P294">NUNO GONÇALVES</rs></head>
                  <p>Et. etc – até ao nosso tempo.</p>
               </div>
            </div>
            <div>
               <head>VII-<hi rend="underline">O texto de cada fasciculo</hi></head>
               <p>Será entregue a um critico de Arte de renome e que, pela sua
                  es<pc>-</pc><lb/>pecialização, esteja indicado para esse efeito. Como já se disse,
                  ocu<lb/>pará 16 páginas e deve obedecer aos intuitos de divulgação cultural<lb/>
                  que caracterizam a obra, fugindo, assim quanto possível á erudição
                  tec<pc>-</pc><lb/>nica, ser escrito em linguagem acessivel e prender os leitores
                  pelo<lb/> interesse vivo e animado na noticia biográfica sobre a vida dos
                     auto<pc>-</pc><lb/>res.</p>
               <p>Sendo possivel, far-se ha no fim de cada fasciculo um resumo em<lb/> linguas
                  estrangeiras de cada monografia.</p>
            </div>
            <div>
               <head>VIII-<hi rend="underline">Ilustrações</hi></head>
               <p>Essencialmente iconográfica, esta obra procurará comportar o<lb/> maior número de
                  reproduções das obras-primas de cada escola, época ou<lb/> autor, quer integradas
                  no texto, quer impressas em extra-textos, um dos<lb/> quais será em heliogravuras,
                  em página dupla. As reproduções, a uma ou<lb/> mais cores, serão escrupulosamente
                  executadas sobre fotografias já exis<pc>-</pc><lb/>tentes ou a mandar executar
                  para esse fim. A direcção da parte icono<pc>-</pc><lb/>gráfica da edição não
                  deverá nunca esquecer que ela se destina, aci<pc>-</pc><lb/>ma de tudo, a ser um
                  documentário perfeito da produção artistica nacio<lb/>nal.</p>
            </div>
            <div>
               <head>IX-<hi rend="underline">Tiragem</hi></head>
               <p>Limitada ao número de assinaturas obtidas préviamente. Compromis<lb/>so de se
                  completar a obra, e de não repetir a edição, o que muito a
                  va<pc>-</pc><lb/>lorizará bibliográficamente.</p>
            </div>
            <div>
               <head>X-<hi rend="underline">Preço de cada fasciculo</hi></head>
               <table>
                  <row>
                     <cell>Por assinatura……………</cell>
                     <cell>15:00</cell>
                  </row>
                  <row>
                     <cell>Avulso……………………</cell>
                     <cell>20:00</cell>
                  </row>
                  <row>
                     <cell>Assinatura adeantada do vol. I</cell>
                     <cell>50:00</cell>
                  </row>
               </table>
            </div>
            <div>
               <head>IX-<hi rend="underline"> Defesa comercial da edição</hi></head>
               <p>Segundo os calculos feitos, será necessária uma assinatura de<lb/> 1:000
                  exemplares para cobrir as despesas do seu custo. Prevê-se, como<lb/> possivel, que
                  esta assinatura se eleve pelo menos a 2:000, o que repre<lb/>sentará um lucro
                  compemsador. Para assegurar este resultado, impõe-se:</p>
               <p>I.-Uma larga lançagem dum numero de propaganda para a colheita de
                  assi<lb/>nantes.</p>
               <p>2-Publicidade intensiva. Esta deverá procurar-se junto dum diário de<lb/> grande
                  circulação, por meio de contracto especial, que poderá ir até<lb/> á modalidade de
                  uma comparticipação de lucros.</p>
               <p>3-Patrocinio do <choice>
                     <abbr>S<am>.</am></abbr>
                     <expan>S<ex>ecretariado</ex></expan>
                  </choice> de <choice>
                     <abbr>P<am>.</am></abbr>
                     <expan>P<ex>ropaganda</ex></expan>
                  </choice>&#x00A0;<choice>
                     <abbr>N<am>.</am></abbr>
                     <expan>N<ex>acional</ex></expan>
                  </choice> e doutros organismos oficiais de indole cultu<pc>-</pc><lb/>ral,
                  tradusido na fixação de determinados grupos de assinaturas para<lb/> entidades
                  oficiais, como Comissões de turismo, Museus, estabelecimentos<lb/> de Ensino, etc.
                  etc.</p>
            </div>
         </div>
      </body>
   </text>
</TEI>
