<?xml version="1.0" encoding="UTF-8"?> 
<?xml-model href="../schema/pessoaTEI.rng" type="application/xml" schematypens="http://relaxng.org/ns/structure/1.0"?>
<TEI xmlns="http://www.tei-c.org/ns/1.0">
   <teiHeader>
      <fileDesc>
         <titleStmt>
            <title>BNP/E3 48G-32<hi rend="superscript">r</hi>
            </title>
            <author>
               <rs type="name" key="FP">Fernando Pessoa</rs>
            </author>
            <respStmt>
               <resp>Transcrição, Edição</resp>
               <name>Pedro Sepúlveda</name>
            </respStmt>
            <respStmt>
               <resp>Transcrição</resp>
               <name>Pablo Javier Pérez López</name>
            </respStmt>
            <respStmt>
               <resp>Modelagem de dados, Codificação</resp>
               <name>Ulrike Henny-Krahmer</name>
            </respStmt>
            <respStmt>
               <resp>Codificação</resp>
               <name>Inês Filipa Rebelo do Carmo</name>
            </respStmt>
            <respStmt>
               <resp>Codificação</resp>
               <name>Isabel Figueiredo-Iken</name>
            </respStmt>
            <respStmt>
               <resp>Codificação</resp>
               <name>Sviatoslav Drach</name>
            </respStmt>
            <respStmt>
               <resp>Consultoria</resp>
               <name>Institut für Dokumentologie und Editorik (IDE)</name>
            </respStmt>
         </titleStmt>
         <publicationStmt>
            <publisher>Universidade Nova de Lisboa, Instituto de Estudos de Literatura e Tradição
               (IELT)</publisher>
            <publisher>Cologne Center for eHumanities (CCeH)</publisher>
            <date>2017</date>
            <availability status="free">
               <licence target="http://creativecommons.org/licenses/by/3.0/"/>
            </availability>
            <idno type="filename">BNP_E3_48G-32r.xml</idno>
         </publicationStmt>
         <sourceDesc>
            <msDesc>
               <msIdentifier>
                  <institution>Biblioteca Nacional de Portugal</institution>
                  <idno>BNP/E3 48G-32r</idno>
               </msIdentifier>
               <msContents>
                  <summary>
                     <p>Lista datilografada em papel com marca de água «Linen Bond», publicada em
                           <hi rend="italic">Sensacionismo e Outros Ismos</hi> (2009, 36-37).</p>
                  </summary>
                  <msItemStruct>
                     <author>
                        <rs type="name" key="FP">Fernando Pessoa</rs>
                     </author>
                     <note type="genre">
                        <rs type="genre" key="lista_editorial">Lista editorial</rs>
                     </note>
                     <textLang mainLang="pt" otherLangs="en fr"/>
                  </msItemStruct>
               </msContents>
               <history>
                  <origin>
                     <p>
                        <origDate when="1915" cert="medium">c. 1915</origDate>
                     </p>
                  </origin>
               </history>
            </msDesc>
         </sourceDesc>
      </fileDesc>
   </teiHeader>
   <facsimile xml:base="http://images.cceh.uni-koeln.de/pessoa/">
      <graphic
         url="bn-acpc-e-e3-48g-1-37_JPG_24-C-R0150/bn-acpc-e-e3-48g-1-37_0063_32_t24-C-R0150.jpg"/>
   </facsimile>
   <text>
      <body>
         <div>
            <head rend="center"><rs type="periodical" key="J35">EUROPA</rs>.</head>
            <head rend="center" type="sub">Revista orgão do Interseccionismo.</head>
            <metamark rend="line" function="distinct"/>
            <table>
               <head rend="indent">No. 1.</head>
               <row>
                  <cell rend="indent-2"><rs type="title">O Interseccionismo — Ultimatum <lb/> da
                        escola literaria defi<pc>-</pc><lb/>nitiva</rs></cell>
                  <cell>- <rs type="name" key="FP" role="author" style="b"><choice>
                           <abbr>F<am>.</am></abbr>
                           <expan>F<ex>ernando</ex></expan>
                        </choice> Pessoa</rs>.</cell>
               </row>
               <row>
                  <cell rend="indent-2"><rs type="work" key="O1-9"><rs type="title">Além-Deus
                           (Poemas interseccio<pc>-</pc><lb/>nistas)</rs></rs></cell>
                  <cell>- <rs type="name" key="FP" role="author" style="b"><choice>
                           <abbr>F<am>.</am></abbr>
                           <expan>F<ex>ernando</ex></expan>
                        </choice> Pessoa</rs>.</cell>
               </row>
               <row>
                  <cell rend="indent-2"><rs type="title">Ressurreição (novela
                        intersec<pc>-</pc><lb/>cionista)</rs></cell>
                  <cell>- <rs type="name" key="P30"><choice>
                           <abbr>M<am>.</am></abbr>
                           <expan>M<ex>ario</ex></expan>
                        </choice> de Sá-<lb/> Carneiro</rs>.</cell>
               </row>
               <row>
                  <cell rend="indent-2"><rs type="title">Paysagem de alma (Poema
                        inter<pc>-</pc><lb/>seccionista)</rs></cell>
                  <cell>- <rs type="name" key="P36"><choice>
                           <abbr>A<am>.</am> P<am>.</am></abbr>
                           <expan>A<ex>lfredo</ex> P<ex>edro</ex></expan>
                        </choice> Guisado</rs>.</cell>
               </row>
               <row>
                  <cell rend="indent-2"><rs type="title">Loucura da Floresta (Pagina
                        in<pc>-</pc><lb/>terseccionista)</rs></cell>
                  <cell>- <rs type="name" key="P37">Côrtes Ro<pc>-</pc><lb/>drigues</rs>.</cell>
               </row>
            </table>
            <metamark rend="line" function="distinct"/>
            <table>
               <head rend="indent">Supplemento ao N° 1.</head>
               <row>
                  <cell><rs type="title">L’Intersectionisme</rs></cell>
                  <cell>- <rs type="name" key="FP" role="author" style="b"><choice>
                           <abbr>F<am>.</am></abbr>
                           <expan>F<ex>ernando</ex></expan>
                        </choice> Pessoa</rs>.</cell>
               </row>
               <row>
                  <cell><rs type="work" key="O1-9"><rs type="title">Poèmes
                        intersectionnistes</rs></rs></cell>
                  <cell>- <rs type="name" key="FP" role="author" style="b"><choice>
                           <abbr>F<am>.</am></abbr>
                           <expan>F<ex>ernando</ex></expan>
                        </choice> Pessoa</rs>,<lb/>
                     <rs type="name" key="P30"><choice>
                           <abbr>M<am>.</am></abbr>
                           <expan>M<ex>ario</ex></expan>
                        </choice> de Sá-Carneiro</rs>,<lb/>
                     <rs type="name" key="P88"><choice>
                           <abbr>Alex<am>.</am></abbr>
                           <expan>Alex<ex>ander</ex></expan>
                        </choice> Search</rs>.</cell>
               </row>
               <row>
                  <cell><rs type="title">Comme le ferait...</rs></cell>
                  <cell>- <rs type="name" key="FP" role="author" style="b"><choice>
                           <abbr>F<am>.</am></abbr>
                           <expan>F<ex>ernando</ex></expan>
                        </choice> Pessoa</rs>.</cell>
               </row>
               <row>
                  <cell><rs type="title">Intersectionism</rs>.</cell>
                  <cell>- <rs type="name" key="FP" role="author" style="b"><choice>
                           <abbr>F<am>.</am></abbr>
                           <expan>F<ex>ernando</ex></expan>
                        </choice> Pessoa</rs>.</cell>
               </row>
               <row>
                  <cell><rs type="work" key="O1-9"><rs type="title">Intersectionnist
                     Poems</rs></rs></cell>
                  <cell>- <rs type="name" key="FP" role="author" style="b"><choice>
                           <abbr>F<am>.</am></abbr>
                           <expan>F<ex>ernando</ex></expan>
                        </choice> Pessoa</rs>,<lb/>
                     <rs type="name" key="P88"><choice>
                           <abbr>Alex<am>.</am></abbr>
                           <expan>Alex<ex>ander</ex></expan>
                        </choice> Search</rs>.</cell>
               </row>
               <row>
                  <cell rend="indent-2"><rs type="title">As it would have been<lb/> done
                     by</rs></cell>
                  <cell>- <rs type="name" key="FP" role="author" style="b"><choice>
                           <abbr>F<am>.</am></abbr>
                           <expan>F<ex>ernando</ex></expan>
                        </choice> Pessoa</rs>.</cell>
               </row>
            </table>
            <metamark rend="line" function="distinct"/>
            <table>
               <head rend="indent">No. 2.</head>
               <row>
                  <cell rend="indent-2"><rs type="title">Sobre o Interseccionismo <lb/>(A sua
                        historia, os seus<lb/> criticos)</rs></cell>
                  <cell>- <rs type="name" key="FP" role="author" style="b"><choice>
                           <abbr>F<am>.</am></abbr>
                           <expan>F<ex>ernando</ex></expan>
                        </choice> Pessoa</rs>.</cell>
               </row>
               <row>
                  <cell rend="indent-2"><rs type="title">Eu sem mim (poema
                        inter<pc>-</pc><lb/>seccionista)</rs></cell>
                  <cell>- <rs type="name" key="P89">Coelho Pacheco</rs>.</cell>
               </row>
               <row>
                  <cell><rs type="title">Eu-proprio o Outro</rs></cell>
                  <cell>- <rs type="name" key="P30"><choice>
                           <abbr>M<am>.</am></abbr>
                           <expan>M<ex>ario</ex></expan>
                        </choice> de Sá-Carneiro</rs>.</cell>
               </row>
               <row>
                  <cell><supplied resp="PS" reason="omitted-in-original"/></cell>
                  <cell>- <rs type="name" key="P38">Carvalho Mourão</rs>.</cell>
               </row>
               <row>
                  <cell><supplied resp="PS" reason="omitted-in-original"/></cell>
                  <cell>- <rs type="name" key="P90">Antonio Ferro</rs>.</cell>
               </row>
            </table>
         </div>
      </body>
   </text>
</TEI>
