<?xml version="1.0" encoding="UTF-8"?>
<?xml-model href="../schema/pessoaTEI.rng" type="application/xml" schematypens="http://relaxng.org/ns/structure/1.0"?>
<TEI xmlns="http://www.tei-c.org/ns/1.0">
   <teiHeader>
      <fileDesc>
         <titleStmt>
            <title>BNP/E3 125B-53<hi rend="superscript">r</hi></title>
            <author>
               <rs type="name" key="FP">Fernando Pessoa</rs>
            </author>
            <respStmt>
               <resp>Transcrição, Edição</resp>
               <name>Pedro Sepúlveda</name>
            </respStmt>
            <respStmt>
               <resp>Transcrição</resp>
               <name>Pablo Javier Pérez López</name>
            </respStmt>
            <respStmt>
               <resp>Modelagem de dados, Codificação</resp>
               <name>Ulrike Henny-Krahmer</name>
            </respStmt>
            <respStmt>
               <resp>Codificação</resp>
               <name>Isabel Figueiredo-Iken</name>
            </respStmt>
            <respStmt>
               <resp>Codificação</resp>
               <name>Sviatoslav Drach</name>
            </respStmt>
            <respStmt>
               <resp>Consultoria</resp>
               <name>Institut für Dokumentologie und Editorik (IDE)</name>
            </respStmt>
         </titleStmt>
         <publicationStmt>
            <publisher>Universidade Nova de Lisboa, Instituto de Estudos de Literatura e Tradição
               (IELT)</publisher>
            <publisher>Cologne Center for eHumanities (CCeH)</publisher>
            <date>2017</date>
            <availability status="restricted">
               <licence target="http://creativecommons.org/licenses/by/3.0/"/>
            </availability>
            <idno type="filename">BNP_E3_125B-53r.xml</idno>
         </publicationStmt>
         <sourceDesc>
            <msDesc>
               <msIdentifier>
                  <institution>Biblioteca Nacional de Portugal</institution>
                  <idno>BNP/E3 125B-53r</idno>
               </msIdentifier>
               <msContents>
                  <summary>
                     <p> Lista datilografada, com acrescentos manuscritos, publicada em <hi rend="italic"
                        >A Demonstração do Indemonstrável</hi> (2011, 75). </p>
                  </summary>
                  <msItemStruct>
                     <author>
                        <rs type="name" key="FP">Fernando Pessoa</rs>
                     </author>
                     <note type="genre">
                        <rs type="genre" key="lista_editorial">Lista editorial</rs>
                     </note>
                     <textLang mainLang="en"/>
                  </msItemStruct>
               </msContents>
               <history>
                  <origin>
                     <p>
                        <origDate when="1920" cert="medium">c. 1920</origDate>
                     </p>
                  </origin>
               </history>
            </msDesc>
         </sourceDesc>
      </fileDesc>
   </teiHeader>
   <facsimile>
      <graphic
         url="bn-acpc-e-e3-125b-1-145_JPG_24-C-R0150/bn-acpc-e-e3-125b-1-145_0109_53_t24-C-R0150.jpg"
      />
   </facsimile>
   <text>
      <body>
         <div>
            <list>
               <metamark rend="cross" function="mark"/>
               <item><rs type="title">Proving the Unprovable</rs>.</item>
               <metamark rend="cross" function="mark"/>
               <item><rs type="title">The Myth of <rs type="name" key="P21" style="a">King Sebastian</rs></rs>.</item>
               <item><rs type="title">Kings who will “return”</rs>.</item>
               <item><rs type="title">Great Historical Problems</rs> (<rs type="title">Great Men who never<lb/> existed</rs> – <rs type="title">King Sebastian’s
                  end</rs> –<rs type="title">the Birth<pc>-</pc><lb/>plae of <rs type="name" key="P20">Columbus</rs></rs> – <rs type="title">the Discovery of
                  Amer<pc>-</pc><lb/>ica</rs> – etc) (Masque de Fer- <supplied resp="PS"
                     reason="omitted-in-original"/></item>
               <item>Translating.</item>
               <item><rs type="title">Slips and Mistakes of Authors</rs>.</item>
               <item><rs type="title"><rs type="name" key="P87">Poe</rs>’s Offspring</rs></item>
               <item><rs type="title">A Portuguese Prophet (<rs type="name" key="P259">Bandarra</rs>)</rs>.</item>
               <metamark rend="line-44" function="distinct"/>
               <item> Australian <choice>
                     <abbr><gap reason="illegible" extent="1" unit="character"/></abbr>
                     <expan resp="PS">and</expan>
                  </choice> South African papers —<lb/> news etc. from Spain <choice>
                     <abbr><gap reason="illegible" extent="1" unit="character"/></abbr>
                     <expan resp="PS">and</expan>
                  </choice> Portugal.</item>
               <metamark rend="line-44" function="end"/>
               <item><rs type="title">Insanity in Fiction</rs>.</item>
            </list>
         </div>
      </body>
   </text>
</TEI>
