<?xml version="1.0" encoding="UTF-8"?>
<?xml-model href="../schema/pessoaTEI.rng" type="application/xml" schematypens="http://relaxng.org/ns/structure/1.0"?>
<TEI xmlns="http://www.tei-c.org/ns/1.0">
   <teiHeader>
      <fileDesc>
         <titleStmt>
            <title>BNP/E3 55E-94<hi rend="superscript">v</hi>
            </title>
            <author>
               <rs type="name" key="FP">Fernando Pessoa</rs>
            </author>
            <respStmt>
               <resp>Transcrição, Edição</resp>
               <name>Pedro Sepúlveda</name>
            </respStmt>
            <respStmt>
               <resp>Modelagem de dados, Codificação</resp>
               <name>Ulrike Henny-Krahmer</name>
            </respStmt>
            <respStmt>
               <resp>Codificação</resp>
               <name>Isabel Figueiredo-Iken</name>
            </respStmt>
            <respStmt>
               <resp>Codificação</resp>
               <name>Inês Filipa Rebelo do Carmo</name>
            </respStmt>
            <respStmt>
               <resp>Codificação</resp>
               <name>Sviatoslav Drach</name>
            </respStmt>
            <respStmt>
               <resp>Consultoria</resp>
               <name>Institut für Dokumentologie und Editorik (IDE)</name>
            </respStmt>
         </titleStmt><editionStmt><p>Corpus version C2.1.0</p></editionStmt>
         <publicationStmt>
            <publisher>Universidade Nova de Lisboa, Instituto de Estudos de Literatura e Tradição
               (IELT)</publisher>
            <publisher>Cologne Center for eHumanities (CCeH)</publisher>
            <date>2017</date>
            <availability status="free">
               <licence target="http://creativecommons.org/licenses/by/4.0/"/>
            </availability>
            <idno type="filename">BNP_E3_55E-94v.xml</idno>
         </publicationStmt>
         <sourceDesc>
            <msDesc>
               <msIdentifier>
                  <institution>Biblioteca Nacional de Portugal</institution>
                  <idno>BNP/E3 55E-94v</idno>
               </msIdentifier>
               <msContents>
                  <summary>
                     <p> Lista manuscrita. </p>
                  </summary>
                  <msItemStruct>
                     <author>
                        <rs type="name" key="FP">Fernando Pessoa</rs>
                     </author>
                     <note type="genre">
                        <rs type="genre" key="lista_editorial">Lista editorial</rs>
                     </note>
                     <textLang mainLang="pt"/>
                  </msItemStruct>
               </msContents>
               <history>
                  <origin>
                     <p>
                        <origDate when="1924" cert="medium">c. 1924</origDate>
                     </p>
                  </origin>
               </history>
            </msDesc>
         </sourceDesc>
      </fileDesc>
      <revisionDesc>
         <change when="2023-11-15" who="#FAF">
                    Added edition statement to the teiHeader
                </change>
      </revisionDesc>
   </teiHeader>
   <facsimile xml:base="http://images.cceh.uni-koeln.de/pessoa/">
      <graphic url="bn-acpc-e-e3-55e-1-100_JPG_24-C-R0150/bn-acpc-e-e3-55e-1-100_0191_94v_t24-C-R0150.jpg"/>
   </facsimile>
   <text>
      <body>
         <div>
            <table>
               <row>
                  <cell>I —</cell>
                  <cell>
                     <label>1.</label>
                     <rs type="title">Prefacio</rs>. — </cell>
                  <cell>
                     <subst>
                        <del n="1" rend="overstrike">3 a 4</del>
                        <add n="2">4</add>
                     </subst>
                  </cell>
               </row>
               <row>
                  <cell/>
                  <cell>
                     <label>2.</label>
                     <rs type="work" key="O1-2">
                        <rs type="title">Gladio</rs>
                     </rs>. — </cell>
                  <cell>
                     <subst>
                        <del n="1" rend="overstrike">1</del>
                        <add n="2">1</add>
                     </subst>
                  </cell>
               </row>
               <row>
                  <cell/>
                  <cell>
                     <label>3.</label>
                     <rs type="title">Auto do Circo</rs>. — </cell>
                  <cell>
                     <supplied resp="PS" reason="omitted-in-original"/>
                  </cell>
               </row>
               <row>
                  <cell>(?) —</cell>
                  <cell>
                     <label>4.</label>
                     <rs type="title">Theoria da Orthographia<lb/> Portugueza</rs> — </cell>
                  <cell>
                     <supplied resp="PS" reason="omitted-in-original"/>
                  </cell>
               </row>
               <row>
                  <cell/>
                  <cell>
                     <label>5.</label>
                     <rs type="title">O Corvo</rs> (<rs type="name" key="P87">Poe</rs>) — </cell>
                  <cell>3</cell>
               </row>
               <row>
                  <cell/>
                  <cell>
                     <label>6.</label>
                     <rs type="title">Epigramas</rs> — </cell>
                  <cell>4</cell>
               </row>
               <row>
                  <cell/>
                  <cell>
                     <label>7.</label>
                     <rs type="title">Uma Entrevista</rs>. — </cell>
                  <cell>3</cell>
               </row>
               <row>
                  <cell/>
                  <cell>
                     <label>8.</label>
                     <rs type="title">
                        <abbr>Merc<am>.</am>
                        </abbr> Acephalo</rs> — </cell>
                  <cell>1</cell>
               </row>
            </table>
            <metamark rend="line" function="distinct"/>
            <div>
               <div rend="left">
                  <table>
                     <row>
                        <cell>II —</cell>
                        <cell>
                           <hi rend="underline">Antidoto</hi>.</cell>
                     </row>
                  </table>
               </div>
               <metamark rend="vertical" function="distinct"/>
               <div rend="right">
                  <table>
                     <row xml:id="R1">
                        <cell>1.</cell>
                        <cell>
                           <choice>
                              <abbr>
                                 <metamark rend="line" function="placeholder"/>
                              </abbr>
                              <expan>
                                 <rs type="title">Prefacio</rs>.</expan>
                           </choice>
                        </cell>
                        <cell>1 3/4</cell>
                        <cell rows="2">
                           <metamark rend="curly-bracket" function="sum" target="range(R1,R2)">
                              <label>2</label>
                           </metamark>
                        </cell>
                     </row>
                     <row xml:id="R2">
                        <cell>2.</cell>
                        <cell>
                           <choice>
                              <abbr>
                                 <metamark rend="line" function="placeholder"/>
                              </abbr>
                              <expan>
                                 <ref target="http://www.pessoadigital.pt/en/pub/Pessoa_Gladio">Gladio</ref>.</expan>
                           </choice>
                        </cell>
                        <cell>1/4</cell>
                     </row>
                     <row>
                        <cell>3.</cell>
                        <cell>
                           <choice>
                              <abbr>
                                 <metamark rend="line" function="placeholder"/>
                              </abbr>
                              <expan>Auto do Circo.</expan>
                           </choice>
                        </cell>
                        <cell rows="2" cols="2"/>
                     </row>
                     <row>
                        <cell>4.</cell>
                        <cell>
                           <choice>
                              <abbr>
                                 <metamark rend="line" function="placeholder"/>
                              </abbr>
                              <expan>Theoria da Orthographia Portugueza.</expan>
                           </choice>
                        </cell>
                     </row>
                     <row xml:id="R5">
                        <cell>5.</cell>
                        <cell>
                           <choice>
                              <abbr>
                                 <metamark rend="line" function="placeholder"/>
                              </abbr>
                              <expan>O Corvo (Poe)</expan>
                           </choice>
                        </cell>
                        <cell>1 1/2</cell>
                        <cell rows="2">
                           <metamark rend="curly-bracket" function="sum" target="range(R5,R6)">
                              <label>3</label>
                           </metamark>
                        </cell>
                     </row>
                     <row xml:id="R6">
                        <cell>6.</cell>
                        <cell>
                           <choice>
                              <abbr>
                                 <metamark rend="line" function="placeholder"/>
                              </abbr>
                              <expan>Epigramas</expan>
                           </choice>
                        </cell>
                        <cell>1 1/2</cell>
                     </row>
                     <row xml:id="R7">
                        <cell>7.</cell>
                        <cell>
                           <choice>
                              <abbr>
                                 <metamark rend="line" function="placeholder"/>
                              </abbr>
                              <expan>Uma Entrevista.</expan>
                           </choice>
                        </cell>
                        <cell>1 1/2</cell>
                        <cell rows="2">
                           <metamark rend="curly-bracket" function="sum" target="range(R7,R8)">
                              <label>2</label>
                           </metamark>
                        </cell>
                     </row>
                     <row xml:id="R8">
                        <cell>8.</cell>
                        <cell>
                           <choice>
                              <abbr>
                                 <metamark rend="line" function="placeholder"/>
                              </abbr>
                              <expan>
                                 <rs type="title">
                                    <abbr>Merc<am>.</am>
                                    </abbr> Acephalo</rs>
                              </expan>
                           </choice>
                        </cell>
                        <cell>1/2</cell>
                     </row>
                     <row>
                        <cell cols="2"/>
                        <cell>total</cell>
                        <cell>
                           <metamark rend="line" function="sum"/> 7<hi rend="subscript">2</hi>
                        </cell>
                     </row>
                     <row>
                        <cell cols="3"/>
                        <cell>
                           <metamark rend="line" function="sum"/> 9 </cell>
                     </row>
                     <row>
                        <cell cols="3"/>
                        <cell>7</cell>
                     </row>
                  </table>
               </div>
            </div>
         </div>
      </body>
   </text>
</TEI>
