<?xml version="1.0" encoding="UTF-8"?> <?xml-model href="../schema/pessoaTEI.rng" type="application/xml" schematypens="http://relaxng.org/ns/structure/1.0"?>
<TEI xmlns="http://www.tei-c.org/ns/1.0">
    <teiHeader>
        <fileDesc>
            <titleStmt>
                <title>BNP/E3 143-13<hi rend="superscript">r</hi>
                </title>
                <author>
                    <rs type="name" key="FP">Fernando Pessoa</rs>
                </author>
                <respStmt>
                    <resp>Transcrição, Edição</resp>
                    <name>Pedro Sepúlveda</name>
                </respStmt>
                <respStmt>
                    <resp>Transcrição</resp>
                    <name>Pablo Javier Pérez López</name>
                </respStmt>
                <respStmt>
                    <resp>Modelagem de dados, Codificação</resp>
                    <name>Ulrike Henny-Krahmer</name>
                </respStmt>
                <respStmt>
                    <resp>Codificação</resp>
                    <name>Isabel Figueiredo-Iken</name>
                </respStmt>
                <respStmt>
                    <resp>Codificação</resp>
                    <name>Sviatoslav Drach</name>
                </respStmt>
                <respStmt>
                    <resp>Consultoria</resp>
                    <name>Institut für Dokumentologie und Editorik (IDE)</name>
                </respStmt>
            </titleStmt>
            <publicationStmt>
                <publisher>Universidade Nova de Lisboa, Instituto de Estudos de Literatura e
                    Tradição (IELT)</publisher>
                <publisher>Cologne Center for eHumanities (CCeH)</publisher>
                <date>2017</date>
                <availability status="restricted">
                    <licence target="http://creativecommons.org/licenses/by/3.0/"/>
                </availability>
                <idno type="filename">BNP_E3_143-13r.xml</idno>
            </publicationStmt>
            <sourceDesc>
                <msDesc>
                    <msIdentifier>
                        <institution>Biblioteca Nacional de Portugal</institution>
                        <idno>BNP/E3 143-13r</idno>
                    </msIdentifier>
                    <msContents>
                        <summary>
                            <p> Lista datilografada, publicada em <hi rend="italic">A Demonstração do
                                Indemonstrável</hi> (2011, 83). </p>
                        </summary>
                        <msItemStruct>
                            <author>
                                <rs type="name" key="FP">Fernando Pessoa</rs>
                            </author>
                            <note type="genre">
                                <rs type="genre" key="lista_editorial">Lista editorial</rs>
                            </note>
                            <textLang mainLang="en"/>
                        </msItemStruct>
                    </msContents>
                    <history>
                        <origin>
                            <p>
                                <origDate when="1928" cert="medium">c. 1928</origDate>
                            </p>
                        </origin>
                    </history>
                </msDesc>
            </sourceDesc>
        </fileDesc>
    </teiHeader>
    <facsimile>
        <graphic
            url="bn-acpc-e-e3-143-1-14_JPG_24-C-R0150/bn-acpc-e-e3-143-1-14_0025_13_t24-C-R0150.jpg"
        />
    </facsimile>
    <text>
        <body>
            <div>
                <list>
                    <head>
                        <rs type="name" key="P16">Thomas Crosse</rs>'s possible articles:</head>
                    <item>
                        <label>1.</label>
                        <rs type="title">The conflict of languages and the universal language</rs>. </item>
                    <item>
                        <label>2.</label>
                        <rs type="title">The birthplace of <rs type="name" key="P20"
                            >Columbus</rs></rs>. </item>
                    <item>
                        <label>3.</label>
                        <rs type="title">Epigrams</rs>. </item>
                    <item>
                        <label>4.</label>
                        <rs type="title">Dictatorships</rs>. </item>
                    <item>
                        <label>5.</label>
                        <rs type="title">
                            <rs type="name" key="P21" style="a">King Sebastian</rs></rs>. </item>
                    <item>
                        <label>6.</label>
                        <rs type="title">The legend of the Returning King</rs>. </item>
                    <item>
                        <label>7.</label>
                        <rs type="title">The Old Portuguese Song Books</rs>. </item>
                    <item>
                        <label>8.</label>
                        <rs type="title">The Military Government in <rs type="place">Portugal</rs>
                        </rs> (based on <rs type="title">Interregno</rs>). </item>
                </list>
                <gap reason="selection" unit="line" extent="20"/>
            </div>
        </body>
    </text>
</TEI>
