﻿<?xml version="1.0" encoding="UTF-8"?>
<?xml-model href="../schema/pessoaTEI.rng" type="application/xml" schematypens="http://relaxng.org/ns/structure/1.0"?>
<TEI xmlns="http://www.tei-c.org/ns/1.0">
   <teiHeader>
      <fileDesc>
         <titleStmt>
            <title>BNP/E3 48I-17<hi rend="superscript">r</hi></title>
            <author>
               <rs type="person" key="FP">Fernando Pessoa</rs>
            </author>
            <respStmt>
               <resp>Transcrição, Edição</resp>
               <name>Pedro Sepúlveda</name>
            </respStmt>
            <respStmt>
               <resp>Transcrição</resp>
               <name>Filipa Freitas</name>
            </respStmt>
            <respStmt>
               <resp>Modelagem de dados, Codificação</resp>
               <name>Ulrike Henny</name>
            </respStmt>
            <respStmt>
               <resp>Codificação</resp>
               <name>Ana Leonor Branco</name>
            </respStmt>
         </titleStmt>
         <publicationStmt>
            <publisher>Universidade Nova de Lisboa, Instituto de Estudos de Literatura e Tradição
               (IELT)</publisher>
            <publisher>Cologne Center for eHumanities (CCeH)</publisher>
            <date>2016</date>
            <availability>
               <licence target="http://creativecommons.org/licenses/by/3.0/"/>
            </availability>
            <idno type="filename">BNP_E3_48I-17r.xml</idno>
         </publicationStmt>
         <sourceDesc>
            <msDesc>
               <msIdentifier>
                  <institution>Biblioteca Nacional de Portugal</institution>
                  <idno>BNP/E3 48I-17r</idno>
               </msIdentifier>
               <msContents>
                  <msItemStruct>
                     <author>
                        <rs type="person" key="FP">Fernando Pessoa</rs>
                     </author>
                     <note type="genre">
                        <rs type="genre" key="lista_editorial">Lista editorial</rs>
                     </note>
                     <textLang mainLang="pt"/>
                  </msItemStruct>
               </msContents>
               <history>
                  <origin>
                     <p>
                        <origDate from="1902" to="1912">1902-1912</origDate>
                     </p>
                  </origin>
               </history>
            </msDesc>
         </sourceDesc>
      </fileDesc>
   </teiHeader>
   <facsimile>
      <graphic
         url="bn-acpc-e-e3-48i-1-30_JPG_24-C-R0150/bn-acpc-e-e3-48i-1-30_0034_17_t24-C-R0150.jpg"/>
   </facsimile>
   <text>
      <body>
         <div>
            <head><hi rend="underline">Bibliotheca Portugueza</hi></head>
            <note rend="center">(memorando)</note>
            <list>
               <item>
                  <label>1.</label>
                  <rs type="text">Cancioneiro</rs> de <rs type="person" key="P252">Garcia de Rezende</rs>.
                  (com <seg cert="low">notas</seg>)
               </item>
               <item>
                  <label>2.</label>
                  <rs type="text">Cancioneiro</rs> de <rs type="person" key="P253">D. Diniz</rs>.
               </item>
               <item>
                  <label>3.</label>
                  <rs type="text">Poemas</rs> de <rs type="person" key="P24">José Anastacio da
                     Cunha</rs>.
               </item>
               <item>
                  <label>4.</label>
                  <rs type="text">Sonetos</rs> (só?) de <rs type="person" key="P15"
                  >Camões</rs>.
               </item>
               <item>
                  <label>5.</label>
                  <rs type="text">Os Lusiadas</rs> – com notas e as estrophes cortadas in <choice>
                     <abbr>app<am>.</am></abbr>
                     <expan>app<ex>endice</ex></expan>
                  </choice>
               </item>
               <item>
                  <label>6.</label>
                  <rs type="text">Lyrica</rs> de <rs type="person" key="P15">Camões</rs>.
               </item>
               <item>
                  <label>7.</label>
                  <rs type="text">Obras</rs> de <rs type="person" key="P206"><choice>
                        <abbr>F<am><hi rend="superscript">co</hi></am></abbr>
                        <expan>F<ex>rancisco</ex></expan>
                     </choice> Rodrigues Lobo</rs>.
               </item>
               <item>
                  <label>8.</label>
                  <rs type="person" key="P254">José da Gama e Castro</rs>. <rs type="text"
                     >O Novo Principe</rs>.
               </item>
               <item>
                  <label>9.</label>
                  <rs type="text">Viriato Tragico</rs> – <rs type="person" key="P255">Braz
                     Garcia de Mascarenhas</rs>.
               </item>
               <item>
                  <label>10.</label>
                  Obras de <rs type="person" key="P256">Gil Vicente</rs> (só – o auto
                  publicado por <rs type="person" key="P257">Sabugosa</rs>?)
               </item>
               <item>
                  <label>11.</label>
                  <rs type="person" key="P258">Henriques Nogueira</rs>: <rs type="text">O
                     Municipalismo</rs>.
               </item>
               <item>
                  <label>12.</label>
                  <rs type="text">“Bom Senso e Bom Gosto”</rs> (escolha de pamphletos).
               </item>
               <item>
                  <label>13.</label>
                  Trovas do <rs type="person" key="P259">Bandarra</rs>, etc.
               </item>
               <item>
                  <label>14.</label>
                  <rs type="person">Marquez de Penalva</rs>: <rs type="text">Dissertação a
                  favor da Monarchia</rs>. (<seg cert="low">100<hi rend="superscript"
                     >os</hi></seg>)
               </item>
            </list>
         </div>
      </body>
   </text>
</TEI>
