<?xml version="1.0" encoding="UTF-8"?>
<?xml-model href="../schema/pessoaTEI.rng" type="application/xml" schematypens="http://relaxng.org/ns/structure/1.0"?>
<TEI xmlns="http://www.tei-c.org/ns/1.0">
   <teiHeader>
      <fileDesc>
         <titleStmt>
            <title>BNP/E3 133F-34<hi rend="superscript">r</hi></title>
            <author>
               <rs type="name" key="FP">Fernando Pessoa</rs>
            </author>
            <respStmt>
               <resp>Transcrição, Edição</resp>
               <name>Pedro Sepúlveda</name>
            </respStmt>
            <respStmt>
               <resp>Codificação, Modelagem de dados</resp>
               <name>Ulrike Henny-Krahmer</name>
            </respStmt>
            <respStmt>
               <resp>Codificação</resp>
               <name>Isabel Figueiredo-Iken</name>
            </respStmt>
            <respStmt>
               <resp>Codificação</resp>
               <name>Sviatoslav Drach</name>
            </respStmt>
            <respStmt>
               <resp>Consultoria</resp>
               <name>Institut für Dokumentologie und Editorik (IDE)</name>
            </respStmt>
         </titleStmt>
         <publicationStmt>
            <publisher>Universidade Nova de Lisboa, Instituto de Estudos de Literatura e Tradição
               (IELT)</publisher>
            <publisher>Cologne Center for eHumanities (CCeH)</publisher>
            <date>2017</date>
            <availability status="restricted">
               <licence target="http://creativecommons.org/licenses/by/3.0/"/>
            </availability>
            <idno type="filename">BNP_E3_133F-34r.xml</idno>
         </publicationStmt>
         <sourceDesc>
            <msDesc>
               <msIdentifier>
                  <institution>Biblioteca Nacional de Portugal</institution>
                  <idno>BNP/E3 133F-34r</idno>
               </msIdentifier>
               <msContents>
                  <summary>
                     <p> Lista manuscrita. </p>
                  </summary>
                  <msItemStruct>
                     <author>
                        <rs type="name" key="FP">Fernando Pessoa</rs>
                     </author>
                     <note type="genre">
                        <rs type="genre" key="lista_editorial">Lista editorial</rs>
                     </note>
                     <textLang mainLang="pt"/>
                  </msItemStruct>
               </msContents>
               <history>
                  <origin>
                     <p>
                        <origDate when="1922" cert="medium">c. 1922</origDate>
                     </p>
                  </origin>
               </history>
            </msDesc>
         </sourceDesc>
      </fileDesc>
   </teiHeader>
   <facsimile>
      <graphic
         url="bn-acpc-e-e3-133f-1-100_JPG_24-C-R0150/bn-acpc-e-e3-133f-1-100_0069_34_t24-C-R0150.jpg"
      />
   </facsimile>
   <text>
      <body>
         <div>
            <list>
               <item><rs type="title">As condições do Prestigio</rs>.</item>
               <item><rs type="title">Theoria do Suffragio Politico</rs>.</item>
               <item>
                  <rs type="title">Theoria das Companhias Regionaes</rs>. <lb/> (bases da cultura
                        <abbr><metamark rend="line-14" function="placeholder"/></abbr>) </item>
               <item><rs type="title">O Theatro Portuguez</rs>.</item>
               <item><rs type="title"><rs type="name" key="P17">Antonio Botto</rs> e o Ideal
                     Esthetico</rs>.</item>
               <item><rs type="title">O Banqueiro Anarchista</rs>.</item>
               <item><rs type="title">Na Botica do Evaristo</rs>. (serial)</item>
               <item><rs type="title">O Problema Politico Portuguez</rs>. (serial)</item>
               <item><rs type="title">Bases para uma Orthographia Portugueza</rs>.</item>
               <item><rs type="title">A Philosophia de <rs type="name" key="P71">Raul
                  Leal</rs></rs>.</item>
               <item>(<rs type="title">O Renascimento da Tyrannia</rs>).</item>
               <item><rs type="title">Horoscopo de <rs type="place">Portugal</rs></rs>. (<choice>
                     <abbr>Hor<am>.</am></abbr>
                     <expan resp="UH">Hor<ex>oscopo</ex></expan>
                  </choice> de <rs type="name" key="P109">
                     <choice>
                        <abbr>F<am>.</am></abbr>
                        <expan>F<ex>erreira</ex></expan>
                     </choice> Gomes</rs>?). </item>
            </list>
         </div>
      </body>
   </text>
</TEI>
