<?xml version="1.0" encoding="UTF-8"?>
<?xml-model href="../schema/pessoaTEI.rng" type="application/xml" schematypens="http://relaxng.org/ns/structure/1.0"?>
<TEI xmlns="http://www.tei-c.org/ns/1.0">
   <teiHeader>
      <fileDesc>
         <titleStmt>
            <title>BNP/E3 144Q-34<hi rend="superscript">r</hi>
            </title>
            <author>
               <rs type="name" key="FP">Fernando Pessoa</rs>
            </author>
            <respStmt>
               <resp>Transcrição, Edição</resp>
               <name>Pedro Sepúlveda</name>
            </respStmt>
            <respStmt>
               <resp>Transcrição</resp>
               <name>Pablo Javier Pérez López</name>
            </respStmt>
            <respStmt>
               <resp>Transcrição</resp>
               <name>Jorge Uribe</name>
            </respStmt>
            <respStmt>
               <resp>Modelagem de dados, Codificação</resp>
               <name>Ulrike Henny-Krahmer</name>
            </respStmt>
            <respStmt>
               <resp>Codificação</resp>
               <name>Inês Filipa Rebelo do Carmo</name>
            </respStmt>
            <respStmt>
               <resp>Codificação</resp>
               <name>Isabel Figueiredo-Iken</name>
            </respStmt>
            <respStmt>
               <resp>Codificação</resp>
               <name>Sviatoslav Drach</name>
            </respStmt>
            <respStmt>
               <resp>Consultoria</resp>
               <name>Institut für Dokumentologie und Editorik (IDE)</name>
            </respStmt>
         </titleStmt><editionStmt><p>Corpus version C2.1.0</p></editionStmt>
         <publicationStmt>
            <publisher>Universidade Nova de Lisboa, Instituto de Estudos de Literatura e Tradição
               (IELT)</publisher>
            <publisher>Cologne Center for eHumanities (CCeH)</publisher>
            <date>2017</date>
            <availability status="free">
               <licence target="http://creativecommons.org/licenses/by/4.0/"/>
            </availability>
            <idno type="filename">BNP_E3_144Q-34r.xml</idno>
         </publicationStmt>
         <sourceDesc>
            <msDesc>
               <msIdentifier>
                  <institution>Biblioteca Nacional de Portugal</institution>
                  <idno>BNP/E3 144Q-34r</idno>
               </msIdentifier>
               <msContents>
                  <summary>
                     <p> Lista manuscrita no caderno 144Q (cf. <ref target="http://purl.pt/13892">http://purl.pt/13892</ref>), publicada em <hi rend="italic">A Educação
                           do Stoico</hi> (2007, 80). </p>
                  </summary>
                  <msItemStruct>
                     <author>
                        <rs type="name" key="FP">Fernando Pessoa</rs>
                     </author>
                     <note type="genre">
                        <rs type="genre" key="plano_editorial">Plano editorial</rs>
                        <rs type="genre" key="lista_editorial">Lista editorial</rs>
                     </note>
                     <textLang mainLang="en" otherLangs="pt la"/>
                  </msItemStruct>
               </msContents>
               <history>
                  <origin>
                     <p>
                        <origDate when="1928" cert="medium">c. 1928</origDate>
                     </p>
                  </origin>
               </history>
            </msDesc>
         </sourceDesc>
      </fileDesc>
      <revisionDesc>
         <change when="2023-11-15" who="#FAF">
                    Added edition statement to the teiHeader
                </change>
      </revisionDesc>
   </teiHeader>
   <facsimile xml:base="http://images.cceh.uni-koeln.de/pessoa/">
      <graphic url="bn-acpc-e-e3_144q_JPG_24-C-R0150/bn-acpc-e-e3_144q_0069_34r_t24-C-R0150.jpg"/>
   </facsimile>
   <text>
      <body>
         <div>
            <head>“<rs type="collection" key="C13">
                  <rs type="title" key="T177">From
                  Portugal</rs>
               </rs>.” <hi rend="underline">
                  <choice>
                     <abbr>Vol<am>.</am>
                     </abbr>
                     <expan>Vol<ex>ume</ex>
                     </expan>
                  </choice> I.</hi>
            </head>
            <table>
               <row>
                  <cell cols="3" rend="right">
                     <choice>
                        <abbr>approx<am>.</am>
                        </abbr>
                        <expan>approx<ex>immate</ex>
                        </expan>
                     </choice>
                     <choice>
                        <abbr>no<am>.</am>
                        </abbr>
                        <expan>
                           <ex>number</ex>
                        </expan>
                     </choice>
                     <lb/>
                     <hi rend="underline">of pages.</hi>
                  </cell>
               </row>
               <row>
                  <cell>
                     <label>1.</label>
                  </cell>
                  <cell>Introduction (brief).</cell>
                  <cell rend="right">4.</cell>
               </row>
               <row>
                  <cell>
                     <label>2.</label>
                  </cell>
                  <cell>
                     <rs type="title">The Anarchist Banker</rs>.</cell>
                  <cell rend="right">54.</cell>
               </row>
               <row>
                  <cell>
                     <label>3.</label>
                  </cell>
                  <cell>
                     <rs type="work" key="W141">
                        <rs type="title" key="T178">Complete Poems of <rs type="name" role="author" key="AC">Alberto Caeiro</rs>
                        </rs>
                     </rs>.
                     <lb/>(or only <rs type="work" key="W142">
                        <rs type="title" key="T179">The
                           “Keeper of Flocks”</rs>
                     </rs>) </cell>
                  <cell/>
               </row>
               <row>
                  <cell>
                     <label>4.</label>
                  </cell>
                  <cell>
                     <rs type="title">English Poems</rs>, by <rs type="name" role="author" key="FP" style="b">Fernando Pessoa</rs>. </cell>
                  <cell/>
               </row>
               <row>
                  <cell>
                     <label>5.</label>
                  </cell>
                  <cell>
                     <rs type="title">The Quod Nihil Scitur</rs> of <rs type="name" key="P10">Francisco <lb/>Sanches</rs>. </cell>
                  <cell/>
               </row>
               <row>
                  <cell>
                     <label>6.</label>
                  </cell>
                  <cell> Extracts from <rs type="title">“The Lusiads”</rs> of <rs type="name" key="P15" style="a">Camoens</rs>. </cell>
                  <cell/>
               </row>
               <row>
                  <cell>
                     <label>7.</label>
                  </cell>
                  <cell>
                     <rs type="title">Octavio</rs> (is it too long?) — </cell>
                  <cell/>
               </row>
               <row>
                  <cell>
                     <label>8.</label>
                  </cell>
                  <cell>
                     <rs type="title">A Grande Empreza</rs> — </cell>
                  <cell/>
               </row>
            </table>
            <metamark rend="line" function="distinct"/>
            <list>
               <item>
                  <rs type="name" key="P405">Fialho</rs>.</item>
               <item>
                  <rs type="name" key="P406">Antonio Patricio</rs>.</item>
               <item>
                  <rs type="title">“O Pantano.”</rs>
               </item>
               <item>
                  <rs type="name" key="P256">Gil Vicente</rs>.</item>
               <item>
                  <rs type="name" key="P86">José Castello de Moraes</rs>.</item>
               <item>
                  <rs type="name" key="P30">Mario de Sá Carneiro</rs>.</item>
            </list>
            <metamark rend="line" function="distinct"/>
            <table>
               <row xml:id="R1">
                  <cell>
                     <label>1.</label>
                  </cell>
                  <cell>Introduction.</cell>
                  <cell rend="right">4</cell>
               </row>
               <row xml:id="R2">
                  <cell>
                     <label>2.</label>
                  </cell>
                  <cell>
                     <rs type="title">The Anarchist Banker</rs>. </cell>
                  <cell rend="right">54</cell>
               </row>
               <row xml:id="R3">
                  <cell>
                     <label>3.</label>
                  </cell>
                  <cell>
                     <rs type="name" role="author" key="AC">Caeiro</rs>. </cell>
                  <cell rend="right">30</cell>
               </row>
               <row xml:id="R4">
                  <cell>
                     <label>4.</label>
                  </cell>
                  <cell>
                     <rs type="title">The Grand Concern</rs>. <note place="margin-right">
                        <metamark function="grouping" rend="curly-bracket" target="range(R1,R6)"/>
                     </note>
                  </cell>
                  <cell rend="right">80</cell>
               </row>
               <row xml:id="R5">
                  <cell>
                     <label>5.</label>
                  </cell>
                  <cell> Extracts from <rs type="title">The Lusiads</rs> of <rs type="name" key="P15" style="a">Camoens</rs>. </cell>
                  <cell rend="right">20</cell>
               </row>
               <row xml:id="R6">
                  <cell>
                     <label>6.</label>
                  </cell>
                  <cell>
                     <rs type="title">Quod Nihil Scitur</rs>. </cell>
                  <cell rend="right">20</cell>
               </row>
               <row>
                  <cell>
                     <label>7.</label>
                  </cell>
                  <cell>
                     <rs type="title">Poems in English</rs>. </cell>
                  <cell/>
               </row>
               <row>
                  <cell>
                     <label>8.</label>
                  </cell>
                  <cell>(a one-act play or a short story).</cell>
                  <cell/>
               </row>
            </table>
         </div>
      </body>
   </text>
</TEI>
