<?xml version="1.0" encoding="UTF-8"?>
<?xml-model href="../schema/pessoaTEI.rng" type="application/xml" schematypens="http://relaxng.org/ns/structure/1.0"?>
<TEI xmlns="http://www.tei-c.org/ns/1.0">
   <teiHeader>
      <fileDesc>
         <titleStmt>
            <title>BNP/E3 748<hi rend="superscript">r</hi>
            </title>
            <author>
               <rs type="name" key="FP">Fernando Pessoa</rs>
            </author>
            <respStmt>
               <resp>Transcrição, Edição</resp>
               <name>Pedro Sepúlveda</name>
            </respStmt>
            <respStmt>
               <resp>Modelagem de dados, Codificação</resp>
               <name>Ulrike Henny-Krahmer</name>
            </respStmt>
            <respStmt>
               <resp>Codificação</resp>
               <name>Isabel Figueiredo-Iken</name>
            </respStmt>
            <respStmt>
               <resp>Codificação</resp>
               <name>Sviatoslav Drach</name>
            </respStmt>
            <respStmt>
               <resp>Consultoria</resp>
               <name>Institut für Dokumentologie und Editorik (IDE)</name>
            </respStmt>
         </titleStmt><editionStmt><p>Corpus version C2.1.0</p></editionStmt>
         <publicationStmt>
            <publisher>Universidade Nova de Lisboa, Instituto de Estudos de Literatura e Tradição
               (IELT)</publisher>
            <publisher>Cologne Center for eHumanities (CCeH)</publisher>
            <date>2017</date>
            <availability status="free">
               <licence target="http://creativecommons.org/licenses/by/4.0/"/>
            </availability>
            <idno type="filename">BNP_E3_748r.xml</idno>
         </publicationStmt>
         <sourceDesc>
            <msDesc>
               <msIdentifier>
                  <institution>Biblioteca Nacional de Portugal</institution>
                  <idno>BNP/E3 748r</idno>
               </msIdentifier>
               <msContents>
                  <summary>
                     <p> Lista datilografada. </p>
                  </summary>
                  <msItemStruct>
                     <author>
                        <rs type="name" key="FP">Fernando Pessoa</rs>
                     </author>
                     <note type="genre">
                        <rs type="genre" key="lista_editorial">Lista editorial</rs>
                     </note>
                     <textLang mainLang="pt" otherLangs="en"/>
                  </msItemStruct>
               </msContents>
               <history>
                  <origin>
                     <p>
                        <origDate from="1919" to="1920" cert="medium">c. 1919-1920</origDate>
                     </p>
                  </origin>
               </history>
            </msDesc>
         </sourceDesc>
      </fileDesc>
      <revisionDesc>
         <change when="2023-11-15" who="#FAF">
                    Added edition statement to the teiHeader
                </change>
      </revisionDesc>
   </teiHeader>
   <facsimile xml:base="http://images.cceh.uni-koeln.de/pessoa/">
      <graphic url="doc_BNP_E3_748r.jpg"/>
   </facsimile>
   <text>
      <body>
         <div>
            <head>
               <hi rend="underline">
                  <choice>
                     <abbr>GCP</abbr>
                     <expan>G<ex>remio</ex>
                        <ex>de</ex> C<ex>ultura</ex> P<ex>ortugueza</ex>
                     </expan>
                  </choice> — scheme of organization.</hi>
            </head>
            <p rend="indent-2">To obtain per month from 5 to 10 contos; either amount<lb/> would
               cover (save for better staff and wider propa<pc>-</pc>
               <lb/>ganda in the second case)
               a definite scheme of action.</p>
            <p rend="indent-2">This could be obtained on the basis of monthly
               subscrip<pc>-</pc>
               <lb/>tions of 20, 10 or even 5 escudos (250, 500, 1000)<lb/> (500,
               1000, 2000).</p>
            <div>
               <list>
                  <item>Propaganda historica e cultural: <list>
                        <item>
                           <label>(1)</label> directa</item>
                        <item>
                           <label>(2)</label> indirecta</item>
                     </list>
                  </item>
                  <item>Propaganda commercial.</item>
                  <item>Propaganda de turismo.</item>
               </list>
            </div>
            <div>
               <head>--- Manner of obtaining the money:</head>
               <list>
                  <item rend="indent-2">1st. stage: take this up with the Commercial and
                        Indus<pc>-</pc>
                     <lb/>trial Associations;</item>
                  <item rend="indent-2">2nd. stage: take this up personally with the Banks and
                     <lb/>bigger Firms;</item>
                  <item>3rd. stage: complete by circulars throughout the country.</item>
               </list>
            </div>
            <div>
               <head>--- Staff:</head>
               <list>
                  <item>
                     <label>1.</label> A director or manager of the services.</item>
                  <item>
                     <note place="margin-left">x</note>
                     <label>2.</label> A German translator (extra-staff).</item>
                  <item>
                     <note place="margin-left">x</note>
                     <label>3.</label> An Italian translator (extra-staff).</item>
                  <item>
                     <note place="margin-left">x</note>
                     <label>4.</label> Other translators.</item>
                  <item>
                     <label>5.</label> A sort of sub-director or sub-manager.</item>
                  <item>
                     <label>6.</label> A typist.</item>
                  <item>
                     <label>7.</label> An office employee.</item>
                  <item>
                     <label>8.</label> An office-boy. </item>
               </list>
            </div>
            <gap reason="selection" unit="line" extent="4"/>
         </div>
      </body>
   </text>
</TEI>
