<?xml version="1.0" encoding="UTF-8"?>
<?xml-model href="../schema/pessoaTEI.rng" type="application/xml" schematypens="http://relaxng.org/ns/structure/1.0"?>
<TEI xmlns="http://www.tei-c.org/ns/1.0">
   <teiHeader>
      <fileDesc>
         <titleStmt>
            <title>BNP/E3 179<hi rend="superscript">r</hi></title>
            <author>
               <rs type="name" key="FP">Fernando Pessoa</rs>
            </author>
            <respStmt>
               <resp>Transcrição, Edição</resp>
               <name>Pedro Sepúlveda</name>
            </respStmt>
            <respStmt>
               <resp>Codificação, Modelagem de dados</resp>
               <name>Ulrike Henny-Krahmer</name>
            </respStmt>
            <respStmt>
               <resp>Codificação</resp>
               <name>Isabel Figueiredo-Iken</name>
            </respStmt>
            <respStmt>
               <resp>Codificação</resp>
               <name>Sviatoslav Drach</name>
            </respStmt>
            <respStmt>
               <resp>Consultoria</resp>
               <name>Institut für Dokumentologie und Editorik (IDE)</name>
            </respStmt>
         </titleStmt>
         <publicationStmt>
            <publisher>Universidade Nova de Lisboa, Instituto de Estudos de Literatura e Tradição
               (IELT)</publisher>
            <publisher>Cologne Center for eHumanities (CCeH)</publisher>
            <date>2017</date>
            <availability status="restricted">
               <licence target="http://creativecommons.org/licenses/by/3.0/"/>
            </availability>
            <idno type="filename">BNP_E3_179r.xml</idno>
         </publicationStmt>
         <sourceDesc>
            <msDesc>
               <msIdentifier>
                  <institution>Biblioteca Nacional de Portugal</institution>
                  <idno>BNP/E3 179r</idno>
               </msIdentifier>
               <msContents>
                  <summary>
                     <p>Lista datilografada.</p>
                  </summary>
                  <msItemStruct>
                     <author>
                        <rs type="name" key="FP">Fernando Pessoa</rs>
                     </author>
                     <note type="genre">
                        <rs type="genre" key="lista_editorial">Lista editorial</rs>
                     </note>
                     <textLang mainLang="pt"/>
                  </msItemStruct>
               </msContents>
               <history>
                  <origin>
                     <p>
                        <origDate when="1932" cert="medium">c. 1932</origDate>
                     </p>
                  </origin>
               </history>
            </msDesc>
         </sourceDesc>
      </fileDesc>
   </teiHeader>
   <facsimile>
      <graphic
         url="bn-acpc-e-e3-167-186_JPG_24-C-R0150/bn-acpc-e-e3-167-186_0027_179_t24-C-R0150.jpg"/>
   </facsimile>
   <text>
      <body>
         <div>
            <head><hi rend="underline"><rs type="title">Pequenas Edições</rs></hi></head>
            <list>
               <item>
                  <label>1.</label>
                  <rs type="name" role="author" key="P65">Shakespeare</rs>, <rs type="title">“A
                     Tormenta”</rs>. </item>
               <item rend="indent-2">
                  <label>2.</label>
                  <rs type="name" role="author" key="P83"><choice>
                        <abbr>R<am>.</am></abbr>
                        <expan>R<ex>obert</ex></expan>
                     </choice>
                     <choice>
                        <abbr>L<am>.</am></abbr>
                        <expan>L<ex>ouis</ex></expan>
                     </choice> Stevenson</rs>, <rs type="title">“O Estranho Caso do <choice>
                        <abbr>Dr<am>.</am></abbr>
                     </choice> Jekyll e<lb/> do <choice>
                        <abbr>Sr<am>.</am></abbr>
                     </choice> Hyde”</rs>. </item>
               <item>
                  <label>3.</label>
                  <rs type="name" role="author" key="P104">
                     <choice>
                        <abbr>O<am>.</am></abbr>
                     </choice> Henry</rs>, <rs type="title">“Caminhos do Destino”</rs>, novellas. </item>
               <item>
                  <label>4.</label>
                  <rs type="name" role="author" key="P270"><choice>
                        <abbr>J <am>.</am></abbr>
                     </choice>
                     <choice>
                        <abbr>M<am>.</am></abbr>
                     </choice> Synge</rs>, <rs type="title">“Trez Dramas Irlandezes”</rs>. </item>
               <item>
                  <label>5.</label>
                  <rs type="name" role="author" key="P268">Ambrose Bierce</rs>, <rs type="title">“O
                     Homem e a Cobra”</rs>. </item>
               <item>
                  <label>6.</label>
                  <rs type="name" role="author" key="P65">Shakespeare</rs>, <rs type="title"
                     >“Othello”</rs>. </item>
               <item>
                  <label>7.</label>
                  <rs type="name" role="author" key="P271"><choice>
                        <abbr>H<am>.</am></abbr>
                     </choice>
                     <choice>
                        <abbr>G<am>.</am></abbr>
                     </choice> Wells</rs>, <rs type="title">“A Terra dos Cegos”</rs>. </item>
               <item>
                  <label>8.</label>
                  <rs type="name" role="author" key="P350">Villiers de l’Isle Adam</rs>, <rs
                     type="title">“A Aventura de Tse-i-lá”</rs>. </item>
               <item>
                  <label>9.</label>
                  <rs type="name" role="author" key="P87">Edgar Poe</rs>, <rs type="title">“Os
                     Principaes Poemas”</rs>. </item>
               <item>
                  <label>10.</label>
                  <rs type="name" role="author" key="P353">Cazotte</rs>, <rs type="title">“O Diabo
                     Amoroso”.</rs>
               </item>
               <item>
                  <label>11.</label>
                  <rs type="name" role="author" key="P354">Beckford</rs>, <rs type="title"
                     >“Vathek”</rs>. </item>
               <item>
                  <label>12.</label>
                  <rs type="name" role="author" key="P87">Edgar Poe</rs>, <rs type="title">“O Barril
                     de Amontilhado”</rs>. </item>
               <item>
                  <label>13.</label>
                  <rs type="name" role="author" key="P355">Mary Shelley</rs>, <rs type="title"
                     >“Frankenstein”</rs>. </item>
               <item rend="indent-2">
                  <label>14.</label>
                  <rs type="name" role="author" key="P105"><choice>
                        <abbr>A<am>.</am></abbr>
                        <expan>A<ex>rthur</ex></expan>
                     </choice> Conan Doyle</rs>, <rs type="title">“O Desapparecimento do
                     Comboio<lb/> Especial”</rs>. </item>
               <item>
                  <label>15.</label>
                  <rs type="name" role="author" key="P156">Samuel Johnson</rs>, <rs type="title"
                     >“Rasselas”</rs>. </item>
               <item>
                  <label>16.</label>
                  <rs type="name" role="author" key="P159">Guy de Maupassant</rs>, <rs type="title"
                     >“Bola de Sebo”</rs>. </item>
               <item>
                  <label>17.</label>
                  <rs type="title">Selecta da Anthologia Grega</rs>. </item>
               <item>
                  <label>18.</label>
                  <rs type="name" role="author" key="P32">Oscar Wilde</rs>, <rs type="title">“O
                     Critico como Artista”</rs>. </item>
               <item>
                  <label>19.</label>
                  <rs type="name" role="author" key="P87">Edgar Poe</rs>, <rs type="title">“Os
                     Assassinos na Rue Morgue”</rs>. </item>
               <item>
                  <label>20.</label>
                  <rs type="name" role="author" key="P30">Mario de Sá-Carneiro</rs>, <rs
                     type="title">“A Grande Sombra”</rs>. </item>
               <item>
                  <label>21.</label>
                  <rs type="name" role="author" key="P30">Mario de Sá-Carneiro</rs>, <rs
                     type="title">“Ressureição”</rs>. </item>
               <item>
                  <label>22.</label>
                  <rs type="name" role="author" key="P30">Mario de Sá-Carneiro</rs>, <rs
                     type="title">“A Confissão de Lucio”</rs>. </item>
               <item>
                  <label>23.</label>
                  <rs type="name" role="author" key="P30">Mario de Sá-Carneiro</rs>, <rs
                     type="title">“Mysterio”</rs> (e outras novellas).</item>
            </list>
         </div>
      </body>
   </text>
</TEI>
