<?xml version="1.0" encoding="UTF-8"?>
<?xml-model href="../schema/pessoaTEI.rng" type="application/xml" schematypens="http://relaxng.org/ns/structure/1.0"?>
<TEI xmlns="http://www.tei-c.org/ns/1.0">
   <teiHeader>
      <fileDesc>
         <titleStmt>
            <title>BNP/E3 48-2<hi rend="superscript">r</hi></title>
            <author>
               <rs type="name" key="FP">Fernando Pessoa</rs>
            </author>
            <respStmt>
               <resp>Transcrição, Edição</resp>
               <name>Pedro Sepúlveda</name>
            </respStmt>
            <respStmt>
               <resp>Codificação, Modelagem de dados</resp>
               <name>Ulrike Henny-Krahmer</name>
            </respStmt>
            <respStmt>
               <resp>Codificação</resp>
               <name>Isabel Figueiredo-Iken</name>
            </respStmt>
            <respStmt>
               <resp>Codificação</resp>
               <name>Sviatoslav Drach</name>
            </respStmt>
            <respStmt>
               <resp>Consultoria</resp>
               <name>Institut für Dokumentologie und Editorik (IDE)</name>
            </respStmt>
         </titleStmt>
         <publicationStmt>
            <publisher>Universidade Nova de Lisboa, Instituto de Estudos de Literatura e Tradição
               (IELT)</publisher>
            <publisher>Cologne Center for eHumanities (CCeH)</publisher>
            <date>2017</date>
            <availability>
               <licence target="http://creativecommons.org/licenses/by/3.0/"/>
            </availability>
            <idno type="filename">BNP_E3_48-2r.xml</idno>
         </publicationStmt>
         <sourceDesc>
            <msDesc>
               <msIdentifier>
                  <institution>Biblioteca Nacional de Portugal</institution>
                  <idno>BNP/E3 48-2r</idno>
               </msIdentifier>
               <msContents>
                  <summary>
                     <p> Lista manuscrita em papel pautado de agenda, referente a «Dezembro | 19 |
                        quinta-feira». </p>
                  </summary>
                  <msItemStruct>
                     <author>
                        <rs type="name" key="FP">Fernando Pessoa</rs>
                     </author>
                     <note type="genre">
                        <rs type="genre" key="lista_editorial">Lista editorial</rs>
                     </note>
                     <textLang mainLang="en" otherLangs="pt"/>
                  </msItemStruct>
               </msContents>
               <history>
                  <origin>
                     <p>
                        <origDate from="1929" to="1930" cert="medium">c. 1929-1930</origDate>
                     </p>
                  </origin>
               </history>
            </msDesc>
         </sourceDesc>
      </fileDesc>
   </teiHeader>
   <facsimile>
      <graphic url="bn-acpc-e-e3-48-1-56_JPG_24-C-R0150/bn-acpc-e-e3-48-1-56_0003_2_t24-C-R0150.jpg"
      />
   </facsimile>
   <text>
      <body>
         <div>
            <list>
               <head><hi rend="underline">Anthologia</hi></head>
               <item>
                  <label>1.</label> <rs type="title"><rs type="name" key="P65"
                        >Shakespeare</rs> (volumes)</rs>
               </item>
               <item rend="indent-2">
                  <label>2.</label> <rs type="name" key="P146">Tennyson</rs>
                  <lb/><rs type="name" key="P87">Poe</rs>
               </item>
            </list>
            <metamark rend="line-44" function="distinct"/>
            <list>
               <head>Volumes <hi rend="underline">like Vigny’s in Flammarion’s</hi> set</head>
               <item>
                  <rs type="name" key="P65">Shakespeare</rs>: <rs type="title"><rs type="name"
                        key="P153">Othello</rs></rs>, <rs type="title"><rs type="name" key="P154"
                        >Lear</rs></rs>, <rs type="title"><rs type="name" key="P155"
                     >Macbeth</rs></rs>. <note>√</note>
               </item>
               <item>
                  <choice>
                     <abbr><metamark rend="line-14" function="ditto"/></abbr>
                     <expan><rs type="name" key="P65">Shakespeare</rs></expan>
                  </choice>: <rs type="title"><rs type="name" key="P150">Hamlet</rs></rs>, <rs
                     type="title"><rs type="name" key="P151">Antony</rs> and <rs type="name"
                        key="P152">Cleopatra</rs></rs>, <rs type="title">
                     <rs type="name" key="P149">
                        <choice>
                           <abbr>Tit<am>.</am></abbr>
                           <expan>Tit<ex>us</ex></expan>
                        </choice> <choice>
                           <abbr>And<am>.</am></abbr>
                           <expan>And<ex>ronicus</ex></expan>
                        </choice>
                     </rs>
                  </rs>
               </item>
               <item>
                  <choice>
                     <abbr><metamark rend="line-14" function="ditto"/></abbr>
                     <expan><rs type="name" key="P65">Shakespeare</rs></expan>
                  </choice>: <rs type="title">
                     <rs type="name" key="P148">
                        <choice>
                           <abbr>J<am>.</am></abbr>
                           <expan>J<ex>ulius</ex></expan>
                        </choice> Caesar</rs></rs>, <rs type="title"><rs type="name" key="P147"
                        >Coriolanus</rs></rs>
               </item>
               <item>
                  <choice>
                     <abbr><metamark rend="line-14" function="ditto"/></abbr>
                     <expan><rs type="name" key="P65">Shakespeare</rs></expan>
                  </choice>: <rs type="title">Tempest</rs>, <rs type="title">Winter’s tale</rs>, <rs
                     type="text">Twelfth Night</rs>
               </item>
               <item>
                  <choice>
                     <abbr><metamark rend="line-14" function="ditto"/></abbr>
                     <expan><rs type="name" key="P65">Shakespeare</rs></expan>
                  </choice>: <rs type="title">As you like it</rs>, <rs type="title">Much Ado About
                     Nothing.</rs>
               </item>
            </list>
         </div>
      </body>
   </text>
</TEI>
