<?xml version="1.0" encoding="UTF-8"?>
<?xml-model href="../schema/pessoaTEI.rng" type="application/xml" schematypens="http://relaxng.org/ns/structure/1.0"?>
<TEI xmlns="http://www.tei-c.org/ns/1.0">
   <teiHeader>
      <fileDesc>
         <titleStmt>
            <title>BNP/E3 137D-32<hi rend="superscript">r</hi></title>
            <author>
               <rs type="name" key="FP">Fernando Pessoa</rs>
            </author>
            <respStmt>
               <resp>Transcrição, Edição</resp>
               <name>Pedro Sepúlveda</name>
            </respStmt>
            <respStmt>
               <resp>Codificação, Modelagem de dados</resp>
               <name>Ulrike Henny-Krahmer</name>
            </respStmt>
            <respStmt>
               <resp>Codificação</resp>
               <name>Isabel Figueiredo-Iken</name>
            </respStmt>
            <respStmt>
               <resp>Codificação</resp>
               <name>Sviatoslav Drach</name>
            </respStmt>
            <respStmt>
               <resp>Consultoria</resp>
               <name>Institut für Dokumentologie und Editorik (IDE)</name>
            </respStmt>
         </titleStmt>
         <publicationStmt>
            <publisher>Universidade Nova de Lisboa, Instituto de Estudos de Literatura e Tradição
               (IELT)</publisher>
            <publisher>Cologne Center for eHumanities (CCeH)</publisher>
            <date>2017</date>
            <availability>
               <licence target="http://creativecommons.org/licenses/by/3.0/"/>
            </availability>
            <idno type="filename">BNP_E3_137D-32r.xml</idno>
         </publicationStmt>
         <sourceDesc>
            <msDesc>
               <msIdentifier>
                  <institution>Biblioteca Nacional de Portugal</institution>
                  <idno>BNP/E3 137D-32r</idno>
               </msIdentifier>
               <msContents>
                  <summary>
                     <p>Lista datilografada.</p>
                  </summary>
                  <msItemStruct>
                     <author>
                        <rs type="name" key="FP">Fernando Pessoa</rs>
                     </author>
                     <note type="genre">
                        <rs type="genre" key="lista_editorial">Lista editorial</rs>
                     </note>
                     <textLang mainLang="en"/>
                  </msItemStruct>
               </msContents>
               <history>
                  <origin>
                     <p>
                        <origDate from="1920" to="1927">1920-1927</origDate>
                     </p>
                  </origin>
               </history>
            </msDesc>
         </sourceDesc>
      </fileDesc>
   </teiHeader>
   <facsimile>
      <graphic
         url="bn-acpc-e-e3-137d-1-100_JPG_24-C-R0150/bn-acpc-e-e3-137d-1-100_0067_32_t24-C-R0150.jpg"
      />
   </facsimile>
   <text>
      <body>
         <div>
            <head><hi rend="underline">Financial propositions proper</hi>:</head>
            <list>
               <item>JMB, as usual.</item>
               <item>Lhi. (and patent ones).</item>
               <item>The <choice>
                     <abbr>Span<am>.</am></abbr>
                     <expan>Span<ex>ish</ex></expan>
                  </choice>
                  <choice>
                     <abbr>prop<am>.</am></abbr>
                     <expan>prop<ex>osition</ex></expan>
                  </choice>/ Pamphlet / investigate.</item>
            </list>
         </div>
         <div>
            <head><hi rend="underline">Patent propositions</hi>:</head>
            <list>
               <item>
                  <abbr>C<am>.</am></abbr>
                  <abbr>P<am>.</am></abbr>
                  <abbr>P<am>.</am></abbr> (here). </item>
               <item>Directory (here and elsewhere).</item>
               <item>Dictionary (here and <hi rend="underline">elsewhere</hi>).</item>
               <item>District directs. (here) (as 2).</item>
               <item>Cosmopolis.</item>
               <item><choice>
                     <abbr>Com<am>.</am></abbr>
                     <expan>Com<ex>mercial</ex></expan>
                  </choice> Club.</item>
               <item>Monomark, developed.</item>
               <item>English continental editions (&amp; banned).</item>
            </list>
         </div>
         <div>
            <head><hi rend="underline">Literary propositions</hi>:</head>
            <list>
               <item>Monthly 5.00 edition here.</item>
               <item>Translation of plays (AVL).</item>
               <item>Shakespeare in parts (?).</item>
               <item>Translations into English.</item>
               <item>Review (<abbr>O<abbr><am>.</am></abbr></abbr> or other) to fix matters.</item>
            </list>
         </div>
         <div>
            <head><hi rend="underline">Personal, to consider (?):</hi></head>
            <list>
               <item>JMB / <abbr>DR<am>.</am></abbr> and <abbr>Vand<am>.</am></abbr></item>
               <item>Place in <abbr>C<am>.</am></abbr>
                  <abbr>P<am>.</am></abbr>
                  <abbr>P<am>.</am></abbr>
               </item>
               <item>Bookshop, etc., with MMH.</item>
            </list>
         </div>
      </body>
   </text>
</TEI>
