<?xml version="1.0" encoding="UTF-8"?>
<?xml-model href="../schema/pessoaTEI.rng" type="application/xml" schematypens="http://relaxng.org/ns/structure/1.0"?>
<TEI xmlns="http://www.tei-c.org/ns/1.0">
   <teiHeader>
      <fileDesc>
         <titleStmt>
            <title>BNP/E3 48B-42<hi rend="superscript">r</hi>
            </title>
            <author>
               <rs type="name" key="FP">Fernando Pessoa</rs>
            </author>
            <respStmt>
               <resp>Transcrição, Edição</resp>
               <name>Pedro Sepúlveda</name>
            </respStmt>
            <respStmt>
               <resp>Transcrição</resp>
               <name>Filipa Freitas</name>
            </respStmt>
            <respStmt>
               <resp>Modelagem de dados, Codificação</resp>
               <name>Ulrike Henny-Krahmer</name>
            </respStmt>
            <respStmt>
               <resp>Codificação</resp>
               <name>Ana Leonor Branco</name>
            </respStmt>
            <respStmt>
               <resp>Codificação</resp>
               <name>Sviatoslav Drach</name>
            </respStmt>
         </titleStmt>
         <publicationStmt>
            <publisher>Universidade Nova de Lisboa, Instituto de Estudos de Literatura e Tradição
               (IELT)</publisher>
            <publisher>Cologne Center for eHumanities (CCeH)</publisher>
            <date>2017</date>
            <availability>
               <licence target="http://creativecommons.org/licenses/by/3.0/"/>
            </availability>
            <idno type="filename">BNP_E3_48B-42r.xml</idno>
         </publicationStmt>
         <sourceDesc>
            <msDesc>
               <msIdentifier>
                  <institution>Biblioteca Nacional de Portugal</institution>
                  <idno>BNP/E3 48B-42r</idno>
               </msIdentifier>
               <msContents>
                  <summary>
                     <p> Lista manuscrita. </p>
                  </summary>
                  <msItemStruct>
                     <author>
                        <rs type="name" key="FP">Fernando Pessoa</rs>
                     </author>
                     <note type="genre">
                        <rs type="genre" key="lista_editorial">Lista editorial</rs>
                     </note>
                     <textLang mainLang="pt" otherLangs=""/>
                  </msItemStruct>
               </msContents>
               <history>
                  <origin>
                     <p>
                        <origDate from="1920" to="1927">1920-1927</origDate>
                     </p>
                  </origin>
               </history>
            </msDesc>
         </sourceDesc>
      </fileDesc>
   </teiHeader>
   <facsimile>
      <graphic
         url="bn-acpc-e-e3-48b-1-158_JPG_24-C-R0150/bn-acpc-e-e3-48b-1-158_0086_42_t24-C-R0150.jpg"
      />
   </facsimile>
   <text>
      <body>
         <div>
            <list>
               <item><rs type="title">Fama Fraternitatis Rosae Crucis</rs><lb/> (<choice>
                     <abbr>trad<am>.</am></abbr>
                     <expan>trad<ex>ucção</ex></expan>
                  </choice> Çoro) <metamark rend="line-14"/> 2.00</item>
               <item><rs type="title">Du Symbole</rs> – <rs type="name" key="P375"><choice>
                        <abbr>Alb<am>.</am></abbr>
                        <expan>Alb<ex>ert</ex></expan>
                     </choice> Lantoine</rs>
                  <metamark rend="line-14"/> (?) 1.50</item>
               <item><rs type="title"><rs type="name">Les Mystéres Païens et le<lb/> Mystère Chrétien</rs></rs><lb/>
                     (<rs type="name" key="P376">Alfred Loisy</rs>) <metamark rend="line-14"/> 10.00</item>
               <item><rs type="title">Le Pimandre</rs> (“La Sirène”) <metamark rend="line-14"/>
                  7.00</item>
               <metamark rend="line-44" function="distinct"/>
               <item>Traducção da parte “interpre<pc>-</pc><lb/> tativa” do livro de Kircher<lb/>
                     (<gap reason="illegible" unit="word" extent="1"/>) sobre o ceptico, etc.</item>
               <metamark rend="line-44" function="distinct"/>
               <item>Traducção do <rs type="title">Pimandro</rs>.</item>
               <metamark rend="line-44" function="distinct"/>
               <item>Traducção da “<rs type="title">Fama Fraternitatis</rs>”</item>
               <metamark rend="line-44" function="distinct"/>
               <item>“<rs type="title"><hi rend="underline">Os Classicos do
                  Hermetismo</hi></rs>”.<lb/> (nenhum symbolo, e reco<pc>-</pc><lb/> mendação de os
                  não usar).</item>
               <metamark rend="line-44" function="distinct"/>
               <item><choice>
                     <abbr>Trad<am>.</am></abbr>
                     <expan>Trad<ex>ucção</ex></expan>
                  </choice> “<rs type="title">Versos de Ouro</rs>” de<lb/>
                  <rs type="name" key="P377">Pythagoras</rs>.</item>
               <metamark rend="line-44" function="distinct"/>
               <item><hi rend="circled"><seg type="doubt"><choice>
                           <abbr>Trad<am>.</am></abbr>
                           <expan>Trad<ex>ucção</ex></expan>
               </choice> do “<rs type="title"><rs type="name">Napoleão</rs> nunca<lb/> existiu</rs>” no sentido
                        da<lb/> confirmação ou these<lb/> com o lado prophetico e<lb/>
                        hermetico.</seg></hi></item>
            </list>
         </div>
      </body>
   </text>
</TEI>
