﻿<?xml version="1.0" encoding="UTF-8"?>
<?xml-model href="../schema/pessoaTEI.rng" type="application/xml" schematypens="http://relaxng.org/ns/structure/1.0"?>
<TEI xmlns="http://www.tei-c.org/ns/1.0">
   <teiHeader>
      <fileDesc>
         <titleStmt>
            <title>BNP/E3 59-45<hi rend="superscript">r</hi>
            </title>
            <author>
               <rs type="person" key="FP">Fernando Pessoa</rs>
            </author>
            <respStmt>
               <resp>Transcrição, Edição</resp>
               <name>Pedro Sepúlveda</name>
            </respStmt>
            <respStmt>
               <resp>Modelagem de dados, Codificação</resp>
               <name>Ulrike Henny</name>
            </respStmt>
            <respStmt>
               <resp>Codificação</resp>
               <name>Sviatoslav Drach</name>
            </respStmt>
            <respStmt>
               <resp>Codificação</resp>
               <name>Ana Leonor Branco</name>
            </respStmt>
         </titleStmt>
         <publicationStmt>
            <publisher>Universidade Nova de Lisboa, Instituto de Estudos de Literatura e Tradição
               (IELT)</publisher>
            <publisher>Cologne Center for eHumanities (CCeH)</publisher>
            <date>2016</date>
            <availability>
               <licence target="http://creativecommons.org/licenses/by/3.0/"/>
            </availability>
            <idno type="filename">BNP_E3_59-45r.xml</idno>
         </publicationStmt>
         <sourceDesc>
            <msDesc xml:id="M1" type="structured">
               <msIdentifier>
                  <institution>Biblioteca Nacional de Portugal</institution>
                  <idno>BNP/E3 59-45r</idno>
               </msIdentifier>
               <msContents>
                  <msItemStruct>
                     <author>
                        <rs type="person" key="FP">Fernando Pessoa</rs>
                     </author>
                     <note type="genre">
                        <rs type="genre" key="lista_editorial">Lista editorial</rs>
                     </note>
                     <textLang mainLang="pt"/>
                  </msItemStruct>
               </msContents>
               <history>
                  <origin>
                     <p>
                        <origDate when="1924" cert="medium">c. 1924</origDate>
                     </p>
                  </origin>
               </history>
            </msDesc>
            <msDesc corresp="#M1" type="prose">
               <msIdentifier/>
               <p> Lista manuscrita. Na mesma página encontra-se parte de um poema que começa em BNP
                  59-44r, iniciado com o verso «Como alguem que conserva na memoria» e datado de
                  «29/4/1924» (cf. PFP-II, 65). </p>
            </msDesc>
         </sourceDesc>
      </fileDesc>
   </teiHeader>
   <facsimile>
      <graphic
         url="bn-acpc-e-e3-59-1-60_JPG_24-C-R0150/bn-acpc-e-e3-59-1-60_0094_45_t24-C-R0150.jpg"/>
   </facsimile>
   <text>
      <body>
         <div>
            <gap reason="selection" unit="line" extent="18"/>
            <list>
               <item>
                  <hi rend="underline">
                     <rs type="person" key="P218">Homero</rs>
                  </hi>: <rs type="text">Iliada</rs>.<lb/>
                  <rs type="text">Odysséa</rs>. </item>
               <item>
                  <hi rend="underline">
                     <rs type="person" key="P219">Vergilio</rs>
                  </hi>: <rs type="text">Eneida</rs>. </item>
               <item>
                  <hi rend="underline">
                     <rs type="person" key="P220">Dante</rs>
                  </hi>: <rs type="text">Divina Commedia</rs>. </item>
               <item>
                  <hi rend="underline">
                     <rs type="person" key="P84">Milton</rs>
                  </hi>: <rs type="text">Paraiso Perdido</rs>. </item>
               <item>
                  <hi rend="underline">
                     <rs type="person" key="P84">Milton</rs>
                  </hi>: <rs type="text">Samsão Agonistes</rs>. </item>
               <item>
                  <hi rend="underline">
                     <rs type="person" key="P130">Bacon</rs>
                  </hi>: <rs type="text">Ensaios, e outra prosa</rs>. </item>
               <item>
                  <hi rend="underline">
                     <rs type="person" key="P188">Horacio</rs>
                  </hi>: <rs type="text">As Odes</rs>. </item>
               <item>
                  <hi rend="underline">
                     <rs type="person" key="P65">Shakespeare</rs>
                  </hi>: <rs type="text">As Principaes Peças</rs>. </item>
               <item>
                  <hi rend="underline">
                     <rs type="person" key="P103">Omar Khayyam</rs>
                  </hi>: <rs type="text">Rubayat</rs>. </item>
               <item>
                  <hi rend="underline">
                     <rs type="text">Anthologia Grega</rs>
                  </hi>. </item>
               <item>
                  <hi rend="underline">
                     <rs type="text">Anthologia Latina</rs>
                  </hi>. </item>
               <item>
                  <hi rend="underline">
                     <rs type="text">Anthologia India</rs>
                  </hi>. </item>
               <item>
                  <hi rend="underline">
                     <rs type="text">Anthologia Franceza</rs>
                  </hi>. (etc). </item>
            </list>
         </div>
      </body>
   </text>
</TEI>
