<?xml version="1.0" encoding="UTF-8"?>
<?xml-model href="../schema/pessoaTEI.rng" type="application/xml" schematypens="http://relaxng.org/ns/structure/1.0"?>
<TEI xmlns="http://www.tei-c.org/ns/1.0">
   <teiHeader>
      <fileDesc>
         <titleStmt>
            <title>BNP/E3 144D<hi rend="superscript">2</hi>-9<hi rend="superscript">r</hi></title>
            <author>
               <rs type="name" key="FP">Fernando Pessoa</rs>
            </author>
            <respStmt>
               <resp>Transcrição, Edição</resp>
               <name>Pedro Sepúlveda</name>
            </respStmt>
            <respStmt>
               <resp>Transcrição</resp>
               <name>Pablo Javier Pérez López</name>
            </respStmt>
            <respStmt>
               <resp>Codificação, Modelagem de dados</resp>
               <name>Ulrike Henny</name>
            </respStmt>
            <respStmt>
               <resp>Codificação</resp>
               <name>Isabel Figueiredo-Iken</name>
            </respStmt>
            <respStmt>
               <resp>Codificação</resp>
               <name>Sviatoslav Drach</name>
            </respStmt>
            <respStmt>
               <resp>Consultoria</resp>
               <name>Institut für Dokumentologie und Editorik (IDE)</name>
            </respStmt>
         </titleStmt>
         <publicationStmt>
            <publisher>Universidade Nova de Lisboa, Instituto de Estudos de Literatura e Tradição
               (IELT)</publisher>
            <publisher>Cologne Center for eHumanities (CCeH)</publisher>
            <date>2017</date>
            <availability>
               <licence target="http://creativecommons.org/licenses/by/3.0/"/>
            </availability>
            <idno type="filename">BNP_E3_144D2-9r.xml</idno>
         </publicationStmt>
         <sourceDesc>
            <msDesc xml:id="M1" type="structured">
               <msIdentifier>
                  <institution>Biblioteca Nacional de Portugal</institution>
                  <idno>BNP/E3 144D2-9r</idno>
               </msIdentifier>
               <msContents>
                  <msItemStruct>
                     <author>
                        <rs type="name" key="FP">Fernando Pessoa</rs>
                     </author>
                     <note type="genre">
                        <rs type="genre" key="lista_editorial">Lista editorial</rs>
                     </note>
                     <textLang mainLang="pt"/>
                  </msItemStruct>
               </msContents>
               <history>
                  <origin>
                     <p>
                        <origDate when="1913" cert="medium">c. 1913</origDate>
                     </p>
                  </origin>
               </history>
            </msDesc>
            <msDesc corresp="#M1" type="prose">
               <msIdentifier/>
               <p> Lista manuscrita, publicada em <hi rend="italic">Obras de Jean Seul de
                     Méluret</hi> (2006, 44). </p>
            </msDesc>
         </sourceDesc>
      </fileDesc>
   </teiHeader>
   <facsimile>
      <graphic url="bn-acpc-e-e3_144d2_JPG_24-C-R0150/bn-acpc-e-e3_144d2_0031_9r_t24-C-R0150.jpg"/>
   </facsimile>
   <text>
      <body>
         <div>
            <list>
               <item><label>1.</label>
                  Razões para adherir á politica de <rs type="name"><choice>
                        <abbr>Af<am>.</am></abbr>
                        <expan>Af<ex>onso</ex></expan>
                     </choice> Costa.</rs></item>
               <item><label>2.</label>
                  A revolta contra a alma Maurras. ___</item>
               <item><label>3.</label>
                  A sophistica pragmatista.</item>
               <item><label>4.</label>
                  O scepticismo energico. (<rs type="place">França</rs>,
                  Barrès,R. d. Gt <del rend="overstrike">
                     <gap reason="illegible" extent="1" unit="character"/></del>)</item>
               <item><label>5.</label>
                  Os Avançados — o seu atrazo.</item>
               <item><label>6.</label>
                  O problema do genio.</item>
               <item><label>7.</label>
                  O preconceito hygienista.</item>
               <item><label>8.</label>
                  O aristocratismo dos debeis (<rs type="name"><choice>
                        <abbr>Nietz<am>.</am></abbr>
                        <expan>Nietz<ex>sche</ex></expan>
                     </choice>.</rs></item>
               <item><label>+9.</label>
                  O vago
                  (Maeterlinck, os symbolistas). /</item>
               <item><label>+10.</label>
                  Logica social. /</item>
               <item><label>+11.</label>
                  Espectaculos — casos de exhibicionismo.</item>
               <item><note place="right">— touradas. </note></item>
               <item><label>+12.</label>
                  Sobre o creacionismo.</item>
               <item><label>+13.</label>
                  A Nova Renascença e
                  a sua origem<lb/> em <rs type="place">Portugal.</rs></item>
               <item><label>14.</label>
                  O preconceito das grandes nações.</item>
               <item><label>15.</label>
                  A decadencia da <gap reason="illegible" unit="characters"
                     extent="1"/>.</item>
               <item><label>16.</label>
                  Crepusculo.</item>
            </list>
         </div>
      </body>
   </text>
</TEI>
