<?xml version="1.0" encoding="UTF-8"?>
<?xml-model href="../schema/pessoaTEI.rng" type="application/xml" schematypens="http://relaxng.org/ns/structure/1.0"?>
<TEI xmlns="http://www.tei-c.org/ns/1.0">
   <teiHeader>
      <fileDesc>
         <titleStmt>
            <title>BNP/E3 51-34<hi rend="superscript">v</hi>
            </title>
            <author>
               <rs type="name" key="FP">Fernando Pessoa</rs>
            </author>
            <respStmt>
               <resp>Transcrição, Edição</resp>
               <name>Pedro Sepúlveda</name>
            </respStmt>
            <respStmt>
               <resp>Transcrição</resp>
               <name>Pablo Javier Pérez López</name>
            </respStmt>
            <respStmt>
               <resp>Transcrição</resp>
               <name>Jorge Uribe</name>
            </respStmt>
            <respStmt>
               <resp>Modelagem de dados, Codificação</resp>
               <name>Ulrike Henny-Krahmer</name>
            </respStmt>
            <respStmt>
               <resp>Codificação</resp>
               <name>Isabel Figueiredo-Iken</name>
            </respStmt>
            <respStmt>
               <resp>Codificação</resp>
               <name>Inês Filipa Rebelo do Carmo</name>
            </respStmt>
            <respStmt>
               <resp>Codificação</resp>
               <name>Sviatoslav Drach</name>
            </respStmt>
            <respStmt>
               <resp>Consultoria</resp>
               <name>Institut für Dokumentologie und Editorik (IDE)</name>
            </respStmt>
         </titleStmt><editionStmt><p>Corpus version C2.1.0</p></editionStmt>
         <publicationStmt>
            <publisher>Universidade Nova de Lisboa, Instituto de Estudos de Literatura e
                    Tradição (IELT)</publisher>
            <publisher>Cologne Center for eHumanities (CCeH)</publisher>
            <date>2017</date>
            <availability status="free">
               <licence target="http://creativecommons.org/licenses/by/4.0/"/>
            </availability>
            <idno type="filename">BNP_E3_51-34v.xml</idno>
         </publicationStmt>
         <sourceDesc>
            <msDesc>
               <msIdentifier>
                  <institution>Biblioteca Nacional de Portugal</institution>
                  <idno>BNP/E3 51-34v</idno>
               </msIdentifier>
               <msContents>
                  <summary>
                     <p> Lista manuscrita, publicada em <hi rend="italic">Obras de António
                                    Mora</hi> (2002, 165). No verso da folha encontra-se um
                                testemunho do primeiro poema do «Livro Primeiro» de «Odes»
                                atribuídas a Ricardo Reis, publicado no primeiro número da revista
                                    <hi rend="italic">Athena</hi>, em Outubro de 1924, que começa
                                com o verso «Seguro assento na columna firme». Ao contrário de
                                outros testemunhos que se encontram no espólio, este corresponde
                                exatamente à versão publicada na revista (cf. PRR, 63-65 e AT n.º 1,
                                19). </p>
                  </summary>
                  <msItemStruct>
                     <author>
                        <rs type="name" key="FP">Fernando Pessoa</rs>
                     </author>
                     <note type="genre">
                        <rs type="genre" key="lista_editorial">Lista editorial</rs>
                        <rs type="genre" key="plano_editorial">Plano editorial</rs>
                     </note>
                     <textLang mainLang="pt"/>
                  </msItemStruct>
               </msContents>
               <history>
                  <origin>
                     <p>
                        <origDate when="1924" cert="medium">c. 1924</origDate>
                     </p>
                  </origin>
               </history>
            </msDesc>
         </sourceDesc>
      </fileDesc>
      <revisionDesc>
         <change when="2023-11-15" who="#FAF">
                    Added edition statement to the teiHeader
                </change>
      </revisionDesc>
   </teiHeader>
   <facsimile xml:base="http://images.cceh.uni-koeln.de/pessoa/">
      <graphic url="bn-acpc-e-e3-51-1-106_JPG_24-C-R0150/bn-acpc-e-e3-51-1-106_0072_34av-34v_t24-C-R0150.jpg"/>
   </facsimile>
   <text>
      <body>
         <div>
            <delSpan rend="overstrike" spanTo="#A1"/>
            <list>
               <item rend="indent-2">
                  <label>1.</label>
                  <ref target="http://www.pessoadigital.pt/en/pub/Reis_Odes_Livro_Primeiro">
                     <rs type="work" key="O3-5">
                        <rs type="title">Odes de <rs type="name" key="RR" role="author">Ricardo Reis</rs>.<lb/> Livro Primeiro</rs>
                     </rs>
                  </ref>. </item>
               <metamark rend="line" function="distinct"/>
               <item rend="indent-2">
                  <label>2.</label>
                  <rs type="collection" key="C14">
                     <rs type="title" key="T180">Obras de <rs type="name" key="AC" role="author">Alberto Caeiro</rs>.<lb/>
                                (1889-1915)</rs>
                  </rs>. <rs type="title">Re<pc>-</pc>
                     <lb/>censão de
                                <rs type="name" key="RR" role="author">Ricardo <lb/>Reis</rs>
                  </rs>.
                        I. <rs type="work" key="W18">ʺ<rs type="title" key="T18">O
                                Guarda<pc>-</pc>
                        <lb/>dor de Rebanhos</rs>.ʺ</rs>
                  <lb/>
                  <add n="2">(1910-1912)</add>
               </item>
               <metamark rend="line" function="distinct"/>
               <item rend="indent-2">
                  <label>3.</label>
                  <rs type="collection" key="C14">
                     <rs type="title" key="T180">Obras de <rs type="name" key="AC" role="author">Alberto Caeiro</rs>.<lb/> (1889-1915)</rs>
                  </rs>.
                            <rs type="title">Re<pc>-</pc>
                     <lb/>censão de <rs type="name" key="RR" role="author">Ricardo<lb/> Reis</rs>
                  </rs>. — II. <rs type="work" key="W143">
                     <rs type="title" key="T181">
                        <seg type="anchor">
                           <add n="2" place="above">
                              <seg type="certainty" cert="low" resp="FP">Os</seg>
                           </add>
                        </seg> Poemas<lb/>
                        inconjunctos</rs>
                  </rs>. (1908-<lb/>1915). </item>
               <metamark rend="line" function="distinct"/>
               <item rend="indent-2">
                  <label>4.</label>
                  <rs type="title">O Regresso dos Deuses</rs>,<lb/> por <rs type="name" key="P1" style="b">Antonio Mora</rs>
               </item>
               <metamark rend="line" function="distinct"/>
               <item rend="indent-2">
                  <label>5.</label>
                  <rs type="work" key="O3" style="a">
                     <rs type="title">Odes de <rs type="name" key="RR" role="author">Ricardo Reis</rs>
                     </rs>.<lb/> Livro
                            Segundo</rs>. </item>
            </list>
            <anchor xml:id="A1"/>
         </div>
      </body>
   </text>
</TEI>
