<?xml version="1.0" encoding="UTF-8"?>
<?xml-model href="../schema/pessoaTEI.rng" type="application/xml" schematypens="http://relaxng.org/ns/structure/1.0"?>
<TEI xmlns="http://www.tei-c.org/ns/1.0">
   <teiHeader>
      <fileDesc>
         <titleStmt>
            <title>BNP/E3 169<hi rend="superscript">r</hi></title>
            <author>
               <rs type="name" key="FP">Fernando Pessoa</rs>
            </author>
            <respStmt>
               <resp>Transcrição, Edição</resp>
               <name>Pedro Sepúlveda</name>
            </respStmt>
            <respStmt>
               <resp>Codificação, Modelagem de dados</resp>
               <name>Ulrike Henny</name>
            </respStmt>
            <respStmt>
               <resp>Codificação</resp>
               <name>Isabel Figueiredo-Iken</name>
            </respStmt>
            <respStmt>
               <resp>Codificação</resp>
               <name>Sviatoslav Drach</name>
            </respStmt>
            <respStmt>
               <resp>Consultoria</resp>
               <name>Institut für Dokumentologie und Editorik (IDE)</name>
            </respStmt>
         </titleStmt>
         <publicationStmt>
            <publisher>Universidade Nova de Lisboa, Instituto de Estudos de Literatura e Tradição
               (IELT)</publisher>
            <publisher>Cologne Center for eHumanities (CCeH)</publisher>
            <date>2017</date>
            <availability>
               <licence target="http://creativecommons.org/licenses/by/3.0/"/>
            </availability>
            <idno type="filename">BNP_E3_169r.xml</idno>
         </publicationStmt>
         <sourceDesc>
            <msDesc xml:id="M1" type="structured">
               <msIdentifier>
                  <institution>Biblioteca Nacional de Portugal</institution>
                  <idno>BNP/E3 169r</idno>
               </msIdentifier>
               <msContents>
                  <msItemStruct>
                     <author>
                        <rs type="name" key="FP">Fernando Pessoa</rs>
                     </author>
                     <note type="genre">
                        <rs type="genre" key="lista_editorial">Lista editorial</rs>
                     </note>
                     <textLang mainLang="pt"/>
                  </msItemStruct>
               </msContents>
               <history>
                  <origin>
                     <p>
                        <origDate when="1932" cert="medium">c. 1932</origDate>
                     </p>
                  </origin>
               </history>
            </msDesc>
            <msDesc corresp="#M1" type="prose">
               <msIdentifier/>
               <p>Lista datilografada.</p>
            </msDesc>
         </sourceDesc>
      </fileDesc>
   </teiHeader>
   <facsimile>
      <graphic
         url="bn-acpc-e-e3-167-186_JPG_24-C-R0150/bn-acpc-e-e3-167-186_0005_169_t24-C-R0150.jpg"/>
   </facsimile>
   <text>
      <body>
         <div>
            <head><hi rend="underline">Para o livro EPISODIOS.</hi></head>
            <list>
               <item><label>1.</label><rs type="title">A Nova Poesia Portugueza — I.</rs></item>
               <item><label>2.</label><rs type="title">A Nova Poesia Portugueza — II.</rs></item>
               <item><label>3.</label><rs type="title">A Nova Poesia Portugueza — III</rs> (a carta
                  no in<pc>-</pc><lb/>querito literario).<lb/> (nota anterior) </item>
               <item><label>4.</label><rs type="work"><rs type="name" role="author"> Antonio
                        Botto</rs> e <rs type="title"><del rend="overtyped">o Ideal Esthetico
                           Creador</del></rs></rs>
               </item>
               <item><label>5.</label><rs type="title">Prefacio ao livro “Acronios”</rs>.</item>
               <item><label>6.</label><rs type="title">Prefacio ao livro “Alma Errante”</rs>.</item>
               <item><label>7.</label><rs type="work"><rs type="title"><rs type="name" role="author">Antonio
                        Botto</rs> e o Ideal Esthetico Creador.</rs></rs></item>
               <item><label>8.</label><rs type="title">Carta ao Auctor de “Sachá”</rs>.</item>
               <item><label>9.</label>(?) <rs type="title">Desvios </rs>(as criticas de
                  THEATRO).</item>
               <item><label>10.</label>Entrevista na <rs type="periodical" key="J56">“Vida
                  Portugueza”.</rs></item>

               <item><label>11.</label>Entrevista <del rend="overtyped">com</del> publicada em <rs
                     type="periodical" key="J10">SOL.</rs></item>
            </list>
         </div>
      </body>
   </text>
</TEI>
