<?xml version="1.0" encoding="UTF-8"?>
<?xml-model href="../schema/pessoaTEI.rng" type="application/xml" schematypens="http://relaxng.org/ns/structure/1.0"?>
<TEI xmlns="http://www.tei-c.org/ns/1.0">
   <teiHeader>
      <fileDesc>
         <titleStmt>
            <title>BNP/E3 48-12<hi rend="superscript">r</hi></title>
            <author>
               <rs type="name" key="FP">Fernando Pessoa</rs>
            </author>
            <respStmt>
               <resp>Transcrição, Edição</resp>
               <name>Pedro Sepúlveda</name>
            </respStmt>
            <respStmt>
               <resp>Modelagem de dados, Codificação</resp>
               <name>Ulrike Henny-Krahmer</name>
            </respStmt>
            <respStmt>
               <resp>Codificação</resp>
               <name>Isabel Figueiredo-Iken</name>
            </respStmt>
            <respStmt>
               <resp>Codificação</resp>
               <name>Sviatoslav Drach</name>
            </respStmt>
            <respStmt>
               <resp>Consultoria</resp>
               <name>Institut für Dokumentologie und Editorik (IDE)</name>
            </respStmt>
         </titleStmt>
         <publicationStmt>
            <publisher>Universidade Nova de Lisboa, Instituto de Estudos de Literatura e Tradição
               (IELT)</publisher>
            <publisher>Cologne Center for eHumanities (CCeH)</publisher>
            <date>2017</date>
            <availability status="free">
               <licence target="http://creativecommons.org/licenses/by/3.0/"/>
            </availability>
            <idno type="filename">BNP_E3_48-12r.xml</idno>
         </publicationStmt>
         <sourceDesc>
            <msDesc>
               <msIdentifier>
                  <institution>Biblioteca Nacional de Portugal</institution>
                  <idno>BNP/E3 48-12r</idno>
               </msIdentifier>
               <msContents>
                  <summary>
                     <p> Lista datilografada em papel timbrado de «Athena | Revista de Arte». </p>
                  </summary>
                  <msItemStruct>
                     <author>
                        <rs type="name" key="FP">Fernando Pessoa</rs>
                     </author>
                     <note type="genre">
                        <rs type="genre" key="lista_editorial">Lista editorial</rs>
                     </note>
                     <textLang mainLang="pt"/>
                  </msItemStruct>
               </msContents>
               <history>
                  <origin>
                     <p>
                        <origDate notBefore="1924">1929-1932</origDate>
                     </p>
                  </origin>
               </history>
            </msDesc>
         </sourceDesc>
      </fileDesc>
   </teiHeader>
   <facsimile xml:base="http://images.cceh.uni-koeln.de/pessoa/">
      <graphic
         url="bn-acpc-e-e3-48-1-56_JPG_24-C-R0150/bn-acpc-e-e3-48-1-56_0023_12_t24-C-R0150.jpg"/>
   </facsimile>
   <text>
      <body>
         <div>
            <head><hi rend="underline">ANTHOLOGIA, em volumes de 32 pag. (vergé), a
               2$50.</hi></head>
            <list>
               <item>
                  <label>1.</label>
                  <rs type="name" key="P87">Edgar Poe</rs>. </item>
               <item>
                  <label>2.</label>
                  <rs type="name" key="P186">Garrett</rs>. </item>
               <item>
                  <label>3.</label>
                  <rs type="name" key="P24">José Anastacio da Cunha</rs>. </item>
               <item>
                  <label>4.</label>
                  <rs type="name" key="P187">Thomas Antonio Gonzaga</rs>. </item>
               <item>
                  <label>5.</label>
                  <rs type="name" key="P81">Manuel de Veiga</rs>. </item>
               <item>
                  <label>6.</label>
                  <rs type="name" key="P103">Omar Khayyam</rs>. </item>
               <item>
                  <label>7.</label>
                  <rs type="title">Arte Poetica</rs>, de <rs type="name" key="P188">Horacio</rs>. </item>
               <item>
                  <label>8.</label>
                  <rs type="name" key="P175">Shelley</rs>. </item>
               <item>
                  <label>9.</label>
                  <rs type="name" key="P76">Bocage</rs>. </item>
               <item>
                  <label>10.</label>
                  <rs type="title"><abbr>A<am>.</am></abbr> Castro</rs>, de <rs type="name"
                     key="P189">Antonio Ferreira</rs>. </item>
               <item>
                  <label>11.</label>
                  <rs type="title">Anthologia Grega (Selecta)</rs>. </item>
               <item>
                  <label>12.</label>
                  <rs type="name" key="P145">Camillo Pessanha</rs>. </item>
               <item>
                  <label>13.</label>
                  <rs type="name" key="P26">Cesario Verde</rs>. </item>
               <item>
                  <label>14.</label>
                  <rs type="name" key="P160">Soares de Passos</rs>
               </item>
               <item>
                  <label>15.</label>
                  <rs type="name" key="P172">João de Lemos</rs>. </item>
               <item>
                  <label>16.</label>
                  <rs type="name" key="P190">João de Deus</rs>. </item>
               <item>
                  <label>17.</label>
                  <rs type="name" key="P191">Castilho</rs>. </item>
               <item>
                  <label>18.</label>
                  <rs type="name" key="P53">Antonio Nobre</rs>. </item>
               <item>
                  <label>19.</label>
                  <rs type="name" key="P124">José Duro</rs>. </item>
               <item>
                  <label>20.</label>
                  <rs type="title">Poemas do Rig-Veda</rs>. </item>
               <item>
                  <label>21.</label>
                  <rs type="title">O Bandarra</rs>. </item>
               <item>
                  <label>22.</label>
                  <rs type="title">O Cantico dos Canticos</rs>. </item>
               <item>
                  <label>23.</label>
                  <rs type="title">Ecclesiastes</rs>. </item>
               <item>
                  <label>24.</label>
                  <rs type="title">Dos Cancioneiros</rs>. </item>
               <item>
                  <label>25.</label>
                  <rs type="title">Dispersão</rs>, de <rs type="name" key="P30">Mário de
                     Sá-Carneiro</rs>. </item>
               <item>
                  <label>26.</label>
                  <rs type="name" key="P180">Alberto Osorio de Castro</rs>. </item>
               <item>
                  <label>27.</label>
                  <rs type="name" key="P174">Augusto Gil</rs>. </item>
               <item>
                  <label>28.</label>
                  <rs type="name" key="P192">Fausto Guedes Teixeira</rs>. </item>
               <item>
                  <label>29.</label>
                  <rs type="name" key="P185">Arnold</rs>. </item>
               <item>
                  <label>30.</label>
                  <rs type="name" key="P185">Arnold</rs> – <rs type="title">Sohrab e Rustum</rs>. </item>
               <item>
                  <label>31.</label>
                  <rs type="title">O Prometheu Preso</rs>, de <rs type="name" key="P193"
                     >Eschylo</rs>. </item>
               <item>
                  <label>32.</label>
                  <rs type="name" key="P194">Leopardi</rs>. </item>
               <item>
                  <label>33.</label>
                  <rs type="name" key="P195">Gérard de Nerval</rs>. </item>
               <item>
                  <label>34.</label>
                  <rs type="name" key="P196">Verlaine</rs>. </item>
               <item>
                  <label>35.</label>
                  <rs type="name" key="P197">Mallarmé</rs>. </item>
               <item>
                  <label>36.</label>
                  <rs type="name" key="P176">Heine</rs>. </item>
               <item>
                  <label>37.</label>
                  <rs type="name" key="P198">Goethe</rs>. </item>
               <item>
                  <label>38.</label>
                  <rs type="name" key="P199">Lenau</rs>. </item>
               <item>
                  <label>39.</label>
                  <rs type="name" key="P200">Francisco Costa</rs>. </item>
               <item>
                  <label>40.</label>
                  <rs type="name" key="P18">Anthero de Quental</rs> – <rs type="title">Sonetos</rs>. </item>
               <item>
                  <label>41.</label>
                  <rs type="name" key="P18">Anthero de Quental</rs> – <rs type="title"
                     >não-Sonetos</rs>. </item>
               <item>
                  <label>42.</label>
                  <rs type="title">Sonetos Portuguezes</rs>. </item>
               <item>
                  <label>43.</label>
                  <rs type="name" key="P80">Angelo de Lima</rs>. </item>
               <item>
                  <label>44.</label>
                  <rs type="name" key="P25">Guerra Junqueiro</rs>
               </item>
               <item>
                  <label>45.</label>
                  <rs type="name" key="P179">Gomes Leal</rs>. </item>
               <item>
                  <label>46.</label>
                  <rs type="title">A Phenix Renascida</rs>. </item>
               <item>
                  <label>47.</label>
                  <rs type="name" key="P162">Wordsworth</rs>. </item>
               <item>
                  <label>48.</label>
                  <rs type="name" key="P163">Coleridge</rs>. </item>
               <item>
                  <label>49.</label>
                  <rs type="title">Eprigrammas Francezes</rs>. </item>
               <item>
                  <label>50.</label>
                  <rs type="title">Epigrammas Portuguezes</rs>. </item>
            </list>
         </div>
      </body>
   </text>
</TEI>
