<?xml version="1.0" encoding="UTF-8"?>
<?xml-model href="../schema/pessoaTEI.rng" type="application/xml" schematypens="http://relaxng.org/ns/structure/1.0"?>
<TEI xmlns="http://www.tei-c.org/ns/1.0">
   <teiHeader>
      <fileDesc>
         <titleStmt>
            <title>BNP/E3 40-34<hi rend="superscript">r</hi></title>
            <author>
               <rs type="name" key="FP">Fernando Pessoa</rs>
            </author>
            <respStmt>
               <resp>Transcrição, Edição</resp>
               <name>Pedro Sepúlveda</name>
            </respStmt>
            <respStmt>
               <resp>Codificação, Modelagem de dados</resp>
               <name>Ulrike Henny-Krahmer</name>
            </respStmt>
            <respStmt>
               <resp>Codificação</resp>
               <name>Isabel Figueiredo-Iken</name>
            </respStmt>
            <respStmt>
               <resp>Codificação</resp>
               <name>Sviatoslav Drach</name>
            </respStmt>
            <respStmt>
               <resp>Consultoria</resp>
               <name>Institut für Dokumentologie und Editorik (IDE)</name>
            </respStmt>
         </titleStmt>
         <publicationStmt>
            <publisher>Universidade Nova de Lisboa, Instituto de Estudos de Literatura e Tradição
               (IELT)</publisher>
            <publisher>Cologne Center for eHumanities (CCeH)</publisher>
            <date>2017</date>
            <availability status="free">
               <licence target="http://creativecommons.org/licenses/by/3.0/"/>
            </availability>
            <idno type="filename">BNP_E3_40-34r.xml</idno>
         </publicationStmt>
         <sourceDesc>
            <msDesc>
               <msIdentifier>
                  <institution>Biblioteca Nacional de Portugal</institution>
                  <idno>BNP/E3 40-34r</idno>
               </msIdentifier>
               <msContents>
                  <summary>
                     <p> Lista manuscrita, publicada em <hi rend="italic">Livro do Desassossego</hi>
                        (1982, I, XXXVI). No verso da folha encontram-se alguns versos pertencentes
                        ao poema «Livro de Outro Amor», referido na lista como parte do livro <hi
                           rend="italic">Água Estagnada</hi>. Uma versão do dito poema foi redigida
                        na página BNP 40-33<hi rend="superscript">r</hi>, e apresenta a data de 14
                        de Maio de 1913. </p>
                  </summary>
                  <msItemStruct>
                     <author>
                        <rs type="name" key="FP">Fernando Pessoa</rs>
                     </author>
                     <note type="genre">
                        <rs type="genre" key="lista_editorial">Lista editorial</rs>
                        <rs type="genre" key="plano_editorial">Plano editorial</rs>
                     </note>
                     <textLang mainLang="pt"/>
                  </msItemStruct>
               </msContents>
               <history>
                  <origin>
                     <p>
                        <origDate when="1913-05-14" cert="medium">c. 14-5-1913</origDate>
                     </p>
                  </origin>
               </history>
            </msDesc>
         </sourceDesc>
      </fileDesc>
   </teiHeader>
   <facsimile>
      <graphic
         url="bn-acpc-e-e3-40-1-52_JPG_24-C-R0150/bn-acpc-e-e3-40-1-52_0074_34_t24-C-R0150.jpg"/>
   </facsimile>
   <text>
      <body>
         <div>
            <head><hi rend="underline">Livros de versos:</hi></head>
            <list>
               <item>
                  <list>
                     <item><label><rs type="title"><hi rend="underline">Agua Estagnada</hi></rs> — </label>
                        <list rend="inline">
                           <item>
                              <label>I.</label>
                              <supplied resp="PS" reason="omitted-in-original"/>
                           </item>
                           <item>
                              <label>II.</label>
                              <rs type="title">Descida ao Inferno</rs>. </item>
                           <item>
                              <label>III.</label>
                              <rs type="title">Livro de Outro Amor</rs>. </item>
                           <item>
                              <label>IV.</label>
                              <supplied resp="PS" reason="omitted-in-original"/>
                           </item>
                           <item>
                              <label>V.</label>
                              <supplied resp="PS" reason="omitted-in-original"/>
                           </item>
                        </list>
                     </item>
                  </list>
               </item>
               <metamark rend="line-44" function="distinct"/>
               <item>
                  <list>
                     <item><label><hi rend="underline"><rs type="title">Exilio</rs></hi> — </label>
                        <list rend="inline">
                           <item>
                              <label>I.</label>
                              <supplied resp="PS" reason="omitted-in-original"/>
                           </item>
                           <item>
                              <label>II. </label>
                              <supplied resp="PS" reason="omitted-in-original"/>
                           </item>
                           <item>
                              <label>III.</label>
                              <supplied resp="PS" reason="omitted-in-original"/>
                           </item>
                           <item>
                              <label>IV.</label>
                              <supplied resp="PS" reason="omitted-in-original"/>
                           </item>
                           <item>
                              <label>V.</label>
                              <supplied resp="PS" reason="omitted-in-original"/>
                           </item>
                        </list>
                     </item>
                  </list>
               </item>
            </list>
         </div>
         <metamark rend="line-44" function="distinct"/>
         <div>
            <head><hi rend="underline">Prosa:</hi></head>
            <list>
               <item>
                  <list>
                     <item><label><hi rend="underline"><rs type="title">Livro do
                              Desassocego.</rs></hi></label>
                        <list rend="inline">
                           <item><label>I.</label>
                              <rs type="title">Bailado</rs></item>
                           <item><label>II.</label>
                              <rs type="title">O Ultimo Cysne</rs>.</item>
                           <item><label>III.</label>
                              <rs type="title">Antemanhã</rs>.</item>
                           <item><label>IV.</label>
                              <supplied resp="PS" reason="omitted-in-original"/></item>
                        </list>
                     </item>
                  </list>
               </item>
            </list>
         </div>
      </body>
   </text>
</TEI>
