<?xml version="1.0" encoding="UTF-8"?> <?xml-model href="../schema/pessoaTEI.rng" type="application/xml" schematypens="http://relaxng.org/ns/structure/1.0"?>
<TEI xmlns="http://www.tei-c.org/ns/1.0">
    <teiHeader>
        <fileDesc>
            <titleStmt>
                <title>BNP/E3 48G-26<hi rend="superscript">r</hi></title>
                <author>
                    <rs type="name" key="FP">Fernando Pessoa</rs>
                </author>
                <respStmt>
                    <resp>Transcrição, Edição</resp>
                    <name>Pedro Sepúlveda</name>
                </respStmt>
                <respStmt>
                    <resp>Transcrição</resp>
                    <name>Pablo Javier Pérez López</name>
                </respStmt>
                <respStmt>
                    <resp>Transcrição</resp>
                    <name>Jorge Uribe</name>
                </respStmt>
                <respStmt>
                    <resp>Codificação, Modelagem de dados</resp>
                    <name>Ulrike Henny-Krahmer</name>
                </respStmt>
                <respStmt>
                    <resp>Codificação</resp>
                    <name>Isabel Figueiredo-Iken</name>
                </respStmt>
                <respStmt>
                    <resp>Codificação</resp>
                    <name>Sviatoslav Drach</name>
                </respStmt>
                <respStmt>
                    <resp>Consultoria</resp>
                    <name>Institut für Dokumentologie und Editorik (IDE)</name>
                </respStmt>
            </titleStmt>
            <publicationStmt>
                <publisher>Universidade Nova de Lisboa, Instituto de Estudos de Literatura e
                    Tradição (IELT)</publisher>
                <publisher>Cologne Center for eHumanities (CCeH)</publisher>
                <date>2016</date>
                <availability>
                    <licence target="http://creativecommons.org/licenses/by/3.0/"/>
                </availability>
                <idno type="filename">BNP_E3_48G-26r.xml</idno>
            </publicationStmt>
            <sourceDesc>
                <msDesc>
                    <msIdentifier>
                        <institution>Biblioteca Nacional de Portugal</institution>
                        <idno>BNP/E3 48G-26r</idno>
                    </msIdentifier>
                    <msContents>
                        <summary>
                            <p> Lista manuscrita, publicada em <hi rend="italic">Obras de António Mora
                            </hi>(2002, 163). </p>
                        </summary>
                        <msItemStruct>
                            <author>
                                <rs type="name" key="FP">Fernando Pessoa</rs>
                            </author>
                            <note type="genre">
                                <rs type="genre" key="lista_editorial">Lista editorial</rs>
                            </note>
                            <textLang mainLang="pt"/>
                        </msItemStruct>
                    </msContents>
                    <history>
                        <origin>
                            <p>
                                <origDate when="1915" cert="medium">c. 1915</origDate>
                            </p>
                        </origin>
                    </history>
                </msDesc>
            </sourceDesc>
        </fileDesc>
    </teiHeader>
    <facsimile>
        <graphic
            url="bn-acpc-e-e3-48g-1-37_JPG_24-C-R0150/bn-acpc-e-e3-48g-1-37_0051_26_t24-C-R0150.jpg"
        />
    </facsimile>
    <text>
        <body>
            <div>
                <gap reason="selection" unit="line" extent="5"/>
                <list>
                    <head>
                        <hi rend="underline"><rs type="periodical" key="J2">ATHENA</rs>:</hi><seg
                            rend="right">100 reis</seg><lb/> Cadernos (quinzenaes) de
                            cultura<lb/><seg rend="right">superior</seg>
                    </head>
                    <item>
                        <label>1.</label>
                        <rs type="name" key="P1" style="a"><hi rend="underline">Antonio
                            Móra</hi></rs>: <rs type="title">A Attitude da <rs type="place"
                                    >Alle<pc>-</pc><lb/>manha</rs></rs>. </item>
                    <item>
                        <label>2.</label>
                        <rs type="work" key="O2" style="b"><rs type="name" key="AC" role="author"
                                    ><hi rend="underline">Alberto Caeiro</hi></rs>: <rs type="title"
                                >O Guardador de <lb/>Rebanhos</rs></rs>. </item>
                    <item>
                        <label>3.</label>
                        <rs type="name" key="FP" role="author" style="a"><hi rend="underline"
                                >Fernando Pessôa</hi></rs>: <rs type="title">Introducção ao<lb/>
                            problema nacional</rs>. </item>
                    <item>
                        <label>4.</label>
                        <rs type="work" key="O3" style="b"><rs type="name" key="RR" role="author"
                                    ><hi rend="underline">Ricardo Reis</hi></rs>: <rs type="title"
                                >Odes</rs></rs>. </item>
                    <item>
                        <label>5.</label>
                        <rs type="name" key="P1" style="a"><hi rend="underline">Antonio
                            Móra</hi></rs>: <rs type="title">Prolegomenos</rs>. </item>
                </list>
                <metamark rend="line" function="distinct"/>
                <ab rend="right">Compendio de politica<lb/> positiva<lb/> (sociologia politica)</ab>
            </div>
        </body>
    </text>
</TEI>
