<?xml version="1.0" encoding="UTF-8"?>
<?xml-model href="../schema/pessoaTEI.rng" type="application/xml" schematypens="http://relaxng.org/ns/structure/1.0"?>
<TEI xmlns="http://www.tei-c.org/ns/1.0">
   <teiHeader>
      <fileDesc>
         <titleStmt>
            <title>BNP/E3 14E-5<hi rend="superscript">v</hi></title>
            <author>
               <rs type="name" key="FP">Fernando Pessoa</rs>
            </author>
            <respStmt>
               <resp>Transcrição, Edição</resp>
               <name>Pedro Sepúlveda</name>
            </respStmt>
            <respStmt>
               <resp>Codificação, Modelagem de dados</resp>
               <name>Ulrike Henny-Krahmer</name>
            </respStmt>
            <respStmt>
               <resp>Codificação</resp>
               <name>Isabel Figueiredo-Iken</name>
            </respStmt>
            <respStmt>
               <resp>Codificação</resp>
               <name>Sviatoslav Drach</name>
            </respStmt>
            <respStmt>
               <resp>Consultoria</resp>
               <name>Institut für Dokumentologie und Editorik (IDE)</name>
            </respStmt>
         </titleStmt>
         <publicationStmt>
            <publisher>Universidade Nova de Lisboa, Instituto de Estudos de Literatura e Tradição
               (IELT)</publisher>
            <publisher>Cologne Center for eHumanities (CCeH)</publisher>
            <date>2016</date>
            <availability>
               <licence target="http://creativecommons.org/licenses/by/3.0/"/>
            </availability>
            <idno type="filename">BNP_E3_14E-5v.xml</idno>
         </publicationStmt>
         <sourceDesc>
            <msDesc>
               <msIdentifier>
                  <institution>Biblioteca Nacional de Portugal</institution>
                  <idno>BNP/E3 14E-5v</idno>
               </msIdentifier>
               <msContents>
                  <summary>
                     <p> Lista manuscrita, publicada em Sepúlveda e Uribe, <hi rend="italic">O planeamento
                        editorial de Fernando Pessoa</hi> (2016, 163). Na mesma página encontra-se um
                        poema escrito em inglês e datado de «20-1-1923», cujo primeiro verso é «I have
                        outwatched the Lesser Wain, and seen» (cf. PI, 182). </p>
                  </summary>
                  <msItemStruct>
                     <author>
                        <rs type="name" key="FP">Fernando Pessoa</rs>
                     </author>
                     <note type="genre">
                        <rs type="genre" key="lista_editorial">Lista editorial</rs>
                     </note>
                     <textLang mainLang="pt"/>
                  </msItemStruct>
               </msContents>
               <history>
                  <origin>
                     <p>
                        <origDate when="1923-01-20" cert="medium">c. 20-1-1923</origDate>
                     </p>
                  </origin>
               </history>
            </msDesc>
         </sourceDesc>
      </fileDesc>
   </teiHeader>
   <facsimile>
      <graphic
         url="bn-acpc-e-e3-14e-1-96_JPG_24-c-R0150/bn-acpc-e-e3-14e-1-96_0010_5v_t24-C-R0150.jpg"/>
   </facsimile>
   <text>
      <body>
         <div>
            <pb n="1"/>
            <gap reason="selection" unit="line" extent="8"/>
            <table>
               <row>
                  <cell/>
                  <cell/>
                  <cell>4</cell>
               </row>
               <row>
                  <cell>1.</cell>
                  <cell>Ave atque vale.</cell>
                  <cell>2</cell>
               </row>
               <row>
                  <cell>2.</cell>
                  <cell><rs type="name" key="P30">Sá Carneiro</rs>.</cell>
                  <cell>8</cell>
               </row>
               <row>
                  <cell>3.</cell>
                  <cell><rs type="name" key="P17">Antonio Botto</rs>.</cell>
                  <cell>8</cell>
               </row>
               <row>
                  <cell>4.</cell>
                  <cell><rs type="name" key="AC" role="author">Caeiro</rs>.</cell>
                  <cell>28-50</cell>
               </row>
               <row>
                  <cell>5.</cell>
                  <cell><rs type="name" key="P71">Raul Leal</rs>.</cell>
                  <cell>6</cell>
               </row>
               <row>
                  <cell>6.</cell>
                  <cell><rs type="name" key="P70">Montalvor</rs>.</cell>
                  <cell>10</cell>
               </row>
               <row>
                  <cell>7.</cell>
                  <cell><rs type="name" key="FP" role="author" style="b">
                        <choice>
                           <abbr>F</abbr>
                           <expan>F<ex>ernando</ex></expan>
                        </choice> Pessoa</rs>.</cell>
                  <cell>10</cell>
               </row>
               <row>
                  <cell>8.</cell>
                  <cell><rs type="name" key="AdC" role="author">Alvaro de Campos</rs>.</cell>
                  <cell>20 - 96</cell>
               </row>
               <row>
                  <cell/>
                  <cell/>
                  <cell><metamark rend="line-14" function="end"/></cell>
               </row>
            </table>
            <pb n="2"/>
            <gap reason="selection"/>
         </div>
      </body>
   </text>
</TEI>
