<?xml version="1.0" encoding="UTF-8"?>
<?xml-model href="../schema/pessoaTEI.rng" type="application/xml" schematypens="http://relaxng.org/ns/structure/1.0"?>
<TEI xmlns="http://www.tei-c.org/ns/1.0">
    <teiHeader>
        <fileDesc>
            <titleStmt>
                <title>BNP/E3 26-6<hi rend="superscript">r</hi></title>
                <author>
                    <rs type="name" key="FP">Fernando Pessoa</rs>
                </author>
                <respStmt>
                    <resp>Transcrição, Edição</resp>
                    <name>Pedro Sepúlveda</name>
                </respStmt>
                <respStmt>
                    <resp>Transcrição</resp>
                    <name>Pablo Javier Pérez López</name>
                </respStmt>
                <respStmt>
                    <resp>Transcrição</resp>
                    <name>Jorge Uribe</name>
                </respStmt>
                <respStmt>
                    <resp>Codificação, Modelagem de dados</resp>
                    <name>Ulrike Henny-Krahmer</name>
                </respStmt>
                <respStmt>
                    <resp>Codificação</resp>
                    <name>Isabel Figueiredo-Iken</name>
                </respStmt>
                <respStmt>
                    <resp>Codificação</resp>
                    <name>Sviatoslav Drach</name>
                </respStmt>
                <respStmt>
                    <resp>Consultoria</resp>
                    <name>Institut für Dokumentologie und Editorik (IDE)</name>
                </respStmt>
            </titleStmt>
            <publicationStmt>
                <publisher>Universidade Nova de Lisboa, Instituto de Estudos de Literatura e
                    Tradição (IELT)</publisher>
                <publisher>Cologne Center for eHumanities (CCeH)</publisher>
                <date>2017</date>
                <availability status="free">
                    <licence target="http://creativecommons.org/licenses/by/3.0/"/>
                </availability>
                <idno type="filename">BNP_E3_26-6r.xml</idno>
            </publicationStmt>
            <sourceDesc>
                <msDesc>
                    <msIdentifier>
                        <institution>Biblioteca Nacional de Portugal</institution>
                        <idno>BNP/E3 26-6r</idno>
                    </msIdentifier>
                    <msContents>
                        <summary>
                            <p> Lista manuscrita, publicada em <hi rend="italic">Obras de António
                                    Mora</hi> (2002, 158). </p>
                        </summary>
                        <msItemStruct>
                            <author>
                                <rs type="name" key="FP">Fernando Pessoa</rs>
                            </author>
                            <note type="genre">
                                <rs type="genre" key="lista_editorial">Lista editorial</rs>
                                <rs type="genre" key="nota_editorial">Nota editorial</rs>
                            </note>
                            <textLang mainLang="pt"/>
                        </msItemStruct>
                    </msContents>
                    <history>
                        <origin>
                            <p>
                                <origDate when="1917" cert="medium">c. 1917</origDate>
                            </p>
                        </origin>
                    </history>
                </msDesc>
            </sourceDesc>
        </fileDesc>
    </teiHeader>
    <facsimile>
        <graphic
            url="bn-acpc-e-e3-26-1-101_JPG_24-C-R0150/bn-acpc-e-e3-26-1-101_0011_6_t24-C-R0150.jpg"
        />
    </facsimile>
    <text>
        <body>
            <div>
                <head><hi rend="underline">O Movimento Pagão Portuguez:</hi></head>
                <list>
                    <item>
                        <label>1.</label>
                        <rs type="work" key="O2" style="a"><hi rend="underline"><rs type="name"
                                    key="AC" role="author">Alberto Caeiro</rs></hi>: <rs
                                type="title">Poemas Completos</rs></rs>. </item>
                    <item>
                        <label>2.</label>
                        <rs type="work" key="O3" style="a"><hi rend="underline"><rs type="name"
                                    key="RR" role="author">Ricardo Reis</rs></hi>: <rs type="title"
                                >Odes (I a L)</rs>.</rs>
                    </item>
                    <item>
                        <label>3.</label>
                        <hi rend="underline"><rs type="name" key="P1" style="a">Antonio
                            Móra</rs></hi>: <rs type="title">O Regresso dos Deuses</rs>. </item>
                    <item>
                        <label>4.</label>
                        <rs type="work" key="O3" style="a"><hi rend="underline"><rs type="name"
                                    key="RR" role="author">Ricardo Reis</rs></hi>: <rs type="title"
                                >Novas Odes</rs></rs> (em quantidade). </item>
                    <item rend="indent-2">
                        <label>5.</label>
                        <hi rend="underline"><rs type="name" key="P1" style="a">Antonio
                            Móra</rs></hi>: <rs type="title">Fundamentos do <lb/> Paganismo</rs>.
                        (Theoria do monismo<lb/> objectivista). <del rend="overstrike" n="2"
                            >(Theoria do Dualismo<lb/> Absoluto).</del>
                    </item>
                </list>
                <metamark rend="line-44" function="end"/>
            </div>
        </body>
    </text>
</TEI>
