<?xml version="1.0" encoding="UTF-8"?>
<?xml-model href="../schema/pessoaTEI.rng" type="application/xml" schematypens="http://relaxng.org/ns/structure/1.0"?>
<TEI xmlns="http://www.tei-c.org/ns/1.0">
   <teiHeader>
      <fileDesc>
         <titleStmt>
            <title>BNP/E3 186<hi rend="superscript">r</hi>
            </title>
            <author>
               <rs type="name" key="FP">Fernando Pessoa</rs>
            </author>
            <respStmt>
               <resp>Transcrição, Edição</resp>
               <name>Pedro Sepúlveda</name>
            </respStmt>
            <respStmt>
               <resp>Modelagem de dados, Codificação</resp>
               <name>Ulrike Henny-Krahmer</name>
            </respStmt>
            <respStmt>
               <resp>Codificação</resp>
               <name>Inês Filipa Rebelo do Carmo</name>
            </respStmt>
            <respStmt>
               <resp>Codificação</resp>
               <name>Isabel Figueiredo-Iken</name>
            </respStmt>
            <respStmt>
               <resp>Codificação</resp>
               <name>Sviatoslav Drach</name>
            </respStmt>
            <respStmt>
               <resp>Consultoria</resp>
               <name>Institut für Dokumentologie und Editorik (IDE)</name>
            </respStmt>
         </titleStmt><editionStmt><p>Corpus version C2.1.0</p></editionStmt>
         <publicationStmt>
            <publisher>Universidade Nova de Lisboa, Instituto de Estudos de Literatura e Tradição
               (IELT)</publisher>
            <publisher>Cologne Center for eHumanities (CCeH)</publisher>
            <date>2017</date>
            <availability status="free">
               <licence target="http://creativecommons.org/licenses/by/4.0/"/>
            </availability>
            <idno type="filename">BNP_E3_186r.xml</idno>
         </publicationStmt>
         <sourceDesc>
            <msDesc>
               <msIdentifier>
                  <institution>Biblioteca Nacional de Portugal</institution>
                  <idno>BNP/E3 186r</idno>
               </msIdentifier>
               <msContents>
                  <summary>
                     <p>Lista manuscrita.</p>
                  </summary>
                  <msItemStruct>
                     <author>
                        <rs type="name" key="FP">Fernando Pessoa</rs>
                     </author>
                     <note type="genre">
                        <rs type="genre" key="lista_editorial">Lista editorial</rs>
                     </note>
                     <textLang mainLang="pt"/>
                  </msItemStruct>
               </msContents>
               <history>
                  <origin>
                     <p>
                        <origDate when="1919" cert="medium">c. 1919</origDate>
                     </p>
                  </origin>
               </history>
            </msDesc>
         </sourceDesc>
      </fileDesc>
      <revisionDesc>
         <change when="2023-11-15" who="#FAF">
                    Added edition statement to the teiHeader
                </change>
      </revisionDesc>
   </teiHeader>
   <facsimile xml:base="http://images.cceh.uni-koeln.de/pessoa/">
      <graphic url="bn-acpc-e-e3-167-186_JPG_24-C-R0150/bn-acpc-e-e3-167-186_0041_186_t24-C-R0150.jpg"/>
   </facsimile>
   <text>
      <body>
         <div>
            <list>
               <head>
                  <hi rend="underline">3 secções:</hi>
               </head>
               <item>
                  <label>1.</label> Secção de informações. </item>
               <item>
                  <label>2.</label> Secção editorial. </item>
               <item>
                  <label>3.</label> Secção cultural. </item>
            </list>
            <metamark rend="line" function="distinct"/>
            <list>
               <head>
                  <hi rend="underline">Fórma de subsistir</hi>:</head>
               <item rend="indent-2">
                  <label>1.</label> Por socios, que dão quotas, em troca<lb/> dos serviços da parte
                  commercial. </item>
               <item rend="indent-2">
                  <label>2.</label>
                  <metamark rend="arrow-right-down"
                            target="#A1"
                            function="assignment"
                            n="2"/> Por
                  dadivas de quem sympathize<lb/>com a obra encetada. </item>
               <item rend="indent-2">
                  <label>3.</label> Por venda das edições e das<lb/>informações. </item>
            </list>
            <metamark rend="line center" function="distinct"/>
            <p>
               <anchor xml:id="A1"/> Pode haver tambem socios, que<lb/>deem quotas por simples
               interesse<lb/> pela obra tentada. </p>
            <metamark rend="line center" function="distinct"/>
            <p rend="indent-1">Estar prompta a installação em <lb/>1 de Janeiro de 1920.</p>
            <metamark rend="line center" function="end"/>
         </div>
      </body>
   </text>
</TEI>
