<?xml version="1.0" encoding="UTF-8"?>
<?xml-model href="../schema/pessoaTEI.rng" type="application/xml" schematypens="http://relaxng.org/ns/structure/1.0"?>
<TEI xmlns="http://www.tei-c.org/ns/1.0">
   <teiHeader>
      <fileDesc>
         <titleStmt>
            <title>BNP/E3 92V-11<hi rend="superscript">r</hi></title>
            <author>
               <rs type="name" key="FP">Fernando Pessoa</rs>
            </author>
            <respStmt>
               <resp>Transcrição, Edição</resp>
               <name>Pedro Sepúlveda</name>
            </respStmt>
            <respStmt>
               <resp>Codificação, Modelagem de dados</resp>
               <name>Ulrike Henny</name>
            </respStmt>
            <respStmt>
               <resp>Codificação</resp>
               <name>Isabel Figueiredo-Iken</name>
            </respStmt>
            <respStmt>
               <resp>Codificação</resp>
               <name>Sviatoslav Drach</name>
            </respStmt>
            <respStmt>
               <resp>Consultoria</resp>
               <name>Institut für Dokumentologie und Editorik (IDE)</name>
            </respStmt>
         </titleStmt>
         <publicationStmt>
            <publisher>Universidade Nova de Lisboa, Instituto de Estudos de Literatura e Tradição
               (IELT)</publisher>
            <publisher>Cologne Center for eHumanities (CCeH)</publisher>
            <date>2017</date>
            <availability>
               <licence target="http://creativecommons.org/licenses/by/3.0/"/>
            </availability>
            <idno type="filename">BNP_E3_92V-11r.xml</idno>
         </publicationStmt>
         <sourceDesc>
            <msDesc>
               <msIdentifier>
                  <institution>Biblioteca Nacional de Portugal</institution>
                  <idno>BNP/E3 92V-11r</idno>
               </msIdentifier>
               <msContents>
                  <msItemStruct>
                     <author>
                        <rs type="name" key="FP">Fernando Pessoa</rs>
                     </author>
                     <note type="genre">
                        <rs type="genre" key="lista_editorial">Lista editorial</rs>
                     </note>
                     <textLang mainLang="pt" otherLangs="en fr"/>
                  </msItemStruct>
               </msContents>
               <history>
                  <origin>
                     <p>
                        <origDate from="1920" to="1927">1920-1927</origDate>
                     </p>
                  </origin>
               </history>
            </msDesc>
         </sourceDesc>
      </fileDesc>
   </teiHeader>
   <facsimile>
      <graphic
         url="bn-acpc-e-e3-92v-1-100_JPG_24-C-R0150/bn-acpc-e-e3-92v-1-100_0021_11_t24-C-R0150.jpg"
      />
   </facsimile>
   <text>
      <body>
         <div>
            <list>
               <item><label>1.</label><rs type="title">Five Epistles to the Boetians</rs>. = <anchor xml:id="A1"/>1 and 2,
                  3, 4, 5.<anchor rend="#A1"/></item>
               <item><label>2.</label><rs type="title">Cinco Dialogos sobre a Tyrannia</rs>.</item>
               <item><label>3.</label><rs type="title">Ten Poems</rs>.</item>
               <item><label>4.</label><rs type="title">Itinerario</rs>.</item>
               <item><label>5.</label><rs type="title">Diogénès</rs>, etc. </item>
               <item><label>6.</label><supplied resp="PS" reason="omitted-in-original"/></item>
            </list>
            <ab>
               <note target="range(A1,#AI)" place="margin-right" type="addition"/>
               <metamark rend="curly-bracket" function="grouping"/></ab>
            <metamark rend="line-44" function="distinct"/>
            <list>
               <item><label>1.</label>= Diogénès.</item>
               <item><label>2.</label>= <rs type="title">Théorie scientifique de la Contre-révolution</rs>.</item>
               <item><label>3.</label>= <rs type="title">La philodoxie de <choice>
                     <abbr>M<am>.</am></abbr>
                     <expan>M<ex>onsieur</ex></expan>
                  </choice> Bergson</rs>.</item>
               <item><label>4.</label>= <rs type="title">Le Nouveau Prince (extraits)</rs> = ? =</item>
               <item><label>5.</label>= <rs type="title">5 Epistles to the Boetians</rs>.</item>
               <item><label>6.</label>= <rs type="title">Translations of Old Portuguese Books</rs>. </item>
               <item><label>7.</label>= <rs type="title">Portuguese Anthologies</rs>. </item>
               <item><label>8.</label>= <rs type="title">Portuguese Special Editions</rs>.</item>
            </list>
            <p>and so on...</p>
            <metamark rend="line-44" function="distinct"/>
         </div>
      </body>
   </text>
</TEI>
