<?xml version="1.0" encoding="UTF-8"?>
<?xml-model href="../schema/pessoaTEI.rng" type="application/xml" schematypens="http://relaxng.org/ns/structure/1.0"?>
<TEI xmlns="http://www.tei-c.org/ns/1.0">
   <teiHeader>
      <fileDesc>
         <titleStmt>
            <title>BNP/E3 50B-48<hi rend="superscript">v</hi></title>
            <author>
               <rs type="name" key="FP">Fernando Pessoa</rs>
            </author>
            <respStmt>
               <resp>Transcrição, Edição</resp>
               <name>Pedro Sepúlveda</name>
            </respStmt>
            <respStmt>
               <resp>Codificação, Modelagem de dados</resp>
               <name>Ulrike Henny-Krahmer</name>
            </respStmt>
            <respStmt>
               <resp>Codificação</resp>
               <name>Isabel Figueiredo-Iken</name>
            </respStmt>
            <respStmt>
               <resp>Codificação</resp>
               <name>Sviatoslav Drach</name>
            </respStmt>
            <respStmt>
               <resp>Consultoria</resp>
               <name>Institut für Dokumentologie und Editorik (IDE)</name>
            </respStmt>
         </titleStmt>
         <publicationStmt>
            <publisher>Universidade Nova de Lisboa, Instituto de Estudos de Literatura e Tradição
               (IELT)</publisher>
            <publisher>Cologne Center for eHumanities (CCeH)</publisher>
            <date>2017</date>
            <availability>
               <licence target="http://creativecommons.org/licenses/by/3.0/"/>
            </availability>
            <idno type="filename">BNP_E3_50B-48v.xml</idno>
         </publicationStmt>
         <sourceDesc>
            <msDesc>
               <msIdentifier>
                  <institution>Biblioteca Nacional de Portugal</institution>
                  <idno>BNP/E3 50B-48v</idno>
               </msIdentifier>
               <msContents>
                  <summary>
                     <p> Lista manuscrita. Por cima desta lista encontra-se um plano estruturante de
                        «Aureola», aqui elencado, enquanto título de um volume de poesia. </p>
                  </summary>
                  <msItemStruct>
                     <author>
                        <rs type="name" key="FP">Fernando Pessoa</rs>
                     </author>
                     <note type="genre">
                        <rs type="genre" key="lista_editorial">Lista editorial</rs>
                        <rs type="genre" key="plano_editorial">Plano editorial</rs>
                     </note>
                     <textLang mainLang="pt"/>
                  </msItemStruct>
               </msContents>
               <history>
                  <origin>
                     <p>
                        <origDate when="1913" cert="medium">c. 1913</origDate>
                     </p>
                  </origin>
               </history>
            </msDesc>
         </sourceDesc>
      </fileDesc>
   </teiHeader>
   <facsimile>
      <graphic
         url="bn-acpc-e-e3-50b-1-1-74_JPG_24-C-R0150/bn-acpc-e-e3-50b-1-1-74_0098_48v_t24-C-R0150.jpg"
      />
   </facsimile>
   <text>
      <body>
         <div>
            <gap reason="selection" unit="line" extent="11"/>
            <div>
               <div rend="left">
                  <list>
                     <item><rs type="title">As sete salas — paulismo</rs>.</item>
                     <item><rs type="work" key="O1" style="b"><rs type="title">Cancioneiro</rs></rs>
                        — <supplied resp="PS" reason="omitted-in-original"/></item>
                     <item><rs type="title">Aureola</rs> — <supplied resp="PS"
                           reason="omitted-in-original"/></item>
                  </list>
               </div>
               <metamark rend="line-vertical" function="distinct"/>
               <div rend="right">
                  <list>
                     <item><rs type="work" key="O1-13"><rs type="title">Episodios</rs></rs> — <list
                           rend="inline">
                           <item><label>(1)</label>
                              <rs type="title">As 7 salas</rs></item>
                           <item><label>(2)</label>
                              <rs type="title">3 poemas</rs></item>
                           <item><label>(3)</label>
                              <rs type="title">Livro do outro amôr</rs></item>
                           <item><label>(4)</label>
                              <supplied resp="PS" reason="omitted-in-original"/></item>
                        </list>
                     </item>
                  </list>
               </div>
            </div>
         </div>
      </body>
   </text>
</TEI>
