﻿<?xml version="1.0" encoding="UTF-8"?>
<?xml-model href="../schema/pessoaTEI.rng" type="application/xml" schematypens="http://relaxng.org/ns/structure/1.0"?>
<TEI xmlns="http://www.tei-c.org/ns/1.0">
   <teiHeader>
      <fileDesc>
         <titleStmt>
            <title>BNP/E3 144C-11<hi rend="superscript">r</hi>
            </title>
            <author>
               <rs type="name" key="FP">Fernando Pessoa</rs>
            </author>
            <respStmt>
               <resp>Transcrição, Edição</resp>
               <name>Pedro Sepúlveda</name>
            </respStmt>
            <respStmt>
               <resp>Codificação, Modelagem de dados</resp>
               <name>Ulrike Henny-Krahmer</name>
            </respStmt>
            <respStmt>
               <resp>Codificação</resp>
               <name>Sviatoslav Drach</name>
            </respStmt>
            <respStmt>
               <resp>Codificação</resp>
               <name>Ana Leonor Branco</name>
            </respStmt>
            <respStmt>
               <resp>Consultoria</resp>
               <name>Institut für Dokumentologie und Editorik (IDE)</name>
            </respStmt>
         </titleStmt>
         <publicationStmt>
            <publisher>Universidade Nova de Lisboa, Instituto de Estudos de Literatura e Tradição
               (IELT)</publisher>
            <publisher>Cologne Center for eHumanities (CCeH)</publisher>
            <date>2017</date>
            <availability status="free">
               <licence target="http://creativecommons.org/licenses/by/3.0/"/>
            </availability>
            <idno type="filename">BNP_E3_144C-11r.xml</idno>
         </publicationStmt>
         <sourceDesc>
            <msDesc>
               <msIdentifier>
                  <institution>Biblioteca Nacional de Portugal</institution>
                  <idno>BNP/E3 144C-11r</idno>
               </msIdentifier>
               <msContents>
                  <summary>
                     <p> Lista manuscrita no caderno 144C (cf. <ref target="http://purl.pt/13877"
                           >http://purl.pt/13877</ref>), publicada em <hi rend="italic"
                           >Sensacionismo e Outros Ismos</hi> (2009, 576). </p>
                  </summary>
                  <msItemStruct>
                     <author>
                        <rs type="name" key="FP">Fernando Pessoa</rs>
                     </author>
                     <note type="genre">
                        <rs type="genre" key="lista_editorial">Lista editorial</rs>
                        <rs type="genre" key="plano_editorial">Plano editorial</rs>
                     </note>
                     <textLang mainLang="pt"/>
                  </msItemStruct>
               </msContents>
               <history>
                  <origin>
                     <p>
                        <origDate when="1915" cert="medium">c. 1915</origDate>
                     </p>
                  </origin>
               </history>
            </msDesc>
         </sourceDesc>
      </fileDesc>
   </teiHeader>
   <facsimile>
      <graphic url="bn-acpc-e-e3_144c_JPG_24-C-R0150/bn-acpc-e-e3_144c_0021_11r_t24-C-R0150.jpg"/>
   </facsimile>
   <text>
      <body>
         <div>
            <gap reason="selection" unit="line" extent="7"/>
            <list>
               <item>
                  <label>1.</label>
                  <hi rend="underline"><rs type="title" key="T43">Cancioneiro</rs></hi> – Livros 1 a
                  5. </item>
               <item>
                  <label>2.</label>
                  <hi rend="underline"><rs type="title" key="T44">Gladio</rs></hi> – (I. <rs
                     type="title" key="T45">Portugal</rs> – II. <rs type="title" key="T44"
                     >Gladio</rs>) </item>
               <item>
                  <label>3.</label>
                  <hi rend="underline"><rs type="title" key="T46">Auréola</rs></hi> – (Parte I –
                  Parte II – Parte III). </item>
               <item>
                  <label>4.</label>
                  <hi rend="underline"><rs type="title" key="T47">Episodios</rs></hi> – (Parte I –
                  Parte – II). </item>
               <item>
                  <label>5.</label>
                  <hi rend="underline"><rs type="collection" key="C1"><rs type="title" key="T49"
                           >Toda uma Literatura</rs></rs></hi> – (<rs type="work" key="W32"><rs
                        type="title" key="T48"><rs type="name" key="AC" role="author">
                           <choice>
                              <abbr>Alb<am>.</am></abbr>
                              <expan>Alb<ex>erto</ex></expan>
                           </choice> Caeiro</rs></rs></rs> – <rs type="work" key="W33"><rs
                        type="title" key="T50"><rs type="name" key="RR" role="author">
                           <choice>
                              <abbr>R<am>.</am></abbr>
                              <expan>R<ex>icardo</ex></expan>
                           </choice> Reis</rs></rs></rs> – <rs type="work" key="W34"><rs
                        type="title" key="T51"><rs type="name" key="AdC" role="author">
                           <choice>
                              <abbr>Alv<am>.</am></abbr>
                              <expan>Alv<ex>aro</ex></expan>
                           </choice> de Campos</rs></rs></rs>). </item>
               <item>
                  <label>6.</label>
                  <hi rend="underline"><rs type="title" key="T52">Trilogia dos Gigantes</rs></hi> –
                     (<rs type="title" key="T53">Briareu</rs>. <rs type="title" key="T54"
                     >Encelado</rs>. <rs type="title" key="T55">Livôr</rs>). </item>
               <item>
                  <label>7.</label>
                  <supplied resp="PS" reason="omitted-in-original"/>
               </item>
               <item>
                  <label>8.</label>
                  <supplied resp="PS" reason="omitted-in-original"/>
               </item>
               <item>
                  <label>9.</label>
                  <supplied resp="PS" reason="omitted-in-original"/>
               </item>
               <item>
                  <label>10.</label>
                  <supplied resp="PS" reason="omitted-in-original"/>
               </item>
            </list>
            <gap reason="selection" unit="line" extent="18"/>
         </div>
      </body>
   </text>
</TEI>
