<?xml version="1.0" encoding="UTF-8"?>
<?xml-model href="../schema/pessoaTEI.rng" type="application/xml" schematypens="http://relaxng.org/ns/structure/1.0"?>
<TEI xmlns="http://www.tei-c.org/ns/1.0">
   <teiHeader>
      <fileDesc>
         <titleStmt>
            <title>BNP/E3 48C-46<hi rend="superscript">r</hi> a 48<hi rend="superscript">r</hi>
            </title>
            <author>
               <rs type="name" key="FP">Fernando Pessoa</rs>
            </author>
            <respStmt>
               <resp>Transcrição, Edição</resp>
               <name>Pedro Sepúlveda</name>
            </respStmt>
            <respStmt>
               <resp>Transcrição</resp>
               <name>Filipa Freitas</name>
            </respStmt>
            <respStmt>
               <resp>Modelagem de dados, Codificação</resp>
               <name>Ulrike Henny-Krahmer</name>
            </respStmt>
            <respStmt>
               <resp>Codificação</resp>
               <name>Inês Filipa Rebelo do Carmo</name>
            </respStmt>
            <respStmt>
               <resp>Codificação</resp>
               <name>Ana Leonor Branco</name>
            </respStmt>
            <respStmt>
               <resp>Codificação</resp>
               <name>Sviatoslav Drach</name>
            </respStmt>
         </titleStmt>
         <publicationStmt>
            <publisher>Universidade Nova de Lisboa, Instituto de Estudos de Literatura e Tradição
               (IELT)</publisher>
            <publisher>Cologne Center for eHumanities (CCeH)</publisher>
            <date>2017</date>
            <availability status="free">
               <licence target="http://creativecommons.org/licenses/by/3.0/"/>
            </availability>
            <idno type="filename">BNP_E3_48C-46r-a-48r.xml</idno>
         </publicationStmt>
         <sourceDesc>
            <msDesc>
               <msIdentifier>
                  <institution>Biblioteca Nacional de Portugal</institution>
                  <idno>BNP/E3 48C-46r a 48r</idno>
               </msIdentifier>
               <msContents>
                  <summary>
                     <p> Lista manuscrita. </p>
                  </summary>
                  <msItemStruct>
                     <author>
                        <rs type="name" key="FP">Fernando Pessoa</rs>
                     </author>
                     <note type="genre">
                        <rs type="genre" key="lista_editorial">Lista editorial</rs>
                        <rs type="genre" key="nota_editorial">Nota editorial</rs>
                     </note>
                     <textLang mainLang="pt" otherLangs=""/>
                  </msItemStruct>
               </msContents>
               <history>
                  <origin>
                     <p>
                        <origDate when="1920" cert="medium">c. 1920</origDate>
                     </p>
                  </origin>
               </history>
            </msDesc>
         </sourceDesc>
      </fileDesc>
   </teiHeader>
   <facsimile xml:base="http://images.cceh.uni-koeln.de/pessoa/">
      <graphic
         url="bn-acpc-e-e3-48c-1-50_JPG_24-C-R0150/bn-acpc-e-e3-48c-1-50_0103_46_t24-C-R0150.jpg"/>
      <graphic
         url="bn-acpc-e-e3-48c-1-50_JPG_24-C-R0150/bn-acpc-e-e3-48c-1-50_0104_46v_t24-C-R0150.jpg"/>
      <graphic
         url="bn-acpc-e-e3-48c-1-50_JPG_24-C-R0150/bn-acpc-e-e3-48c-1-50_0105_47_t24-C-R0150.jpg"/>
      <graphic
         url="bn-acpc-e-e3-48c-1-50_JPG_24-C-R0150/bn-acpc-e-e3-48c-1-50_0106_47v_t24-C-R0150.jpg"/>
      <graphic
         url="bn-acpc-e-e3-48c-1-50_JPG_24-C-R0150/bn-acpc-e-e3-48c-1-50_0107_48_t24-C-R0150.jpg"/>
      <graphic
         url="bn-acpc-e-e3-48c-1-50_JPG_24-C-R0150/bn-acpc-e-e3-48c-1-50_0108_48v_t24-C-R0150.jpg"/>
   </facsimile>
   <text>
      <body>
         <div>
            <list>
               <item rend="indent-2">
                  <label>1.</label>
                  <seg type="certainty" cert="low" rend="cross left" resp="FP">Weekly News-Letter to
                     English newspapers; either entire or divided into<lb/> 2 or 3 parts, with
                     separate applicability and divided subscription.<lb/> Direct from <rs
                        type="place">Lisbon</rs> to the papers, and other possible<lb/> subscribers,
                     by circulars first. Cost to range between 50/-<lb/> per year for complete
                     letter, to 30/-; each of the letters about<lb/> 20/-, if they be two, and 10/-
                     if three. Begin at once.</seg></item>
               <item rend="indent-2">
                  <label>2.</label>
                  <seg type="certainty" cert="low" rend="cross left" resp="FP">Weekly or
                     fortnightly, or perhaps daily, commercial letter for the<lb/> Portuguese
                     Market; news of foreign and (classified) of local<lb/> market. Can develop into
                     a weekly paper. Can bear ad<pc>-</pc><lb/> vertisements. Can begin at once, or,
                     at any rate, after (?).</seg></item>
               <item rend="indent-2">
                  <label>3.</label> Translation of catalogues, prospectures and other matter (such
                  as<lb/> ʺcoursesʺ, e.g. Raymont). Campaign per advertisements in<lb/> general,
                  trade and ʺclassʺ papers; by means of carefully<lb/> chosen circulars; and by
                  certain special letters, or the<lb/> one intended for Standard Car Co., and for
                  the several<lb/> ʺinstitutesʺ which advertise translatable “<choice>
                     <abbr>Corresp<am>.</am></abbr>
                     <expan>Corresp<ex>ondence</ex></expan>
                  </choice> courses” etc.</item>
               <item rend="indent-2">
                  <label>4.</label> Obtaining of advertisements from foreign firms, specially
                     Bri<pc>-</pc><lb/> tish and American, for Portuguese papers, according to
                  their<lb/> several advantages.</item>
               <item rend="indent-2">
                  <label>5.</label>
                  <seg type="certainty" cert="low" rend="cross left" resp="FP">Obtaining, or, rather
                     inter-obtaining of agencies. Manner of charging<lb/> to be studied, but
                     probably from the agents, must <gap reason="illegible" unit="word" extent="1"/>
                     <hi rend="underline">this</hi> end.</seg></item>
               <item rend="indent-2">
                  <label>6.</label> Preparation of propaganda of <rs type="place">Portugal</rs> –
                  (1) by means of ad<pc>-</pc><lb/>vertisements in foreign papers; (2) by means of
                  articles<lb/> and <seg type="anchor">publications<add place="above">(not <choice>
                           <abbr>O<am>ʼs.</am></abbr>
                           <expan>O<ex>riginal</ex></expan>
                        </choice> editions)</add></seg>, translated, etc.; (3) by means of
                  special<lb/> leaflets (as in <rs type="place">Estoril</rs>, etc) and
                  booklets.</item>
               <item rend="indent-2">
                  <label>7.</label> “<rs type="title">All about <rs type="place"
                  >Portugal</rs></rs>”: propaganda (national <choice>
                     <abbr>&amp;</abbr>
                     <expan>and</expan>
                  </choice> commercial) year<pc>-</pc><lb/> book.</item>
               <item rend="indent-2">
                  <label><hi rend="circled">8.</hi></label> Preparation of Six-Language Technical
                  and Commercial <subst>
                     <del rend="overstrike">Year</del>
                     <add place="above">Dictionary</add>
                  </subst>.<lb/>
                  <choice>
                     <abbr>O<am>ʼs</am></abbr>
                     <expan>O<ex>riginal</ex></expan>
                  </choice> editions, printed and prepared in <rs type="place">Portugal</rs>. (1)
                     Cir<pc>-</pc><lb/>culars for subscriptions, at a reduced rate, and perhaps<lb/>
                  even for advertisements; (2) post-cards announcing editions<lb/> to be ready.
                  Prepare from now.</item>
               <item rend="indent-2">
                  <label>9.</label> ʺ<rs type="title">The Great Anthology</rs>.ʺ Preparation, as
                  early as possible, of<lb/> full plan; then communication of it, for realizing
                  purposes,<lb/> to some British or American enterprise. –</item>
               <item>
                  <label>10.</label> Something corresponding to that (9) in Portuguese.</item>
               <item rend="indent-2">
                  <label><hi rend="circled">11.</hi></label> Possibly translation of Shakespeare
                  into Portuguese. Contracts<lb/> for <rs type="place">Brasil</rs>, preferable
                  perhaps to agency there.</item>
               <item rend="indent-2">
                  <label><hi rend="circled">12.</hi></label> Commercial Correspondence (Telegraphic)
                  Codes — two, especially<lb/> (or even only) the large Code. Sold from <choice>
                     <abbr>O<am>.</am></abbr>
                     <expan>O<ex>riginal</ex></expan>
                  </choice> itself. Prepa<pc>-</pc><lb/>ration for as soon as possible. Propaganda
                  per circulars<lb/> and advertisements, followed (possibly) by booklet.<lb/> Price
                  as high as practicable.</item>
               <item rend="indent-2">
                  <label>13.</label> Several lines of commercial publications, in Portuguese
                  chiefly,<lb/> at low prices, and with insertion of advertisements.</item>
               <item rend="indent-2">
                  <label><hi rend="circled">14.</hi></label> Aristography, system of Shorthand.
                  Creation of special ʺfocusesʺ<lb/> or centres, in the several countries, for its
                  distribution.</item>
               <item rend="indent-2">
                  <label>15.</label> Portuguese inventories, concentration, distribution and
                  capitalization<lb/> of them. (The water-bicycle, or about it).</item>
               <item rend="indent-2">
                  <label>16.</label> Secção commercial possivel — invenções estrangeiras: door-chain
                  (the<pb/><lb/> common one), the tea-pot non-drip device, and other equally
                  simple<lb/> and cheap inventions.</item>
               <item rend="indent-2">
                  <label>17.</label> Exporters and importers lists, national and foreign; to be
                  supplied<lb/> on a certain price per list. Foreign: obtain from ʺcloseʺ
                  associations.<lb/> The archive I once thought of, by special circulars abroad<lb/>
                  concerning Portuguese articles. Files, as complete as possible,<lb/> in this
                  respect. (As a basis for the supply here, a commercial<lb/> weekly letter, or
                  something like it, as a sort of intro<pc>-</pc><lb/>duction, is really an
                  asset).</item>
               <item rend="indent-2">
                  <label>18.</label> Classification of office work and places, such as these, in a
                  special<lb/> archive, with due developments and notes.</item>
               <item rend="indent-2">
                  <label>19.</label> Study and organization department. Reports and studies on<lb/>
                  the organization of companies and enterprises of several<lb/> kinds, both here and
                  abroad. Study realization of the<lb/>
                  <choice>
                     <abbr>O<am>.</am></abbr>
                     <expan>O<ex>riginal</ex></expan>
                  </choice> part of the plan, both in respect to national, and to<lb/> foreign,
                  cases.</item>
               <item>
                  <label>20.</label>
                  <seg type="certainty" cert="low" rend="cross left" resp="FP">Projecto relativo ás
                        ʺ<rs type="periodical" key="J75">Novidades</rs>ʺ, com <rs type="name"
                        >Celestino Soares</rs>.</seg></item>
               <item>
                  <label>21.</label> Projecto de ʺA Semanaʺ — longo estudo com <rs type="name"
                     >Celestino Soares</rs>.</item>
               <item>
                  <label><hi rend="circled">22.</hi></label> Reedição de ʺ<rs type="periodical"
                     key="J12">Orpheu</rs>ʺ.</item>
               <item rend="indent-2">
                  <label><hi rend="circled">23.</hi></label> ʺ<rs type="periodical" key="J74">The
                     Portuguese Review</rs>ʺ — purely hypothetical at present, and to<lb/> be
                  considered, for a clear literary, national and business<lb/> basis may, and
                  probably does, exist.</item>
               <item>
                  <label>24.</label> Small literary editions in English, original (mini) and
                  translated.</item>
               <item>
                  <label>25.</label> English Continental Library. — Begin later, on some
                  stability</item>
               <item>
                  <label>26.</label> Portuguese original editions. — Begin slowly, <choice>
                     <abbr>&amp;</abbr>
                     <expan>and</expan>
                  </choice> from now.</item>
            </list>
         </div>
      </body>
   </text>
</TEI>
