<?xml version="1.0" encoding="UTF-8"?>
<?xml-model href="../schema/pessoaTEI.rng" type="application/xml" schematypens="http://relaxng.org/ns/structure/1.0"?>
<TEI xmlns="http://www.tei-c.org/ns/1.0">
   <teiHeader>
      <fileDesc>
         <titleStmt>
            <title>BNP/E3 48I-3<hi rend="superscript">v</hi></title>
            <author>
               <rs type="name" key="FP">Fernando Pessoa</rs>
            </author>
            <respStmt>
               <resp>Transcrição, Edição</resp>
               <name>Pedro Sepúlveda</name>
            </respStmt>
            <respStmt>
               <resp>Transcrição</resp>
               <name>Pablo Javier Pérez López</name>
            </respStmt>
            <respStmt>
               <resp>Codificação, Modelagem de dados</resp>
               <name>Ulrike Henny-Krahmer</name>
            </respStmt>
            <respStmt>
               <resp>Codificação</resp>
               <name>Isabel Figueiredo-Iken</name>
            </respStmt>
            <respStmt>
               <resp>Codificação</resp>
               <name>Sviatoslav Drach</name>
            </respStmt>
            <respStmt>
               <resp>Consultoria</resp>
               <name>Institut für Dokumentologie und Editorik (IDE)</name>
            </respStmt>
         </titleStmt>
         <publicationStmt>
            <publisher>Universidade Nova de Lisboa, Instituto de Estudos de Literatura e Tradição
               (IELT)</publisher>
            <publisher>Cologne Center for eHumanities (CCeH)</publisher>
            <date>2016</date>
            <availability>
               <licence target="http://creativecommons.org/licenses/by/3.0/"/>
            </availability>
            <idno type="filename">BNP_E3_48I-3v.xml</idno>
         </publicationStmt>
         <sourceDesc>
            <msDesc>
               <msIdentifier>
                  <institution>Biblioteca Nacional de Portugal</institution>
                  <idno>BNP/E3 48I-3v</idno>
               </msIdentifier>
               <msContents>
                  <summary>
                     <p>Lista manuscrita.</p>
                  </summary>
                  <msItemStruct>
                     <author>
                        <rs type="name" key="FP">Fernando Pessoa</rs>
                     </author>
                     <note type="genre">
                        <rs type="genre" key="lista_editorial">Lista editorial</rs>
                     </note>
                     <textLang mainLang="pt"/>
                  </msItemStruct>
               </msContents>
               <history>
                  <origin>
                     <p>
                        <origDate when="1914" cert="medium">c. 1914</origDate>
                     </p>
                  </origin>
               </history>
            </msDesc>
         </sourceDesc>
      </fileDesc>
   </teiHeader>
   <facsimile>
      <graphic
         url="bn-acpc-e-e3-48i-1-30_JPG_24-C-R0150/bn-acpc-e-e3-48i-1-30_0006_3v_t24-C-R0150.jpg"/>
   </facsimile>
   <text>
      <body>
         <div>
            <list>
               <item><rs type="title">O Mendigo</rs>.</item>
               <item><rs type="title">O Livro do <rs type="name" key="P112">Rey
                  Igorab</rs></rs>.</item>
               <item>
                  <choice>
                     <seg n="1">
                        <choice>
                           <abbr>Ms</abbr>
                           <expan>M<ex>anu</ex>s<ex>cripto</ex></expan>
                        </choice> 
                     </seg>
                     <seg n="2">
                        <add place="above"> O <choice>
                           <abbr>ms</abbr>
                           <expan>m<ex>anu</ex>s<ex>cripto</ex></expan>
                        </choice> indefinido </add>
                     </seg>
                  </choice> achado numa gaveta. </item>
               <item>
                  <seg>
                     <rs type="title">Historia de um pantheista</rs>. <add place="below" n="2"
                        >(contendo as <hi rend="underline">orações</hi>).</add>
                  </seg>
               </item>
            </list>
            <metamark rend="line-44" function="distinct"/>
            <div>
               <head rend="right"><hi rend="underline"><rs type="title">Teatro <lb/>
                     d’extase</rs></hi></head>
               <list>
                  <item><rs type="title">O Marinheiro</rs>.</item>
                  <item><rs type="title">A Morte do Principe</rs>.</item>
                  <item><rs type="title">As Cousas</rs>.</item>
                  <item><rs type="title">O Erro</rs>.</item>
                  <item>
                     <seg>
                        <rs type="title">Dialogo no Jardim do Palacio</rs>. <add place="below" n="2"
                           > (<choice>
                              <abbr>int<am>.</am></abbr>
                              <expan>int<ex>roducção</ex></expan>
                           </choice> do Simbolo com o Mysterio.) </add>
                     </seg>
                  </item>
                  <item><rs type="title">Os Estrangeiros</rs>.</item>
                  <item><rs type="title">Chronos</rs>.</item>
               </list>
            </div>
            <metamark rend="line-44" function="distinct"/>
            <div>
               <ab>
                  <hi rend="underline">Paues</hi><lb/> Juntar a<lb/>
                  <supplied reason="omitted-in-original" resp="PS"/>
                  <hi rend="underline">Viagem Obliqua:</hi>
               </ab>
            </div>
         </div>
      </body>
   </text>
</TEI>
