<?xml version="1.0" encoding="UTF-8"?> 
<?xml-model href="../schema/pessoaTEI.rng" type="application/xml" schematypens="http://relaxng.org/ns/structure/1.0"?>
<TEI xmlns="http://www.tei-c.org/ns/1.0">
   <teiHeader>
      <fileDesc>
         <titleStmt>
            <title>CP 14</title>
            <author>
               <rs type="name" key="FP">Fernando Pessoa</rs>
            </author>
            <respStmt>
               <resp>Transcrição, Edição</resp>
               <name>Pedro Sepúlveda</name>
            </respStmt>
            <respStmt>
               <resp>Transcrição</resp>
               <name>Pablo Javier Pérez López</name>
            </respStmt>
            <respStmt>
               <resp>Codificação, Modelagem de dados</resp>
               <name>Ulrike Henny</name>
            </respStmt>
            <respStmt>
               <resp>Codificação</resp>
               <name>Isabel Figueiredo-Iken</name>
            </respStmt>
            <respStmt>
               <resp>Codificação</resp>
               <name>Sviatoslav Drach</name>
            </respStmt>
            <respStmt>
               <resp>Consultoria</resp>
               <name>Institut für Dokumentologie und Editorik (IDE)</name>
            </respStmt>
         </titleStmt>
         <publicationStmt>
            <publisher>Universidade Nova de Lisboa, Instituto de Estudos de Literatura e Tradição
               (IELT)</publisher>
            <publisher>Cologne Center for eHumanities (CCeH)</publisher>
            <date>2016</date>
            <availability>
               <licence target="http://creativecommons.org/licenses/by/3.0/"/>
            </availability>
            <idno type="filename">CP14.xml</idno>
         </publicationStmt>
         <sourceDesc>
            <msDesc xml:id="M1" type="structured">
               <msIdentifier>
                  <institution/>
                  <idno>CP 14</idno>
               </msIdentifier>
               <msContents>
                  <msItemStruct>
                     <author><rs type="name" key="FP">Fernando Pessoa</rs></author>
                     <note type="genre">
                        <rs type="genre" key="lista_editorial">Lista editorial</rs>
                     </note>
                     <textLang mainLang="pt" otherLangs="en"/>
                  </msItemStruct>
               </msContents>
               <history>
                  <origin>
                     <p>
                        <origDate when="1929" cert="medium">c. 1929</origDate>
                     </p>
                  </origin>
               </history>
            </msDesc>
            <msDesc corresp="#M1" type="prose">
               <msIdentifier/>
               <p> Lista datilografada, publicada em <hi rend="italic">A Educação do Stoico</hi>
                  (2007, 61-62). </p>
            </msDesc>
         </sourceDesc>
      </fileDesc>
   </teiHeader>
   <facsimile>
      <graphic url="Bilder MN 14_246_602 und 786/avulsos (14).jpg"/>
   </facsimile>
   <text>
      <body>
         <div>
            <list>
               <item><rs type="title">O Banqueiro Anarchista</rs>.</item>
               <item><rs type="title">A Tomada do Monte Velho</rs>.</item>
               <item><rs type="title">A Despedida do Caixa</rs>.</item>
               <item><rs type="title">O Beijo na Florinda</rs>.</item>
               <item><rs type="title">O Marinheiro</rs>.</item>
               <item><rs type="title">A Morte do Principe</rs>.</item>
               <item><rs type="title">Sakyamuni</rs>.</item>
               <item><rs type="title">Passos da Cruz, drama em 14 scenas</rs>.</item>
               <item><rs type="title">Livro do Desasocego</rs>.</item>
               <item><rs type="work" key="O1" style="b"><rs type="title">Cancioneiro; em
                     partes</rs></rs>.</item>
               <item><rs type="title">Portugal</rs>.</item>
               <item><rs type="title">O Interregno</rs>.</item>
               <item><rs type="title">Erostratus, or the Future of Celebrity</rs></item>
               <item><rs type="title">Anteros, or the Future of Affection</rs>.</item>
               <item><rs type="title">Saturn, or the Future of the Past</rs>.</item>
               <item><rs type="title">Auto do Circo</rs>.</item>
               <item><rs type="title">O Caso Vargas</rs>.</item>
               <item><rs type="title">Theoria do Suffragio Politico</rs>.</item>
               <item><rs type="title">The Foundations of Conservatism</rs>.</item>
               <item><rs type="title">O Unico Manuscripto</rs> .........</item>
            </list>
         </div>
      </body>
   </text>
</TEI>
