<?xml version="1.0" encoding="UTF-8"?>
<?xml-model href="../schema/pessoaTEI.rng" type="application/xml" schematypens="http://relaxng.org/ns/structure/1.0"?>
<TEI xmlns="http://www.tei-c.org/ns/1.0">
   <teiHeader>
      <fileDesc>
         <titleStmt>
            <title>CP 200</title>
            <author>
               <rs type="name" key="FP">Fernando Pessoa</rs>
            </author>
            <respStmt>
               <resp>Transcrição, Edição</resp>
               <name>Pedro Sepúlveda</name>
            </respStmt>
            <respStmt>
               <resp>Codificação, Modelagem de dados</resp>
               <name>Ulrike Henny</name>
            </respStmt>
            <respStmt>
               <resp>Codificação</resp>
               <name>Sviatoslav Drach</name>
            </respStmt>
            <respStmt>
               <resp>Consultoria</resp>
               <name>Institut für Dokumentologie und Editorik (IDE)</name>
            </respStmt>
         </titleStmt>
         <publicationStmt>
            <publisher>Universidade Nova de Lisboa, Instituto de Estudos de Literatura e Tradição
               (IELT)</publisher>
            <publisher>Cologne Center for eHumanities (CCeH)</publisher>
            <date>2017</date>
            <availability>
               <licence target="http://creativecommons.org/licenses/by/3.0/"/>
            </availability>
            <idno type="filename">CP200.xml</idno>
         </publicationStmt>
         <sourceDesc>
            <msDesc>
               <msIdentifier>
                  <institution>Biblioteca Nacional de Portugal</institution>
                  <idno>CP 200</idno>
               </msIdentifier>
               <msContents>
                  <summary>
                     <p> Lista datilografada, com acrescentos manuscritos. </p>
                  </summary>
                  <msItemStruct>
                     <author>
                        <rs type="name" key="FP">Fernando Pessoa</rs>
                     </author>
                     <note type="genre">
                        <rs type="genre" key="lista_editorial">Lista editorial</rs>
                        <rs type="genre" key="plano_editorial">Plano editorial</rs>
                     </note>
                     <textLang mainLang="pt"/>
                  </msItemStruct>
               </msContents>
               <history>
                  <origin>
                     <p>
                        <origDate>?</origDate>
                     </p>
                  </origin>
               </history>
            </msDesc>
         </sourceDesc>
      </fileDesc>
   </teiHeader>
   <facsimile>
      <graphic url="Espolio Manuela Nogueira (MN)/avulsos (200).jpg"/>
   </facsimile>
   <text>
      <body>
         <head rend="center">AS MELHORES POESIAS LYRICAS DA<lb/> LINGUA PORTUGUEZA.</head>
         <ab>(exceptuam-se os autores vivos)</ab>
         <list>
            <item>
               <rs type="name" key="P160">Soares de Passos</rs>: <rs type="title">O
                  Firmamento.</rs>
            </item>
            <item>
               <rs type="name" key="P190">João de Deus</rs>: <rs type="title">A Vida.</rs>
            </item>
            <item>
               <rs type="name" key="P125">Antonio Molarinho</rs>: <rs type="title">Maria
                  Manoela.</rs>
            </item>
            <item>
               <rs type="name" key="P124">José Duro</rs>: <list rend="inline">
                  <item><rs type="title">Mortos.</rs></item>
                  <item xml:id="I5">
                     <rs type="title">Bacchantes.</rs>
                  </item>
                  <item xml:id="I6">
                     <rs type="title">Em busca.</rs>
                     <note place="margin-right" type="addition" n="2" target="range(I5,I8)">
                        <metamark rend="curly-bracket" function="grouping">
                           <label>escolher d’aqui</label>
                        </metamark>
                     </note>
                  </item>
                  <item xml:id="I7">
                     <rs type="title">Prece.</rs> --- </item>
                  <item xml:id="I8">
                     <rs type="title">Dor Suprema.</rs> --- </item>
               </list>
            </item>
            <item>
               <rs type="name" key="P24">José Anastacio da Cunha</rs>: <rs type="title">O
                  Abraço.</rs>
            </item>
            <item>
               <rs type="name" key="P172">João de Lemos</rs>: <rs type="title">A Lua de
                  Londres.</rs>
            </item>
         </list>
      </body>
   </text>
</TEI>
