<?xml version="1.0" encoding="UTF-8"?>
<?xml-model href="../schema/pessoaTEI.rng" type="application/xml" schematypens="http://relaxng.org/ns/structure/1.0"?>
<TEI xmlns="http://www.tei-c.org/ns/1.0">
   <teiHeader>
      <fileDesc>
         <titleStmt>
            <title>CP 208</title>
            <author>
               <rs type="person" key="FP">Fernando Pessoa</rs>
            </author>
            <respStmt>
               <resp>Transcrição, Edição</resp>
               <name>Pedro Sepúlveda</name>
            </respStmt>
            <respStmt>
               <resp>Codificação, Modelagem de dados</resp>
               <name>Ulrike Henny</name>
            </respStmt>
            <respStmt>
               <resp>Codificação</resp>
               <name>Sviatoslav Drach</name>
            </respStmt>
            <respStmt>
               <resp>Consultoria</resp>
               <name>Institut für Dokumentologie und Editorik (IDE)</name>
            </respStmt>
         </titleStmt>
         <publicationStmt>
            <publisher>Universidade Nova de Lisboa, Instituto de Estudos de Literatura e Tradição
               (IELT)</publisher>
            <publisher>Cologne Center for eHumanities (CCeH)</publisher>
            <date>2017</date>
            <availability>
               <licence target="http://creativecommons.org/licenses/by/3.0/"/>
            </availability>
            <idno type="filename">CP208.xml</idno>
         </publicationStmt>
         <sourceDesc>
            <msDesc xml:id="M1" type="structured">
               <msIdentifier>
                  <institution>Biblioteca Nacional de Portugal</institution>
                  <idno>CP 208</idno>
               </msIdentifier>
               <msContents>
                  <msItemStruct>
                     <author>
                        <rs type="person" key="FP">Fernando Pessoa</rs>
                     </author>
                     <note type="genre">
                        <rs type="genre" key="lista_editorial">Lista editorial</rs>
                        <rs type="genre" key="plano_editorial">Plano editorial</rs>
                     </note>
                     <textLang mainLang="pt" otherLangs="en de"/>
                  </msItemStruct>
               </msContents>
               <history>
                  <origin>
                     <p>
                        <origDate from="1916" cert="medium">c. 1916</origDate>
                     </p>
                  </origin>
               </history>
            </msDesc>
            <msDesc corresp="#M1" type="prose">
               <msIdentifier/>
               <p>Lista datilografada.</p>
            </msDesc>
         </sourceDesc>
      </fileDesc>
   </teiHeader>
   <facsimile>
      <graphic url="Espolio Manuela Nogueira (MN)/avulsos (208).jpg"/>
   </facsimile>
   <text>
      <body>
         <div>
            <head><hi rend="underline">A Portuguese Anthology.</hi></head>
            <list>
               <item>
                  <label><hi rend="underline"><rs type="person" key="P53">Antonio
                     Nobre</rs></hi></label>
                  <list>
                     <item>: <rs type="text">Ó virgens que passaes...</rs></item>
                     <item>: <rs type="text">Pudessem suas mãos cobrir meu rosto...</rs></item>
                     <item>: <rs type="text">A Ceifeira.</rs></item>
                  </list>
               </item>
               <item>
                  <label><hi rend="underline"><rs type="person" key="P25">Guerra
                     Junqueiro</rs></hi></label>
                  <list>
                     <item>: <rs type="text">Aos Simples</rs> (<choice>
                           <abbr>V<am>.</am></abbr>
                           <expan>V<ex>elhice</ex></expan>
                        </choice> do <choice>
                           <abbr>P<am>.</am></abbr>
                           <expan>P<ex>adre</ex></expan>
                        </choice>
                        <choice>
                           <abbr>E<am>.</am></abbr>
                           <expan>E<ex>terno</ex></expan>
                        </choice>) </item>
                     <item>: <rs type="text">Canção Perdida</rs> (Os <choice>
                           <abbr>S<am>.</am></abbr>
                           <expan>S<ex>imples</ex></expan>
                        </choice>) </item>
                     <item>: <rs type="text">Regresso ao Lar </rs>(Os <choice>
                           <abbr>S<am>.</am></abbr>
                           <expan>S<ex>imples</ex></expan>
                        </choice>)</item>
                     <item>: (fragments from “Patria”).</item>
                     <item>: <del n="2"><seg rend="overstrike">Prayer</seg>&#x00A0;</del><rs type="text">Oração
                           á Luz</rs>.</item>
                  </list>
               </item>
               <item>
                  <label><hi rend="underline"><rs type="person" key="P125">Antonio
                        Molarinho</rs></hi>:</label>&#x00A0; <rs type="text">Maria Manuela.</rs>
               </item>
               <item>
                  <label><hi rend="underline"><rs type="person" key="P81">Manuel da
                     Veiga</rs></hi>:</label>&#x00A0; <rs type="text">...perito o não livrou do
                     stygio lago.</rs>
               </item>
               <item>
                  <label><hi rend="underline"><rs type="person" key="P145">Camillo
                        Pessanha</rs>:</hi></label>
                  <list>
                     <item><rs type="text">Ao longe os barcos de flores.</rs></item>
                     <item>: <rs type="text">Violoncellos.</rs></item>
                     <item>: <rs type="text">Passeia no jardim...</rs></item>
                     <item>: <rs type="text">O Stylita</rs> (2 sonetos).</item>
                     <item>: <rs type="text">Dia de sol...</rs></item>
                     <item>: <rs type="text">Castello de Obidos.</rs></item>
                     <item>: <rs type="text">Regresso ao Lar.</rs></item>
                  </list>
               </item>
               <item>
                  <label><hi rend="underline"><rs type="person" key="P160">Soares dos
                        Passos</rs>:</hi></label>
                  <list>
                     <item>
                        <rs type="text">O Firmamento.</rs></item>
                     <item>: <rs type="text">Elegia (Ai adeus...)</rs></item>
                     <item>: <rs type="text">A Camões.</rs> (?)</item>
                  </list>
               </item>
               <item>
                  <label><hi rend="underline"><rs type="person" key="P54">Eugenio de
                        Castro</rs></hi></label>
                  <list>
                     <item>: <rs type="text">Epigraphe</rs> (<choice>
                           <abbr>S<am>.</am></abbr>
                           <expan>S<ex>ombra</ex></expan>
                        </choice> do <choice>
                           <abbr>Q<am>.</am></abbr>
                           <expan>Q<ex>uadrante</ex></expan>
                        </choice>)</item>
                     <item>: <rs type="text">Engrinalda-me com os teus braços</rs> (?)</item>
                     <item>: <rs type="text">A messe...</rs> (?)</item>
                  </list>
               </item>
               <item>
                  <label><hi rend="underline"><rs type="person" key="P70">Luiz de
                        Montalvor</rs></hi>:</label> &#x00A0; <rs type="text">Narciso.</rs>
               </item>
               <item>
                  <label><hi rend="underline"><rs type="person" key="P180">Alberto <choice>
                              <abbr>Os<am>.</am></abbr>
                              <expan>Os<ex>orio</ex></expan>
                           </choice> de Castro</rs></hi></label>
                  <list>
                     <item>: <rs type="text">Estanças.</rs> (<abbr>F<am>.</am></abbr> de
                              <abbr>C<am>.</am></abbr>). </item>
                     <item>: <rs type="text">Reisebilder.</rs> (<abbr>F<am>.</am></abbr> de
                              <abbr>C<am>.</am></abbr>).</item>
                     <item>: <rs type="text">Ode á Lucta.</rs> (<abbr>F<am>.</am></abbr> de
                              <abbr>C<am>.</am></abbr>).</item>
                  </list>
               </item>
               <item>
                  <label><hi rend="underline"><rs type="person" key="P26">Cesario
                     Verde</rs></hi></label>
                  <list>
                     <item>: <rs type="text">O Sentimento de um Occidental.</rs></item>
                     <item>: <rs type="text">Nós.</rs></item>
                     <item>: <rs type="text">Milady...</rs></item>
                  </list>
               </item>
               <item>
                  <label><hi rend="underline"><rs type="person" role="author" key="AdC">Alvaro de
                           Campos</rs>:</hi></label>
                  <list>
                     <item>: <rs type="work" key="O4-12"><rs type="text">Ode
                        Triumphal.</rs></rs></item>
                     <item>: <rs type="work" key="O4-13"><rs type="text">Opiario.</rs></rs></item>
                     <item>: <rs type="text">Saudação a Walt Whitman.</rs></item>
                  </list>
               </item>
               <item>
                  <label><hi rend="underline"><rs type="person" key="P56">José de
                           Almada-Negreiros</rs></hi></label>
                  <list>
                     <item>: <rs type="text">Poemas Portuguezes.</rs></item>
                     <item>: <rs type="text">Scena do Odio</rs> (?)</item>
                  </list>
               </item>
               <item>
                  <label><hi rend="underline"><rs type="person" key="P52">Teixeira de
                        Pascoaes</rs></hi>:</label>&#x00A0; <rs type="text">Elegia.</rs>
               </item>
               <item>
                  <label><hi rend="underline"><rs type="person">Jayme Cortezão</rs></hi></label>
                  <list>
                     <item>: <rs type="text">Choupos na luz do luar.</rs></item>
                     <item>: <rs type="text">Symphonia da Tarde.</rs></item>
                  </list>
               </item>
               <item>
                  <label><hi rend="underline"><rs type="person" key="P262">Affonso
                     Duarte</rs></hi>:</label>&#x00A0; <rs type="text">Tragedia do Sol-Posto.</rs>
               </item>
               <item>
                  <label><hi rend="underline"><rs type="person" key="AC" role="author">Alberto
                           Caeiro</rs></hi>:</label> (selections from the poems.) </item>
               <item>
                  <label><hi rend="underline"><rs type="person" key="RR" role="author">Ricardo
                           Reis</rs>:</hi></label> (selections from the Odes.) </item>
            </list>
         </div>
      </body>
   </text>
</TEI>
