<?xml version="1.0" encoding="UTF-8"?>
<?xml-model href="../schema/pessoaTEI.rng" type="application/xml" schematypens="http://relaxng.org/ns/structure/1.0"?>
<TEI xmlns="http://www.tei-c.org/ns/1.0">
   <teiHeader>
      <fileDesc>
         <titleStmt>
            <title>CP 222</title>
            <author>
               <rs type="name" key="FP">Fernando Pessoa</rs>
            </author>
            <respStmt>
               <resp>Transcrição, Edição</resp>
               <name>Pedro Sepúlveda</name>
            </respStmt>
            <respStmt>
               <resp>Codificação, Modelagem de dados</resp>
               <name>Ulrike Henny</name>
            </respStmt>
            <respStmt>
               <resp>Codificação</resp>
               <name>Sviatoslav Drach</name>
            </respStmt>
            <respStmt>
               <resp>Consultoria</resp>
               <name>Institut für Dokumentologie und Editorik (IDE)</name>
            </respStmt>
         </titleStmt>
         <publicationStmt>
            <publisher>Universidade Nova de Lisboa, Instituto de Estudos de Literatura e Tradição
               (IELT)</publisher>
            <publisher>Cologne Center for eHumanities (CCeH)</publisher>
            <date>2017</date>
            <availability>
               <licence target="http://creativecommons.org/licenses/by/3.0/"/>
            </availability>
            <idno type="filename">CP222.xml</idno>
         </publicationStmt>
         <sourceDesc>
            <msDesc>
               <msIdentifier>
                  <institution>Biblioteca Nacional de Portugal</institution>
                  <idno>CP 222</idno>
               </msIdentifier>
               <msContents>
                  <summary>
                     <p>Lista manuscrita no verso de papel timbrado «F. A. Pessoa | R. S. Julião, 41, 3.º
                        | Lisboa».</p>
                  </summary>
                  <msItemStruct>
                     <author>
                        <rs type="name" key="FP">Fernando Pessoa</rs>
                     </author>
                     <note type="genre">
                        <rs type="genre" key="lista_editorial">Lista editorial</rs>
                     </note>
                     <textLang mainLang="pt" otherLangs="en"/>
                  </msItemStruct>
               </msContents>
               <history>
                  <origin>
                     <p>
                        <origDate when="1917" cert="medium">c. 1917</origDate>
                     </p>
                  </origin>
               </history>
            </msDesc>
         </sourceDesc>
      </fileDesc>
   </teiHeader>
   <facsimile>
      <graphic url="Espolio Manuela Nogueira (MN)/avulsos (222).jpg"/>
   </facsimile>
   <text>
      <body>
         <div>
            <list>
               <item>Automoveis <rs type="name" key="P36">Alfredo Guisado</rs>.</item>
               <item>Affanis <rs type="name" key="P263">Carlos Ferreira</rs>.</item>
               <item>Plano quanto ao escriptorio 53.</item>
               <item>Companhia Geraldo.</item>
               <item>Idéa Pantoja.</item>
               <item>“Cosmopolis” ou “Agencia
                  Geral.”</item>
               <item xml:id="I7">“Olisippo” (executar ou <hi rend="underline"
                     >transmittir</hi> a idéa).</item>
               <item xml:id="I8">Traducção de <rs type="name" key="P65">Shakespeare</rs>. <note
                     target="range(I7,I9)" place="margin-left" n="2" type="addition">
                     <metamark rend="curly-bracket" function="grouping"/></note>
               </item>
               <item xml:id="I9">Edições (das <choice>
                     <abbr>p<am>ª</am></abbr>
                     <expan>p<ex>ela</ex></expan>
                  </choice> Olisippo) mas individualmente.</item>
               <item><rs type="name" key="P264">Albano de Sousa</rs> e <rs type="name"
                     key="P265">Pedro Fazenda</rs>.</item>
               <item>Astrologia e “Will-Power.”</item>
               <item>Parlour-Games.</item>
               <item>Codes.</item>
               <item>Shorthand.</item>
               <item xml:id="I14">Minas Antonio Coelho.</item>
               <item xml:id="I15">Minas Serra da Estrella. <note target="range(I14,I15)"
                     place="margin-right" type="addition" n="2">
                     <metamark rend="curly-bracket" function="grouping">
                        <label><hi rend="underline">British</hi> firms.</label>
                     </metamark></note>
               </item>
               <item>Outras minas.</item>
               <item>Competitions.</item>
               <item>Inventions: <list rend="inline">
                     <item>GCP - Platinum.</item>
                     <item><gap reason="illegible" extent="1" unit="word"/> - machine,
                        mirrors.</item>
                  </list>
               </item>
               <item>Sell bilitteral cipher.</item>
               <item>1/2 Boric acid, 1/2 bonate of soda, <gap reason="illegible" extent="1"
                     unit="word"/> (dandruff).</item>
               <item>Productos chimicos — Perestello.</item>
               <item><rs type="title">“All about <rs type="place">Portugal</rs>”</rs> (how to do
                  this).</item>
               <item><choice>
                     <abbr>Sid<am>.</am></abbr>
                     <expan>Sid<ex>onist</ex></expan>
                  </choice> propaganda abroad.</item>
            </list>
         </div>
      </body>
   </text>
</TEI>
