<?xml version="1.0" encoding="UTF-8"?> 
<?xml-model href="../schema/pessoaTEI.rng" type="application/xml" schematypens="http://relaxng.org/ns/structure/1.0"?>
<TEI xmlns="http://www.tei-c.org/ns/1.0">
   <teiHeader>
      <fileDesc>
         <titleStmt>
            <title>CP 246</title>
            <author>
               <rs type="name" key="FP">Fernando Pessoa</rs>
            </author>
            <respStmt>
               <resp>Transcrição, Edição</resp>
               <name>Pedro Sepúlveda</name>
            </respStmt>
            <respStmt>
               <resp>Transcrição</resp>
               <name>Pablo Javier Pérez López</name>
            </respStmt>
            <respStmt>
               <resp>Codificação, Modelagem de dados</resp>
               <name>Ulrike Henny</name>
            </respStmt>
            <respStmt>
               <resp>Codificação</resp>
               <name>Isabel Figueiredo-Iken</name>
            </respStmt>
            <respStmt>
               <resp>Codificação</resp>
               <name>Sviatoslav Drach</name>
            </respStmt>
            <respStmt>
               <resp>Consultoria</resp>
               <name>Institut für Dokumentologie und Editorik (IDE)</name>
            </respStmt>
         </titleStmt>
         <publicationStmt>
            <publisher>Universidade Nova de Lisboa, Instituto de Estudos de Literatura e Tradição
               (IELT)</publisher>
            <publisher>Cologne Center for eHumanities (CCeH)</publisher>
            <date>2016</date>
            <availability>
               <licence target="http://creativecommons.org/licenses/by/3.0/"/>
            </availability>
            <idno type="filename">CP246.xml</idno>
         </publicationStmt>
         <sourceDesc>
            <msDesc xml:id="M1" type="structured">
               <msIdentifier>
                  <institution/>
                  <idno>CP 246</idno>
               </msIdentifier>
               <msContents>
                  <msItemStruct>
                     <author>
                        <rs type="name" key="FP">Fernando Pessoa</rs>
                     </author>
                     <note type="genre">
                        <rs type="genre" key="lista_editorial">Lista editorial</rs>
                        <rs type="genre" key="plano_editorial">Plano editorial</rs>
                     </note>
                     <textLang mainLang="pt" otherLangs="la"/>
                  </msItemStruct>
               </msContents>
               <history>
                  <origin>
                     <p>
                        <origDate when="1932" cert="medium">c. 1932</origDate>
                     </p>
                  </origin>
               </history>
            </msDesc>
            <msDesc corresp="#M1" type="prose">
               <msIdentifier/>
               <p> Lista datilografada, publicada em <hi rend="italic">Sensacionismo e Outros
                     Ismos</hi> (2009, 277). </p>
            </msDesc>
         </sourceDesc>
      </fileDesc>
   </teiHeader>
   <facsimile>
      <graphic url="Bilder MN 14_246_602 und 786/avulsos (246).jpg"/>
   </facsimile>
   <text>
      <body>
         <div>
            <head><rs type="work" key="O1-13-2"><rs type="title"><hi rend="underline">Ficções do
                        Interludio.</hi></rs></rs></head>
            <list>
               <item>
                  <label>1.</label>
                  <rs type="title" xml:id="T1">Introducção Geral<note xml:id="N1" target="#T1"
                        place="margin right" type="addition">30</note></rs>.<lb/>
                  <rs type="work" key="O2" style="a"><rs type="title" xml:id="T2">Poemas Completos de
                           <rs type="name" key="AC" role="author">Alberto Caeiro</rs>
                        <note xml:id="N2" target="#T2" place="margin right" type="addition"
                           >100</note></rs>
                  </rs><lb/> (<rs type="title">prefacio dos parentes</rs>, <rs type="title"
                     >prefacio<lb/> do <rs type="name" key="RR" role="author">Dr. Ricardo
                        Reis</rs></rs>).<lb/>
                  <rs type="title" xml:id="T3">Notas para a Recordação do meu mestre<lb/>
                     <rs type="name" key="AC" role="topic">Caeiro</rs>
                     <metamark place="margin right" rend="curly-bracket" function="grouping"
                        target="range(N1,N5)"/>
                     <note xml:id="N3" target="#T3" place="margin right" type="addition">20</note>
                  </rs> (<rs type="name" key="AdC" role="author">Alvaro de Campos</rs>). </item>
               <item>
                  <label>2.</label>
                  <rs type="work" key="O3" style="b"><rs type="name" key="RR" role="author"
                        >Ricardo Reis</rs>, <rs type="title" xml:id="T4">“Odes”, <choice>
                           <abbr>liv<am>.</am></abbr>
                           <expan>liv<ex>ros</ex></expan>
                        </choice>
                        <choice>
                           <seg n="1">I-III.</seg>
                           <seg n="2"><add rend="above">ou I-II</add></seg>
                        </choice>
                        <note xml:id="N4" target="#T4" place="margin right" type="addition"
                           >50</note>
                     </rs>
                  </rs><lb/>
                  <rs type="name" key="AdC" role="author">Alvaro de Campos</rs>, <rs type="title"
                     xml:id="T5">“Poemas antes de Acordar” <note xml:id="N5" target="#T5"
                        place="margin right" type="addition">20</note>
                  </rs>. </item>
               <item>
                  <label>3.</label>
                  <rs type="work" key="O4" style="b"><rs type="name" key="AdC" role="author"
                        >Alvaro de Campos</rs>, <rs type="title">“Arco de Triumpho”</rs></rs><lb/>
                     (<rs type="work" key="O4-12"><rs type="title">Ode Triumphal</rs></rs>, <rs
                     type="work" key="O4-11"><rs type="title">Ode Maritima</rs></rs>, <rs type="title"
                        >Sau<pc>-</pc><lb/>dação a Walt Whitman</rs>, <rs type="title">A
                     Passagem<lb/> das Horas</rs>, <rs type="title">Ode Mortal</rs>). </item>
               <item>
                  <label>4.</label>
                  <rs type="title">Congresso</rs>. (<rs type="title"><hi rend="underline"
                        >Ultimatum</hi></rs> de <rs type="name" key="AdC" role="author">Alvaro de
                     <lb/>Campos</rs>; (<rs type="title"><hi rend="underline">Athena</hi></rs>, por
                     <rs type="name" key="FP" role="author" style="b">Fernando Pessoa</rs>;)<lb/>
                  <rs type="title"><hi rend="underline">O que é a metaphysica?</hi></rs>, por <rs
                     type="person" key="AdC" role="author">Alvaro <lb/> de Campos</rs>; <rs
                     type="text"><hi rend="underline">Apontamentos para uma<lb/> Esthetica
                        não-aristotelica</hi></rs>, por<lb/>
                  <rs type="name" key="AdC" role="author">Alvaro de Campos</rs>; <rs type="title"
                        ><hi rend="underline">O Rhythmo Para<pc>-</pc><lb/>graphico</hi></rs>, por
                     <rs type="name" key="AdC" role="author">Alvaro de Campos</rs>;<lb/>
                  <rs type="title">Resposta de <rs type="name" key="RR" role="author">Ricardo
                        Reis</rs></rs>; <rs type="title">Replica de<lb/>
                     <rs type="name" key="AdC" role="author">Alvaro de Campos</rs></rs>; <rs
                     type="text"><hi rend="underline">Theoria da <lb/>Arte</hi></rs>, por <rs
                     type="person" key="RR" role="author">Ricardo Reis</rs>; <rs type="title"
                     >Resposta<lb/> de <rs type="name" key="AdC" role="author">Alvaro de
                        Campos</rs></rs>.) (etc?) </item>
               <item>
                  <label>5.</label>
                  <rs type="work" key="O4" style="c"><rs type="name" key="AdC" role="author"
                        >Alvaro de Campos</rs>, <rs type="title">“Acessorios”</rs>, poemas</rs>.
               </item>
            </list>
            <metamark rend="line" function="distinct"/>
            <list>
               <item>
                  <label>1.</label> ut supra. </item>
               <item>
                  <label>2.</label>
                  <rs type="work" key="O3" style="b"><rs type="name" key="RR" role="author"
                        >Ricardo Reis</rs>, <rs type="title">“Odes”, <choice>
                           <abbr>liv<am>.</am></abbr>
                           <expan>liv<ex>ros</ex></expan>
                        </choice> I-III</rs></rs>. </item>
               <item>
                  <label>3.</label>
                  <rs type="work" key="O4" style="b"><rs type="name" key="AdC" role="author"
                        >Alvaro de Campos</rs>, <rs type="title">“Arco de<lb/> Triumpho”</rs></rs>
                     (<rs type="work" key="O4-12"><rs type="title">Ode Triumphal</rs></rs>, <rs
                     type="work" key="O4-11"><rs type="title">Ode<lb/> Maritima</rs></rs>, <rs
                     type="text">Saudação a Walt<lb/>Whitman</rs>)<anchor xml:id="A1"/>. </item>
               <item>
                  <label>4.</label>
                  <rs type="name" key="AdC" role="author">Alvaro de Campos</rs>, <rs type="title"
                     >“Ultimatum”</rs>.<metamark rend="arrow" target="#A1" function="move"
                        ><label>?</label></metamark>
               </item>
            </list>
         </div>
      </body>
   </text>
</TEI>
