<?xml version="1.0" encoding="UTF-8"?> 
<?xml-model href="../schema/pessoaTEI.rng" type="application/xml" schematypens="http://relaxng.org/ns/structure/1.0"?>
<TEI xmlns="http://www.tei-c.org/ns/1.0">
   <teiHeader>
      <fileDesc>
         <titleStmt>
            <title>CP 246</title>
            <author>
               <rs type="name" key="FP">Fernando Pessoa</rs>
            </author>
            <respStmt>
               <resp>Transcrição, Edição</resp>
               <name>Pedro Sepúlveda</name>
            </respStmt>
            <respStmt>
               <resp>Transcrição</resp>
               <name>Pablo Javier Pérez López</name>
            </respStmt>
            <respStmt>
               <resp>Modelagem de dados, Codificação</resp>
               <name>Ulrike Henny-Krahmer</name>
            </respStmt>
            <respStmt>
               <resp>Codificação</resp>
               <name>Inês Filipa Rebelo do Carmo</name>
            </respStmt>
            <respStmt>
               <resp>Codificação</resp>
               <name>Isabel Figueiredo-Iken</name>
            </respStmt>
            <respStmt>
               <resp>Codificação</resp>
               <name>Sviatoslav Drach</name>
            </respStmt>
            <respStmt>
               <resp>Consultoria</resp>
               <name>Institut für Dokumentologie und Editorik (IDE)</name>
            </respStmt>
         </titleStmt>
         <publicationStmt>
            <publisher>Universidade Nova de Lisboa, Instituto de Estudos de Literatura e Tradição
               (IELT)</publisher>
            <publisher>Cologne Center for eHumanities (CCeH)</publisher>
            <date>2017</date>
            <availability status="free">
               <licence target="http://creativecommons.org/licenses/by/3.0/"/>
            </availability>
            <idno type="filename">CP246.xml</idno>
         </publicationStmt>
         <sourceDesc>
            <msDesc>
               <msIdentifier>
                  <institution/>
                  <idno>CP 246</idno>
               </msIdentifier>
               <msContents>
                  <summary>
                     <p> Lista datilografada, publicada em <hi rend="italic">Sensacionismo e Outros
                           Ismos</hi> (2009, 277). </p>
                  </summary>
                  <msItemStruct>
                     <author>
                        <rs type="name" key="FP">Fernando Pessoa</rs>
                     </author>
                     <note type="genre">
                        <rs type="genre" key="lista_editorial">Lista editorial</rs>
                        <rs type="genre" key="plano_editorial">Plano editorial</rs>
                     </note>
                     <textLang mainLang="pt" otherLangs="la"/>
                  </msItemStruct>
               </msContents>
               <history>
                  <origin>
                     <p>
                        <origDate when="1932" cert="medium">c. 1932</origDate>
                     </p>
                  </origin>
               </history>
            </msDesc>
         </sourceDesc>
      </fileDesc>
   </teiHeader>
   <facsimile xml:base="http://images.cceh.uni-koeln.de/pessoa/">
      <graphic url="Bilder MN 14_246_602 und 786/avulsos (246).jpg"/>
   </facsimile>
   <text>
      <body>
         <div>
            <head><rs type="collection" key="C11"><rs type="title" key="T170"><hi rend="underline"
                        >Ficções do Interludio</hi></rs></rs>.</head>
            <list>
               <item rend="indent-2">
                  <label>1.</label>
                  <list>
                     <item xml:id="I1">
                        <rs type="title">Introducção Geral</rs>. <note place="margin-right" n="2"
                           >30</note>
                     </item>
                     <item rend="indent-2" xml:id="I2">
                        <rs type="work" key="W135"><rs type="title" key="T171">Poemas Completos de
                                 <rs type="name" key="AC" role="author">Alberto Caeiro</rs>
                           </rs>
                        </rs><lb/> (<rs type="title">prefacio dos parentes</rs>, <rs type="title"
                           >prefacio <note place="margin-right" n="2">100</note>
                           <lb/> do <rs type="name" key="RR" role="author"><choice>
                                 <abbr>D<am>r.</am><expan>D<ex>outor</ex></expan></abbr>
                              </choice> Ricardo Reis</rs></rs>). </item>
                     <item rend="indent-2" xml:id="I3">
                        <rs type="title">Notas para a Recordação do meu mestre <note
                              place="margin-right" n="2">20</note>
                           <lb/>
                           <rs type="name" key="AC" role="topic">Caeiro</rs>
                        </rs> (<rs type="name" key="AdC" role="author">Alvaro de Campos</rs>).
                     </item>
                  </list>
               </item>
               <note place="margin-right" n="2">
                  <metamark function="grouping" target="range(I1,I5)" rend="curly-bracket"/>
               </note>
               <item rend="indent-2">
                  <label>2.</label>
                  <list>
                     <item xml:id="I4">
                        <rs type="work" key="O3" style="b"><rs type="name" key="RR" role="author"
                              >Ricardo Reis</rs>, <rs type="title">“Odes”, <choice>
                                 <abbr>liv<am>.</am></abbr>
                                 <expan>liv<ex>ros</ex></expan>
                              </choice>
                              <choice>
                                 <seg n="1">I-III.</seg>
                                 <seg n="2"><add place="above">ou I-II</add></seg>
                              </choice>
                           </rs>
                        </rs>
                        <note place="margin-right" n="2">50</note>
                     </item>
                     <item rend="indent-2" xml:id="I5">
                        <rs type="name" key="AdC" role="author">Alvaro de Campos</rs>, <rs
                           type="title">“Poemas antes de <note place="margin-right" n="2">20</note>
                           <lb/> Acordar”</rs>. </item>
                  </list>
               </item>
               <item rend="indent-2">
                  <label>3.</label>
                  <rs type="work" key="O4" style="b"><rs type="name" key="AdC" role="author">Alvaro
                        de Campos</rs>, <rs type="title">“Arco de Triumpho”</rs></rs><lb/> (<rs
                     type="work" key="O4-12"><rs type="title">Ode Triumphal</rs></rs>, <rs
                     type="work" key="O4-11"><rs type="title">Ode Maritima</rs></rs>, <rs
                     type="title">Sau<pc>-</pc><lb/>dação a Walt Whitman</rs>, <rs type="title">A
                     Passagem<lb/> das Horas</rs>, <rs type="title">Ode Mortal</rs>). </item>
               <item rend="indent-2">
                  <label>4.</label>
                  <rs type="title">Congresso</rs>. (<rs type="title"><hi rend="underline"
                        >Ultimatum</hi></rs> de <rs type="name" key="AdC" role="author">Alvaro de
                     <lb/>Campos</rs>; [<rs type="title"><hi rend="underline">Athena</hi></rs>, por
                     <rs type="name" key="FP" role="author" style="b">Fernando Pessoa</rs>;]<lb/>
                  <rs type="title"><hi rend="underline">O que é a metaphysica?</hi></rs>, por <rs
                     type="name" key="AdC" role="author">Alvaro <lb/> de Campos</rs>; <rs
                     type="title"><hi rend="underline">Apontamentos para uma<lb/> Esthetica
                        não-aristotelica</hi></rs>, por<lb/>
                  <rs type="name" key="AdC" role="author">Alvaro de Campos</rs>; <rs type="title"
                        ><hi rend="underline">O Rhythmo Para<pc>-</pc><lb/>graphico</hi></rs>, por
                     <rs type="name" key="AdC" role="author">Alvaro de Campos</rs>;<lb/>
                  <rs type="title">Resposta de <rs type="name" key="RR" role="author">Ricardo
                        Reis</rs></rs>; <rs type="title">Replica de<lb/>
                     <rs type="name" key="AdC" role="author">Alvaro de Campos</rs></rs>; <rs
                     type="title"><hi rend="underline">Theoria da<lb/>Arte</hi></rs>, por <rs
                     type="name" key="RR" role="author">Ricardo Reis</rs>; <rs type="title"
                     >Resposta<lb/> de <rs type="name" key="AdC" role="author">Alvaro de
                     Campos</rs></rs>.) (etc?) </item>
               <item rend="indent-2">
                  <label>5.</label>
                  <rs type="work" key="O4" style="c"><rs type="name" key="AdC" role="author">Alvaro
                        de Campos</rs>, <rs type="title">“Accessorios”</rs>, poemas</rs>. </item>
            </list>
            <metamark rend="line" function="distinct"/>
            <list>
               <item>
                  <label>1.</label> ut supra. </item>
               <item>
                  <label>2.</label>
                  <rs type="work" key="O3" style="b"><rs type="name" key="RR" role="author">Ricardo
                        Reis</rs>, <rs type="title">“Odes”, <choice>
                           <abbr>liv<am>.</am></abbr>
                           <expan>liv<ex>ros</ex></expan>
                        </choice> I-III</rs></rs>. </item>
               <item rend="indent-2">
                  <label>3.</label>
                  <rs type="work" key="O4" style="b"><rs type="name" key="AdC" role="author">Alvaro
                        de Campos</rs>, <rs type="title">“Arco de<lb/> Triumpho”</rs></rs> (<rs
                     type="work" key="O4-12"><rs type="title">Ode Triumphal</rs></rs>, <rs
                     type="work" key="O4-11"><rs type="title">Ode<lb/> Maritima</rs></rs>, <rs
                     type="title">Saudação a Walt<lb/>Whitman</rs>). <metamark
                     rend="arrow-left-curved-up" target="#A1" function="move"><label rend="circled"
                        >?</label></metamark>
               </item>
               <item>
                  <label>4.</label>
                  <rs type="name" key="AdC" role="author">Alvaro de Campos</rs>, <rs type="title"
                     >“Ultimatum”</rs>. <anchor xml:id="A1"/>
               </item>
            </list>
         </div>
      </body>
   </text>
</TEI>
