<?xml version="1.0" encoding="UTF-8"?> 
<?xml-model href="../schema/pessoaTEI.rng" type="application/xml" schematypens="http://relaxng.org/ns/structure/1.0"?>
<TEI xmlns="http://www.tei-c.org/ns/1.0">
   <teiHeader>
      <fileDesc>
         <titleStmt>
            <title>CP 265</title>
            <author>
               <rs type="name" key="FP">Fernando Pessoa</rs>
            </author>
            <respStmt>
               <resp>Transcrição, Edição</resp>
               <name>Pedro Sepúlveda</name>
            </respStmt>
            <respStmt>
               <resp>Transcrição</resp>
               <name>Pablo Javier Pérez López</name>
            </respStmt>
            <respStmt>
               <resp>Codificação, Modelagem de dados</resp>
               <name>Ulrike Henny-Krahmer</name>
            </respStmt>
            <respStmt>
               <resp>Codificação</resp>
               <name>Isabel Figueiredo-Iken</name>
            </respStmt>
            <respStmt>
               <resp>Codificação</resp>
               <name>Sviatoslav Drach</name>
            </respStmt>
            <respStmt>
               <resp>Consultoria</resp>
               <name>Institut für Dokumentologie und Editorik (IDE)</name>
            </respStmt>
         </titleStmt>
         <publicationStmt>
            <publisher>Universidade Nova de Lisboa, Instituto de Estudos de Literatura e Tradição
               (IELT)</publisher>
            <publisher>Cologne Center for eHumanities (CCeH)</publisher>
            <date>2016</date>
            <availability>
               <licence target="http://creativecommons.org/licenses/by/3.0/"/>
            </availability>
            <idno type="filename">CP265.xml</idno>
         </publicationStmt>
         <sourceDesc>
            <msDesc>
               <msIdentifier>
                  <institution/>
                  <idno>CP 265</idno>
               </msIdentifier>
               <msContents>
                  <summary>
                     <p> Lista datilografada, publicada em Pizarro,<hi rend="italic"> Fernando Pessoa – O
                        Guardador de Papéis</hi> (2009, 375). </p>
                  </summary>
                  <msItemStruct>
                     <author>
                        <rs type="name" key="FP">Fernando Pessoa</rs>
                     </author>
                     <note type="genre">
                        <rs type="genre" key="lista_editorial">Lista editorial</rs>
                     </note>
                     <textLang mainLang="pt" otherLangs="en"/>
                  </msItemStruct>
               </msContents>
               <history>
                  <origin>
                     <p>
                        <origDate notBefore="1930">post 1930</origDate>
                     </p>
                  </origin>
               </history>
            </msDesc>
         </sourceDesc>
      </fileDesc>
   </teiHeader>
   <facsimile>
      <graphic url="Bilder MN 808_265_908_909 und 677-678/avulsos (265).jpg"/>
   </facsimile>
   <text>
      <body>
         <div>
            <head>EXCURSOS.</head>
            <p>Small Essays, based on the circumstance that “there is no<lb/> subject, however wide,
               which may not be con<pc>-</pc><lb/>tained in a small discourse”.</p>
            <list>
               <item>
                  <label>1.</label>  <rs type="title">O verso e a prosa</rs>. </item>
               <item>
                  <label>2.</label>  <rs type="title">O orgulho e a vaidade</rs>. </item>
               <item>
                  <label>3.</label>  <rs type="title">A novella policiaria</rs>. </item>
               <item>
                  <label>4.</label>  <rs type="title">O conceito de progresso</rs>. </item>
               <item>
                  <label>5.</label>  <rs type="title">A imaginação</rs>. </item>
               <item>
                  <label>6.</label> (and others of the sort, which can be very easily picked<lb/>up
                  from my many notes and casual observations) </item>
               <item>
                  <label>7.</label>  <rs type="title">A importancia social da
                  ortographia</rs>. </item>
               <item>
                  <label>8.</label>  <rs type="title">Depois de Parmenides</rs>. </item>
               <item>
                  <label>9.</label>  <rs type="title">A pena de morte</rs>. </item>
            </list>
            <p rend="indent-first">Ha, pois, só dois argumentos em favor da pena<lb/> de morte: de
               que é um dissuadente do crime; de que<lb/>a práctica do crime, que involve pena de
               morte, é<lb/> um estado de guerra.</p>
            <p rend="indent-first">Se se admittir que para amedrontar é legitimo<lb/> empregar
               qualquer processo, então verificaremos que<lb/> a tortura é muito mais amedrontante
               que a morte, e<lb/> restabeleceremos a tortura.</p>
            <p rend="indent-first">Quanto ao estado de guerra... Só a sedição pode<lb/> assim
               designar-se, isto é, o crime de sedição, mas,<lb/> paraisso, ha que provar que o
               intuito é o que distin<pc>-</pc><lb/> gue a guerra - isto é, a destruição do Estado
               como<lb/> Nação. Uma simples revolução, com as suas consequên<pc>-</pc><lb/>cias, não
               constitue tal crime. Só se essa revolução<lb/> tiver por intuito o dissolver a Nação,
               ou entregal-a<lb/> a outra, se pode admittir que os sediciosos fazem á<lb/> Nação uma
               declaração de guerra. </p>
            <list>
               <item><rs type="title">Os Sonhos. (seu symbolismo )</rs>.</item>
               <item><rs type="title">A Opinião Publica</rs>.</item>
               <item><rs type="title">O Suffragio Politico</rs>.</item>
               <item><rs type="title">Notas para uma Regra de Vida</rs>.</item>
               <item><rs type="title">Esboço de uma Geometria dos Coexistentes e dos
                  Antisolidos</rs>.</item>
               <item><rs type="title">A Moral da Força (Ensaio sobre a Moral)</rs>.</item>
               <item><rs type="title">Dictaduras</rs>.</item>
               <item><rs type="title">Fundamentos do Conservantismo</rs>.</item>
               <item><rs type="title">A Monarchia</rs>.</item>
            </list>
         </div>
      </body>
   </text>
</TEI>
