<?xml version="1.0" encoding="UTF-8"?> 
<?xml-model href="../schema/pessoaTEI.rng" type="application/xml" schematypens="http://relaxng.org/ns/structure/1.0"?>
<TEI xmlns="http://www.tei-c.org/ns/1.0">
   <teiHeader>
      <fileDesc>
         <titleStmt>
            <title>CP 602</title>
            <author>
               <rs type="name" key="FP">Fernando Pessoa</rs>
            </author>
            <respStmt>
               <resp>Transcrição, Edição</resp>
               <name>Pedro Sepúlveda</name>
            </respStmt>
            <respStmt>
               <resp>Transcrição</resp>
               <name>Pablo Javier Pérez López</name>
            </respStmt>
            <respStmt>
               <resp>Codificação, Modelagem de dados</resp>
               <name>Ulrike Henny</name>
            </respStmt>
            <respStmt>
               <resp>Codificação</resp>
               <name>Isabel Figueiredo-Iken</name>
            </respStmt>
            <respStmt>
               <resp>Codificação</resp>
               <name>Sviatoslav Drach</name>
            </respStmt>
            <respStmt>
               <resp>Consultoria</resp>
               <name>Institut für Dokumentologie und Editorik (IDE)</name>
            </respStmt>
         </titleStmt>
         <publicationStmt>
            <publisher>Universidade Nova de Lisboa, Instituto de Estudos de Literatura e Tradição
               (IELT)</publisher>
            <publisher>Cologne Center for eHumanities (CCeH)</publisher>
            <date>2016</date>
            <availability>
               <licence target="http://creativecommons.org/licenses/by/3.0/"/>
            </availability>
            <idno type="filename">CP602.xml</idno>
         </publicationStmt>
         <sourceDesc>
            <msDesc xml:id="M1" type="structured">
               <msIdentifier>
                  <institution/>
                  <idno>CP 602</idno>
               </msIdentifier>
               <msContents>
                  <msItemStruct>
                     <author>
                        <rs type="name" key="FP">Fernando Pessoa</rs>
                     </author>
                     <note type="genre">
                        <rs type="genre" key="lista_editorial">Lista editorial</rs>
                     </note>
                     <textLang mainLang="pt"/>
                  </msItemStruct>
               </msContents>
               <history>
                  <origin>
                     <p>
                        <origDate when="1924" cert="medium">c. 1924</origDate>
                     </p>
                  </origin>
               </history>
            </msDesc>
            <msDesc corresp="#M1" type="prose">
               <msIdentifier/>
               <p> Lista manuscrita, publicada em <hi rend="italic">Sensacionismo e Outros
                     Ismos</hi> (2009, 439). </p>
            </msDesc>
         </sourceDesc>
      </fileDesc>
   </teiHeader>
   <facsimile>
      <graphic url="Bilder MN 14_246_602 und 786/avulsos (602).jpg"/>
   </facsimile>
   <text>
      <body>
         <div>
            <list>
               <head>
                  <hi rend="underline">Documentos do <add place="above" n="2">Neo-symbolismo,
                        do</add> Futurismo <del rend="overstrike">portuguez</del> e do Sensacionismo
                        portu<pc>-</pc><lb/>guezes.</hi>
               </head>
               <item>
                  <note place="margin-left">√</note>
                  <label>1.</label>&#x00A0;<rs type="title">Prefacio de <hi rend="underline"><rs
                           type="periodical" key="J12">Orpheu</rs></hi></rs> (1915) — <rs
                     type="name" key="P70">Luiz de Montalvor</rs>. </item>
               <item>
                  <note place="margin-left">√</note>
                  <label>2.</label>&#x00A0;<rs type="title"><choice>
                        <abbr><metamark rend="quotes" function="ditto"/></abbr>
                        <expan>Prefacio</expan>
                     </choice>&#x00A0;<choice>
                        <abbr><metamark rend="quotes" function="ditto"/></abbr>
                        <expan>de</expan>
                     </choice>&#x00A0;<hi rend="underline"><rs type="periodical" key="J24"
                           >Centauro</rs></hi></rs> (191<supplied resp="PS"
                     reason="omitted-in-original"/>) — <rs type="name" key="P70"><choice>
                        <abbr><metamark rend="quotes" function="ditto"/></abbr>
                        <expan>Luiz</expan>
                     </choice>&#x00A0;<choice>
                        <abbr><metamark rend="quotes" function="ditto"/></abbr>
                        <expan>de</expan>
                     </choice>&#x00A0;<choice>
                        <abbr><metamark rend="quotes" function="ditto"/></abbr>
                        <expan>Montalvor</expan>
                     </choice></rs>
               </item>
               <item>
                  <note place="margin-left">√</note>
                  <label>3.</label>&#x00A0;<rs type="title">Ultimatum ás Gerações portuguezas do
                     seculo XX</rs> — <rs type="name" key="P56">Almada</rs>. </item>
               <item>
                  <note place="margin-left">√</note>
                  <label>4.</label>&#x00A0;<rs type="title">Ultimatum de <rs type="name" key="AdC"
                        role="author">Alvaro de Campos</rs></rs>. </item>
               <item>
                  <label>5.</label>&#x00A0;<rs type="title">Entrevista com <rs type="name" key="FP"
                        role="topic" style="b">
                        <choice>
                           <abbr>Fdo</abbr>
                           <expan>F<ex>ernando</ex></expan>
                        </choice> Pessoa</rs></rs> (<rs type="periodical" key="J36"><choice>
                        <abbr>Rev<am>.</am></abbr>
                        <expan>Rev<ex>ista</ex></expan>
                     </choice>&#x00A0;<choice>
                        <abbr>Port<am>.</am></abbr>
                        <expan>Port<ex>uguesa</ex></expan>
                     </choice></rs> — 1923).</item>
               <item>
                  <label>6.</label>&#x00A0;<rs type="title">A Derrocada da Technica</rs>. <rs
                     type="name" key="P71">Raul Leal</rs>. </item>
               <item>
                  <note place="margin-left">(</note><label>7.</label>&#x00A0;<rs type="title"><add
                        place="above" n="2">O meu </add>Manifesto a toda a gente</rs> — <rs
                     type="name" key="P17">Antonio Botto</rs>.) (Appendice). </item>
               <item>
                  <label>8.</label>&#x00A0;<rs type="title">Uma lição de moral aos <choice>
                        <abbr>est<am>.</am></abbr>
                        <expan>est<ex>udantes</ex></expan>
                     </choice> de <choice>
                        <abbr>L<am>.</am></abbr>
                        <expan>L<ex>isboa</ex></expan>
                     </choice></rs> — <rs type="name" key="P71">
                     <choice>
                        <abbr>R</abbr>
                        <expan>R<ex>aul</ex></expan>
                     </choice> Leal</rs>. </item>
               <item>
                  <label>9.</label>&#x00A0;<rs type="title">Aviso por causa da Moral</rs> — <rs
                     type="name" key="AdC" role="author">
                     <choice>
                        <abbr>Alv<am>.</am></abbr>
                        <expan>Alv<ex>aro</ex></expan>
                     </choice> de Campos</rs>. </item>
               <item>
                  <label>10.</label>&#x00A0;<rs type="title">Sobre um Manifesto de Estudantes</rs> —
                     <rs type="name" key="FP" role="author" style="b">
                     <choice>
                        <abbr>F<am>.</am></abbr>
                        <expan>F<ex>ernando</ex></expan>
                     </choice> Pessoa</rs>. </item>
               <item>
                  <note place="margin-left">√</note>
                  <label>11.</label>&#x00A0;<rs type="title">Manifesto Anti-Dantas e por
                     Extenso</rs>. </item>
               <item rend="indent-2">
                  <label rend="circled">12.</label>&#x00A0;<rs type="title">Prefacios</rs> — <subst>
                     <del rend="overstrike">historia (<rs type="name" key="FP" role="author"
                           style="b">
                           <choice>
                              <abbr>F</abbr>
                              <expan>F<ex>ernando</ex></expan>
                           </choice> Pessoa</rs> — <rs type="name" key="P56">Almada</rs> — <rs
                           type="name" key="P71">Raul Leal</rs>).<lb/>
                        <rs type="name" key="AdC" role="author">Alvaro de Campos</rs> — <rs
                           type="name" key="P70">Luiz de Montalvor</rs>
                     </del>
                     <add place="above">de <rs type="name" key="AdC" role="author">Alvaro de
                           Campos</rs>. (excertos)</add>
                  </subst>
               </item>
               <item>
                  <label>13.</label>&#x00A0;<rs type="title">Manifesto sobre <rs type="name"
                        key="P72">Mario Eloy</rs> e <rs type="name" key="P73">
                        <choice>
                           <abbr>*Alb<am>.</am></abbr>
                           <expan>*Alb<ex>erto</ex></expan>
                        </choice> Cardoso</rs>.</rs>
               </item>
            </list>
            <gap reason="selection" unit="line" extent="4"/>
         </div>
      </body>
   </text>
</TEI>
