<?xml version="1.0" encoding="UTF-8"?> 
<?xml-model href="../schema/pessoaTEI.rng" type="application/xml" schematypens="http://relaxng.org/ns/structure/1.0"?>
<TEI xmlns="http://www.tei-c.org/ns/1.0">
   <teiHeader>
      <fileDesc>
         <titleStmt>
            <title>CP 909</title>
            <author>
               <rs type="name" key="FP">Fernando Pessoa</rs>
            </author>
            <respStmt>
               <resp>Transcrição, Edição</resp>
               <name>Pedro Sepúlveda</name>
            </respStmt>
            <respStmt>
               <resp>Transcrição</resp>
               <name>Pablo Javier Pérez López</name>
            </respStmt>
            <respStmt>
               <resp>Codificação, Modelagem de dados</resp>
               <name>Ulrike Henny-Krahmer</name>
            </respStmt>
            <respStmt>
               <resp>Codificação</resp>
               <name>Isabel Figueiredo-Iken</name>
            </respStmt>
            <respStmt>
               <resp>Codificação</resp>
               <name>Sviatoslav Drach</name>
            </respStmt>
            <respStmt>
               <resp>Consultoria</resp>
               <name>Institut für Dokumentologie und Editorik (IDE)</name>
            </respStmt>
         </titleStmt>
         <publicationStmt>
            <publisher>Universidade Nova de Lisboa, Instituto de Estudos de Literatura e Tradição
               (IELT)</publisher>
            <publisher>Cologne Center for eHumanities (CCeH)</publisher>
            <date>2017</date>
            <availability>
               <licence target="http://creativecommons.org/licenses/by/3.0/"/>
            </availability>
            <idno type="filename">CP909.xml</idno>
         </publicationStmt>
         <sourceDesc>
            <msDesc>
               <msIdentifier>
                  <institution/>
                  <idno>CP 909</idno>
               </msIdentifier>
               <msContents>
                  <summary>
                     <p> Lista manuscrita, publicada em <hi rend="italic">Livro do Desasocego</hi>
                        (2010, 537). </p>
                  </summary>
                  <msItemStruct>
                     <author>
                        <rs type="name" key="FP">Fernando Pessoa</rs>
                     </author>
                     <note type="genre">
                        <rs type="genre" key="lista_editorial">Lista editorial</rs>
                     </note>
                     <textLang mainLang="pt" otherLangs="en"/>
                  </msItemStruct>
               </msContents>
               <history>
                  <origin>
                     <p>
                        <origDate when="1932" cert="medium">c. 1932</origDate>
                     </p>
                  </origin>
               </history>
            </msDesc>
         </sourceDesc>
      </fileDesc>
   </teiHeader>
   <facsimile>
      <graphic url="Bilder MN 808_265_908_909 und 677-678/avulsos (909).jpg"/>
   </facsimile>
   <text>
      <body>
         <div>
            <list>
               <item>
                  <rs type="title">Theoria do <choice>
                        <abbr>Suffr<am>.</am></abbr>
                        <expan>Suffr<ex>agio</ex></expan>
                     </choice> Politico</rs>. </item>
               <item>
                  <rs type="title">Politica Economica</rs>. </item>
            </list>
            <metamark rend="line-44" function="distinct"/>
            <list>
               <item>
                  <rs type="title">Banqueiro Anarchista</rs> (<choice>
                     <abbr>ingl</abbr>
                     <expan>ingl<ex>ez</ex></expan>
                  </choice> e <choice>
                     <abbr>fr</abbr>
                     <expan>fr<ex>ancez</ex></expan>
                  </choice>) </item>
            </list>
            <metamark rend="line-44" function="distinct"/>
            <list>
               <item>
                  <rs type="title">Erostratus</rs>. </item>
               <item>
                  <rs type="title">Livro da Lili</rs>. </item>
               <item rend="indent-2">
                  <rs type="title"><rs type="name" key="P32">Oscar Wilde</rs></rs> (<rs type="title"
                        ><rs type="name" key="P17"><choice>
                           <abbr>AB</abbr>
                           <expan>A<ex>ntonio</ex> B<ex>otto</ex></expan>
                        </choice></rs> preface</rs> re<pc>-</pc><lb/>modelled) </item>
               <item>
                  <rs type="title">Portugal</rs>. </item>
               <item>
                  <rs type="work" key="O1" style="bc"><rs type="title">Cancioneiro</rs> (ou <rs
                        type="title">Itinerario</rs>)</rs>. </item>
            </list>
         </div>
      </body>
   </text>
</TEI>
