<?xml version="1.0" encoding="UTF-8"?>
<?xml-model href="../schema/pessoaTEI.rng" type="application/xml" schematypens="http://relaxng.org/ns/structure/1.0"?>
<TEI xmlns="http://www.tei-c.org/ns/1.0">
   <teiHeader>
      <fileDesc>
         <titleStmt>
            <title>CP 947-948</title>
            <author>
               <rs type="name" key="FP">Fernando Pessoa</rs>
            </author>
            <respStmt>
               <resp>Transcrição, Edição</resp>
               <name>Pedro Sepúlveda</name>
            </respStmt>
            <respStmt>
               <resp>Codificação, Modelagem de dados</resp>
               <name>Ulrike Henny</name>
            </respStmt>
            <respStmt>
               <resp>Codificação</resp>
               <name>Isabel Figueiredo-Iken</name>
            </respStmt>
            <respStmt>
               <resp>Codificação</resp>
               <name>Sviatoslav Drach</name>
            </respStmt>
            <respStmt>
               <resp>Consultoria</resp>
               <name>Institut für Dokumentologie und Editorik (IDE)</name>
            </respStmt>
         </titleStmt>
         <publicationStmt>
            <publisher>Universidade Nova de Lisboa, Instituto de Estudos de Literatura e Tradição
               (IELT)</publisher>
            <publisher>Cologne Center for eHumanities (CCeH)</publisher>
            <date>2017</date>
            <availability>
               <licence target="http://creativecommons.org/licenses/by/3.0/"/>
            </availability>
            <idno type="filename">CP947-948.xml</idno>
         </publicationStmt>
         <sourceDesc>
            <msDesc xml:id="M1" type="structured">
               <msIdentifier>
                  <institution>Biblioteca Nacional de Portugal</institution>
                  <idno>CP 947-948</idno>
               </msIdentifier>
               <msContents>
                  <msItemStruct>
                     <author>
                        <rs type="name" key="FP">Fernando Pessoa</rs>
                     </author>
                     <note type="genre">
                        <rs type="genre" key="lista_editorial">Lista editorial</rs>
                     </note>
                     <textLang mainLang="pt" otherLangs="en fr"/>
                  </msItemStruct>
               </msContents>
               <history>
                  <origin>
                     <p>
                        <origDate from="1920" to="1927">1920-1927</origDate>
                     </p>
                  </origin>
               </history>
            </msDesc>
            <msDesc corresp="#M1" type="prose">
               <msIdentifier/>
               <p>Lista datilografada.</p>
            </msDesc>
         </sourceDesc>
      </fileDesc>
   </teiHeader>
   <facsimile>
      <graphic url="Espolio Manuela Nogueira (MN)/avulsos (947).jpg"/>
      <graphic url="Espolio Manuela Nogueira (MN)/avulsos (948).jpg"/>
   </facsimile>
   <text>
      <body>
         <div>
            <list>
               <item rend="indent-2">
                  <label>1.</label> Artigo editorial, de assumpto mais geral que<lb/> os outros
                  todos (<hi rend="underline"><choice>
                        <abbr>ap<am>.</am></abbr>
                        <expan>ap<ex>proximadamente</ex></expan>
                     </choice> 2 <choice>
                        <abbr>pag</abbr>
                        <expan>pag<ex>inas</ex></expan>
                     </choice></hi>).</item>
               <item rend="indent-2">
                  <label>2.</label> Chronicas financeiras — (1) Finanças do Estado,<lb/> (2)
                  Finanças das Colonias, (3) Bolsa, (4)<lb/> Cambios, (5) Balança Commercial. (<hi
                     rend="underline"><choice>
                        <abbr>ap<am>.</am></abbr>
                        <expan>ap<ex>proximadamente</ex></expan>
                     </choice> 5 <choice>
                        <abbr>pag</abbr>
                        <expan>pag<ex>inas</ex></expan>
                     </choice></hi>).</item>
               <item rend="indent-2">
                  <label>3.</label> Um artigo especial, de alguem com authoridade,<lb/> e sobre um
                  assumpto de certo modo especial ou<lb/> technico. (<hi rend="underline"><choice>
                        <abbr>ap<am>.</am></abbr>
                        <expan>ap<ex>proximadamente</ex></expan>
                     </choice> 3 <choice>
                        <abbr>pag</abbr>
                        <expan>pag<ex>inas</ex></expan>
                     </choice></hi>).</item>
               <item>
                  <label>4.</label> Chronica Colonial, por Colonias. (<hi rend="underline"><choice>
                        <abbr>ap<am>.</am></abbr>
                        <expan>ap<ex>proximadamente</ex></expan>
                     </choice> 3 <choice>
                        <abbr>pag</abbr>
                        <expan>pag<ex>inas</ex></expan>
                     </choice></hi>).</item>
               <item rend="indent-2">
                  <label>5.</label> Chronica commercial e industrial: (1) Movimento<lb/> geral do
                  commercio, baseado em parte nas ta<pc>-</pc><lb/>bellas do fim do periodico e em
                  dados parti<pc>-</pc><lb/>culares complementares; (2) Movimento
                  indus<pc>-</pc><lb/>trial, incluindo a indicação de novas
                  indus<pc>-</pc><lb/>trias creadas (<choice>
                     <abbr>v<am>.</am></abbr>
                     <expan>v<ex>er</ex></expan>
                  </choice> secção de Patentes, etc.,<lb/> quanto a “novas industrias”, sobre cuja
                     in<pc>-</pc><lb/>troducção recahe patente). (<hi rend="underline"><choice>
                        <abbr>ap<am>.</am></abbr>
                        <expan>ap<ex>proximadamente</ex></expan>
                     </choice> 3 <choice>
                        <abbr>pag</abbr>
                        <expan>pag<ex>inas</ex></expan>
                     </choice></hi>).</item>
               <item rend="indent-2">
                  <label>6.</label> Um, dois ou trez artigos de “publicidade por <lb/>artigo”. (<hi
                     rend="underline"><choice>
                        <abbr>ap<am>.</am></abbr>
                        <expan>ap<ex>proximadamente</ex></expan>
                     </choice> 10 <choice>
                        <abbr>pag<am>.</am></abbr>
                        <expan>pag<ex>inas</ex></expan>
                     </choice> todos juntos</hi>).</item>
               <item rend="indent-2">
                  <label>7.</label> Movimento dos mercados mundiaes, classificando<lb/> por <hi
                     rend="underline">artigos</hi>, sendo cada <hi rend="underline">artigo</hi>
                  seguido de no<pc>-</pc><lb/>mes de vendedores (e talvez tambem de
                  compra<pc>-</pc><lb/>dores) d’elle, nomes que são annuncios, e
                  ad<pc>-</pc><lb/>mittem talvez variedade typographica, dentro<lb/> de limites.
                     (<hi rend="underline"><choice>
                        <abbr>ap<am>.</am></abbr>
                        <expan>ap<ex>proximadamente</ex></expan>
                     </choice> 20 <choice>
                        <abbr>pag</abbr>
                        <expan>pag<ex>inas</ex></expan>
                     </choice></hi>).</item>
               <item rend="indent-2">
                  <label>8.</label> Um artigo de propaganda do paiz em relação a<lb/> turismo. (<hi
                     rend="underline"><choice>
                        <abbr>ap<am>.</am></abbr>
                        <expan>ap<ex>proximadamente</ex></expan>
                     </choice> 5 <choice>
                        <abbr>pag<am>.</am></abbr>
                        <expan>pag<ex>inas</ex></expan>
                     </choice></hi>) (Illustrado).</item>
               <item rend="indent-2">
                  <label>9.</label> Informação do Tribunal do Commercio (Consti<pc>-</pc><lb/>tuição
                  de Sociedades, Alteração de Pactos <lb/>Sociaes, Dissolução de Sociedades, Acções
                  e<lb/> seus Resultados, <hi rend="underline">mas</hi>&#x00A0;<hi rend="underline"
                     >não</hi> Lettras Protestadas), <lb/> e da Repartição de Propriedade Industrial
                  <lb/>(pedidos de patentes, marcas, nomes e intro<pc>-</pc><lb/>ducção de novas
                  industrias). (<hi rend="underline"><choice>
                        <abbr>ap<am>.</am></abbr>
                        <expan>ap<ex>proximadamente</ex></expan>
                     </choice> 8 <choice>
                        <abbr>pag</abbr>
                        <expan>pag<ex>inas</ex></expan>
                     </choice></hi>).</item>
               <item rend="indent-2">
                  <label>10;</label> Tabellas de importação, exportação e reexporta<pc>-</pc><lb/>
                  ção do mez anterior (<hi rend="underline"><choice>
                        <abbr>ap<am>.</am></abbr>
                        <expan>ap<ex>proximadamente</ex></expan>
                     </choice> 10 <choice>
                        <abbr>pag<am>.</am></abbr>
                        <expan>pag<ex>inas</ex></expan>
                     </choice></hi>) Classi<pc>-</pc><lb/>ficação especial.</item>
               <item>
                  <label>11.</label> Movimento maritimo, incluindo navios a chegar.</item>
               <item>
                  <label>12;</label> Annuncios.</item>
            </list>
         </div>
      </body>
   </text>
</TEI>
