<?xml version="1.0" encoding="UTF-8"?>
<?xml-model href="../schema/pessoaTEI.rng" type="application/xml" schematypens="http://relaxng.org/ns/structure/1.0"?>
<TEI xmlns="http://www.tei-c.org/ns/1.0">
   <teiHeader>
      <fileDesc>
         <titleStmt>
            <title>MN 204</title>
            <author>
               <rs type="person" key="FP">Fernando Pessoa</rs>
            </author>
            <respStmt>
               <resp>Transcrição, Edição</resp>
               <name>Pedro Sepúlveda</name>
            </respStmt>
            <respStmt>
               <resp>Codificação, Modelagem de dados</resp>
               <name>Ulrike Henny</name>
            </respStmt>
            <respStmt>
               <resp>Codificação</resp>
               <name>Sviatoslav Drach</name>
            </respStmt>
            <respStmt>
               <resp>Consultoria</resp>
               <name>Institut für Dokumentologie und Editorik (IDE)</name>
            </respStmt>
         </titleStmt>
         <publicationStmt>
            <publisher>Universidade Nova de Lisboa, Instituto de Estudos de Literatura e Tradição
               (IELT)</publisher>
            <publisher>Cologne Center for eHumanities (CCeH)</publisher>
            <date>2017</date>
            <availability>
               <licence target="http://creativecommons.org/licenses/by/3.0/"/>
            </availability>
            <idno type="filename">MN204.xml</idno>
         </publicationStmt>
         <sourceDesc>
            <msDesc xml:id="M1" type="structured">
               <msIdentifier>
                  <institution>Biblioteca Nacional de Portugal</institution>
                  <idno>MN 204</idno>
               </msIdentifier>
               <msContents>
                  <msItemStruct>
                     <author>
                        <rs type="person" key="FP">Fernando Pessoa</rs>
                     </author>
                     <note type="genre">
                        <rs type="genre" key="lista_editorial">Lista editorial</rs>
                        <rs type="genre" key="plano_editorial">Plano editorial</rs>
                     </note>
                     <textLang mainLang="en"/>
                  </msItemStruct>
               </msContents>
               <history>
                  <origin>
                     <p>
                        <origDate from="1917" cert="medium">c. 1917</origDate>
                     </p>
                  </origin>
               </history>
            </msDesc>
            <msDesc corresp="#M1" type="prose">
               <msIdentifier/>
               <p>Lista manuscrita.</p>
            </msDesc>
         </sourceDesc>
      </fileDesc>
   </teiHeader>
   <facsimile>
      <graphic url="Espolio Manuela Nogueira (MN)/avulsos (204).jpg"/>
   </facsimile>
   <text>
      <body>
         <div>
            <head rend="center">
               <hi rend="underline">Division.</hi>
            </head>
            <gap reason="selection" unit="line" extent="5"/>
            <list>
               <item>
                  <label>1.</label>&#x00A0;<rs type="text">Antinous</rs><lb/> — <hi rend="underline"
                     >Lyrics:</hi>&#x00A0;<hi rend="underline">Island</hi> type.</item>
               <item>
                  <label>2.</label>&#x00A0;<rs type="text">Divineness.</rs><lb/> — <hi
                     rend="underline">Lyrics:</hi> Mixed Kind.</item>
               <item>
                  <label>3.</label>&#x00A0;<rs type="text">Prayer to a Fair Body.</rs><lb/> — <hi
                     rend="underline">Lyrics:</hi> Religious Type.</item>
               <item>
                  <label>4.</label>&#x00A0;<rs type="text">Epithalamium.</rs><lb/> — <hi
                     rend="underline">Sonnets</hi> (30 to 50, 30 better)</item>
               <item>
                  <label>5.</label>&#x00A0;<rs type="text">Spring</rs>, 1917.</item>
            </list>
            <metamark rend="line-44" function="distinct"/>
            <gap reason="selection" unit="line" extent="8"/>
            <pb n="2"/>
            <gap reason="selection" unit="line" extent="9"/>
            <list>
               <item>Lamp-Work — Stul.</item>
               <item>Agencies for Songs (AKP).</item>
               <item>Letters for chemical far.</item>
               <item>Translations: <rs type="person" key="P87">Poe</rs> + Anc. <gap
                     reason="illegible" unit="word" extent="1"/></item>
            </list>
         </div>
      </body>
   </text>
</TEI>
