<?xml version="1.0" encoding="UTF-8"?> 
<?xml-model href="../schema/pessoaTEI.rng" type="application/xml" schematypens="http://relaxng.org/ns/structure/1.0"?>
<TEI xmlns="http://www.tei-c.org/ns/1.0">
   <teiHeader>
      <fileDesc>
         <titleStmt>
            <title>MN 688 a 690</title>
            <author>
               <rs type="person" key="FP">Fernando Pessoa</rs>
            </author>
            <respStmt>
               <resp>Transcrição, Edição</resp>
               <name>Pedro Sepúlveda</name>
            </respStmt>
            <respStmt>
               <resp>Codificação, Modelagem de dados</resp>
               <name>Ulrike Henny</name>
            </respStmt>
            <respStmt>
               <resp>Codificação</resp>
               <name>Isabel Figueiredo-Iken</name>
            </respStmt>
            <respStmt>
               <resp>Codificação</resp>
               <name>Sviatoslav Drach</name>
            </respStmt>
            <respStmt>
               <resp>Consultoria</resp>
               <name>Institut für Dokumentologie und Editorik (IDE)</name>
            </respStmt>
         </titleStmt>
         <publicationStmt>
            <publisher>Universidade Nova de Lisboa, Instituto de Estudos de Literatura e Tradição
               (IELT)</publisher>
            <publisher>Cologne Center for eHumanities (CCeH)</publisher>
            <date>2016</date>
            <availability>
               <licence target="http://creativecommons.org/licenses/by/3.0/"/>
            </availability>
            <idno type="filename">MN688-a-690.xml</idno>
         </publicationStmt>
         <sourceDesc>
            <msDesc xml:id="M1" type="structured">
               <msIdentifier>
                  <institution/>
                  <idno>MN 688 a 690</idno>
               </msIdentifier>
               <msContents>
                  <msItemStruct>
                     <author>
                        <rs type="person" key="FP">Fernando Pessoa</rs>
                     </author>
                     <note type="genre">
                        <rs type="genre" key="lista_editorial">Lista editorial</rs>
                     </note>
                     <textLang mainLang="pt"/>
                  </msItemStruct>
               </msContents>
               <history>
                  <origin>
                     <p>
                        <origDate from="1916" to="1919">1916-1919</origDate>
                     </p>
                  </origin>
               </history>
            </msDesc>
            <msDesc corresp="#M1" type="prose">
               <msIdentifier/>
               <p>Lista manuscrita.</p>
            </msDesc>
         </sourceDesc>
      </fileDesc>
   </teiHeader>
   <facsimile>
      <graphic url="Espolio Manuela Nogueira (MN)/avulsos (688).jpg"/>
      <graphic url="Espolio Manuela Nogueira (MN)/avulsos (689).jpg"/>
      <graphic url="Espolio Manuela Nogueira (MN)/avulsos (690).jpg"/>
   </facsimile>
   <text>
      <body>
         <div>
            <head>(C) <hi rend="underline">Cultural</hi></head>
            <list>
               <item>
                  <label>(a)</label>&#x00A0;
                  <hi rend="underline">Cultura europeia central</hi>
                  <list>
                     <item rend="indent-2">
                        <label>1.</label> Classicos gregos e latinos e<lb/> obras fundamentaes da
                        philosophia<lb/> europeia. </item>
                     <item rend="indent-2">
                        <label>2.</label> — Theorias originaes — </item>
                     <item rend="indent-2">
                        <label>3.</label> Ataque ao auto-<gap reason="illegible" unit="word"
                           extent="1"/> e ao <lb/>falso. </item>
                  </list>
               </item>
               <item>
                  <label>(b)</label>&#x00A0;
                  <hi rend="underline">Cultura nacional historica</hi>
                  <list>
                     <item><label>1.</label> Culto da traição</item>
                     <item><label>2.</label> Classicos portuguezes</item>
                     <item><label>3.</label> Ataque ao anti-portuguez</item>
                  </list>
               </item>
               <item>
                  <label>(c)</label>&#x00A0;
                  <hi rend="underline">Cultura nacional superior</hi>
                  <list>
                     <item><label>1.</label> Historia portugueza. </item>
                     <item><label>2.</label> Obras originaes e <gap reason="illegible" unit="word"
                           extent="1"/>. </item>
                     <item><label>3.</label> Ataque ao anti-nacional.</item>
                  </list>
               </item>
            </list>
            <pb/>
            <list>
               <item>
                  <label>A.</label> Parte cultural </item>
               <item>
                  <label>B.</label>&#x00A0;
                  <choice>
                     <abbr><metamark rend="quotes" function="ditto"/></abbr>
                     <expan>Parte</expan>
                  </choice> de propaganda e <gap reason="illegible" unit="word" extent="1"/>. </item>
               <item>
                  <label>C.</label>&#x00A0;
                  <choice>
                     <abbr><metamark rend="quotes" function="ditto"/></abbr>
                     <expan>Parte</expan>
                  </choice> de cultura nacional. </item>
            </list>
         </div>
         <metamark rend="line-44" function="distinct"/>
         <div>
            <head>
               (C) <hi rend="underline">Processos:</hi>
            </head>
            <list>
               <item rend="indent-2">
                  <label>(a)</label>&#x00A0;
                  <hi rend="underline">Affirmativo</hi> — ensinando ideas <lb/>nacionaes
                  constructivas, quer <lb/> pelo estimulo do instincto de<lb/> tradição, quer pela
                  ideação do instincto de nacionalidade,<lb/> quer pela impulsionação do
                  <lb/>espirito constructivo e de<lb/>
                  <seg type="anchor">iniciativa <add n="2" place="above"><gap reason="illegible" unit="word" extent="1"/>, seja
                        de que for</add> (economica, cultural ou</seg>
                  <lb/>outra)</item>
               <item rend="indent-2">
                  <label>(b)</label>&#x00A0;
                  <hi rend="underline">Defensivo</hi> — Combatendo (a)<lb/> as idéas
                  anti-portuguezas que <lb/> ha espalhadas pela civilização,<lb/>(b) as culturas
                  estrangeiras <lb/>especialmente inimigas da<lb/> nossa, ou do que nos<lb/> compete
                  ter, (c) as in<pc>-</pc><lb/>dividualidades estrangeiras cujo<lb/> prestigio é
                  falso</item>
            </list>
            <pb/>
            <div>
               <div rend="left">
                  <head><hi rend="underline">Fins</hi></head>
                  <list>
                     <item><label>1.</label> Secção de cultura.</item>
                     <item><label>2.</label> Secção de propaganda.</item>
                     <item><label>3.</label> Secção de <supplied resp="PS"
                           reason="omitted-in-original"/></item>
                  </list>
               </div>
               <metamark rend="line-vertical" function="distinct"/>
               <div rend="right">
                  <head><hi rend="underline">Meios</hi></head>
                  <list>
                     <item><label>1.</label> Informação</item>
                     <item><label>2.</label>&#x00A0;<gap reason="illegible" extent="1" unit="word"/></item>
                     <item rend="indent-2"><label>3.</label> Acção <lb/>directa.</item>
                  </list>
               </div>
            </div>
            <metamark rend="line-44" function="distinct"/>
            <div>
               <list>
                  <item><label>1.</label>
                     <list>
                        <item><label>a)</label>&#x00A0;
                           <hi rend="underline">Cultura geral</hi></item>
                        <item><label>b)</label>&#x00A0;
                           <hi rend="underline">Cultura especial ou profissional</hi></item>
                        <item><label>c)</label>&#x00A0;
                           <hi rend="underline">Cultura nacional</hi></item>
                     </list>
                  </item>
                  <item><label>2.</label>
                     <list>
                        <item rend="indent-2"><label>a)</label>&#x00A0;
                           <hi rend="underline">Propaganda</hi> com respeito ao <lb/> turismo,
                           commercio e industria de <choice>
                              <abbr>prop<am>.</am></abbr>
                              <expan>prop<ex>aganda</ex></expan>
                           </choice>
                        </item>
                        <item rend="indent-2"><label>b)</label>&#x00A0;
                           <hi rend="underline">Propaganda</hi> com respeito a <lb/>arte, literatura
                           etc. de <choice>
                              <abbr>prop<am>.</am></abbr>
                              <expan>prop<ex>aganda</ex></expan>
                           </choice>
                        </item>
                        <item rend="indent-2"><label>c)</label>&#x00A0;
                           <hi rend="underline">Propaganda</hi> com respeito a<lb/> valorização
                           superior da nação no <lb/> estrangeiro </item>
                     </list>
                  </item>
                  <item><label>3.</label>&#x00A0;<supplied resp="PS" reason="omitted-in-original"/></item>
               </list>
            </div>
         </div>
      </body>
   </text>
</TEI>
